Year,MunicipalityCode,Municipality,Gini,P90P10,S80S20,Poverty50,Poverty60,UnemploymentRate,TertiaryShare,LifeExpectancy,OwnerOccupiedDwellings,TenantOccupiedDwellings,KnownTenureDwellings,OwnerShare,TenantShare,Hoover
1987,000,All Denmark,22.07,2.5,3.24,,,,,,,,,,,15.0
1988,000,All Denmark,22.06,2.49,3.24,,,,,,,,,,,14.99
1989,000,All Denmark,21.93,2.46,3.2,,,,,,,,,,,14.89
1990,000,All Denmark,22.16,2.49,3.23,,,,,,,,,,,15.04
1991,000,All Denmark,21.99,2.5,3.17,,,,,,,,,,,15.0
1992,000,All Denmark,22.34,2.51,3.24,,,,,,,,,,,15.21
1993,000,All Denmark,22.79,2.55,3.3,,,,,,,,,,,15.51
1994,000,All Denmark,22.5,2.53,3.22,,,,,,,,,,,15.38
1995,000,All Denmark,22.41,2.54,3.16,,,,,,,,,,,15.39
1996,000,All Denmark,22.83,2.6,3.21,,,,,,,,,,,15.71
1997,000,All Denmark,23.47,2.62,3.3,,,,,,,,,,,16.11
1998,000,All Denmark,23.81,2.66,3.37,,,,,,,,,,,16.33
1999,000,All Denmark,23.83,2.66,3.39,,,,,,,,,,,16.33
2000,000,All Denmark,24.38,2.68,3.46,5.2,10.3,,,,,,,,,16.66
2001,000,All Denmark,24.4,2.71,3.48,5.4,10.6,,,,,,,,,16.71
2002,000,All Denmark,24.03,2.67,3.42,5.2,10.0,,,,,,,,,16.46
2003,000,All Denmark,24.14,2.67,3.45,5.3,10.0,,,,,,,,,16.53
2004,000,All Denmark,24.68,2.75,3.54,5.7,10.9,,,77.1,,,,,,16.92
2005,000,All Denmark,25.66,2.8,3.71,6.0,11.1,,,77.3,,,,,,17.53
2006,000,All Denmark,26.28,2.78,3.79,5.9,10.8,,,77.6,,,,,,17.88
2007,000,All Denmark,27.02,2.78,4.0,6.0,10.8,3.6166666666666667,,77.8,,,,,,18.25
2008,000,All Denmark,27.94,2.82,4.64,6.7,11.5,2.65,25.250183995550806,78.1,,,,,,18.58
2009,000,All Denmark,26.74,2.83,4.27,7.0,11.7,4.791666666666667,25.84822581524272,78.3,,,,,,18.01
2010,000,All Denmark,27.47,2.96,4.26,7.2,12.0,6.083333333333333,26.46949753433041,78.6,1294564.0,1171918.0,2466482.0,52.48625370061488,47.51374629938512,18.66
2011,000,All Denmark,27.68,3.0,4.28,7.3,12.2,5.95,27.095226299121784,78.8,1317333.0,1233654.0,2550987.0,51.64012987914089,48.35987012085911,18.82
2012,000,All Denmark,27.37,2.99,4.11,7.0,12.0,6.058333333333334,27.73454904607351,79.1,1315252.0,1246625.0,2561877.0,51.33938904951331,48.66061095048669,18.72
2013,000,All Denmark,27.88,3.07,4.19,7.3,12.4,5.758333333333333,28.521487163568032,79.4,1312508.0,1264476.0,2576984.0,50.93194214632298,49.06805785367701,19.12
2014,000,All Denmark,28.33,3.12,4.36,7.6,12.8,5.008333333333334,29.4402811258938,79.8,1309409.0,1283007.0,2592416.0,50.509216113463275,49.490783886536725,19.37
2015,000,All Denmark,28.77,3.17,4.37,7.7,13.1,4.566666666666666,30.48504049868906,80.1,1308023.0,1302233.0,2610256.0,50.1109086618324,49.889091338167596,19.71
2016,000,All Denmark,28.97,3.24,4.46,8.3,13.6,4.133333333333334,31.63755295330525,80.4,1311101.0,1318053.0,2629154.0,49.867790171287034,50.13220982871296,19.85
2017,000,All Denmark,29.32,3.33,4.54,8.8,14.1,4.191666666666666,32.41106062354011,80.6,1314900.0,1332743.0,2647643.0,49.663039918901454,50.336960081098546,20.1
2018,000,All Denmark,29.1,3.31,4.51,8.7,14.0,3.85,33.195411183660426,80.8,1319878.0,1351145.0,2671023.0,49.414699910858126,50.585300089141874,19.96
2019,000,All Denmark,29.55,3.3,4.55,8.6,13.8,3.658333333333333,34.0091806589827,80.9,1324597.0,1363063.0,2687660.0,49.284396091767555,50.715603908232445,20.24
2020,000,All Denmark,29.72,3.34,4.58,8.7,14.2,4.591666666666667,34.610491190404765,81.1,1326304.0,1380100.0,2706404.0,49.0061350781332,50.9938649218668,20.41
2021,000,All Denmark,30.28,3.33,4.64,8.4,14.2,3.6166666666666667,35.35550485328077,81.3,,,,,,20.79
2022,000,All Denmark,29.96,3.24,4.65,8.1,13.7,2.525,36.31767106300771,81.3,,,,,,20.44
2023,000,All Denmark,30.61,3.25,4.71,8.0,13.3,2.775,37.11658014032887,81.4,1338703.0,1442611.0,2781314.0,48.13203399544244,51.86796600455755,20.9
2024,000,All Denmark,30.43,3.24,4.65,7.8,13.3,2.891666666666667,37.88401519752874,81.5,1342874.0,1457415.0,2800289.0,47.954836090132126,52.045163909867874,20.81
1987,101,Copenhagen,23.05,2.65,3.36,,,,,,,,,,,16.16
1988,101,Copenhagen,23.09,2.65,3.38,,,,,,,,,,,16.2
1989,101,Copenhagen,23.06,2.69,3.4,,,,,,,,,,,16.11
1990,101,Copenhagen,23.44,2.74,3.47,,,,,,,,,,,16.34
1991,101,Copenhagen,23.23,2.74,3.4,,,,,,,,,,,16.18
1992,101,Copenhagen,23.49,2.76,3.45,,,,,,,,,,,16.37
1993,101,Copenhagen,23.74,2.82,3.48,,,,,,,,,,,16.56
1994,101,Copenhagen,23.34,2.77,3.36,,,,,,,,,,,16.34
1995,101,Copenhagen,23.87,2.76,3.44,,,,,,,,,,,16.7
1996,101,Copenhagen,24.1,2.81,3.45,,,,,,,,,,,16.97
1997,101,Copenhagen,24.76,2.88,3.58,,,,,,,,,,,17.35
1998,101,Copenhagen,24.99,2.94,3.61,,,,,,,,,,,17.55
1999,101,Copenhagen,25.48,3.0,3.73,,,,,,,,,,,17.89
2000,101,Copenhagen,26.48,3.1,3.93,11.1,20.4,,,,,,,,,18.54
2001,101,Copenhagen,26.53,3.15,3.96,11.4,20.8,,,,,,,,,18.62
2002,101,Copenhagen,26.63,3.14,3.98,11.2,20.1,,,,,,,,,18.63
2003,101,Copenhagen,26.91,3.21,4.06,11.4,20.1,,,,,,,,,18.84
2004,101,Copenhagen,27.73,3.37,4.25,12.7,22.2,,,74.7,,,,,,19.5
2005,101,Copenhagen,28.47,3.46,4.44,13.0,22.3,,,74.9,,,,,,19.96
2006,101,Copenhagen,28.79,3.44,4.5,12.8,21.6,,,75.0,,,,,,20.07
2007,101,Copenhagen,29.14,3.5,4.73,12.9,21.5,5.891666666666667,,75.3,,,,,,20.18
2008,101,Copenhagen,29.6,3.6,5.1,13.5,21.8,4.508333333333334,36.007910651483,75.6,,,,,,20.44
2009,101,Copenhagen,29.38,3.71,5.04,13.9,22.0,6.3500000000000005,37.15867905167434,75.9,,,,,,20.42
2010,101,Copenhagen,31.44,3.98,5.65,15.1,23.5,7.633333333333333,38.291441487575355,76.1,49023.0,221897.0,270920.0,18.095009596928982,81.90499040307103,21.8
2011,101,Copenhagen,31.38,4.01,5.45,15.3,23.8,7.533333333333334,39.56430110139672,76.5,48690.0,229659.0,278349.0,17.49242856988888,82.50757143011111,21.87
2012,101,Copenhagen,31.25,4.01,5.32,15.1,23.7,7.625,40.887876749594234,76.9,48573.0,231693.0,280266.0,17.331035516259554,82.66896448374045,21.83
2013,101,Copenhagen,31.86,4.12,5.49,15.5,24.1,7.3500000000000005,42.507240604092544,77.2,48835.0,233323.0,282158.0,17.307678676486223,82.69232132351377,22.27
2014,101,Copenhagen,32.13,4.15,5.56,15.6,24.3,6.358333333333333,44.379990626685654,77.6,49148.0,235206.0,284354.0,17.284089550349215,82.71591044965079,22.46
2015,101,Copenhagen,32.7,4.16,5.68,15.4,24.1,5.583333333333333,46.4023545932175,78.0,50047.0,236753.0,286800.0,17.450139470013948,82.54986052998605,22.78
2016,101,Copenhagen,33.24,4.26,5.93,15.6,24.2,5.041666666666667,48.78029003320274,78.3,52081.0,237560.0,289641.0,17.981225033748675,82.01877496625133,23.12
2017,101,Copenhagen,33.65,4.4,6.13,16.4,24.8,4.925,49.93381824599442,78.6,53948.0,239380.0,293328.0,18.39169803087329,81.6083019691267,23.4
2018,101,Copenhagen,33.71,4.41,6.21,16.2,24.2,4.5,50.985004471191274,79.0,55693.0,242522.0,298215.0,18.67545227436581,81.32454772563419,23.4
2019,101,Copenhagen,33.95,4.39,6.26,15.9,23.8,4.425,51.931610386443985,79.3,57519.0,245029.0,302548.0,19.011528749157158,80.98847125084284,23.52
2020,101,Copenhagen,34.35,4.52,6.43,16.3,24.3,5.7749999999999995,52.27059962876282,79.7,58498.0,248747.0,307245.0,19.039528714869242,80.96047128513077,23.84
2021,101,Copenhagen,35.09,4.45,6.49,15.6,23.5,4.916666666666667,52.82036343902381,80.0,,,,,,24.26
2022,101,Copenhagen,34.56,4.35,6.58,15.0,22.6,3.3083333333333336,53.99625207264307,80.2,,,,,,23.74
2023,101,Copenhagen,34.98,4.44,6.68,14.4,21.4,3.4416666666666664,55.2218654493404,80.4,61157.0,260378.0,321535.0,19.020324381482574,80.97967561851742,24.02
2024,101,Copenhagen,34.97,4.47,6.53,13.7,20.6,3.5833333333333335,56.02588994289995,80.7,62148.0,260456.0,322604.0,19.264485251267807,80.7355147487322,24.06
1987,147,Frederiksberg,25.28,2.92,3.85,,,,,,,,,,,17.41
1988,147,Frederiksberg,25.16,2.93,3.82,,,,,,,,,,,17.42
1989,147,Frederiksberg,25.36,2.91,3.84,,,,,,,,,,,17.51
1990,147,Frederiksberg,26.15,2.98,3.99,,,,,,,,,,,18.0
1991,147,Frederiksberg,25.84,3.03,3.95,,,,,,,,,,,17.9
1992,147,Frederiksberg,26.27,3.05,4.06,,,,,,,,,,,18.17
1993,147,Frederiksberg,26.29,3.08,3.98,,,,,,,,,,,18.25
1994,147,Frederiksberg,25.97,3.11,3.87,,,,,,,,,,,18.14
1995,147,Frederiksberg,26.16,3.09,3.88,,,,,,,,,,,18.27
1996,147,Frederiksberg,26.61,3.2,3.95,,,,,,,,,,,18.67
1997,147,Frederiksberg,26.73,3.15,3.95,,,,,,,,,,,18.68
1998,147,Frederiksberg,27.3,3.24,4.08,,,,,,,,,,,19.06
1999,147,Frederiksberg,27.77,3.25,4.19,,,,,,,,,,,19.32
2000,147,Frederiksberg,28.51,3.31,4.33,6.9,12.7,,,,,,,,,19.77
2001,147,Frederiksberg,28.51,3.38,4.39,7.2,12.8,,,,,,,,,19.8
2002,147,Frederiksberg,28.69,3.4,4.44,7.4,13.2,,,,,,,,,19.94
2003,147,Frederiksberg,28.59,3.47,4.46,7.9,13.5,,,,,,,,,19.94
2004,147,Frederiksberg,29.15,3.54,4.54,8.3,14.6,,,77.1,,,,,,20.34
2005,147,Frederiksberg,30.66,3.69,4.94,8.9,15.0,,,77.2,,,,,,21.3
2006,147,Frederiksberg,31.64,3.66,5.1,8.7,14.6,,,77.4,,,,,,21.82
2007,147,Frederiksberg,31.39,3.66,5.2,9.2,15.0,4.058333333333334,,77.7,,,,,,21.57
2008,147,Frederiksberg,31.55,3.74,5.84,9.8,15.5,2.9916666666666667,43.833378322701634,78.0,,,,,,21.52
2009,147,Frederiksberg,30.33,3.73,5.24,9.9,15.5,4.2250000000000005,45.29210581419697,78.3,,,,,,20.9
2010,147,Frederiksberg,32.93,4.07,5.86,10.7,16.5,5.7250000000000005,46.418345922068006,78.5,10998.0,39173.0,50171.0,21.921030077136194,78.0789699228638,22.68
2011,147,Frederiksberg,33.22,4.16,5.97,10.7,16.6,5.791666666666667,47.52839459764251,78.7,11008.0,40856.0,51864.0,21.224741631960512,78.77525836803949,22.98
2012,147,Frederiksberg,33.53,4.22,5.98,10.8,16.5,5.908333333333334,48.61797426208281,79.0,11070.0,41077.0,52147.0,21.22845034230157,78.77154965769843,23.18
2013,147,Frederiksberg,33.92,4.31,6.05,10.8,16.4,5.791666666666667,50.38756624218935,79.2,11010.0,41291.0,52301.0,21.051222729966923,78.94877727003308,23.52
2014,147,Frederiksberg,34.98,4.34,6.69,10.8,16.3,5.241666666666666,51.815276992465385,79.6,11119.0,41202.0,52321.0,21.25150513178265,78.74849486821735,24.04
2015,147,Frederiksberg,34.37,4.35,6.16,10.7,16.2,4.833333333333333,53.35211194136902,80.1,11299.0,41172.0,52471.0,21.5337996226487,78.4662003773513,23.79
2016,147,Frederiksberg,34.85,4.51,6.38,11.2,16.4,4.541666666666667,55.133119507679474,80.6,11591.0,40977.0,52568.0,22.049535839293867,77.95046416070613,24.12
2017,147,Frederiksberg,35.71,4.54,6.65,11.3,16.8,4.266666666666667,55.502248089451676,80.9,11773.0,40743.0,52516.0,22.417929773783225,77.58207022621677,24.66
2018,147,Frederiksberg,35.42,4.44,6.41,10.7,16.2,4.033333333333333,56.13559411702466,81.1,11944.0,40770.0,52714.0,22.658117388170126,77.34188261182987,24.47
2019,147,Frederiksberg,35.92,4.41,6.55,10.4,15.8,3.8083333333333336,56.74100890521364,81.3,12095.0,40782.0,52877.0,22.87383928740284,77.12616071259716,24.76
2020,147,Frederiksberg,35.72,4.44,6.35,10.4,16.1,4.8,56.93081190654006,81.6,12182.0,41224.0,53406.0,22.81017114181927,77.18982885818073,24.74
2021,147,Frederiksberg,37.22,4.47,6.61,10.1,16.1,4.016666666666667,56.97304380381879,81.7,,,,,,25.81
2022,147,Frederiksberg,36.95,4.36,6.83,10.3,16.1,2.8666666666666667,57.37070157647276,82.0,,,,,,25.41
2023,147,Frederiksberg,36.65,4.39,6.5,9.7,15.1,2.9916666666666667,58.32385435052625,82.3,12268.0,42026.0,54294.0,22.595498581795407,77.40450141820459,25.38
2024,147,Frederiksberg,36.54,4.41,6.48,9.4,14.9,3.1999999999999997,58.95746110508089,82.4,12325.0,41871.0,54196.0,22.741530740276037,77.25846925972397,25.35
1987,151,Ballerup,18.19,2.26,2.58,,,,,,,,,,,12.53
1988,151,Ballerup,18.61,2.24,2.65,,,,,,,,,,,12.75
1989,151,Ballerup,18.44,2.24,2.61,,,,,,,,,,,12.72
1990,151,Ballerup,18.8,2.29,2.65,,,,,,,,,,,13.02
1991,151,Ballerup,19.26,2.33,2.71,,,,,,,,,,,13.39
1992,151,Ballerup,19.47,2.36,2.74,,,,,,,,,,,13.53
1993,151,Ballerup,20.02,2.41,2.8,,,,,,,,,,,13.89
1994,151,Ballerup,20.14,2.44,2.81,,,,,,,,,,,14.05
1995,151,Ballerup,20.48,2.49,2.86,,,,,,,,,,,14.29
1996,151,Ballerup,20.77,2.54,2.9,,,,,,,,,,,14.56
1997,151,Ballerup,21.47,2.56,3.01,,,,,,,,,,,14.99
1998,151,Ballerup,21.46,2.56,2.98,,,,,,,,,,,14.99
1999,151,Ballerup,21.46,2.55,2.98,,,,,,,,,,,14.97
2000,151,Ballerup,22.11,2.57,3.06,3.1,7.0,,,,,,,,,15.31
2001,151,Ballerup,21.39,2.58,2.99,3.2,7.0,,,,,,,,,14.95
2002,151,Ballerup,21.41,2.5,2.96,2.9,6.1,,,,,,,,,14.88
2003,151,Ballerup,20.96,2.52,2.9,3.0,6.2,,,,,,,,,14.72
2004,151,Ballerup,21.49,2.58,3.0,3.6,7.1,,,76.9,,,,,,15.08
2005,151,Ballerup,22.25,2.62,3.11,3.8,7.6,,,76.9,,,,,,15.6
2006,151,Ballerup,22.59,2.65,3.16,4.1,7.7,,,76.9,,,,,,15.8
2007,151,Ballerup,23.42,2.65,3.29,4.3,7.8,2.4166666666666665,,77.5,,,,,,16.3
2008,151,Ballerup,23.25,2.67,3.32,4.8,8.3,1.9416666666666667,23.498400121895475,77.6,,,,,,16.2
2009,151,Ballerup,22.5,2.61,3.2,5.0,8.5,3.5749999999999997,23.793773138314016,78.0,,,,,,15.74
2010,151,Ballerup,24.02,2.79,3.43,5.6,9.5,4.55,24.37441232673117,78.1,7657.0,13896.0,21553.0,35.52637683849117,64.47362316150884,16.85
2011,151,Ballerup,24.41,2.85,3.5,5.6,9.7,5.108333333333333,24.976534350682776,78.3,7711.0,14038.0,21749.0,35.454503655340474,64.54549634465953,17.19
2012,151,Ballerup,24.76,2.87,3.52,5.5,9.8,5.541666666666667,25.32067804833672,78.5,7728.0,14183.0,21911.0,35.26995572999863,64.73004427000137,17.45
2013,151,Ballerup,25.1,2.97,3.59,6.0,10.5,6.033333333333334,26.040940106141015,79.0,7697.0,14350.0,22047.0,34.91177938041457,65.08822061958543,17.8
2014,151,Ballerup,26.73,3.03,3.82,6.0,11.0,5.325,26.907434023424358,79.3,7710.0,14541.0,22251.0,34.65012808413105,65.34987191586895,18.72
2015,151,Ballerup,26.31,3.04,3.76,5.9,10.8,4.458333333333333,27.84966112138016,79.7,7716.0,14566.0,22282.0,34.62884839780989,65.37115160219011,18.5
2016,151,Ballerup,25.77,3.06,3.7,5.9,10.8,4.116666666666666,29.252290170834367,80.1,7757.0,14410.0,22167.0,34.993458744981275,65.00654125501872,18.28
2017,151,Ballerup,25.97,3.12,3.73,6.3,11.3,3.7916666666666665,30.145089980696184,80.2,7804.0,14326.0,22130.0,35.2643470402169,64.7356529597831,18.39
2018,151,Ballerup,25.84,3.1,3.71,6.4,11.2,3.516666666666667,30.954078943288582,80.3,7847.0,14337.0,22184.0,35.37234042553192,64.62765957446808,18.32
2019,151,Ballerup,26.32,3.13,3.8,6.6,11.5,3.375,31.847113981432607,80.4,7861.0,14428.0,22289.0,35.268518103100185,64.73148189689981,18.6
2020,151,Ballerup,26.75,3.2,3.89,7.0,12.3,4.266666666666667,32.64923076923077,80.5,7885.0,14503.0,22388.0,35.21976058602823,64.78023941397177,18.94
2021,151,Ballerup,26.76,3.16,3.86,6.5,12.1,3.4583333333333335,33.480780964002435,80.5,,,,,,18.96
2022,151,Ballerup,26.35,3.08,3.82,6.5,11.5,2.1750000000000003,34.92387615987508,80.4,,,,,,18.58
2023,151,Ballerup,26.99,3.17,3.94,6.5,11.4,2.283333333333333,35.913231344155086,80.6,7941.0,15614.0,23555.0,33.712587561027384,66.28741243897261,19.01
2024,151,Ballerup,26.72,3.08,3.89,6.4,11.1,2.3416666666666663,37.48038556377494,80.9,7982.0,16208.0,24190.0,32.99710624224886,67.00289375775114,18.71
1987,153,Brøndby,18.44,2.25,2.61,,,,,,,,,,,12.8
1988,153,Brøndby,18.11,2.22,2.55,,,,,,,,,,,12.61
1989,153,Brøndby,18.51,2.24,2.61,,,,,,,,,,,12.87
1990,153,Brøndby,18.76,2.26,2.64,,,,,,,,,,,13.01
1991,153,Brøndby,19.22,2.31,2.69,,,,,,,,,,,13.41
1992,153,Brøndby,19.77,2.4,2.78,,,,,,,,,,,13.8
1993,153,Brøndby,20.61,2.48,2.91,,,,,,,,,,,14.4
1994,153,Brøndby,20.45,2.48,2.83,,,,,,,,,,,14.43
1995,153,Brøndby,20.65,2.51,2.84,,,,,,,,,,,14.65
1996,153,Brøndby,21.52,2.59,2.96,,,,,,,,,,,15.27
1997,153,Brøndby,21.82,2.57,2.98,,,,,,,,,,,15.5
1998,153,Brøndby,22.06,2.57,3.01,,,,,,,,,,,15.61
1999,153,Brøndby,21.54,2.53,2.95,,,,,,,,,,,15.27
2000,153,Brøndby,22.29,2.56,3.05,4.5,10.2,,,,,,,,,15.66
2001,153,Brøndby,21.72,2.56,2.98,4.2,9.7,,,,,,,,,15.35
2002,153,Brøndby,21.24,2.49,2.9,3.8,8.4,,,,,,,,,14.98
2003,153,Brøndby,21.24,2.49,2.91,4.0,8.5,,,,,,,,,15.04
2004,153,Brøndby,21.81,2.59,3.01,4.9,10.0,,,76.4,,,,,,15.49
2005,153,Brøndby,22.33,2.62,3.08,5.0,10.3,,,76.7,,,,,,15.8
2006,153,Brøndby,22.62,2.6,3.11,4.9,10.2,,,77.0,,,,,,15.93
2007,153,Brøndby,22.01,2.55,3.04,4.9,9.9,3.4499999999999997,,77.3,,,,,,15.5
2008,153,Brøndby,22.72,2.61,3.19,5.4,10.4,2.591666666666667,17.173349207024106,77.3,,,,,,15.9
2009,153,Brøndby,22.6,2.67,3.2,6.3,11.7,4.841666666666667,17.645069946325176,77.5,,,,,,15.88
2010,153,Brøndby,23.91,2.81,3.4,7.2,13.5,6.766666666666667,18.11530213195408,77.8,4632.0,10779.0,15411.0,30.056453182791515,69.94354681720849,16.85
2011,153,Brøndby,24.31,2.84,3.47,7.0,13.5,6.783333333333334,18.40495937002597,77.7,4648.0,10981.0,15629.0,29.73958666581355,70.26041333418644,17.07
2012,153,Brøndby,23.94,2.82,3.38,6.9,13.4,7.325,18.705455757929396,78.0,4622.0,11004.0,15626.0,29.578906949955204,70.42109305004479,16.93
2013,153,Brøndby,24.6,2.91,3.52,7.6,14.7,7.641666666666667,19.507033486866675,78.3,4601.0,10993.0,15594.0,29.504937796588433,70.49506220341158,17.36
2014,153,Brøndby,24.88,2.96,3.58,8.3,15.7,6.641666666666667,20.28618152085037,78.8,4597.0,11016.0,15613.0,29.44341254083136,70.55658745916864,17.58
2015,153,Brøndby,25.78,3.01,3.79,8.5,16.1,6.108333333333333,21.636711904470797,79.1,4611.0,11049.0,15660.0,29.444444444444446,70.55555555555556,18.11
2016,153,Brøndby,25.71,3.03,3.73,9.0,16.4,5.491666666666667,22.733020599632876,79.5,4618.0,11076.0,15694.0,29.425258060405252,70.57474193959476,18.17
2017,153,Brøndby,26.19,3.22,3.89,10.5,18.3,5.825,23.657189609327062,79.5,4624.0,11073.0,15697.0,29.457858189462954,70.54214181053705,18.44
2018,153,Brøndby,25.89,3.15,3.82,10.2,17.7,5.841666666666666,23.989505616135116,79.6,4599.0,11112.0,15711.0,29.27248424670613,70.72751575329387,18.27
2019,153,Brøndby,25.83,3.16,3.81,10.4,18.1,5.708333333333333,24.276567437219356,79.6,4613.0,10980.0,15593.0,29.58378759699865,70.41621240300134,18.21
2020,153,Brøndby,26.28,3.2,3.88,10.6,18.3,7.425,25.315454129013453,79.6,4609.0,10932.0,15541.0,29.657036226755036,70.34296377324496,18.58
2021,153,Brøndby,25.96,3.13,3.78,10.2,18.5,6.341666666666666,26.171489641565277,79.8,,,,,,18.37
2022,153,Brøndby,25.21,3.04,3.68,9.6,17.4,4.0,27.566179375740813,79.8,,,,,,17.77
2023,153,Brøndby,25.46,3.05,3.75,10.0,17.4,3.7083333333333335,30.33566485326228,80.0,4614.0,11427.0,16041.0,28.763792780998692,71.23620721900132,17.85
2024,153,Brøndby,26.16,3.14,3.95,10.2,17.4,3.783333333333333,31.893558216993835,80.1,4616.0,12541.0,17157.0,26.904470478521887,73.09552952147811,18.26
1987,155,Dragør,21.27,2.42,3.05,,,,,,,,,,,14.25
1988,155,Dragør,20.4,2.46,3.01,,,,,,,,,,,13.76
1989,155,Dragør,20.07,2.41,2.91,,,,,,,,,,,13.68
1990,155,Dragør,20.88,2.49,3.06,,,,,,,,,,,14.21
1991,155,Dragør,21.53,2.54,3.14,,,,,,,,,,,14.58
1992,155,Dragør,22.53,2.54,3.46,,,,,,,,,,,15.1
1993,155,Dragør,22.42,2.56,3.38,,,,,,,,,,,15.08
1994,155,Dragør,22.31,2.55,3.37,,,,,,,,,,,15.05
1995,155,Dragør,21.95,2.62,3.24,,,,,,,,,,,14.91
1996,155,Dragør,22.44,2.66,3.25,,,,,,,,,,,15.19
1997,155,Dragør,22.89,2.7,3.3,,,,,,,,,,,15.52
1998,155,Dragør,23.07,2.69,3.4,,,,,,,,,,,15.6
1999,155,Dragør,22.82,2.7,3.31,,,,,,,,,,,15.46
2000,155,Dragør,22.88,2.74,3.37,2.7,5.2,,,,,,,,,15.52
2001,155,Dragør,23.23,2.8,3.4,2.6,5.3,,,,,,,,,15.84
2002,155,Dragør,22.86,2.69,3.36,2.6,5.0,,,,,,,,,15.52
2003,155,Dragør,22.64,2.72,3.26,2.5,4.7,,,,,,,,,15.47
2004,155,Dragør,22.53,2.76,3.25,2.5,4.6,,,79.4,,,,,,15.37
2005,155,Dragør,24.04,2.8,3.58,3.1,5.1,,,79.5,,,,,,16.26
2006,155,Dragør,24.62,2.82,3.63,2.9,5.2,,,79.7,,,,,,16.61
2007,155,Dragør,26.42,2.97,4.15,3.6,6.2,2.283333333333333,,79.8,,,,,,17.71
2008,155,Dragør,27.57,3.02,4.85,4.2,6.5,1.6500000000000001,29.444627012816298,80.3,,,,,,18.31
2009,155,Dragør,26.25,2.88,4.32,4.7,6.9,2.7583333333333333,30.24422154382905,79.9,,,,,,17.54
2010,155,Dragør,26.93,3.06,4.28,4.0,6.0,3.6333333333333333,30.739257495399936,80.0,4047.0,1620.0,5667.0,71.4134462678666,28.586553732133403,18.16
2011,155,Dragør,28.86,3.05,4.64,4.0,6.1,3.65,31.533875338753386,80.2,4118.0,1663.0,5781.0,71.23335063137866,28.766649368621344,19.21
2012,155,Dragør,25.95,3.04,3.9,3.5,5.5,3.625,32.17880723021972,80.4,4118.0,1670.0,5788.0,71.147201105736,28.85279889426399,17.7
2013,155,Dragør,26.75,3.09,4.15,3.8,5.8,3.5083333333333333,32.83824804856895,80.2,4143.0,1697.0,5840.0,70.94178082191782,29.05821917808219,18.1
2014,155,Dragør,27.03,3.11,4.2,3.5,5.7,3.3249999999999997,33.92176092404925,80.9,4158.0,1730.0,5888.0,70.61820652173914,29.38179347826087,18.33
2015,155,Dragør,27.4,3.21,4.21,3.7,5.6,3.0500000000000003,35.40094081610327,81.3,4173.0,1751.0,5924.0,70.44226873733963,29.557731262660365,18.62
2016,155,Dragør,28.08,3.27,4.38,4.3,7.0,2.558333333333333,36.70055755985569,81.8,4213.0,1709.0,5922.0,71.14150624788923,28.858493752110775,18.99
2017,155,Dragør,27.88,3.22,4.29,4.2,6.3,2.9,37.5234521575985,81.5,4226.0,1727.0,5953.0,70.98941710062154,29.010582899378463,18.94
2018,155,Dragør,27.55,3.21,4.26,4.0,6.4,2.6833333333333336,38.14227055820664,81.6,4253.0,1724.0,5977.0,71.15609837711226,28.843901622887735,18.71
2019,155,Dragør,28.6,3.25,4.52,4.1,6.5,2.6083333333333334,38.96203642747422,81.7,4287.0,1699.0,5986.0,71.61710658202473,28.382893417975275,19.25
2020,155,Dragør,28.29,3.32,4.51,4.3,7.1,3.475,39.87655681692935,81.6,4330.0,1691.0,6021.0,71.91496429164592,28.085035708354095,19.08
2021,155,Dragør,28.89,3.43,4.56,4.5,7.1,3.375,41.17258100066123,81.9,,,,,,19.58
2022,155,Dragør,28.05,3.25,4.38,3.9,6.3,1.8916666666666666,41.71840354767184,82.3,,,,,,18.93
2023,155,Dragør,29.65,3.29,4.6,3.6,6.2,1.6583333333333332,42.145807748129954,82.5,4368.0,1657.0,6025.0,72.49792531120332,27.50207468879668,20.08
2024,155,Dragør,28.86,3.32,4.39,3.4,5.7,1.6916666666666667,42.759086305839986,83.2,4393.0,1661.0,6054.0,72.5635943178064,27.436405682193595,19.73
1987,157,Gentofte,31.1,3.33,5.39,,,,,,,,,,,20.64
1988,157,Gentofte,31.68,3.32,5.65,,,,,,,,,,,20.94
1989,157,Gentofte,32.07,3.33,5.95,,,,,,,,,,,21.17
1990,157,Gentofte,33.23,3.49,7.12,,,,,,,,,,,21.84
1991,157,Gentofte,32.02,3.5,6.04,,,,,,,,,,,21.32
1992,157,Gentofte,33.31,3.6,6.99,,,,,,,,,,,22.01
1993,157,Gentofte,34.89,3.61,8.07,,,,,,,,,,,22.86
1994,157,Gentofte,33.2,3.6,6.54,,,,,,,,,,,22.06
1995,157,Gentofte,32.06,3.59,5.67,,,,,,,,,,,21.59
1996,157,Gentofte,32.99,3.7,5.76,,,,,,,,,,,22.27
1997,157,Gentofte,33.73,3.82,5.77,,,,,,,,,,,22.95
1998,157,Gentofte,35.41,3.87,6.48,,,,,,,,,,,23.94
1999,157,Gentofte,34.22,3.82,6.03,,,,,,,,,,,23.2
2000,157,Gentofte,36.7,3.91,6.7,4.7,7.6,,,,,,,,,24.83
2001,157,Gentofte,36.68,3.98,6.85,4.9,7.8,,,,,,,,,24.77
2002,157,Gentofte,34.27,3.93,6.03,4.5,7.3,,,,,,,,,23.26
2003,157,Gentofte,34.99,3.97,6.29,4.7,7.6,,,,,,,,,23.69
2004,157,Gentofte,36.06,4.08,6.77,5.0,8.0,,,78.7,,,,,,24.34
2005,157,Gentofte,39.17,4.29,7.38,4.8,7.5,,,78.9,,,,,,26.75
2006,157,Gentofte,42.24,4.51,8.93,5.6,8.3,,,79.3,,,,,,28.8
2007,157,Gentofte,43.34,4.72,10.19,6.1,8.9,2.716666666666667,,79.8,,,,,,29.52
2008,157,Gentofte,44.38,4.68,21.02,7.2,10.1,1.75,47.382237747433045,80.2,,,,,,29.09
2009,157,Gentofte,42.42,4.47,15.81,7.5,10.2,2.5749999999999997,47.60230774002771,80.6,,,,,,27.76
2010,157,Gentofte,43.42,4.92,12.84,6.7,9.6,3.4583333333333335,48.092612561290714,80.9,17356.0,13409.0,30765.0,56.4147570290915,43.5852429709085,29.16
2011,157,Gentofte,42.83,5.07,11.02,6.8,9.4,3.65,48.6208902529538,81.0,17560.0,14324.0,31884.0,55.074645590264716,44.92535440973529,29.07
2012,157,Gentofte,42.13,4.98,10.01,6.2,8.8,3.85,49.417839626779376,81.3,17712.0,14761.0,32473.0,54.54377482831892,45.45622517168109,28.69
2013,157,Gentofte,43.39,5.33,11.0,6.5,9.2,3.725,50.168383323158125,81.6,17724.0,14794.0,32518.0,54.50519712159419,45.49480287840581,29.64
2014,157,Gentofte,43.98,5.42,11.25,6.7,9.4,3.4250000000000003,51.27759667375901,82.0,17784.0,14797.0,32581.0,54.583959976673526,45.416040023326474,30.09
2015,157,Gentofte,47.77,5.62,11.68,6.8,9.6,3.141666666666667,52.72889717593132,82.3,17899.0,14848.0,32747.0,54.658441994686534,45.341558005313466,33.23
2016,157,Gentofte,45.02,5.76,10.65,7.2,10.0,2.783333333333333,54.19295963341941,82.9,18108.0,14782.0,32890.0,55.05624809972636,44.94375190027364,31.15
2017,157,Gentofte,45.44,5.98,11.2,7.9,10.7,3.225,54.87068965517241,83.1,18237.0,14621.0,32858.0,55.50246515308296,44.497534846917034,31.41
2018,157,Gentofte,44.5,5.79,10.48,7.6,10.3,3.0416666666666665,55.050756865638895,83.4,18386.0,14702.0,33088.0,55.56697292069632,44.43302707930368,30.76
2019,157,Gentofte,47.42,5.81,11.97,7.1,10.0,2.9583333333333335,55.51876379690949,83.3,18467.0,14612.0,33079.0,55.82695970253031,44.1730402974697,32.89
2020,157,Gentofte,46.16,5.85,12.3,7.3,10.5,3.6999999999999997,55.985837126960035,83.5,18560.0,14482.0,33042.0,56.17093396283518,43.82906603716482,31.7
2021,157,Gentofte,48.59,6.01,11.94,6.7,9.8,3.1166666666666667,56.55192127077463,83.6,,,,,,34.06
2022,157,Gentofte,50.7,5.9,16.04,7.4,10.5,2.158333333333333,57.02017337762294,83.8,,,,,,35.03
2023,157,Gentofte,54.16,6.05,16.31,7.1,9.9,2.216666666666667,57.10120448010295,83.7,18860.0,14593.0,33453.0,56.377604400203275,43.62239559979673,38.41
2024,157,Gentofte,49.04,6.16,12.28,6.8,9.6,2.3333333333333335,57.425346249299494,83.8,18833.0,14639.0,33472.0,56.2649378585086,43.73506214149139,34.61
1987,159,Gladsaxe,20.66,2.48,3.04,,,,,,,,,,,14.16
1988,159,Gladsaxe,20.69,2.46,3.03,,,,,,,,,,,14.16
1989,159,Gladsaxe,21.03,2.49,3.1,,,,,,,,,,,14.4
1990,159,Gladsaxe,21.37,2.52,3.14,,,,,,,,,,,14.68
1991,159,Gladsaxe,21.68,2.54,3.17,,,,,,,,,,,14.86
1992,159,Gladsaxe,21.88,2.56,3.2,,,,,,,,,,,15.0
1993,159,Gladsaxe,22.31,2.6,3.28,,,,,,,,,,,15.28
1994,159,Gladsaxe,22.03,2.65,3.19,,,,,,,,,,,15.25
1995,159,Gladsaxe,22.01,2.64,3.13,,,,,,,,,,,15.27
1996,159,Gladsaxe,21.92,2.67,3.11,,,,,,,,,,,15.28
1997,159,Gladsaxe,22.87,2.67,3.24,,,,,,,,,,,15.87
1998,159,Gladsaxe,22.88,2.68,3.24,,,,,,,,,,,15.89
1999,159,Gladsaxe,22.81,2.67,3.22,,,,,,,,,,,15.83
2000,159,Gladsaxe,23.07,2.71,3.27,4.6,8.9,,,,,,,,,16.01
2001,159,Gladsaxe,23.26,2.76,3.32,4.6,9.2,,,,,,,,,16.17
2002,159,Gladsaxe,22.99,2.7,3.27,4.2,8.2,,,,,,,,,15.96
2003,159,Gladsaxe,23.13,2.73,3.3,4.5,8.3,,,,,,,,,16.15
2004,159,Gladsaxe,23.85,2.83,3.42,5.2,9.6,,,76.6,,,,,,16.63
2005,159,Gladsaxe,24.96,2.92,3.6,5.3,9.7,,,77.2,,,,,,17.36
2006,159,Gladsaxe,25.27,2.92,3.68,5.6,9.8,,,77.5,,,,,,17.53
2007,159,Gladsaxe,25.65,2.89,3.78,5.6,9.7,3.216666666666667,,77.9,,,,,,17.68
2008,159,Gladsaxe,25.81,2.94,3.95,6.1,10.2,2.308333333333333,31.252147225212433,77.9,,,,,,17.76
2009,159,Gladsaxe,24.83,2.91,3.71,6.4,10.6,3.8249999999999997,32.07070707070707,78.0,,,,,,17.22
2010,159,Gladsaxe,26.81,3.16,4.06,7.1,11.6,5.358333333333333,32.562769605132175,78.0,11884.0,17550.0,29434.0,40.37507644220969,59.62492355779031,18.65
2011,159,Gladsaxe,27.5,3.31,4.28,7.4,11.9,5.3999999999999995,33.47391543108182,78.0,11897.0,18461.0,30358.0,39.189011133803284,60.81098886619672,19.17
2012,159,Gladsaxe,27.4,3.32,4.23,7.4,12.1,5.4750000000000005,34.11994360698406,78.3,11792.0,18444.0,30236.0,38.9998677073687,61.00013229263131,19.16
2013,159,Gladsaxe,27.95,3.45,4.29,7.7,12.6,5.691666666666666,35.121972243772085,78.6,11772.0,18613.0,30385.0,38.742800724041466,61.25719927595853,19.66
2014,159,Gladsaxe,28.14,3.45,4.33,7.8,12.7,5.1499999999999995,36.199104668514174,79.2,11757.0,18923.0,30680.0,38.321382007822685,61.67861799217731,19.81
2015,159,Gladsaxe,28.92,3.53,4.49,8.0,13.2,4.516666666666667,37.68045383345328,79.5,11794.0,19096.0,30890.0,38.18064098413726,61.81935901586274,20.31
2016,159,Gladsaxe,28.72,3.61,4.51,8.4,13.5,3.975,39.12497908649824,79.8,11909.0,19062.0,30971.0,38.452100351942136,61.54789964805786,20.27
2017,159,Gladsaxe,29.53,3.72,4.71,9.1,14.2,3.775,40.36723746647411,80.0,12033.0,19127.0,31160.0,38.616816431322206,61.383183568677794,20.77
2018,159,Gladsaxe,28.75,3.69,4.54,8.8,13.9,3.6333333333333333,41.31599554877797,80.4,12129.0,19326.0,31455.0,38.55984740104912,61.44015259895088,20.35
2019,159,Gladsaxe,28.76,3.66,4.5,8.5,13.5,3.2916666666666665,42.19120522527769,80.6,12262.0,19392.0,31654.0,38.73760030327921,61.26239969672079,20.31
2020,159,Gladsaxe,29.29,3.71,4.6,8.5,13.6,4.091666666666667,42.67983842273802,80.8,12275.0,19492.0,31767.0,38.64072779928857,61.35927220071144,20.64
2021,159,Gladsaxe,29.44,3.68,4.6,8.4,13.4,3.3000000000000003,43.41119435874835,80.9,,,,,,20.79
2022,159,Gladsaxe,29.24,3.59,4.62,8.2,13.5,1.9916666666666665,44.52820810206279,81.2,,,,,,20.51
2023,159,Gladsaxe,29.82,3.69,4.69,8.0,12.8,2.466666666666667,45.36764705882353,81.3,12325.0,19767.0,32092.0,38.40521002118908,61.594789978810915,20.95
2024,159,Gladsaxe,29.35,3.64,4.62,7.6,12.6,2.575,46.400550028310285,81.5,12387.0,19921.0,32308.0,38.340349139532,61.659650860468,20.58
1987,161,Glostrup,19.3,2.4,2.81,,,,,,,,,,,13.33
1988,161,Glostrup,19.07,2.4,2.76,,,,,,,,,,,13.21
1989,161,Glostrup,19.47,2.35,2.81,,,,,,,,,,,13.44
1990,161,Glostrup,19.34,2.4,2.78,,,,,,,,,,,13.47
1991,161,Glostrup,19.61,2.41,2.8,,,,,,,,,,,13.62
1992,161,Glostrup,20.19,2.44,2.86,,,,,,,,,,,14.0
1993,161,Glostrup,20.36,2.44,2.89,,,,,,,,,,,14.13
1994,161,Glostrup,20.49,2.42,2.87,,,,,,,,,,,14.24
1995,161,Glostrup,20.24,2.45,2.81,,,,,,,,,,,14.18
1996,161,Glostrup,20.62,2.49,2.86,,,,,,,,,,,14.44
1997,161,Glostrup,21.33,2.51,2.98,,,,,,,,,,,14.84
1998,161,Glostrup,21.34,2.56,2.97,,,,,,,,,,,14.95
1999,161,Glostrup,21.11,2.56,2.95,,,,,,,,,,,14.76
2000,161,Glostrup,21.77,2.57,3.02,3.1,7.1,,,,,,,,,15.09
2001,161,Glostrup,21.32,2.57,2.97,3.0,7.1,,,,,,,,,14.91
2002,161,Glostrup,21.04,2.52,2.92,3.0,6.6,,,,,,,,,14.75
2003,161,Glostrup,21.17,2.57,2.95,3.4,7.0,,,,,,,,,14.92
2004,161,Glostrup,21.81,2.62,3.04,3.7,7.7,,,77.0,,,,,,15.41
2005,161,Glostrup,22.03,2.62,3.05,3.3,7.3,,,76.9,,,,,,15.6
2006,161,Glostrup,22.08,2.61,3.07,3.7,7.4,,,77.4,,,,,,15.58
2007,161,Glostrup,22.46,2.62,3.12,3.7,7.7,3.3833333333333333,,77.4,,,,,,15.76
2008,161,Glostrup,22.18,2.65,3.13,4.2,8.3,2.183333333333333,20.711510938458392,77.3,,,,,,15.58
2009,161,Glostrup,22.61,2.67,3.2,4.7,8.9,4.533333333333333,21.19387003948337,77.8,,,,,,15.91
2010,161,Glostrup,23.85,2.83,3.37,5.0,9.7,6.375,21.551953228806802,78.6,3554.0,6792.0,10346.0,34.35144017011405,65.64855982988594,16.83
2011,161,Glostrup,24.1,2.83,3.41,5.1,9.8,6.7,22.09915611814346,78.7,3571.0,6903.0,10474.0,34.09394691617339,65.90605308382662,16.97
2012,161,Glostrup,23.8,2.82,3.36,5.3,9.9,6.383333333333333,22.598502116574405,79.2,3573.0,7009.0,10582.0,33.76488376488376,66.23511623511624,16.85
2013,161,Glostrup,24.3,2.95,3.46,5.6,10.8,6.291666666666667,23.638126009693053,80.1,3583.0,7065.0,10648.0,33.64951164537941,66.35048835462058,17.21
2014,161,Glostrup,24.69,3.02,3.56,6.3,11.8,5.6499999999999995,24.383386581469647,79.9,3630.0,7018.0,10648.0,34.090909090909086,65.9090909090909,17.46
2015,161,Glostrup,25.59,3.08,3.71,6.3,12.0,5.316666666666666,25.600408788962696,80.0,3647.0,7130.0,10777.0,33.84058643407256,66.15941356592744,18.05
2016,161,Glostrup,25.76,3.12,3.82,7.0,12.4,5.0,27.422561405758994,80.4,3713.0,7041.0,10754.0,34.52668774409522,65.47331225590479,18.14
2017,161,Glostrup,25.99,3.2,3.9,7.4,13.2,4.508333333333334,28.445240990846827,80.4,3763.0,6906.0,10669.0,35.27040959790046,64.72959040209955,18.31
2018,161,Glostrup,25.82,3.15,3.84,7.8,12.9,4.375,29.238187078109934,80.3,3793.0,6860.0,10653.0,35.60499389843237,64.39500610156763,18.27
2019,161,Glostrup,25.8,3.19,3.8,7.7,13.1,3.808333333333333,30.248109493156676,80.8,3794.0,6779.0,10573.0,35.88385510261988,64.11614489738012,18.27
2020,161,Glostrup,26.07,3.23,3.85,7.6,13.4,4.8,31.427156826339893,81.3,3790.0,7049.0,10839.0,34.96632530676262,65.03367469323739,18.51
2021,161,Glostrup,26.55,3.19,3.91,7.3,13.2,4.133333333333334,32.591775448918305,81.1,,,,,,18.73
2022,161,Glostrup,25.43,3.08,3.72,7.2,12.8,3.025,33.86812518991188,80.9,,,,,,17.91
2023,161,Glostrup,25.86,3.1,3.82,7.2,12.6,2.9250000000000003,34.71759791754948,81.1,3913.0,7110.0,11023.0,35.49850312981947,64.50149687018053,18.19
2024,161,Glostrup,26.2,3.2,3.9,7.6,12.9,2.858333333333333,36.262325689946906,81.1,3908.0,7060.0,10968.0,35.630926331145155,64.36907366885485,18.36
1987,163,Herlev,19.11,2.35,2.73,,,,,,,,,,,13.19
1988,163,Herlev,19.31,2.33,2.76,,,,,,,,,,,13.28
1989,163,Herlev,19.54,2.36,2.77,,,,,,,,,,,13.53
1990,163,Herlev,20.04,2.41,2.85,,,,,,,,,,,13.88
1991,163,Herlev,20.32,2.43,2.85,,,,,,,,,,,14.09
1992,163,Herlev,20.42,2.45,2.89,,,,,,,,,,,14.13
1993,163,Herlev,21.04,2.49,2.96,,,,,,,,,,,14.54
1994,163,Herlev,21.11,2.5,2.97,,,,,,,,,,,14.67
1995,163,Herlev,21.13,2.53,2.95,,,,,,,,,,,14.73
1996,163,Herlev,21.44,2.59,3.0,,,,,,,,,,,14.97
1997,163,Herlev,21.94,2.59,3.07,,,,,,,,,,,15.3
1998,163,Herlev,22.4,2.63,3.16,,,,,,,,,,,15.59
1999,163,Herlev,22.21,2.62,3.11,,,,,,,,,,,15.51
2000,163,Herlev,23.02,2.63,3.25,4.8,9.0,,,,,,,,,15.92
2001,163,Herlev,22.55,2.72,3.21,5.0,9.6,,,,,,,,,15.77
2002,163,Herlev,21.98,2.64,3.07,4.3,8.6,,,,,,,,,15.44
2003,163,Herlev,22.17,2.66,3.11,4.4,8.5,,,,,,,,,15.55
2004,163,Herlev,22.42,2.76,3.16,4.8,10.2,,,77.1,,,,,,15.77
2005,163,Herlev,23.23,2.81,3.3,5.4,10.1,,,76.9,,,,,,16.32
2006,163,Herlev,23.11,2.73,3.26,4.8,9.2,,,76.9,,,,,,16.22
2007,163,Herlev,23.57,2.71,3.34,5.0,9.1,3.591666666666667,,77.1,,,,,,16.4
2008,163,Herlev,23.51,2.7,3.38,5.1,9.2,2.4916666666666667,23.460140011939,77.3,,,,,,16.31
2009,163,Herlev,22.56,2.68,3.21,5.0,9.0,4.466666666666667,24.04050302139474,77.3,,,,,,15.84
2010,163,Herlev,24.13,2.87,3.46,5.6,10.2,5.858333333333333,24.9347400478573,77.4,4103.0,8164.0,12267.0,33.447460666829706,66.55253933317029,16.98
2011,163,Herlev,24.43,2.86,3.49,5.7,10.0,5.866666666666667,25.32107096212451,77.2,4143.0,8417.0,12560.0,32.98566878980892,67.01433121019107,17.2
2012,163,Herlev,24.12,2.86,3.42,5.3,10.0,6.308333333333334,26.06181778882525,77.9,4117.0,8447.0,12564.0,32.768226679401465,67.23177332059853,17.01
2013,163,Herlev,25.05,2.93,3.56,5.5,11.0,6.208333333333333,26.57872430599703,78.2,4162.0,8546.0,12708.0,32.75102297765187,67.24897702234813,17.59
2014,163,Herlev,24.87,2.99,3.56,6.0,11.3,5.45,27.652499220617273,78.6,4149.0,8846.0,12995.0,31.927664486340902,68.0723355136591,17.57
2015,163,Herlev,24.96,2.97,3.57,6.3,11.2,4.591666666666667,28.90382626680455,79.3,4159.0,8938.0,13097.0,31.755363823776438,68.24463617622357,17.59
2016,163,Herlev,25.71,3.05,3.72,6.5,11.7,3.891666666666667,29.85399192295744,79.8,4204.0,8898.0,13102.0,32.08670431995115,67.91329568004885,18.11
2017,163,Herlev,25.53,3.13,3.74,7.1,12.5,3.8833333333333333,30.46018614270941,79.7,4239.0,8856.0,13095.0,32.371134020618555,67.62886597938144,18.01
2018,163,Herlev,25.71,3.11,3.74,6.9,12.0,3.4416666666666664,30.890730191610565,79.9,4231.0,8931.0,13162.0,32.14557058197842,67.85442941802158,18.09
2019,163,Herlev,25.55,3.08,3.71,7.0,12.1,2.9416666666666664,31.848302579263944,80.1,4264.0,8907.0,13171.0,32.37415534128009,67.62584465871991,17.98
2020,163,Herlev,26.63,3.08,3.86,6.8,11.8,3.9,32.6148030852531,80.0,4263.0,9091.0,13354.0,31.923019320053918,68.07698067994609,18.62
2021,163,Herlev,25.97,3.08,3.76,6.8,11.7,3.375,33.37417674988512,79.8,,,,,,18.3
2022,163,Herlev,25.42,3.04,3.71,6.8,11.9,2.141666666666667,34.64025663221141,80.0,,,,,,17.9
2023,163,Herlev,26.1,3.09,3.8,6.5,11.2,2.1583333333333337,35.817403424930305,80.1,4300.0,9074.0,13374.0,32.15193659339016,67.84806340660984,18.33
2024,163,Herlev,27.15,3.08,3.99,6.9,11.3,2.466666666666667,37.36796619934703,80.2,4310.0,9428.0,13738.0,31.37283447372252,68.62716552627748,18.83
1987,165,Albertslund,18.82,2.33,2.68,,,,,,,,,,,13.02
1988,165,Albertslund,18.95,2.33,2.74,,,,,,,,,,,13.1
1989,165,Albertslund,20.43,2.44,3.02,,,,,,,,,,,13.97
1990,165,Albertslund,19.99,2.46,2.89,,,,,,,,,,,13.82
1991,165,Albertslund,20.4,2.56,2.95,,,,,,,,,,,14.19
1992,165,Albertslund,20.92,2.59,3.01,,,,,,,,,,,14.55
1993,165,Albertslund,21.36,2.66,3.07,,,,,,,,,,,14.91
1994,165,Albertslund,21.39,2.6,3.02,,,,,,,,,,,15.06
1995,165,Albertslund,21.73,2.63,3.05,,,,,,,,,,,15.26
1996,165,Albertslund,22.26,2.71,3.15,,,,,,,,,,,15.64
1997,165,Albertslund,22.85,2.79,3.24,,,,,,,,,,,16.02
1998,165,Albertslund,22.89,2.8,3.25,,,,,,,,,,,16.06
1999,165,Albertslund,23.02,2.78,3.27,,,,,,,,,,,16.1
2000,165,Albertslund,22.88,2.81,3.26,6.5,13.0,,,,,,,,,16.04
2001,165,Albertslund,22.94,2.84,3.27,6.5,13.3,,,,,,,,,16.11
2002,165,Albertslund,22.37,2.72,3.17,6.1,12.0,,,,,,,,,15.69
2003,165,Albertslund,22.85,2.79,3.28,6.4,12.4,,,,,,,,,16.0
2004,165,Albertslund,23.21,2.85,3.32,7.0,13.9,,,76.8,,,,,,16.33
2005,165,Albertslund,23.21,2.85,3.33,7.6,14.0,,,77.0,,,,,,16.32
2006,165,Albertslund,23.32,2.83,3.36,7.4,13.8,,,77.5,,,,,,16.32
2007,165,Albertslund,23.34,2.82,3.35,7.5,13.4,4.858333333333333,,77.3,,,,,,16.35
2008,165,Albertslund,23.26,2.86,3.39,7.8,13.5,3.716666666666667,23.35155365145024,77.5,,,,,,16.23
2009,165,Albertslund,23.99,3.01,3.58,9.0,14.6,5.916666666666667,23.691609529916636,77.8,,,,,,16.82
2010,165,Albertslund,25.03,3.14,3.75,9.8,16.2,7.758333333333333,24.226546906187625,78.2,3834.0,8175.0,12009.0,31.926055458406193,68.0739445415938,17.6
2011,165,Albertslund,24.99,3.16,3.77,10.3,17.1,8.1,24.998749061796346,78.7,3870.0,8411.0,12281.0,31.512091849197947,68.48790815080206,17.53
2012,165,Albertslund,25.06,3.11,3.76,9.9,17.0,8.541666666666666,25.20166340999048,79.2,3869.0,8473.0,12342.0,31.348241776049264,68.65175822395074,17.6
2013,165,Albertslund,25.5,3.17,3.87,10.5,17.8,8.333333333333334,25.671445880452342,79.4,3905.0,8490.0,12395.0,31.504638967325533,68.49536103267447,17.89
2014,165,Albertslund,25.28,3.15,3.8,10.3,17.7,7.2250000000000005,26.577886626868718,79.9,3902.0,8428.0,12330.0,31.646390916463908,68.3536090835361,17.79
2015,165,Albertslund,25.27,3.16,3.77,10.2,17.7,6.6499999999999995,27.472640394594873,80.3,3921.0,8494.0,12415.0,31.582762786951267,68.41723721304874,17.82
2016,165,Albertslund,25.68,3.16,3.85,10.5,18.0,6.325,28.139019233744133,80.6,3986.0,8469.0,12455.0,32.00321156162184,67.99678843837816,18.04
2017,165,Albertslund,25.48,3.2,3.85,11.1,18.7,5.658333333333334,28.607871720116616,80.5,4006.0,8444.0,12450.0,32.17670682730924,67.82329317269077,17.97
2018,165,Albertslund,25.11,3.18,3.77,10.9,17.7,5.341666666666666,28.970695588695378,81.1,4021.0,8393.0,12414.0,32.39084904140487,67.60915095859514,17.66
2019,165,Albertslund,25.27,3.21,3.82,11.7,18.2,5.016666666666667,28.972995736168865,81.0,4032.0,8445.0,12477.0,32.31546044722289,67.68453955277711,17.73
2020,165,Albertslund,25.45,3.22,3.84,11.3,18.9,6.033333333333334,29.196305340269667,81.4,4039.0,8444.0,12483.0,32.356004165665304,67.64399583433469,17.94
2021,165,Albertslund,25.37,3.14,3.76,10.5,18.3,5.125,29.672096013716242,81.4,,,,,,17.84
2022,165,Albertslund,24.49,3.0,3.61,10.1,17.2,3.391666666666667,30.33319139876517,81.3,,,,,,17.17
2023,165,Albertslund,24.57,2.97,3.61,9.5,16.1,3.216666666666667,31.013295195720115,81.4,4043.0,8337.0,12380.0,32.65751211631664,67.34248788368336,17.15
2024,165,Albertslund,24.66,2.95,3.63,9.3,15.8,3.2583333333333333,31.958224543080938,81.7,4036.0,8392.0,12428.0,32.47505632442871,67.5249436755713,17.14
1987,167,Hvidovre,18.96,2.37,2.74,,,,,,,,,,,13.12
1988,167,Hvidovre,18.61,2.31,2.66,,,,,,,,,,,12.93
1989,167,Hvidovre,18.78,2.28,2.67,,,,,,,,,,,13.02
1990,167,Hvidovre,19.71,2.32,2.8,,,,,,,,,,,13.55
1991,167,Hvidovre,19.38,2.34,2.75,,,,,,,,,,,13.45
1992,167,Hvidovre,19.53,2.37,2.77,,,,,,,,,,,13.54
1993,167,Hvidovre,20.14,2.42,2.85,,,,,,,,,,,13.95
1994,167,Hvidovre,19.98,2.45,2.82,,,,,,,,,,,13.95
1995,167,Hvidovre,20.19,2.45,2.84,,,,,,,,,,,14.12
1996,167,Hvidovre,20.61,2.52,2.9,,,,,,,,,,,14.46
1997,167,Hvidovre,20.82,2.52,2.92,,,,,,,,,,,14.62
1998,167,Hvidovre,21.03,2.53,2.95,,,,,,,,,,,14.71
1999,167,Hvidovre,20.96,2.53,2.95,,,,,,,,,,,14.65
2000,167,Hvidovre,21.21,2.56,2.99,4.8,9.8,,,,,,,,,14.83
2001,167,Hvidovre,21.1,2.59,2.98,5.0,10.0,,,,,,,,,14.79
2002,167,Hvidovre,20.83,2.55,2.93,4.5,9.1,,,,,,,,,14.63
2003,167,Hvidovre,21.13,2.59,2.99,4.5,9.4,,,,,,,,,14.83
2004,167,Hvidovre,21.67,2.63,3.08,5.1,10.1,,,76.3,,,,,,15.2
2005,167,Hvidovre,22.1,2.68,3.14,5.1,10.3,,,76.2,,,,,,15.47
2006,167,Hvidovre,22.23,2.67,3.16,5.3,10.1,,,76.6,,,,,,15.53
2007,167,Hvidovre,22.51,2.66,3.2,5.2,9.7,2.908333333333333,,77.2,,,,,,15.67
2008,167,Hvidovre,22.19,2.65,3.19,5.3,9.7,2.1750000000000003,20.45401832308941,77.4,,,,,,15.48
2009,167,Hvidovre,22.35,2.66,3.24,5.9,10.5,3.9416666666666664,20.891782124031455,77.9,,,,,,15.6
2010,167,Hvidovre,24.01,2.85,3.49,6.7,11.7,5.425,21.59378645196165,78.1,9048.0,13832.0,22880.0,39.54545454545455,60.45454545454545,16.73
2011,167,Hvidovre,23.86,2.88,3.47,6.8,11.6,5.333333333333333,22.430908065425832,78.3,9063.0,14172.0,23235.0,39.00581020012911,60.99418979987088,16.75
2012,167,Hvidovre,24.02,2.88,3.47,6.7,11.8,5.55,23.146864777956424,78.6,9048.0,14345.0,23393.0,38.67823707946822,61.32176292053179,16.85
2013,167,Hvidovre,24.09,2.91,3.49,6.8,11.8,5.233333333333333,24.05554028045092,79.1,9059.0,14624.0,23683.0,38.25106616560402,61.74893383439598,16.98
2014,167,Hvidovre,24.37,2.95,3.55,7.0,12.1,4.825,25.215064041292294,79.2,9067.0,14674.0,23741.0,38.191314603428665,61.80868539657133,17.16
2015,167,Hvidovre,24.75,3.0,3.62,7.2,12.4,4.341666666666667,26.618256699271143,79.8,9092.0,14707.0,23799.0,38.20328585234674,61.79671414765326,17.4
2016,167,Hvidovre,25.1,3.06,3.71,7.7,13.0,3.9166666666666665,28.08328595023421,80.2,9169.0,14694.0,23863.0,38.423500817164644,61.576499182835356,17.63
2017,167,Hvidovre,25.3,3.13,3.77,8.0,13.8,3.9333333333333336,29.45442736523057,80.5,9226.0,14614.0,23840.0,38.6996644295302,61.3003355704698,17.82
2018,167,Hvidovre,25.23,3.13,3.75,8.0,13.7,3.533333333333333,30.429016105020978,80.4,9264.0,14616.0,23880.0,38.79396984924623,61.20603015075376,17.8
2019,167,Hvidovre,25.39,3.11,3.77,7.8,13.2,3.408333333333333,31.46113146113146,80.6,9304.0,14530.0,23834.0,39.03667030292859,60.96332969707141,17.87
2020,167,Hvidovre,25.66,3.2,3.85,8.2,13.8,4.508333333333334,32.10024516480523,80.9,9327.0,14629.0,23956.0,38.933878777759226,61.066121222240774,18.12
2021,167,Hvidovre,25.91,3.18,3.85,8.0,13.9,4.008333333333334,33.02752293577982,80.7,,,,,,18.31
2022,167,Hvidovre,25.23,3.08,3.73,7.5,13.0,2.7083333333333335,33.92472678712561,80.6,,,,,,17.78
2023,167,Hvidovre,25.84,3.12,3.82,7.3,12.7,2.6916666666666664,35.123048568950566,80.7,9281.0,14651.0,23932.0,38.780712017382584,61.21928798261742,18.13
2024,167,Hvidovre,25.84,3.14,3.81,7.0,12.2,2.6999999999999997,36.247698472869054,81.0,9313.0,14724.0,24037.0,38.74443566168823,61.25556433831177,18.14
1987,169,Høje-Taastrup,18.69,2.27,2.67,,,,,,,,,,,12.83
1988,169,Høje-Taastrup,18.52,2.27,2.65,,,,,,,,,,,12.78
1989,169,Høje-Taastrup,19.15,2.3,2.74,,,,,,,,,,,13.1
1990,169,Høje-Taastrup,19.51,2.38,2.81,,,,,,,,,,,13.44
1991,169,Høje-Taastrup,19.9,2.42,2.86,,,,,,,,,,,13.72
1992,169,Høje-Taastrup,20.66,2.48,3.0,,,,,,,,,,,14.21
1993,169,Høje-Taastrup,21.26,2.54,3.1,,,,,,,,,,,14.68
1994,169,Høje-Taastrup,20.96,2.57,2.98,,,,,,,,,,,14.62
1995,169,Høje-Taastrup,21.13,2.58,2.98,,,,,,,,,,,14.76
1996,169,Høje-Taastrup,21.89,2.65,3.12,,,,,,,,,,,15.25
1997,169,Høje-Taastrup,22.06,2.66,3.11,,,,,,,,,,,15.33
1998,169,Høje-Taastrup,22.0,2.67,3.11,,,,,,,,,,,15.38
1999,169,Høje-Taastrup,21.92,2.64,3.09,,,,,,,,,,,15.31
2000,169,Høje-Taastrup,22.05,2.66,3.12,4.2,9.0,,,,,,,,,15.38
2001,169,Høje-Taastrup,22.23,2.69,3.15,4.0,8.8,,,,,,,,,15.53
2002,169,Høje-Taastrup,21.68,2.61,3.05,3.8,8.0,,,,,,,,,15.17
2003,169,Høje-Taastrup,22.14,2.65,3.13,4.0,8.1,,,,,,,,,15.47
2004,169,Høje-Taastrup,22.61,2.73,3.23,4.8,9.6,,,76.2,,,,,,15.79
2005,169,Høje-Taastrup,22.95,2.72,3.26,4.7,9.3,,,76.6,,,,,,15.97
2006,169,Høje-Taastrup,22.96,2.7,3.29,5.0,9.1,,,76.8,,,,,,15.91
2007,169,Høje-Taastrup,22.94,2.67,3.27,4.8,9.2,3.9,,77.2,,,,,,15.86
2008,169,Høje-Taastrup,23.37,2.73,3.41,5.4,10.0,3.0,19.583443650163268,77.3,,,,,,16.07
2009,169,Høje-Taastrup,23.29,2.72,3.37,5.9,10.6,5.1499999999999995,19.97423057776216,77.7,,,,,,16.09
2010,169,Høje-Taastrup,23.71,2.87,3.44,6.3,11.6,7.191666666666666,20.421727494632826,77.7,11401.0,8692.0,20093.0,56.741153635594486,43.258846364405514,16.59
2011,169,Høje-Taastrup,24.03,2.9,3.48,6.8,12.0,7.55,20.85048010973937,77.8,11449.0,9100.0,20549.0,55.71560659886126,44.28439340113874,16.83
2012,169,Høje-Taastrup,23.98,2.9,3.47,6.6,12.2,7.816666666666666,21.31793121554214,78.1,11425.0,9175.0,20600.0,55.46116504854369,44.538834951456316,16.83
2013,169,Høje-Taastrup,24.55,2.98,3.58,7.1,12.9,7.733333333333333,21.99384543923823,78.4,11378.0,9384.0,20762.0,54.802042192467006,45.19795780753299,17.25
2014,169,Høje-Taastrup,24.99,3.07,3.68,7.7,13.9,6.933333333333334,22.696186391561376,78.9,11340.0,9524.0,20864.0,54.35199386503068,45.64800613496933,17.57
2015,169,Høje-Taastrup,25.38,3.1,3.76,7.7,14.3,6.483333333333333,23.97665861791422,79.5,11316.0,9631.0,20947.0,54.0220556642956,45.97794433570439,17.78
2016,169,Høje-Taastrup,25.79,3.17,3.85,8.4,15.1,5.758333333333333,25.11008177503288,79.9,11343.0,9757.0,21100.0,53.758293838862556,46.241706161137444,18.07
2017,169,Høje-Taastrup,26.54,3.25,4.03,9.2,15.8,5.1000000000000005,25.984453745622275,80.1,11392.0,9825.0,21217.0,53.692793514634495,46.30720648536551,18.45
2018,169,Høje-Taastrup,25.78,3.22,3.89,8.9,15.3,4.658333333333333,27.02956225127914,80.5,11473.0,9880.0,21353.0,53.73015501334707,46.26984498665293,18.02
2019,169,Høje-Taastrup,25.7,3.17,3.82,8.5,15.1,4.433333333333334,28.199812569221592,80.7,11531.0,9876.0,21407.0,53.86555799504835,46.13444200495165,18.01
2020,169,Høje-Taastrup,25.91,3.21,3.87,9.0,15.8,5.691666666666666,29.004623719967093,80.5,11611.0,9855.0,21466.0,54.09018913630859,45.90981086369142,18.22
2021,169,Høje-Taastrup,26.07,3.19,3.88,8.7,15.5,5.083333333333333,30.272959674537507,80.8,,,,,,18.19
2022,169,Høje-Taastrup,25.59,3.09,3.86,8.5,15.1,3.4416666666666664,32.08271942748895,80.9,,,,,,17.77
2023,169,Høje-Taastrup,25.69,3.11,3.86,8.7,14.7,3.3833333333333333,33.66260071341266,81.0,11855.0,11367.0,23222.0,51.05072775816036,48.94927224183964,17.81
2024,169,Høje-Taastrup,25.37,3.1,3.77,8.3,14.5,3.566666666666667,35.178965550331064,81.2,12024.0,11997.0,24021.0,50.056200824278754,49.943799175721246,17.62
1987,173,Lyngby-Taarbæk,24.97,2.95,3.77,,,,,,,,,,,16.99
1988,173,Lyngby-Taarbæk,25.19,2.92,3.96,,,,,,,,,,,17.04
1989,173,Lyngby-Taarbæk,24.77,2.94,3.74,,,,,,,,,,,16.97
1990,173,Lyngby-Taarbæk,25.82,3.01,3.94,,,,,,,,,,,17.61
1991,173,Lyngby-Taarbæk,25.82,3.05,4.01,,,,,,,,,,,17.69
1992,173,Lyngby-Taarbæk,27.02,3.12,4.32,,,,,,,,,,,18.41
1993,173,Lyngby-Taarbæk,27.58,3.17,4.3,,,,,,,,,,,18.79
1994,173,Lyngby-Taarbæk,27.01,3.16,4.2,,,,,,,,,,,18.51
1995,173,Lyngby-Taarbæk,27.94,3.17,4.57,,,,,,,,,,,18.97
1996,173,Lyngby-Taarbæk,27.39,3.22,4.19,,,,,,,,,,,18.82
1997,173,Lyngby-Taarbæk,28.71,3.28,4.35,,,,,,,,,,,19.67
1998,173,Lyngby-Taarbæk,28.21,3.31,4.33,,,,,,,,,,,19.41
1999,173,Lyngby-Taarbæk,28.69,3.29,4.42,,,,,,,,,,,19.6
2000,173,Lyngby-Taarbæk,30.07,3.32,4.69,4.6,8.1,,,,,,,,,20.42
2001,173,Lyngby-Taarbæk,29.47,3.39,4.64,4.9,8.4,,,,,,,,,20.1
2002,173,Lyngby-Taarbæk,28.55,3.31,4.43,4.6,7.9,,,,,,,,,19.57
2003,173,Lyngby-Taarbæk,28.18,3.35,4.39,4.9,8.0,,,,,,,,,19.43
2004,173,Lyngby-Taarbæk,29.15,3.41,4.67,5.2,8.7,,,78.5,,,,,,19.95
2005,173,Lyngby-Taarbæk,30.23,3.54,4.82,5.3,8.8,,,78.8,,,,,,20.71
2006,173,Lyngby-Taarbæk,32.63,3.62,5.73,6.1,9.4,,,79.2,,,,,,22.03
2007,173,Lyngby-Taarbæk,32.46,3.58,5.36,6.1,9.3,2.3000000000000003,,79.6,,,,,,22.08
2008,173,Lyngby-Taarbæk,31.58,3.57,5.62,6.3,9.6,1.5333333333333332,42.58567067081348,80.1,,,,,,21.44
2009,173,Lyngby-Taarbæk,30.69,3.54,5.53,6.8,10.2,2.5749999999999997,43.80882394505525,80.5,,,,,,20.85
2010,173,Lyngby-Taarbæk,32.73,3.87,5.77,6.7,10.1,3.641666666666667,44.96410884202326,80.8,11523.0,13401.0,24924.0,46.232546942705824,53.767453057294176,22.47
2011,173,Lyngby-Taarbæk,32.84,3.96,5.79,6.9,10.2,3.983333333333333,45.6065329544514,81.0,11629.0,13867.0,25496.0,45.61107624725447,54.388923752745534,22.62
2012,173,Lyngby-Taarbæk,32.7,3.96,5.68,6.7,10.0,3.983333333333333,46.360048986256636,81.3,11712.0,14151.0,25863.0,45.28476974828906,54.715230251710935,22.56
2013,173,Lyngby-Taarbæk,33.11,4.02,5.7,6.8,9.9,3.8833333333333333,46.942837928715534,81.5,11743.0,14272.0,26015.0,45.1393426869114,54.8606573130886,22.86
2014,173,Lyngby-Taarbæk,35.97,4.17,6.62,7.2,10.5,3.4416666666666664,48.13964048185048,82.1,11723.0,14366.0,26089.0,44.934646786001764,55.065353213998236,24.46
2015,173,Lyngby-Taarbæk,39.22,4.28,7.7,7.4,10.9,3.0749999999999997,49.57028443711252,82.3,11794.0,14381.0,26175.0,45.05826170009551,54.941738299904486,26.49
2016,173,Lyngby-Taarbæk,35.96,4.45,6.6,7.7,11.3,2.8333333333333335,51.231657572707526,82.2,11900.0,14284.0,26184.0,45.44760158875649,54.55239841124351,24.69
2017,173,Lyngby-Taarbæk,36.72,4.64,7.21,8.5,12.1,3.0666666666666664,51.77804138658231,82.2,11980.0,14180.0,26160.0,45.79510703363914,54.20489296636085,25.12
2018,173,Lyngby-Taarbæk,36.61,4.54,7.22,8.4,11.8,2.75,52.17872968980798,82.4,12006.0,14340.0,26346.0,45.570485083124574,54.42951491687543,24.98
2019,173,Lyngby-Taarbæk,36.09,4.5,6.57,7.9,11.6,2.725,52.845591867509036,82.2,12105.0,14451.0,26556.0,45.58291911432445,54.41708088567555,24.82
2020,173,Lyngby-Taarbæk,36.14,4.65,6.75,8.5,12.2,3.4166666666666665,53.33211944646759,82.5,12162.0,14826.0,26988.0,45.06447309915518,54.93552690084482,24.79
2021,173,Lyngby-Taarbæk,39.28,4.79,7.63,8.7,12.6,2.9166666666666665,54.81793848795515,82.8,,,,,,26.77
2022,173,Lyngby-Taarbæk,39.09,4.66,8.23,9.0,12.7,2.0083333333333333,55.66838398168197,83.1,,,,,,26.43
2023,173,Lyngby-Taarbæk,40.78,4.65,8.04,8.3,11.9,2.066666666666667,56.40962246890994,83.4,12381.0,15907.0,28288.0,43.76767533936652,56.23232466063348,27.79
2024,173,Lyngby-Taarbæk,39.28,4.64,7.68,8.2,11.8,2.2083333333333335,57.002408690950205,83.7,12380.0,15848.0,28228.0,43.85716310046762,56.14283689953238,26.77
1987,175,Rødovre,17.93,2.25,2.56,,,,,,,,,,,12.44
1988,175,Rødovre,18.31,2.25,2.6,,,,,,,,,,,12.71
1989,175,Rødovre,18.19,2.25,2.59,,,,,,,,,,,12.62
1990,175,Rødovre,18.55,2.28,2.62,,,,,,,,,,,12.88
1991,175,Rødovre,18.64,2.3,2.63,,,,,,,,,,,12.98
1992,175,Rødovre,18.83,2.32,2.64,,,,,,,,,,,13.11
1993,175,Rødovre,19.48,2.37,2.75,,,,,,,,,,,13.55
1994,175,Rødovre,19.36,2.35,2.69,,,,,,,,,,,13.56
1995,175,Rødovre,19.51,2.39,2.71,,,,,,,,,,,13.71
1996,175,Rødovre,19.95,2.44,2.77,,,,,,,,,,,14.02
1997,175,Rødovre,20.3,2.44,2.82,,,,,,,,,,,14.22
1998,175,Rødovre,20.57,2.45,2.85,,,,,,,,,,,14.41
1999,175,Rødovre,20.62,2.46,2.88,,,,,,,,,,,14.42
2000,175,Rødovre,20.71,2.47,2.89,3.9,8.3,,,,,,,,,14.47
2001,175,Rødovre,20.94,2.52,2.94,4.2,8.5,,,,,,,,,14.6
2002,175,Rødovre,20.51,2.47,2.87,3.8,8.0,,,,,,,,,14.31
2003,175,Rødovre,20.75,2.51,2.9,3.8,8.2,,,,,,,,,14.57
2004,175,Rødovre,21.4,2.58,3.0,4.2,9.3,,,75.9,,,,,,15.05
2005,175,Rødovre,21.51,2.55,2.99,4.3,8.7,,,76.1,,,,,,15.15
2006,175,Rødovre,21.91,2.59,3.06,4.6,8.8,,,76.5,,,,,,15.39
2007,175,Rødovre,21.94,2.55,3.05,4.2,8.1,3.2916666666666665,,77.2,,,,,,15.33
2008,175,Rødovre,22.87,2.59,3.21,4.8,9.0,2.3833333333333333,22.318513442702244,77.5,,,,,,15.83
2009,175,Rødovre,21.81,2.6,3.09,5.1,9.7,4.208333333333333,22.8098376466806,78.0,,,,,,15.31
2010,175,Rødovre,23.22,2.76,3.29,5.7,11.0,5.608333333333333,23.40137678564323,78.3,6774.0,10632.0,17406.0,38.917614615649775,61.082385384350225,16.4
2011,175,Rødovre,23.64,2.85,3.37,6.1,11.5,5.875,24.15880503144654,78.4,6828.0,10817.0,17645.0,38.69651459336922,61.30348540663078,16.71
2012,175,Rødovre,23.77,2.87,3.39,6.4,11.7,5.858333333333333,25.07066248499632,78.6,6810.0,10885.0,17695.0,38.48544786662899,61.514552133371005,16.82
2013,175,Rødovre,24.19,2.93,3.44,6.4,11.9,5.666666666666667,25.931647036107357,78.9,6808.0,10963.0,17771.0,38.309605537111025,61.690394462888975,17.19
2014,175,Rødovre,24.58,3.01,3.53,6.7,12.4,5.191666666666666,27.01005509111222,79.3,6829.0,11027.0,17856.0,38.2448476702509,61.75515232974911,17.45
2015,175,Rødovre,25.38,3.03,3.66,6.9,12.5,4.9750000000000005,28.15627036767243,79.6,6843.0,10991.0,17834.0,38.3705282045531,61.6294717954469,17.9
2016,175,Rødovre,25.55,3.06,3.69,6.9,12.7,4.558333333333334,29.46421795552857,79.7,6849.0,10981.0,17830.0,38.4127874369041,61.5872125630959,18.05
2017,175,Rødovre,26.08,3.17,3.84,7.9,13.6,4.6499999999999995,30.66482717476416,80.0,6881.0,11081.0,17962.0,38.308651597817615,61.69134840218239,18.4
2018,175,Rødovre,25.81,3.15,3.79,7.7,13.6,4.6000000000000005,31.745509091574288,80.3,6917.0,11321.0,18238.0,37.92630770917864,62.073692290821356,18.24
2019,175,Rødovre,25.75,3.16,3.78,7.8,13.7,4.325,32.803416349673434,80.4,7131.0,11386.0,18517.0,38.51055786574499,61.489442134255015,18.19
2020,175,Rødovre,26.27,3.23,3.89,8.1,14.0,5.633333333333333,33.816701192942354,80.8,7225.0,11528.0,18753.0,38.52716898629552,61.47283101370448,18.56
2021,175,Rødovre,26.31,3.2,3.87,7.8,14.0,4.658333333333333,34.84477558985276,81.1,,,,,,18.58
2022,175,Rødovre,25.73,3.15,3.78,7.9,13.6,3.158333333333333,36.35240415965954,81.0,,,,,,18.18
2023,175,Rødovre,26.39,3.19,3.9,7.8,13.0,3.025,38.3149316508938,81.0,7384.0,12160.0,19544.0,37.78141629144495,62.21858370855505,18.56
2024,175,Rødovre,26.33,3.16,3.91,7.5,12.8,3.1166666666666667,39.20736022646851,81.3,7422.0,12755.0,20177.0,36.784457550676514,63.21554244932349,18.47
1987,183,Ishøj,18.01,2.25,2.57,,,,,,,,,,,12.48
1988,183,Ishøj,19.0,2.29,2.74,,,,,,,,,,,13.05
1989,183,Ishøj,18.79,2.31,2.68,,,,,,,,,,,13.09
1990,183,Ishøj,19.04,2.37,2.71,,,,,,,,,,,13.25
1991,183,Ishøj,19.75,2.41,2.8,,,,,,,,,,,13.74
1992,183,Ishøj,20.61,2.49,2.94,,,,,,,,,,,14.28
1993,183,Ishøj,21.01,2.55,3.03,,,,,,,,,,,14.61
1994,183,Ishøj,20.8,2.53,2.9,,,,,,,,,,,14.63
1995,183,Ishøj,20.83,2.52,2.9,,,,,,,,,,,14.71
1996,183,Ishøj,21.88,2.65,3.07,,,,,,,,,,,15.42
1997,183,Ishøj,21.95,2.66,3.08,,,,,,,,,,,15.49
1998,183,Ishøj,22.33,2.68,3.12,,,,,,,,,,,15.74
1999,183,Ishøj,22.39,2.7,3.16,,,,,,,,,,,15.82
2000,183,Ishøj,22.51,2.74,3.2,6.3,12.6,,,,,,,,,15.8
2001,183,Ishøj,22.17,2.73,3.13,5.8,12.3,,,,,,,,,15.62
2002,183,Ishøj,21.99,2.71,3.1,6.0,11.3,,,,,,,,,15.49
2003,183,Ishøj,22.13,2.71,3.12,5.6,11.5,,,,,,,,,15.61
2004,183,Ishøj,22.62,2.79,3.19,6.2,13.0,,,75.0,,,,,,15.99
2005,183,Ishøj,23.06,2.79,3.27,6.7,12.9,,,75.6,,,,,,16.22
2006,183,Ishøj,22.84,2.68,3.24,6.2,12.1,,,75.6,,,,,,15.96
2007,183,Ishøj,22.45,2.64,3.17,6.0,11.5,6.058333333333334,,75.7,,,,,,15.69
2008,183,Ishøj,23.32,2.74,3.37,6.8,12.7,4.833333333333333,14.535340314136125,75.8,,,,,,16.22
2009,183,Ishøj,22.95,2.73,3.31,7.7,13.8,7.558333333333334,15.090861206215433,76.4,,,,,,16.06
2010,183,Ishøj,24.24,2.83,3.48,8.1,14.9,10.016666666666667,15.533021663264634,76.7,3630.0,4883.0,8513.0,42.64066721484788,57.35933278515212,16.93
2011,183,Ishøj,24.03,2.82,3.43,7.7,14.9,10.116666666666667,16.089414516862693,77.1,3713.0,5163.0,8876.0,41.83190626408292,58.16809373591708,16.84
2012,183,Ishøj,23.73,2.8,3.36,7.5,14.3,10.658333333333333,16.67428646071452,77.5,3731.0,5228.0,8959.0,41.64527290992298,58.35472709007702,16.66
2013,183,Ishøj,24.63,2.88,3.51,8.4,16.0,10.833333333333334,17.35579705485178,77.4,3739.0,5267.0,9006.0,41.51676660004441,58.48323339995558,17.27
2014,183,Ishøj,24.49,2.88,3.53,8.5,16.4,9.583333333333334,18.4921944409189,78.1,3713.0,5415.0,9128.0,40.67703768624014,59.32296231375987,17.16
2015,183,Ishøj,24.63,2.87,3.53,8.7,16.9,8.733333333333333,19.753784310030778,78.4,3710.0,5565.0,9275.0,40.0,60.0,17.25
2016,183,Ishøj,25.07,2.96,3.65,9.3,17.1,7.808333333333334,21.361035083354068,78.7,3721.0,5609.0,9330.0,39.88210075026795,60.11789924973204,17.54
2017,183,Ishøj,25.58,3.07,3.79,10.4,18.4,6.8999999999999995,22.382044764089528,79.5,3747.0,5641.0,9388.0,39.912654452492546,60.087345547507454,17.83
2018,183,Ishøj,25.3,3.13,3.79,11.0,17.7,6.508333333333333,23.477828223148205,80.0,3776.0,5703.0,9479.0,39.835425677814115,60.164574322185885,17.61
2019,183,Ishøj,25.27,3.06,3.77,10.4,17.4,5.825,24.650667335046055,79.7,3782.0,5662.0,9444.0,40.04659042778484,59.953409572215165,17.51
2020,183,Ishøj,25.28,3.04,3.72,10.0,17.5,7.25,24.81207717364069,79.9,3810.0,5683.0,9493.0,40.134836195091125,59.86516380490888,17.61
2021,183,Ishøj,24.97,2.98,3.64,9.6,17.2,6.408333333333334,25.7843625498008,80.1,,,,,,17.39
2022,183,Ishøj,24.53,2.93,3.61,9.4,16.6,4.6000000000000005,27.078384798099762,79.8,,,,,,17.01
2023,183,Ishøj,24.6,2.93,3.59,9.0,15.9,4.608333333333333,28.290587950641182,79.4,3790.0,5844.0,9634.0,39.33983807348972,60.660161926510284,17.07
2024,183,Ishøj,24.88,3.01,3.66,9.2,16.6,4.675,29.914077212806028,79.8,3759.0,5945.0,9704.0,38.7366034624897,61.2633965375103,17.27
1987,185,Tårnby,17.83,2.25,2.57,,,,,,,,,,,12.33
1988,185,Tårnby,17.8,2.23,2.56,,,,,,,,,,,12.29
1989,185,Tårnby,17.62,2.23,2.54,,,,,,,,,,,12.16
1990,185,Tårnby,17.93,2.25,2.57,,,,,,,,,,,12.37
1991,185,Tårnby,18.56,2.28,2.66,,,,,,,,,,,12.76
1992,185,Tårnby,18.23,2.28,2.62,,,,,,,,,,,12.59
1993,185,Tårnby,18.71,2.32,2.68,,,,,,,,,,,12.9
1994,185,Tårnby,18.57,2.33,2.64,,,,,,,,,,,12.91
1995,185,Tårnby,18.74,2.36,2.66,,,,,,,,,,,13.04
1996,185,Tårnby,19.32,2.42,2.73,,,,,,,,,,,13.4
1997,185,Tårnby,19.4,2.42,2.75,,,,,,,,,,,13.47
1998,185,Tårnby,19.4,2.43,2.75,,,,,,,,,,,13.5
1999,185,Tårnby,19.46,2.43,2.76,,,,,,,,,,,13.53
2000,185,Tårnby,19.58,2.46,2.78,2.7,6.3,,,,,,,,,13.63
2001,185,Tårnby,19.97,2.5,2.84,3.0,6.5,,,,,,,,,13.89
2002,185,Tårnby,19.58,2.47,2.78,2.8,6.1,,,,,,,,,13.65
2003,185,Tårnby,19.81,2.51,2.82,2.8,5.9,,,,,,,,,13.83
2004,185,Tårnby,20.41,2.55,2.91,3.3,6.6,,,77.0,,,,,,14.2
2005,185,Tårnby,21.1,2.6,3.03,3.7,7.3,,,76.9,,,,,,14.65
2006,185,Tårnby,21.33,2.58,3.04,3.6,7.0,,,76.8,,,,,,14.76
2007,185,Tårnby,21.58,2.57,3.1,3.9,7.3,3.533333333333333,,77.0,,,,,,14.92
2008,185,Tårnby,21.99,2.61,3.24,4.1,7.7,2.8000000000000003,17.38305715615046,77.4,,,,,,15.18
2009,185,Tårnby,21.4,2.57,3.1,4.2,7.8,4.7,18.073616144389966,77.8,,,,,,14.87
2010,185,Tårnby,22.8,2.7,3.34,4.8,8.6,5.95,18.652722022677654,78.2,9201.0,8909.0,18110.0,50.80618442849254,49.19381557150746,15.8
2011,185,Tårnby,23.42,2.75,3.44,4.9,8.8,5.866666666666667,19.59534754144031,78.6,9300.0,9135.0,18435.0,50.44751830756713,49.55248169243287,16.16
2012,185,Tårnby,22.77,2.74,3.32,4.7,8.5,5.766666666666667,20.346921075455334,78.6,9298.0,9112.0,18410.0,50.505160239000546,49.49483976099946,15.82
2013,185,Tårnby,22.86,2.81,3.34,5.0,9.0,5.675,21.03870213789785,78.9,9328.0,9175.0,18503.0,50.4134464681403,49.5865535318597,15.95
2014,185,Tårnby,22.89,2.81,3.35,5.3,9.1,5.175,22.025805140709135,79.3,9341.0,9152.0,18493.0,50.511004163737624,49.48899583626237,15.99
2015,185,Tårnby,23.32,2.88,3.42,5.3,9.5,4.483333333333333,23.36725753184606,79.7,9349.0,9197.0,18546.0,50.409791868866606,49.590208131133394,16.27
2016,185,Tårnby,23.66,2.93,3.51,5.9,9.9,3.641666666666667,24.48103320035161,79.9,9431.0,9204.0,18635.0,50.60906895626509,49.39093104373491,16.49
2017,185,Tårnby,23.95,2.98,3.57,6.2,10.3,3.5666666666666664,25.580448065173115,80.0,9484.0,9176.0,18660.0,50.82529474812433,49.17470525187567,16.7
2018,185,Tårnby,23.95,3.01,3.56,6.1,10.4,3.391666666666667,26.436506580071782,80.1,9499.0,9456.0,18955.0,50.1134265365339,49.88657346346611,16.73
2019,185,Tårnby,24.03,3.03,3.57,6.3,10.6,3.1166666666666667,27.286773794808404,80.2,9496.0,9355.0,18851.0,50.37398546496207,49.626014535037925,16.76
2020,185,Tårnby,24.19,3.04,3.61,6.3,10.7,4.2749999999999995,28.138017217439597,80.2,9495.0,9343.0,18838.0,50.403439855611,49.596560144389,16.88
2021,185,Tårnby,24.42,3.03,3.62,5.9,10.6,4.2749999999999995,29.27559438855432,80.4,,,,,,17.05
2022,185,Tårnby,23.84,2.93,3.51,5.6,9.9,2.6166666666666667,30.335266463058918,80.6,,,,,,16.59
2023,185,Tårnby,24.66,3.03,3.65,5.7,9.7,2.15,31.183340083704604,80.9,9466.0,9411.0,18877.0,50.14567992795465,49.85432007204535,17.2
2024,185,Tårnby,24.92,3.0,3.71,5.8,9.8,2.191666666666667,32.04545454545455,81.0,9535.0,9732.0,19267.0,49.48876317018737,50.51123682981263,17.22
1987,187,Vallensbæk,15.9,1.96,2.26,,,,,,,,,,,10.87
1988,187,Vallensbæk,16.57,2.0,2.36,,,,,,,,,,,11.23
1989,187,Vallensbæk,18.16,2.1,2.59,,,,,,,,,,,12.18
1990,187,Vallensbæk,17.39,2.13,2.48,,,,,,,,,,,11.85
1991,187,Vallensbæk,17.88,2.15,2.52,,,,,,,,,,,12.21
1992,187,Vallensbæk,18.55,2.18,2.65,,,,,,,,,,,12.51
1993,187,Vallensbæk,17.76,2.18,2.52,,,,,,,,,,,12.13
1994,187,Vallensbæk,18.0,2.21,2.54,,,,,,,,,,,12.35
1995,187,Vallensbæk,18.52,2.23,2.61,,,,,,,,,,,12.65
1996,187,Vallensbæk,19.0,2.33,2.68,,,,,,,,,,,13.03
1997,187,Vallensbæk,19.57,2.35,2.74,,,,,,,,,,,13.41
1998,187,Vallensbæk,19.77,2.37,2.78,,,,,,,,,,,13.54
1999,187,Vallensbæk,20.42,2.42,2.85,,,,,,,,,,,13.92
2000,187,Vallensbæk,20.13,2.4,2.81,2.0,3.3,,,,,,,,,13.83
2001,187,Vallensbæk,20.13,2.45,2.85,2.0,3.5,,,,,,,,,13.87
2002,187,Vallensbæk,19.85,2.39,2.8,2.0,3.6,,,,,,,,,13.72
2003,187,Vallensbæk,20.11,2.39,2.82,2.1,3.7,,,,,,,,,13.84
2004,187,Vallensbæk,19.78,2.42,2.8,2.5,3.9,,,78.7,,,,,,13.65
2005,187,Vallensbæk,21.03,2.48,3.01,2.6,4.5,,,78.7,,,,,,14.37
2006,187,Vallensbæk,21.29,2.54,3.03,3.3,4.8,,,78.8,,,,,,14.64
2007,187,Vallensbæk,22.17,2.54,3.17,3.2,5.0,2.566666666666667,,78.5,,,,,,15.19
2008,187,Vallensbæk,22.5,2.66,3.31,4.5,6.5,1.8583333333333334,24.757383966244724,78.7,,,,,,15.43
2009,187,Vallensbæk,22.11,2.67,3.23,4.5,7.0,3.641666666666667,25.24802591617736,78.6,,,,,,15.28
2010,187,Vallensbæk,23.46,2.77,3.44,4.8,7.2,4.833333333333333,25.782634376845838,79.4,4318.0,1425.0,5743.0,75.18718439839806,24.81281560160195,16.14
2011,187,Vallensbæk,23.02,2.81,3.37,5.0,7.6,5.108333333333333,26.581288493498878,79.5,4351.0,1669.0,6020.0,72.27574750830564,27.72425249169435,15.9
2012,187,Vallensbæk,23.51,2.83,3.45,4.9,7.6,5.2,27.234417875343002,79.8,4349.0,1716.0,6065.0,71.70651277823578,28.29348722176422,16.18
2013,187,Vallensbæk,24.18,2.87,3.57,5.0,8.3,5.341666666666666,28.037564139800565,80.3,4339.0,1762.0,6101.0,71.11948860842486,28.880511391575155,16.59
2014,187,Vallensbæk,25.54,2.9,3.77,5.0,8.2,4.875,28.87337599379484,81.0,4320.0,1867.0,6187.0,69.82382414740586,30.17617585259415,17.32
2015,187,Vallensbæk,25.56,3.0,3.8,5.5,8.8,4.108333333333333,29.696677900818486,80.9,4316.0,1897.0,6213.0,69.4672460968936,30.53275390310639,17.48
2016,187,Vallensbæk,24.64,3.01,3.68,5.9,9.2,3.85,31.22119815668203,81.2,4294.0,1916.0,6210.0,69.14653784219001,30.853462157809986,16.98
2017,187,Vallensbæk,24.99,3.12,3.79,6.4,10.1,3.5,32.91103337430273,81.4,4357.0,1913.0,6270.0,69.4896331738437,30.5103668261563,17.23
2018,187,Vallensbæk,25.25,3.07,3.84,6.5,10.2,3.341666666666667,33.933161953727506,81.6,4417.0,2082.0,6499.0,67.96430220033851,32.03569779966149,17.41
2019,187,Vallensbæk,25.56,3.12,3.89,6.7,10.6,3.1916666666666664,35.06947639642956,81.8,4495.0,2129.0,6624.0,67.85929951690821,32.14070048309179,17.61
2020,187,Vallensbæk,25.37,3.09,3.84,6.3,10.1,4.308333333333334,35.99065420560748,81.6,4477.0,2138.0,6615.0,67.67951625094483,32.32048374905518,17.48
2021,187,Vallensbæk,25.66,3.09,3.86,6.2,10.1,3.816666666666667,37.32030442544396,81.6,,,,,,17.68
2022,187,Vallensbæk,25.05,2.99,3.77,6.2,10.1,2.4,38.51147481027704,81.7,,,,,,17.26
2023,187,Vallensbæk,25.85,3.06,3.91,6.4,10.4,2.575,39.75522081478945,82.2,4458.0,2230.0,6688.0,66.6566985645933,33.343301435406694,17.74
2024,187,Vallensbæk,26.7,3.14,4.12,7.2,11.4,2.766666666666667,41.00802780766366,81.9,4442.0,2625.0,7067.0,62.85552568275081,37.14447431724919,18.21
1987,190,Furesø,21.51,2.47,3.1,,,,,,,,,,,14.58
1988,190,Furesø,21.51,2.48,3.1,,,,,,,,,,,14.6
1989,190,Furesø,21.91,2.52,3.13,,,,,,,,,,,14.94
1990,190,Furesø,22.77,2.63,3.35,,,,,,,,,,,15.54
1991,190,Furesø,23.3,2.67,3.45,,,,,,,,,,,15.86
1992,190,Furesø,23.45,2.73,3.42,,,,,,,,,,,16.02
1993,190,Furesø,28.92,2.75,6.03,,,,,,,,,,,18.79
1994,190,Furesø,24.18,2.77,3.64,,,,,,,,,,,16.47
1995,190,Furesø,24.38,2.82,3.61,,,,,,,,,,,16.66
1996,190,Furesø,25.18,2.86,3.89,,,,,,,,,,,17.11
1997,190,Furesø,25.31,2.94,3.75,,,,,,,,,,,17.32
1998,190,Furesø,24.92,2.93,3.62,,,,,,,,,,,17.16
1999,190,Furesø,25.11,2.88,3.75,,,,,,,,,,,17.14
2000,190,Furesø,27.59,2.94,4.17,3.3,5.8,,,,,,,,,18.58
2001,190,Furesø,25.4,2.92,3.69,2.8,5.1,,,,,,,,,17.38
2002,190,Furesø,24.46,2.87,3.54,2.9,4.9,,,,,,,,,16.85
2003,190,Furesø,25.09,2.88,3.61,2.8,5.2,,,,,,,,,17.27
2004,190,Furesø,24.84,2.94,3.64,3.1,5.9,,,78.4,,,,,,17.12
2005,190,Furesø,25.86,3.02,3.82,3.5,6.3,,,78.9,,,,,,17.72
2006,190,Furesø,27.03,3.03,4.04,3.4,6.1,,,79.2,,,,,,18.41
2007,190,Furesø,27.71,3.09,4.23,3.7,6.3,2.966666666666667,,79.2,,,,,,18.88
2008,190,Furesø,28.42,3.06,4.85,4.1,6.7,1.925,40.656396517079706,79.6,,,,,,19.1
2009,190,Furesø,26.87,2.97,4.22,4.4,7.1,3.0666666666666664,40.81019962570181,79.9,,,,,,18.2
2010,190,Furesø,28.22,3.25,4.38,4.4,7.4,4.2250000000000005,41.47320037394827,80.6,9243.0,6414.0,15657.0,59.03429775819122,40.96570224180878,19.33
2011,190,Furesø,28.47,3.34,4.66,4.2,7.4,4.1499999999999995,41.902233328127444,80.5,9442.0,6563.0,16005.0,58.9940643548891,41.0059356451109,19.49
2012,190,Furesø,28.01,3.34,4.33,3.9,7.0,4.2250000000000005,42.64752040175769,81.1,9455.0,6490.0,15945.0,59.297585449984325,40.70241455001568,19.28
2013,190,Furesø,29.2,3.42,4.72,3.9,7.0,4.166666666666667,43.292132627035514,81.5,9477.0,6469.0,15946.0,59.43183243446632,40.56816756553368,19.98
2014,190,Furesø,28.67,3.44,4.46,3.9,6.8,3.966666666666667,43.88461239405956,81.9,9585.0,6472.0,16057.0,59.693591579996266,40.306408420003734,19.74
2015,190,Furesø,29.04,3.54,4.6,4.5,7.7,3.516666666666667,44.69199529358181,82.1,9699.0,6521.0,16220.0,59.79654747225648,40.20345252774353,20.01
2016,190,Furesø,29.56,3.62,4.71,4.8,8.1,2.9499999999999997,45.78326824872334,82.4,9756.0,6843.0,16599.0,58.77462497740827,41.22537502259172,20.38
2017,190,Furesø,30.51,3.62,4.96,5.1,8.3,3.0666666666666664,46.73798004233444,82.4,9924.0,6838.0,16762.0,59.20534542417373,40.79465457582627,20.88
2018,190,Furesø,30.41,3.63,4.92,5.4,8.7,2.658333333333333,47.77352484177815,82.7,10008.0,6905.0,16913.0,59.17341689824396,40.82658310175605,20.86
2019,190,Furesø,30.64,3.58,4.9,4.9,8.0,2.5166666666666666,48.535215543412264,82.6,10124.0,6840.0,16964.0,59.679320914878566,40.320679085121434,20.96
2020,190,Furesø,29.42,3.57,4.66,4.9,8.3,3.4333333333333336,49.03717315569848,82.8,10177.0,6865.0,17042.0,59.71716934632085,40.28283065367915,20.21
2021,190,Furesø,29.87,3.59,4.71,4.5,7.7,2.7583333333333333,49.847850893876,83.1,,,,,,20.55
2022,190,Furesø,29.02,3.44,4.55,4.3,7.2,1.8916666666666666,50.75794621026895,83.1,,,,,,19.9
2023,190,Furesø,30.51,3.54,4.8,4.4,7.2,1.925,50.955602380688326,82.9,10579.0,7008.0,17587.0,60.15238528458521,39.8476147154148,20.92
2024,190,Furesø,30.12,3.46,4.66,4.2,6.9,2.1750000000000003,51.887734348999736,83.1,10742.0,6995.0,17737.0,60.562665614252694,39.437334385747306,20.69
1987,201,Allerød,19.86,2.3,2.83,,,,,,,,,,,13.39
1988,201,Allerød,19.45,2.3,2.78,,,,,,,,,,,13.18
1989,201,Allerød,20.19,2.35,2.91,,,,,,,,,,,13.68
1990,201,Allerød,20.48,2.35,2.92,,,,,,,,,,,13.88
1991,201,Allerød,20.53,2.4,2.92,,,,,,,,,,,13.94
1992,201,Allerød,20.58,2.46,2.97,,,,,,,,,,,13.97
1993,201,Allerød,21.33,2.43,3.06,,,,,,,,,,,14.39
1994,201,Allerød,20.49,2.45,2.94,,,,,,,,,,,13.96
1995,201,Allerød,21.52,2.5,3.12,,,,,,,,,,,14.57
1996,201,Allerød,22.0,2.53,3.2,,,,,,,,,,,14.9
1997,201,Allerød,21.86,2.54,3.07,,,,,,,,,,,14.9
1998,201,Allerød,22.61,2.59,3.21,,,,,,,,,,,15.4
1999,201,Allerød,22.18,2.58,3.14,,,,,,,,,,,15.12
2000,201,Allerød,23.11,2.57,3.28,2.3,4.0,,,,,,,,,15.65
2001,201,Allerød,22.42,2.61,3.18,2.1,3.8,,,,,,,,,15.3
2002,201,Allerød,23.7,2.57,3.6,1.9,3.4,,,,,,,,,15.82
2003,201,Allerød,22.31,2.58,3.14,2.0,3.5,,,,,,,,,15.19
2004,201,Allerød,22.7,2.6,3.19,2.0,3.7,,,78.8,,,,,,15.43
2005,201,Allerød,23.74,2.57,3.34,2.0,3.6,,,79.5,,,,,,15.97
2006,201,Allerød,24.11,2.63,3.42,2.3,3.8,,,79.6,,,,,,16.23
2007,201,Allerød,25.0,2.68,3.58,2.6,4.3,1.5833333333333333,,79.8,,,,,,16.79
2008,201,Allerød,24.5,2.7,3.78,3.2,4.5,1.1083333333333334,38.70588235294118,80.3,,,,,,16.45
2009,201,Allerød,24.23,2.62,3.56,3.2,4.9,2.1416666666666666,39.15149285758077,81.0,,,,,,16.2
2010,201,Allerød,25.56,2.82,3.75,3.1,4.9,2.8666666666666667,39.78362429309073,80.8,6665.0,2725.0,9390.0,70.97976570820022,29.020234291799785,17.23
2011,201,Allerød,25.48,2.87,3.73,3.1,5.0,3.0,40.34957692545241,81.2,6764.0,2758.0,9522.0,71.03549674438143,28.964503255618567,17.22
2012,201,Allerød,25.32,2.86,3.7,2.7,4.7,2.9250000000000003,40.44348629504157,81.4,6807.0,2760.0,9567.0,71.1508309814989,28.849169018501097,17.13
2013,201,Allerød,24.41,2.9,3.56,2.6,4.3,2.591666666666667,41.11778920627053,81.4,6837.0,2765.0,9602.0,71.2039158508644,28.7960841491356,16.75
2014,201,Allerød,24.71,2.94,3.61,2.7,4.7,2.3333333333333335,41.65431183592785,81.8,6836.0,2864.0,9700.0,70.4742268041237,29.525773195876287,16.9
2015,201,Allerød,25.52,2.95,3.75,3.0,4.8,2.1083333333333334,42.193057770145955,82.2,6928.0,2894.0,9822.0,70.53553247811037,29.464467521889638,17.39
2016,201,Allerød,25.38,3.02,3.79,3.5,5.3,2.0,43.0937880633374,82.4,6990.0,2912.0,9902.0,70.59179963643707,29.408200363562916,17.35
2017,201,Allerød,26.34,3.06,3.99,3.9,5.8,2.525,43.822335332969764,82.8,7077.0,2946.0,10023.0,70.6076025142173,29.392397485782702,17.87
2018,201,Allerød,25.5,3.01,3.81,3.5,5.5,2.091666666666667,45.09001143958095,83.1,7145.0,3063.0,10208.0,69.99412225705329,30.00587774294671,17.4
2019,201,Allerød,26.3,3.06,3.93,3.4,5.3,2.066666666666667,46.27099259615963,83.2,7311.0,3053.0,10364.0,70.54226167502895,29.457738324971057,17.82
2020,201,Allerød,25.68,3.06,3.85,3.5,5.5,2.8333333333333335,47.33621310295176,83.2,7379.0,3033.0,10412.0,70.87014982712255,29.129850172877447,17.48
2021,201,Allerød,26.33,3.14,3.95,3.5,5.6,2.15,48.560890071350826,83.5,,,,,,17.91
2022,201,Allerød,26.66,3.04,4.05,3.5,5.4,1.4166666666666667,48.984863046612205,83.2,,,,,,17.95
2023,201,Allerød,26.45,3.06,3.95,3.5,5.5,1.3916666666666666,49.54531767539898,83.4,7447.0,3196.0,10643.0,69.97087287418961,30.02912712581039,17.97
2024,201,Allerød,27.29,3.08,4.06,3.4,5.4,1.5083333333333335,50.20652499251721,83.5,7440.0,3149.0,10589.0,70.26159221833979,29.738407781660214,18.51
1987,210,Fredensborg,21.17,2.42,3.12,,,,,,,,,,,14.31
1988,210,Fredensborg,21.33,2.43,3.16,,,,,,,,,,,14.39
1989,210,Fredensborg,22.37,2.44,3.35,,,,,,,,,,,14.94
1990,210,Fredensborg,22.59,2.55,3.33,,,,,,,,,,,15.18
1991,210,Fredensborg,23.09,2.59,3.47,,,,,,,,,,,15.55
1992,210,Fredensborg,23.55,2.58,3.59,,,,,,,,,,,15.8
1993,210,Fredensborg,24.1,2.67,3.64,,,,,,,,,,,16.21
1994,210,Fredensborg,24.38,2.73,3.7,,,,,,,,,,,16.46
1995,210,Fredensborg,23.92,2.76,3.49,,,,,,,,,,,16.34
1996,210,Fredensborg,24.8,2.82,3.62,,,,,,,,,,,16.93
1997,210,Fredensborg,29.85,2.83,4.3,,,,,,,,,,,20.03
1998,210,Fredensborg,25.28,2.86,3.64,,,,,,,,,,,17.33
1999,210,Fredensborg,25.7,2.82,3.71,,,,,,,,,,,17.47
2000,210,Fredensborg,27.08,2.88,3.93,3.3,7.0,,,,,,,,,18.33
2001,210,Fredensborg,26.24,2.92,3.85,3.9,7.2,,,,,,,,,17.88
2002,210,Fredensborg,26.15,2.84,3.8,2.9,6.1,,,,,,,,,17.79
2003,210,Fredensborg,26.06,2.86,3.78,3.2,6.0,,,,,,,,,17.77
2004,210,Fredensborg,26.63,2.93,3.93,3.4,6.8,,,77.5,,,,,,18.13
2005,210,Fredensborg,29.13,2.98,4.45,3.6,7.3,,,77.4,,,,,,19.59
2006,210,Fredensborg,28.69,2.97,4.3,3.5,7.2,,,77.4,,,,,,19.4
2007,210,Fredensborg,29.54,2.99,4.49,3.9,7.3,2.9499999999999997,,77.8,,,,,,19.93
2008,210,Fredensborg,28.78,3.02,4.56,4.5,8.0,1.9583333333333333,32.990555373226854,77.9,,,,,,19.42
2009,210,Fredensborg,27.42,2.98,4.28,4.9,8.5,3.466666666666667,33.1777405003282,78.1,,,,,,18.6
2010,210,Fredensborg,29.29,3.21,4.54,4.9,8.7,4.375,33.6180265309831,78.4,9892.0,6678.0,16570.0,59.69824984912493,40.30175015087508,19.99
2011,210,Fredensborg,29.5,3.21,4.58,4.8,8.6,4.458333333333333,34.08581144634976,79.0,9971.0,6871.0,16842.0,59.20318251989075,40.79681748010925,20.13
2012,210,Fredensborg,30.42,3.22,4.78,4.8,8.7,4.483333333333333,34.44230559692006,79.4,9579.0,6999.0,16578.0,57.781397032211366,42.21860296778864,20.66
2013,210,Fredensborg,30.53,3.26,4.68,4.6,8.5,4.533333333333333,34.78292540792541,80.1,9543.0,7032.0,16575.0,57.574660633484164,42.425339366515836,20.88
2014,210,Fredensborg,30.76,3.3,4.73,4.8,8.9,4.058333333333334,35.387420237010026,80.8,9569.0,7142.0,16711.0,57.26168392077074,42.73831607922925,21.04
2015,210,Fredensborg,32.92,3.37,5.23,5.1,9.2,3.7416666666666667,36.527055722340194,81.4,9579.0,7372.0,16951.0,56.5099404164946,43.4900595835054,22.4
2016,210,Fredensborg,32.48,3.44,5.11,5.7,9.8,3.283333333333333,37.43702081051479,81.5,9632.0,7468.0,17100.0,56.32748538011696,43.67251461988304,22.15
2017,210,Fredensborg,31.92,3.45,5.0,6.1,10.0,3.3833333333333333,37.72144500858385,81.8,9710.0,7541.0,17251.0,56.28659208161846,43.71340791838154,21.83
2018,210,Fredensborg,31.6,3.42,4.9,5.8,9.8,3.108333333333333,38.41988950276243,81.7,9824.0,7535.0,17359.0,56.59312172360159,43.40687827639841,21.62
2019,210,Fredensborg,32.75,3.42,5.12,5.8,9.8,2.8333333333333335,39.291165630467965,81.5,9976.0,7500.0,17476.0,57.08400091554131,42.91599908445868,22.39
2020,210,Fredensborg,31.72,3.38,4.94,5.7,9.8,3.6333333333333333,39.87881508078995,81.9,9968.0,7870.0,17838.0,55.880704114811074,44.119295885188926,21.67
2021,210,Fredensborg,33.31,3.46,5.22,5.6,9.8,2.9499999999999997,40.619143992204485,82.1,,,,,,22.75
2022,210,Fredensborg,31.42,3.34,5.03,5.6,9.8,1.8666666666666665,41.917279275265464,81.8,,,,,,21.36
2023,210,Fredensborg,31.82,3.37,4.92,5.4,9.2,1.9000000000000001,42.304417046169796,82.0,10184.0,8014.0,18198.0,55.96219364765359,44.03780635234641,21.75
2024,210,Fredensborg,32.76,3.3,5.05,5.3,9.0,2.1750000000000003,43.07464892830746,82.3,10424.0,7696.0,18120.0,57.52759381898455,42.47240618101545,22.36
1987,217,Helsingør,21.91,2.53,3.24,,,,,,,,,,,14.87
1988,217,Helsingør,22.02,2.53,3.21,,,,,,,,,,,14.97
1989,217,Helsingør,21.93,2.52,3.19,,,,,,,,,,,14.97
1990,217,Helsingør,22.36,2.56,3.25,,,,,,,,,,,15.29
1991,217,Helsingør,22.91,2.6,3.37,,,,,,,,,,,15.67
1992,217,Helsingør,22.84,2.64,3.33,,,,,,,,,,,15.65
1993,217,Helsingør,23.8,2.67,3.49,,,,,,,,,,,16.22
1994,217,Helsingør,23.43,2.69,3.4,,,,,,,,,,,16.13
1995,217,Helsingør,24.9,2.7,3.76,,,,,,,,,,,16.88
1996,217,Helsingør,23.82,2.75,3.39,,,,,,,,,,,16.49
1997,217,Helsingør,24.19,2.77,3.47,,,,,,,,,,,16.7
1998,217,Helsingør,25.01,2.79,3.61,,,,,,,,,,,17.17
1999,217,Helsingør,24.82,2.76,3.53,,,,,,,,,,,17.07
2000,217,Helsingør,25.52,2.78,3.63,4.2,8.7,,,,,,,,,17.48
2001,217,Helsingør,25.06,2.81,3.64,4.1,8.6,,,,,,,,,17.2
2002,217,Helsingør,27.35,2.71,3.88,3.7,7.5,,,,,,,,,18.45
2003,217,Helsingør,24.57,2.74,3.49,3.9,7.6,,,,,,,,,16.88
2004,217,Helsingør,24.59,2.8,3.52,4.3,8.5,,,76.4,,,,,,16.93
2005,217,Helsingør,25.69,2.81,3.7,4.4,8.3,,,76.9,,,,,,17.59
2006,217,Helsingør,26.51,2.83,3.9,4.8,8.5,,,77.2,,,,,,18.04
2007,217,Helsingør,29.45,2.86,4.43,5.0,8.8,3.3000000000000003,,77.6,,,,,,19.79
2008,217,Helsingør,27.72,2.91,4.46,5.9,9.6,2.5749999999999997,27.302249508142317,77.7,,,,,,18.61
2009,217,Helsingør,26.08,2.85,3.98,6.0,10.1,4.583333333333333,27.6754334237528,78.1,,,,,,17.73
2010,217,Helsingør,27.75,3.0,4.24,6.1,10.4,5.6000000000000005,28.100419198342045,78.2,13722.0,12979.0,26701.0,51.39133365791544,48.60866634208457,18.95
2011,217,Helsingør,27.42,2.98,4.14,5.8,9.9,5.5249999999999995,28.420755250023543,78.6,13943.0,13410.0,27353.0,50.974298980002196,49.02570101999781,18.81
2012,217,Helsingør,27.63,3.02,4.1,5.6,9.9,5.625,28.734444705329892,79.1,13998.0,13428.0,27426.0,51.039159921242614,48.960840078757386,19.01
2013,217,Helsingør,28.74,3.11,4.25,5.7,10.1,5.425,29.21755500647135,79.3,14023.0,13664.0,27687.0,50.64831870552967,49.35168129447033,19.79
2014,217,Helsingør,28.83,3.14,4.32,5.6,10.3,4.8999999999999995,29.852226051650067,79.6,14003.0,14044.0,28047.0,49.92690840375084,50.07309159624916,19.84
2015,217,Helsingør,29.39,3.21,4.37,5.9,10.4,4.4750000000000005,30.575091144302014,80.1,14002.0,14169.0,28171.0,49.7035958964893,50.2964041035107,20.28
2016,217,Helsingør,29.22,3.25,4.37,6.2,10.8,3.8833333333333333,31.327062262772003,80.4,14058.0,14297.0,28355.0,49.578557573620174,50.421442426379826,20.16
2017,217,Helsingør,29.78,3.36,4.54,7.1,11.8,4.366666666666666,32.007512719319095,80.4,14153.0,14421.0,28574.0,49.53104220620144,50.468957793798566,20.53
2018,217,Helsingør,29.4,3.32,4.44,6.9,11.3,4.016666666666667,32.45714558563721,81.0,14232.0,14593.0,28825.0,49.37380745880312,50.62619254119688,20.31
2019,217,Helsingør,30.68,3.3,4.81,6.5,11.1,3.7083333333333335,33.305395244138985,81.2,14304.0,14643.0,28947.0,49.414447092963,50.585552907037,20.96
2020,217,Helsingør,29.97,3.29,4.5,6.3,10.9,4.508333333333334,34.223574217346524,81.5,14365.0,14645.0,29010.0,49.517407790417096,50.4825922095829,20.64
2021,217,Helsingør,30.83,3.29,4.62,6.0,10.7,3.4416666666666664,35.457276769619035,81.5,,,,,,21.24
2022,217,Helsingør,30.54,3.19,4.77,6.0,10.4,2.4166666666666665,36.13536070606293,81.7,,,,,,20.79
2023,217,Helsingør,30.3,3.2,4.53,5.8,10.2,2.5166666666666666,36.57022820586269,81.6,14780.0,14759.0,29539.0,50.0355462270219,49.964453772978096,20.78
2024,217,Helsingør,30.55,3.19,4.54,5.6,10.2,2.525,37.24766711102647,81.4,14948.0,15076.0,30024.0,49.78683719690914,50.21316280309086,20.97
1987,219,Hillerød,20.91,2.43,3.05,,,,,,,,,,,14.15
1988,219,Hillerød,20.73,2.42,3.03,,,,,,,,,,,14.08
1989,219,Hillerød,20.81,2.43,3.05,,,,,,,,,,,14.15
1990,219,Hillerød,21.3,2.47,3.14,,,,,,,,,,,14.45
1991,219,Hillerød,21.38,2.55,3.13,,,,,,,,,,,14.58
1992,219,Hillerød,21.89,2.51,3.26,,,,,,,,,,,14.8
1993,219,Hillerød,21.74,2.53,3.19,,,,,,,,,,,14.74
1994,219,Hillerød,21.34,2.51,3.06,,,,,,,,,,,14.6
1995,219,Hillerød,21.76,2.57,3.12,,,,,,,,,,,14.88
1996,219,Hillerød,22.14,2.61,3.22,,,,,,,,,,,15.11
1997,219,Hillerød,22.42,2.62,3.18,,,,,,,,,,,15.35
1998,219,Hillerød,22.53,2.65,3.21,,,,,,,,,,,15.44
1999,219,Hillerød,22.9,2.63,3.27,,,,,,,,,,,15.59
2000,219,Hillerød,23.37,2.68,3.36,3.7,6.9,,,,,,,,,15.91
2001,219,Hillerød,23.0,2.67,3.3,3.6,6.7,,,,,,,,,15.77
2002,219,Hillerød,22.94,2.63,3.27,3.2,5.8,,,,,,,,,15.7
2003,219,Hillerød,22.34,2.64,3.18,3.3,6.0,,,,,,,,,15.39
2004,219,Hillerød,23.03,2.69,3.33,3.6,6.5,,,77.8,,,,,,15.76
2005,219,Hillerød,23.81,2.69,3.4,3.3,6.3,,,77.9,,,,,,16.22
2006,219,Hillerød,23.7,2.73,3.4,3.7,6.7,,,78.2,,,,,,16.2
2007,219,Hillerød,24.76,2.74,3.65,4.0,6.9,2.1916666666666664,,78.7,,,,,,16.78
2008,219,Hillerød,24.76,2.78,3.82,4.7,7.5,1.4916666666666665,32.65527950310559,79.0,,,,,,16.75
2009,219,Hillerød,23.87,2.7,3.6,4.7,7.7,3.225,32.895384615384614,79.5,,,,,,16.21
2010,219,Hillerød,25.11,2.9,3.75,4.8,8.1,4.575,33.06144809325258,79.8,11720.0,7787.0,19507.0,60.08099656533552,39.91900343466448,17.17
2011,219,Hillerød,25.41,2.92,3.87,4.8,8.1,4.541666666666667,33.33433544779485,79.7,11858.0,8269.0,20127.0,58.91588413573806,41.08411586426194,17.34
2012,219,Hillerød,25.04,2.87,3.66,4.3,7.5,4.45,33.786582620441244,80.1,11867.0,8468.0,20335.0,58.357511679370546,41.642488320629454,17.2
2013,219,Hillerød,25.13,2.96,3.69,4.7,7.9,4.05,34.05214898001852,80.3,11929.0,8534.0,20463.0,58.295460098714756,41.70453990128525,17.35
2014,219,Hillerød,26.89,2.99,4.17,4.9,8.2,3.641666666666667,34.659360189573455,80.6,11977.0,8706.0,20683.0,57.90746023304163,42.09253976695837,18.27
2015,219,Hillerød,26.95,3.05,4.0,5.0,8.4,3.2583333333333333,35.443223443223445,81.0,11995.0,8805.0,20800.0,57.66826923076923,42.33173076923077,18.46
2016,219,Hillerød,26.58,3.14,3.99,5.6,9.1,2.966666666666667,36.02889769284549,81.3,12057.0,8948.0,21005.0,57.40061890026185,42.59938109973816,18.31
2017,219,Hillerød,27.05,3.24,4.13,6.3,9.9,3.2916666666666665,36.63918244106375,81.5,12189.0,8946.0,21135.0,57.6721078779276,42.32789212207239,18.56
2018,219,Hillerød,27.02,3.17,4.13,6.2,9.7,2.9333333333333336,37.358870967741936,81.7,12259.0,9188.0,21447.0,57.15950948850656,42.84049051149345,18.52
2019,219,Hillerød,26.99,3.15,4.07,5.8,9.4,2.533333333333333,37.96820495225025,81.9,12417.0,9461.0,21878.0,56.755644940122494,43.244355059877506,18.5
2020,219,Hillerød,27.09,3.2,4.11,6.0,9.7,3.1333333333333333,38.45426951491896,81.8,12462.0,9671.0,22133.0,56.305064835313786,43.694935164686214,18.62
2021,219,Hillerød,27.99,3.23,4.22,6.1,9.9,2.6083333333333334,38.919098879147704,82.0,,,,,,19.19
2022,219,Hillerød,27.56,3.16,4.21,6.1,9.9,1.8499999999999999,39.83726650988025,82.2,,,,,,18.79
2023,219,Hillerød,27.23,3.12,4.07,5.8,9.1,1.8666666666666665,40.801393728223,82.2,12671.0,11076.0,23747.0,53.35831894555102,46.64168105444899,18.71
2024,219,Hillerød,27.86,3.11,4.19,5.5,8.7,2.0416666666666665,41.98852467725655,82.3,12775.0,11136.0,23911.0,53.42729287775501,46.57270712224499,19.03
1987,223,Hørsholm,28.39,2.88,4.51,,,,,,,,,,,18.81
1988,223,Hørsholm,29.07,2.97,4.84,,,,,,,,,,,19.19
1989,223,Hørsholm,32.68,3.01,7.61,,,,,,,,,,,21.07
1990,223,Hørsholm,33.24,3.02,7.5,,,,,,,,,,,21.46
1991,223,Hørsholm,29.85,3.11,5.63,,,,,,,,,,,19.81
1992,223,Hørsholm,34.84,3.16,10.59,,,,,,,,,,,22.39
1993,223,Hørsholm,35.86,3.27,7.63,,,,,,,,,,,23.35
1994,223,Hørsholm,36.78,3.27,14.67,,,,,,,,,,,23.52
1995,223,Hørsholm,35.7,3.39,8.96,,,,,,,,,,,23.14
1996,223,Hørsholm,33.78,3.49,7.2,,,,,,,,,,,22.3
1997,223,Hørsholm,33.13,3.48,5.57,,,,,,,,,,,22.32
1998,223,Hørsholm,31.46,3.51,4.99,,,,,,,,,,,21.48
1999,223,Hørsholm,32.59,3.5,5.33,,,,,,,,,,,22.09
2000,223,Hørsholm,35.56,3.53,6.09,2.9,4.4,,,,,,,,,24.04
2001,223,Hørsholm,32.44,3.58,5.25,3.1,4.7,,,,,,,,,22.16
2002,223,Hørsholm,32.03,3.45,5.15,3.0,4.6,,,,,,,,,21.79
2003,223,Hørsholm,31.53,3.51,5.25,3.2,4.9,,,,,,,,,21.45
2004,223,Hørsholm,31.19,3.49,4.86,2.9,4.8,,,79.7,,,,,,21.38
2005,223,Hørsholm,32.47,3.6,5.22,3.0,4.6,,,80.0,,,,,,22.17
2006,223,Hørsholm,35.09,3.68,5.9,3.3,5.0,,,80.5,,,,,,23.88
2007,223,Hørsholm,38.29,3.81,6.94,3.6,5.3,1.95,,80.7,,,,,,26.02
2008,223,Hørsholm,37.51,3.71,9.75,5.1,6.8,1.3416666666666668,42.2009212000498,80.9,,,,,,24.61
2009,223,Hørsholm,36.72,3.61,9.17,5.5,7.6,2.4833333333333334,42.58924677590181,81.1,,,,,,24.06
2010,223,Hørsholm,38.78,3.98,8.14,4.6,6.9,3.158333333333333,42.715005285740936,81.0,6470.0,4386.0,10856.0,59.59837877671333,40.40162122328666,26.1
2011,223,Hørsholm,37.0,4.09,7.06,4.4,6.7,3.1666666666666665,43.07085628442664,81.2,6560.0,4497.0,11057.0,59.32893189834494,40.67106810165506,25.14
2012,223,Hørsholm,36.6,4.22,6.71,4.3,6.4,3.408333333333333,43.43421710855428,81.6,6521.0,4520.0,11041.0,59.06167919572503,40.93832080427497,25.07
2013,223,Hørsholm,38.24,4.25,7.46,4.3,6.6,3.0833333333333335,43.82437680070149,81.5,6504.0,4595.0,11099.0,58.59987386251013,41.40012613748986,26.09
2014,223,Hørsholm,37.52,4.21,7.09,4.2,6.5,2.891666666666667,44.671541971373216,81.6,6522.0,4682.0,11204.0,58.21135308818279,41.78864691181721,25.62
2015,223,Hørsholm,38.08,4.3,6.93,4.4,6.7,2.8000000000000003,45.65992865636147,81.9,6559.0,4745.0,11304.0,58.02370842179759,41.97629157820241,26.22
2016,223,Hørsholm,38.27,4.43,7.18,4.8,7.1,2.3916666666666666,46.54485679964595,82.4,6597.0,4693.0,11290.0,58.432240921169175,41.567759078830825,26.33
2017,223,Hørsholm,39.59,4.38,7.34,5.0,7.4,2.9499999999999997,46.84811014086303,82.6,6616.0,4649.0,11265.0,58.730581446959604,41.26941855304039,27.28
2018,223,Hørsholm,38.48,4.44,7.35,5.4,7.7,2.8833333333333333,47.47823860727087,83.2,6692.0,4685.0,11377.0,58.820427177639104,41.1795728223609,26.42
2019,223,Hørsholm,39.21,4.38,7.52,4.6,7.1,2.533333333333333,47.872271098077555,83.2,6742.0,4703.0,11445.0,58.907820008737446,41.09217999126256,26.89
2020,223,Hørsholm,40.18,4.45,7.53,4.5,7.2,3.466666666666667,48.43400447427293,83.5,6742.0,4701.0,11443.0,58.918115878703134,41.081884121296866,27.67
2021,223,Hørsholm,39.59,4.67,7.59,4.8,7.4,3.025,49.275362318840585,83.5,,,,,,27.34
2022,223,Hørsholm,42.24,4.58,9.7,5.3,8.0,1.95,49.80832782551223,83.2,,,,,,28.68
2023,223,Hørsholm,38.9,4.5,7.26,4.9,7.1,2.058333333333333,50.21764938662445,83.1,6847.0,4568.0,11415.0,59.982479194042924,40.017520805957076,26.9
2024,223,Hørsholm,40.07,4.5,7.63,4.7,7.3,2.15,51.17096018735363,83.5,6891.0,4554.0,11445.0,60.20969855832241,39.79030144167759,27.82
1987,230,Rudersdal,29.05,3.07,5.15,,,,,,,,,,,19.14
1988,230,Rudersdal,29.45,3.1,5.16,,,,,,,,,,,19.46
1989,230,Rudersdal,29.19,3.14,5.01,,,,,,,,,,,19.45
1990,230,Rudersdal,31.07,3.26,5.81,,,,,,,,,,,20.54
1991,230,Rudersdal,31.03,3.31,5.86,,,,,,,,,,,20.59
1992,230,Rudersdal,32.69,3.44,6.64,,,,,,,,,,,21.53
1993,230,Rudersdal,32.4,3.45,6.49,,,,,,,,,,,21.46
1994,230,Rudersdal,45.38,3.46,-12.73,,,,,,,,,,,28.08
1995,230,Rudersdal,30.36,3.45,5.2,,,,,,,,,,,20.51
1996,230,Rudersdal,30.85,3.52,5.11,,,,,,,,,,,20.94
1997,230,Rudersdal,32.54,3.61,5.51,,,,,,,,,,,22.01
1998,230,Rudersdal,33.37,3.67,5.61,,,,,,,,,,,22.64
1999,230,Rudersdal,35.68,3.62,7.24,,,,,,,,,,,23.66
2000,230,Rudersdal,37.57,3.74,6.92,4.1,6.5,,,,,,,,,25.25
2001,230,Rudersdal,34.55,3.7,5.87,4.0,6.3,,,,,,,,,23.44
2002,230,Rudersdal,34.05,3.68,5.65,3.9,6.2,,,,,,,,,23.11
2003,230,Rudersdal,34.79,3.65,6.36,4.2,6.5,,,,,,,,,23.23
2004,230,Rudersdal,34.67,3.67,6.0,4.2,6.5,,,79.3,,,,,,23.3
2005,230,Rudersdal,40.36,3.78,10.48,4.2,6.6,,,79.4,,,,,,26.32
2006,230,Rudersdal,39.16,3.88,7.29,4.8,6.9,,,79.6,,,,,,26.47
2007,230,Rudersdal,39.66,3.93,8.19,4.9,7.2,2.308333333333333,,79.5,,,,,,26.54
2008,230,Rudersdal,39.28,3.95,11.53,5.9,8.2,1.375,45.45198931533812,79.6,,,,,,25.65
2009,230,Rudersdal,36.12,3.79,8.86,6.4,8.8,2.441666666666667,45.70229434806939,80.1,,,,,,23.73
2010,230,Rudersdal,40.11,4.24,9.61,6.0,8.5,3.2916666666666665,46.0155881618728,80.4,14643.0,8701.0,23344.0,62.7270390678547,37.2729609321453,26.67
2011,230,Rudersdal,38.09,4.2,8.27,5.5,8.0,3.516666666666667,46.7065036131184,80.8,14767.0,9132.0,23899.0,61.78919620067786,38.21080379932214,25.48
2012,230,Rudersdal,38.09,4.19,7.46,5.0,7.5,3.533333333333333,47.114582754211376,81.2,14776.0,9187.0,23963.0,61.66172849810124,38.33827150189876,25.69
2013,230,Rudersdal,38.78,4.32,7.52,4.9,7.3,3.358333333333333,47.68145721108458,81.7,14739.0,9272.0,24011.0,61.38436549914622,38.61563450085377,26.29
2014,230,Rudersdal,39.86,4.4,7.97,5.0,7.4,3.0583333333333336,48.66952789699571,82.3,14813.0,9292.0,24105.0,61.45198091682224,38.54801908317776,27.0
2015,230,Rudersdal,40.88,4.53,8.58,5.1,7.6,2.783333333333333,49.739231214989374,82.4,14895.0,9307.0,24202.0,61.54450045450789,38.4554995454921,27.74
2016,230,Rudersdal,42.63,4.68,8.74,5.6,8.3,2.591666666666667,50.74013837968961,82.7,15063.0,9294.0,24357.0,61.84259145214928,38.15740854785072,29.11
2017,230,Rudersdal,42.56,4.71,9.28,5.8,8.4,3.125,51.042849624684926,83.1,15132.0,9349.0,24481.0,61.811200522854456,38.188799477145544,28.87
2018,230,Rudersdal,41.51,4.62,8.67,5.9,8.6,2.733333333333333,51.723187207058174,83.2,15331.0,9238.0,24569.0,62.39977207049534,37.60022792950466,28.16
2019,230,Rudersdal,43.04,4.63,8.81,5.7,8.3,2.566666666666667,52.39615733986622,83.3,15429.0,9461.0,24890.0,61.98875050220972,38.01124949779028,29.45
2020,230,Rudersdal,41.59,4.63,8.28,5.8,8.4,3.15,52.97589497490209,83.5,15453.0,9582.0,25035.0,61.725584182145,38.274415817855,28.36
2021,230,Rudersdal,43.67,4.71,8.81,5.3,7.8,2.5833333333333335,54.07653453387504,83.7,,,,,,30.12
2022,230,Rudersdal,43.68,4.56,10.06,5.6,8.0,1.7750000000000001,54.623372342178996,83.6,,,,,,29.55
2023,230,Rudersdal,43.53,4.57,8.8,5.2,7.6,1.883333333333333,54.975548107038854,83.8,15740.0,9489.0,25229.0,62.388521146299894,37.611478853700106,30.04
2024,230,Rudersdal,47.31,4.58,10.83,5.1,7.6,1.9666666666666668,55.35084602137606,83.8,15751.0,9388.0,25139.0,62.65563467122798,37.34436532877203,32.87
1987,240,Egedal,16.93,2.07,2.44,,,,,,,,,,,11.49
1988,240,Egedal,17.41,2.11,2.5,,,,,,,,,,,11.81
1989,240,Egedal,17.9,2.16,2.59,,,,,,,,,,,12.15
1990,240,Egedal,18.48,2.21,2.66,,,,,,,,,,,12.52
1991,240,Egedal,18.06,2.22,2.58,,,,,,,,,,,12.34
1992,240,Egedal,18.29,2.23,2.63,,,,,,,,,,,12.46
1993,240,Egedal,18.92,2.28,2.71,,,,,,,,,,,12.85
1994,240,Egedal,18.31,2.25,2.61,,,,,,,,,,,12.53
1995,240,Egedal,18.8,2.27,2.66,,,,,,,,,,,12.84
1996,240,Egedal,18.92,2.3,2.68,,,,,,,,,,,12.95
1997,240,Egedal,19.76,2.35,2.78,,,,,,,,,,,13.47
1998,240,Egedal,19.64,2.34,2.76,,,,,,,,,,,13.41
1999,240,Egedal,19.69,2.31,2.77,,,,,,,,,,,13.4
2000,240,Egedal,20.02,2.37,2.8,2.1,3.6,,,,,,,,,13.64
2001,240,Egedal,20.59,2.37,2.87,1.9,3.5,,,,,,,,,14.02
2002,240,Egedal,19.64,2.29,2.73,1.9,3.1,,,,,,,,,13.39
2003,240,Egedal,19.22,2.29,2.69,1.9,3.4,,,,,,,,,13.14
2004,240,Egedal,19.62,2.32,2.76,2.0,3.6,,,77.6,,,,,,13.35
2005,240,Egedal,20.39,2.32,2.85,2.1,3.5,,,78.1,,,,,,13.8
2006,240,Egedal,20.47,2.33,2.85,1.9,3.5,,,78.4,,,,,,13.86
2007,240,Egedal,21.07,2.35,2.94,2.3,3.8,1.4333333333333333,,78.8,,,,,,14.23
2008,240,Egedal,21.45,2.35,3.13,2.7,4.4,1.0583333333333333,27.710675623934005,78.8,,,,,,14.38
2009,240,Egedal,20.4,2.37,2.95,3.0,4.8,2.4166666666666665,28.088606282613952,79.5,,,,,,13.84
2010,240,Egedal,21.75,2.48,3.1,2.8,4.5,3.525,28.519069188478962,79.7,12192.0,3502.0,15694.0,77.68573977316173,22.314260226838282,14.76
2011,240,Egedal,20.94,2.45,2.96,2.6,4.4,3.725,28.98450709085263,80.1,12331.0,3704.0,16035.0,76.90053009042718,23.099469909572807,14.35
2012,240,Egedal,20.71,2.47,2.92,2.4,4.2,3.85,29.421487603305785,80.6,12365.0,3705.0,16070.0,76.9446172993155,23.055382700684504,14.22
2013,240,Egedal,21.51,2.51,3.02,2.6,4.3,3.7416666666666667,29.917976288944033,81.1,12430.0,3816.0,16246.0,76.51114120398867,23.488858796011325,14.74
2014,240,Egedal,21.71,2.53,3.08,2.7,4.7,3.1750000000000003,30.531231757151193,81.7,12436.0,3928.0,16364.0,75.99608897580053,24.00391102419946,14.89
2015,240,Egedal,22.73,2.57,3.2,2.9,4.8,2.725,31.224180666483065,81.7,12494.0,4010.0,16504.0,75.70285991274842,24.297140087251577,15.55
2016,240,Egedal,22.64,2.65,3.25,3.6,5.5,2.6999999999999997,32.23800145122836,82.1,12535.0,4068.0,16603.0,75.49840390290912,24.501596097090886,15.5
2017,240,Egedal,23.9,2.66,3.44,4.0,6.0,2.983333333333333,32.88858083521053,81.9,12594.0,4210.0,16804.0,74.94644132349441,25.053558676505595,16.21
2018,240,Egedal,23.96,2.68,3.44,3.9,6.2,2.6916666666666664,33.82337680307171,81.9,12591.0,4262.0,16853.0,74.71073399394767,25.289266006052337,16.26
2019,240,Egedal,23.12,2.67,3.32,3.9,6.1,2.6166666666666667,34.846753246753245,81.8,12661.0,4481.0,17142.0,73.85952630964881,26.140473690351186,15.81
2020,240,Egedal,23.01,2.7,3.3,3.7,5.9,3.141666666666667,35.68532316756195,82.3,12763.0,4445.0,17208.0,74.16899116689912,25.83100883310088,15.72
2021,240,Egedal,24.34,2.73,3.49,3.7,6.1,2.566666666666667,36.62750990301871,82.3,,,,,,16.53
2022,240,Egedal,22.98,2.63,3.33,3.8,6.2,1.6833333333333333,37.73231715469982,82.4,,,,,,15.63
2023,240,Egedal,24.41,2.72,3.5,3.6,6.3,1.6666666666666667,38.42957491013422,82.8,13044.0,4910.0,17954.0,72.65233374178456,27.34766625821544,16.59
2024,240,Egedal,23.85,2.71,3.42,3.7,6.1,1.75,39.418991469319195,82.9,13082.0,5127.0,18209.0,71.84359382722829,28.15640617277171,16.33
1987,250,Frederikssund,19.27,2.3,2.8,,,,,,,,,,,13.14
1988,250,Frederikssund,19.48,2.31,2.84,,,,,,,,,,,13.22
1989,250,Frederikssund,19.49,2.27,2.84,,,,,,,,,,,13.24
1990,250,Frederikssund,19.57,2.29,2.81,,,,,,,,,,,13.34
1991,250,Frederikssund,19.58,2.31,2.81,,,,,,,,,,,13.4
1992,250,Frederikssund,20.35,2.34,2.96,,,,,,,,,,,13.84
1993,250,Frederikssund,20.37,2.37,2.91,,,,,,,,,,,13.94
1994,250,Frederikssund,20.6,2.35,2.95,,,,,,,,,,,14.05
1995,250,Frederikssund,20.25,2.37,2.82,,,,,,,,,,,13.93
1996,250,Frederikssund,21.02,2.44,2.94,,,,,,,,,,,14.39
1997,250,Frederikssund,22.74,2.46,3.15,,,,,,,,,,,15.37
1998,250,Frederikssund,21.19,2.46,2.98,,,,,,,,,,,14.56
1999,250,Frederikssund,21.27,2.47,2.97,,,,,,,,,,,14.58
2000,250,Frederikssund,21.28,2.49,2.97,3.1,6.3,,,,,,,,,14.65
2001,250,Frederikssund,21.57,2.49,3.02,3.0,6.3,,,,,,,,,14.8
2002,250,Frederikssund,21.15,2.46,2.96,3.0,5.7,,,,,,,,,14.51
2003,250,Frederikssund,21.06,2.47,2.95,2.9,5.7,,,,,,,,,14.48
2004,250,Frederikssund,21.4,2.49,3.01,2.9,5.9,,,76.4,,,,,,14.68
2005,250,Frederikssund,22.17,2.49,3.09,2.9,5.8,,,76.8,,,,,,15.12
2006,250,Frederikssund,22.41,2.48,3.11,2.9,5.4,,,77.2,,,,,,15.32
2007,250,Frederikssund,23.47,2.52,3.28,3.4,6.3,2.0833333333333335,,77.6,,,,,,15.98
2008,250,Frederikssund,22.72,2.56,3.26,3.8,7.1,1.8,23.45683010557679,77.9,,,,,,15.54
2009,250,Frederikssund,22.3,2.53,3.18,4.3,7.4,3.7583333333333333,23.73419773095624,78.2,,,,,,15.31
2010,250,Frederikssund,23.36,2.62,3.36,4.0,7.4,4.891666666666667,24.158467115484207,78.4,12174.0,6008.0,18182.0,66.95633043669564,33.04366956330437,16.09
2011,250,Frederikssund,23.41,2.63,3.35,4.2,7.5,5.083333333333333,24.46389639126615,78.9,12313.0,6232.0,18545.0,66.3952547856565,33.60474521434349,16.13
2012,250,Frederikssund,22.98,2.63,3.23,3.8,7.2,5.2250000000000005,24.75799354649457,79.0,12267.0,6291.0,18558.0,66.10087293889427,33.89912706110572,15.95
2013,250,Frederikssund,23.49,2.69,3.31,4.1,7.4,5.408333333333334,25.07048718116845,79.2,12233.0,6396.0,18629.0,65.66643405443126,34.333565945568736,16.3
2014,250,Frederikssund,23.69,2.73,3.37,4.2,7.8,4.458333333333333,25.505766062602962,79.4,12220.0,6514.0,18734.0,65.22899540941603,34.77100459058396,16.4
2015,250,Frederikssund,24.24,2.76,3.44,4.4,7.8,3.9499999999999997,26.03077530084829,79.5,12213.0,6761.0,18974.0,64.36702856540529,35.63297143459471,16.76
2016,250,Frederikssund,24.46,2.84,3.49,4.7,8.7,3.358333333333333,26.738830032243204,79.6,12261.0,6884.0,19145.0,64.04283102637764,35.95716897362236,16.99
2017,250,Frederikssund,24.59,2.88,3.55,5.4,9.1,3.625,27.21274700623495,80.1,12305.0,7062.0,19367.0,63.53591160220995,36.46408839779006,17.08
2018,250,Frederikssund,24.75,2.85,3.56,5.1,9.0,3.283333333333333,27.69388024268003,80.3,12384.0,7180.0,19564.0,63.29993866285013,36.70006133714987,17.17
2019,250,Frederikssund,24.77,2.89,3.54,5.3,9.1,2.783333333333333,28.071104637690752,80.4,12475.0,7230.0,19705.0,63.308804871859934,36.691195128140066,17.23
2020,250,Frederikssund,25.06,2.92,3.59,5.1,9.4,3.5083333333333333,28.793285752048636,80.9,12522.0,7306.0,19828.0,63.15311680451886,36.84688319548114,17.44
2021,250,Frederikssund,25.3,2.94,3.64,5.1,9.4,2.6916666666666664,29.524686082440336,81.1,,,,,,17.57
2022,250,Frederikssund,24.87,2.83,3.56,4.9,9.0,1.8499999999999999,30.155008466849033,80.8,,,,,,17.17
2023,250,Frederikssund,25.22,2.85,3.6,4.9,8.8,2.0500000000000003,30.67786130365453,80.9,12794.0,7609.0,20403.0,62.7064647355781,37.2935352644219,17.44
2024,250,Frederikssund,26.11,2.86,3.88,5.1,9.2,2.1333333333333333,31.21059873915965,81.2,12862.0,7864.0,20726.0,62.057319309080384,37.942680690919616,17.84
1987,253,Greve,18.64,2.22,2.68,,,,,,,,,,,12.66
1988,253,Greve,19.0,2.24,2.75,,,,,,,,,,,12.9
1989,253,Greve,19.75,2.33,2.89,,,,,,,,,,,13.4
1990,253,Greve,19.74,2.36,2.84,,,,,,,,,,,13.45
1991,253,Greve,19.67,2.41,2.84,,,,,,,,,,,13.51
1992,253,Greve,19.96,2.44,2.89,,,,,,,,,,,13.68
1993,253,Greve,20.82,2.5,3.01,,,,,,,,,,,14.24
1994,253,Greve,20.38,2.51,2.92,,,,,,,,,,,14.04
1995,253,Greve,20.64,2.56,2.96,,,,,,,,,,,14.23
1996,253,Greve,21.13,2.63,3.02,,,,,,,,,,,14.6
1997,253,Greve,22.74,2.68,3.28,,,,,,,,,,,15.52
1998,253,Greve,21.97,2.68,3.14,,,,,,,,,,,15.13
1999,253,Greve,21.88,2.65,3.12,,,,,,,,,,,15.02
2000,253,Greve,22.45,2.66,3.21,2.6,5.4,,,,,,,,,15.36
2001,253,Greve,22.28,2.68,3.19,2.5,5.5,,,,,,,,,15.34
2002,253,Greve,21.68,2.62,3.07,2.4,4.9,,,,,,,,,14.97
2003,253,Greve,21.72,2.63,3.1,2.6,5.1,,,,,,,,,14.99
2004,253,Greve,22.02,2.64,3.16,3.0,5.7,,,76.9,,,,,,15.17
2005,253,Greve,22.7,2.66,3.25,2.9,5.8,,,77.1,,,,,,15.54
2006,253,Greve,22.98,2.63,3.26,2.8,5.4,,,77.7,,,,,,15.75
2007,253,Greve,24.48,2.65,3.49,3.0,5.4,2.4,,77.7,,,,,,16.59
2008,253,Greve,23.96,2.7,3.54,4.0,6.7,1.7916666666666667,21.51602132271103,77.9,,,,,,16.28
2009,253,Greve,23.13,2.65,3.4,4.4,7.0,3.375,21.7923503683917,78.4,,,,,,15.82
2010,253,Greve,24.09,2.77,3.51,4.1,7.2,4.8500000000000005,22.171958993038217,78.6,12529.0,6946.0,19475.0,64.33376123234916,35.66623876765083,16.57
2011,253,Greve,24.29,2.78,3.56,4.3,7.1,4.625,22.609773371104815,78.8,12695.0,7028.0,19723.0,64.36647568828272,35.63352431171729,16.66
2012,253,Greve,23.69,2.74,3.4,3.7,6.5,4.8,22.95416864045476,79.2,12740.0,7404.0,20144.0,63.24463860206513,36.75536139793487,16.36
2013,253,Greve,24.12,2.8,3.46,3.8,6.6,4.641666666666667,23.47968936678614,79.8,12736.0,7435.0,20171.0,63.14015170293986,36.85984829706014,16.67
2014,253,Greve,25.34,2.91,3.71,4.7,7.8,4.166666666666667,24.344958707147526,80.0,12727.0,7505.0,20232.0,62.90529853697113,37.09470146302887,17.39
2015,253,Greve,25.54,2.92,3.75,4.6,7.7,3.6750000000000003,25.297460486592076,80.3,12729.0,7779.0,20508.0,62.06846108835576,37.93153891164424,17.57
2016,253,Greve,25.36,2.99,3.75,5.1,8.3,3.3166666666666664,26.733614593855844,80.7,12822.0,7846.0,20668.0,62.03793303657829,37.96206696342171,17.5
2017,253,Greve,25.88,3.06,3.86,5.5,8.9,3.3666666666666667,27.530158350046396,81.1,12967.0,7858.0,20825.0,62.26650660264106,37.73349339735894,17.84
2018,253,Greve,25.73,3.01,3.83,5.5,8.8,2.8249999999999997,28.214424834447012,81.1,13070.0,7905.0,20975.0,62.31227651966626,37.68772348033373,17.77
2019,253,Greve,26.16,3.06,3.95,5.7,9.1,2.85,29.060982191041557,81.4,13108.0,8000.0,21108.0,62.0996778472617,37.9003221527383,18.02
2020,253,Greve,26.51,3.11,4.0,5.9,9.4,3.6999999999999997,29.740536965214513,81.6,13137.0,8079.0,21216.0,61.92024886877828,38.07975113122172,18.27
2021,253,Greve,26.35,3.1,3.93,5.5,9.2,3.0583333333333336,30.566752902954093,81.7,,,,,,18.17
2022,253,Greve,25.97,3.06,3.91,5.8,9.3,2.0500000000000003,31.580820211724937,81.6,,,,,,17.87
2023,253,Greve,26.86,3.08,4.0,5.5,9.0,2.1750000000000003,32.17751896947239,81.7,13222.0,8375.0,21597.0,61.221465944344125,38.778534055655875,18.45
2024,253,Greve,26.35,3.09,3.92,5.4,8.9,2.25,33.12642369020501,81.9,13198.0,8549.0,21747.0,60.68883064330712,39.31116935669288,18.17
1987,259,Køge,19.52,2.32,2.84,,,,,,,,,,,13.35
1988,259,Køge,19.65,2.32,2.87,,,,,,,,,,,13.48
1989,259,Køge,19.29,2.28,2.76,,,,,,,,,,,13.27
1990,259,Køge,19.72,2.33,2.82,,,,,,,,,,,13.57
1991,259,Køge,19.77,2.37,2.81,,,,,,,,,,,13.65
1992,259,Køge,20.12,2.37,2.87,,,,,,,,,,,13.85
1993,259,Køge,20.74,2.43,2.95,,,,,,,,,,,14.27
1994,259,Køge,20.28,2.42,2.85,,,,,,,,,,,14.08
1995,259,Køge,20.46,2.45,2.86,,,,,,,,,,,14.21
1996,259,Køge,20.53,2.48,2.86,,,,,,,,,,,14.28
1997,259,Køge,20.98,2.51,2.92,,,,,,,,,,,14.59
1998,259,Køge,21.26,2.52,2.96,,,,,,,,,,,14.74
1999,259,Køge,21.3,2.52,2.98,,,,,,,,,,,14.73
2000,259,Køge,21.56,2.54,3.01,2.9,6.5,,,,,,,,,14.87
2001,259,Køge,21.49,2.56,3.02,3.0,6.8,,,,,,,,,14.89
2002,259,Køge,20.94,2.49,2.92,2.9,6.2,,,,,,,,,14.53
2003,259,Køge,20.88,2.49,2.92,2.8,6.2,,,,,,,,,14.49
2004,259,Køge,21.6,2.56,3.04,3.3,7.0,,,76.7,,,,,,14.94
2005,259,Køge,21.61,2.57,3.03,3.3,7.2,,,77.1,,,,,,14.95
2006,259,Køge,22.2,2.58,3.11,3.5,7.0,,,77.4,,,,,,15.28
2007,259,Køge,22.85,2.54,3.21,3.6,7.2,3.2083333333333335,,77.8,,,,,,15.63
2008,259,Køge,23.41,2.6,3.44,4.5,8.3,2.591666666666667,20.333366803895974,78.1,,,,,,15.98
2009,259,Køge,23.03,2.6,3.36,4.9,8.9,4.833333333333333,20.701306502477852,78.2,,,,,,15.83
2010,259,Køge,23.44,2.71,3.37,4.9,9.0,6.291666666666667,21.073845541401273,78.6,13465.0,10177.0,23642.0,56.95372641908468,43.046273580915326,16.27
2011,259,Køge,23.64,2.72,3.39,4.8,9.1,6.4750000000000005,21.51038294905632,78.8,13685.0,10683.0,24368.0,56.159717662508214,43.84028233749179,16.39
2012,259,Køge,23.79,2.72,3.38,4.5,8.9,6.4750000000000005,22.054216718877186,79.0,13648.0,10739.0,24387.0,55.96424324435149,44.03575675564851,16.51
2013,259,Køge,23.81,2.76,3.37,4.7,9.0,5.891666666666667,22.36584410497454,79.6,13637.0,11088.0,24725.0,55.15470171890799,44.84529828109201,16.58
2014,259,Køge,24.44,2.82,3.48,5.0,9.5,4.991666666666666,23.020342768364323,79.9,13626.0,11389.0,25015.0,54.4713172096742,45.5286827903258,16.97
2015,259,Køge,24.67,2.85,3.52,5.3,9.7,4.2,23.828728748068006,80.2,13631.0,11742.0,25373.0,53.72246088361644,46.27753911638356,17.12
2016,259,Køge,25.08,2.91,3.63,5.8,10.4,3.625,24.63820549927641,80.5,13666.0,11930.0,25596.0,53.39115486794812,46.60884513205188,17.42
2017,259,Køge,25.75,2.97,3.76,6.3,11.0,3.8083333333333336,25.50566147295074,80.7,13709.0,11955.0,25664.0,53.417238154613464,46.582761845386536,17.78
2018,259,Køge,25.16,2.95,3.65,6.0,10.6,3.408333333333333,26.402839482325668,80.7,13760.0,12088.0,25848.0,53.23429278861034,46.76570721138966,17.46
2019,259,Køge,25.6,2.94,3.74,6.0,10.4,3.1750000000000003,27.236912070382363,81.0,13979.0,12213.0,26192.0,53.3712583995113,46.6287416004887,17.7
2020,259,Køge,26.34,3.03,3.86,6.3,11.1,3.7583333333333333,28.117799539170505,81.1,14093.0,12274.0,26367.0,53.44938749194068,46.55061250805932,18.18
2021,259,Køge,26.23,3.03,3.84,6.3,11.2,3.233333333333333,29.09034535394009,81.1,,,,,,18.15
2022,259,Køge,25.86,2.95,3.81,6.1,10.5,2.2,29.903241754361183,81.2,,,,,,17.84
2023,259,Køge,26.41,2.97,3.87,6.2,10.6,2.1,30.473358928738648,81.2,14410.0,12801.0,27211.0,52.95652493476902,47.04347506523097,18.18
2024,259,Køge,26.37,3.02,3.87,6.0,10.3,2.183333333333333,31.34480679129749,81.1,14477.0,12957.0,27434.0,52.77028504775097,47.22971495224903,18.18
1987,260,Halsnæs,18.5,2.24,2.67,,,,,,,,,,,12.7
1988,260,Halsnæs,18.59,2.22,2.68,,,,,,,,,,,12.79
1989,260,Halsnæs,18.52,2.17,2.67,,,,,,,,,,,12.71
1990,260,Halsnæs,18.72,2.19,2.66,,,,,,,,,,,12.79
1991,260,Halsnæs,18.49,2.23,2.61,,,,,,,,,,,12.75
1992,260,Halsnæs,19.28,2.25,2.77,,,,,,,,,,,13.2
1993,260,Halsnæs,19.64,2.34,2.8,,,,,,,,,,,13.45
1994,260,Halsnæs,19.51,2.3,2.76,,,,,,,,,,,13.45
1995,260,Halsnæs,19.56,2.33,2.74,,,,,,,,,,,13.47
1996,260,Halsnæs,19.43,2.32,2.71,,,,,,,,,,,13.45
1997,260,Halsnæs,19.93,2.37,2.79,,,,,,,,,,,13.74
1998,260,Halsnæs,20.05,2.37,2.81,,,,,,,,,,,13.84
1999,260,Halsnæs,20.06,2.35,2.8,,,,,,,,,,,13.84
2000,260,Halsnæs,20.15,2.38,2.81,3.7,7.4,,,,,,,,,13.95
2001,260,Halsnæs,20.33,2.43,2.86,3.7,7.8,,,,,,,,,14.06
2002,260,Halsnæs,19.79,2.37,2.77,3.6,7.1,,,,,,,,,13.75
2003,260,Halsnæs,20.53,2.39,2.89,3.6,7.0,,,,,,,,,14.14
2004,260,Halsnæs,20.4,2.38,2.86,3.6,7.1,,,75.2,,,,,,14.1
2005,260,Halsnæs,20.91,2.42,2.92,3.7,7.1,,,76.0,,,,,,14.39
2006,260,Halsnæs,20.86,2.41,2.91,3.5,6.9,,,76.2,,,,,,14.37
2007,260,Halsnæs,21.58,2.45,3.04,3.8,7.2,2.983333333333333,,76.6,,,,,,14.81
2008,260,Halsnæs,22.17,2.43,3.26,4.1,7.3,2.475,19.640811838548586,77.1,,,,,,15.08
2009,260,Halsnæs,21.08,2.43,3.0,4.8,8.7,5.283333333333333,20.00274386061188,77.4,,,,,,14.57
2010,260,Halsnæs,21.65,2.5,3.04,4.9,8.9,7.075,20.43222905386804,77.7,8926.0,4297.0,13223.0,67.5035922256674,32.4964077743326,15.0
2011,260,Halsnæs,21.71,2.45,3.06,4.6,8.5,7.008333333333333,20.60363836824697,78.1,8984.0,4560.0,13544.0,66.33195510927348,33.66804489072652,14.97
2012,260,Halsnæs,21.39,2.44,2.97,4.2,8.0,7.075,21.13394887022688,78.6,8985.0,4596.0,13581.0,66.15860393196378,33.841396068036225,14.82
2013,260,Halsnæs,22.11,2.49,3.06,4.4,8.2,6.633333333333333,21.42056598486971,78.8,8976.0,4669.0,13645.0,65.7823378526933,34.217662147306704,15.26
2014,260,Halsnæs,22.34,2.54,3.11,5.0,8.9,5.2749999999999995,22.007323256032297,78.9,8915.0,4756.0,13671.0,65.21103064881866,34.78896935118133,15.49
2015,260,Halsnæs,22.92,2.56,3.22,5.1,9.2,4.458333333333333,22.484431333988855,78.8,8913.0,4863.0,13776.0,64.69947735191639,35.30052264808362,15.8
2016,260,Halsnæs,22.85,2.64,3.23,5.3,10.0,4.25,22.910798122065728,78.7,8948.0,5025.0,13973.0,64.03778716095326,35.96221283904673,15.79
2017,260,Halsnæs,23.81,2.66,3.36,5.8,10.1,4.233333333333333,23.171826991255024,78.9,8954.0,5041.0,13995.0,63.979992854590925,36.020007145409075,16.38
2018,260,Halsnæs,23.5,2.68,3.34,6.0,10.3,3.7583333333333333,23.727928612113157,79.2,8916.0,5085.0,14001.0,63.68116563102636,36.31883436897365,16.21
2019,260,Halsnæs,23.25,2.66,3.28,5.6,10.1,3.1750000000000003,24.23047691430743,79.8,8950.0,5095.0,14045.0,63.72374510501958,36.27625489498042,16.08
2020,260,Halsnæs,23.79,2.68,3.34,5.8,10.1,3.9916666666666667,24.89715871041806,80.3,8988.0,5115.0,14103.0,63.731121038077006,36.268878961922994,16.51
2021,260,Halsnæs,23.86,2.69,3.34,5.4,10.3,3.35,25.37212775181849,80.7,,,,,,16.52
2022,260,Halsnæs,23.3,2.64,3.28,5.4,10.2,2.15,26.25012043549475,80.5,,,,,,16.12
2023,260,Halsnæs,23.6,2.68,3.32,5.2,9.8,2.1750000000000003,26.733200910808584,80.5,9187.0,5169.0,14356.0,63.994148787963226,36.005851212036774,16.36
2024,260,Halsnæs,24.41,2.74,3.47,5.5,10.3,2.316666666666667,27.430337567006326,80.6,9232.0,5180.0,14412.0,64.05772966971968,35.94227033028032,16.85
1987,265,Roskilde,20.54,2.42,2.99,,,,,,,,,,,13.96
1988,265,Roskilde,20.68,2.44,3.01,,,,,,,,,,,14.11
1989,265,Roskilde,20.93,2.45,3.05,,,,,,,,,,,14.31
1990,265,Roskilde,21.79,2.51,3.22,,,,,,,,,,,14.82
1991,265,Roskilde,21.8,2.55,3.21,,,,,,,,,,,14.9
1992,265,Roskilde,21.92,2.57,3.23,,,,,,,,,,,14.98
1993,265,Roskilde,22.28,2.6,3.27,,,,,,,,,,,15.21
1994,265,Roskilde,22.62,2.62,3.38,,,,,,,,,,,15.42
1995,265,Roskilde,21.96,2.65,3.14,,,,,,,,,,,15.15
1996,265,Roskilde,22.27,2.71,3.18,,,,,,,,,,,15.4
1997,265,Roskilde,23.0,2.7,3.28,,,,,,,,,,,15.81
1998,265,Roskilde,23.12,2.73,3.3,,,,,,,,,,,15.94
1999,265,Roskilde,23.2,2.73,3.31,,,,,,,,,,,15.95
2000,265,Roskilde,24.08,2.74,3.49,3.8,7.3,,,,,,,,,16.41
2001,265,Roskilde,23.45,2.79,3.37,3.7,7.1,,,,,,,,,16.11
2002,265,Roskilde,23.38,2.75,3.35,3.7,6.8,,,,,,,,,16.08
2003,265,Roskilde,23.33,2.77,3.37,3.9,7.0,,,,,,,,,16.06
2004,265,Roskilde,23.72,2.81,3.45,4.3,7.6,,,77.5,,,,,,16.32
2005,265,Roskilde,24.33,2.84,3.54,4.5,7.8,,,77.6,,,,,,16.69
2006,265,Roskilde,25.1,2.84,3.68,4.4,7.8,,,77.8,,,,,,17.12
2007,265,Roskilde,26.08,2.89,3.88,4.8,8.3,2.3333333333333335,,78.1,,,,,,17.71
2008,265,Roskilde,26.21,2.91,4.13,5.6,8.9,1.5999999999999999,30.54292731358102,78.3,,,,,,17.72
2009,265,Roskilde,25.77,2.9,4.02,6.1,9.6,3.158333333333333,31.06586163347923,78.6,,,,,,17.45
2010,265,Roskilde,26.49,3.07,4.08,6.1,9.9,4.291666666666667,31.508307016339423,78.8,19588.0,16786.0,36374.0,53.851652279100456,46.148347720899544,18.15
2011,265,Roskilde,27.04,3.14,4.2,6.4,10.3,4.341666666666667,31.952632475719884,79.3,19751.0,17695.0,37446.0,52.745286545959516,47.254713454040484,18.53
2012,265,Roskilde,27.07,3.14,4.15,6.0,9.9,4.5249999999999995,32.41587619419321,79.7,19825.0,17840.0,37665.0,52.635072348334,47.36492765166601,18.58
2013,265,Roskilde,27.08,3.21,4.18,6.3,10.1,4.4,33.02846902894239,79.9,19863.0,17913.0,37776.0,52.58100381194409,47.41899618805591,18.69
2014,265,Roskilde,27.89,3.28,4.36,6.7,10.5,4.016666666666667,33.79544157631499,80.4,19916.0,18106.0,38022.0,52.380200936300035,47.619799063699965,19.16
2015,265,Roskilde,28.26,3.35,4.42,6.9,10.8,3.908333333333333,34.6698623524908,80.7,19991.0,18229.0,38220.0,52.305075876504446,47.694924123495554,19.42
2016,265,Roskilde,28.94,3.41,4.71,7.0,11.0,3.7750000000000004,35.94228826053107,81.0,20145.0,18329.0,38474.0,52.36003534854707,47.639964651452935,19.77
2017,265,Roskilde,27.98,3.44,4.36,7.1,11.2,3.5500000000000003,36.45132271606584,81.0,20451.0,18343.0,38794.0,52.71691498685364,47.28308501314636,19.27
2018,265,Roskilde,27.94,3.4,4.37,7.0,10.9,3.1999999999999997,37.093664827494514,81.1,20754.0,18315.0,39069.0,53.12140059894034,46.87859940105966,19.2
2019,265,Roskilde,28.25,3.4,4.37,6.8,10.9,2.9583333333333335,37.90360240160106,81.2,20973.0,18244.0,39217.0,53.47935844149221,46.52064155850779,19.37
2020,265,Roskilde,28.41,3.41,4.41,6.9,11.1,3.683333333333333,38.539403515702155,81.4,21050.0,18447.0,39497.0,53.29518697622604,46.70481302377396,19.5
2021,265,Roskilde,28.77,3.42,4.44,6.6,10.8,3.1333333333333333,39.27869174805008,81.5,,,,,,19.77
2022,265,Roskilde,28.45,3.32,4.42,6.3,10.4,2.216666666666667,40.12275884348247,81.7,,,,,,19.46
2023,265,Roskilde,29.29,3.3,4.47,5.9,9.8,2.2083333333333335,40.86160196053141,81.7,21528.0,19511.0,41039.0,52.457418553083656,47.54258144691635,20.03
2024,265,Roskilde,29.59,3.29,4.54,5.5,9.4,2.225,41.64594491201224,82.0,21758.0,19625.0,41383.0,52.577145204552586,47.42285479544741,20.19
1987,269,Solrød,18.73,2.17,2.67,,,,,,,,,,,12.56
1988,269,Solrød,18.78,2.2,2.71,,,,,,,,,,,12.64
1989,269,Solrød,18.67,2.21,2.64,,,,,,,,,,,12.62
1990,269,Solrød,18.85,2.23,2.69,,,,,,,,,,,12.76
1991,269,Solrød,19.43,2.28,2.77,,,,,,,,,,,13.15
1992,269,Solrød,19.16,2.28,2.77,,,,,,,,,,,13.02
1993,269,Solrød,22.25,2.33,3.12,,,,,,,,,,,14.72
1994,269,Solrød,19.51,2.34,2.75,,,,,,,,,,,13.25
1995,269,Solrød,19.88,2.38,2.8,,,,,,,,,,,13.56
1996,269,Solrød,20.54,2.45,2.88,,,,,,,,,,,14.06
1997,269,Solrød,21.4,2.5,3.0,,,,,,,,,,,14.6
1998,269,Solrød,21.66,2.53,3.04,,,,,,,,,,,14.79
1999,269,Solrød,21.51,2.46,3.01,,,,,,,,,,,14.65
2000,269,Solrød,22.34,2.51,3.11,2.1,3.9,,,,,,,,,15.18
2001,269,Solrød,22.36,2.59,3.15,2.4,4.1,,,,,,,,,15.25
2002,269,Solrød,21.75,2.53,3.07,2.1,3.9,,,,,,,,,14.83
2003,269,Solrød,21.94,2.54,3.09,2.3,3.9,,,,,,,,,14.96
2004,269,Solrød,22.0,2.59,3.12,2.4,4.2,,,78.0,,,,,,14.99
2005,269,Solrød,22.41,2.55,3.13,2.2,3.9,,,78.1,,,,,,15.23
2006,269,Solrød,23.48,2.61,3.31,2.5,4.6,,,78.8,,,,,,15.94
2007,269,Solrød,25.96,2.65,3.71,2.8,5.2,2.575,,79.4,,,,,,17.39
2008,269,Solrød,25.37,2.66,3.86,3.4,5.7,1.9666666666666668,24.206213724820756,79.7,,,,,,16.92
2009,269,Solrød,23.9,2.63,3.65,4.2,6.3,3.525,24.75025484199796,79.7,,,,,,16.17
2010,269,Solrød,24.79,2.74,3.65,3.6,6.0,4.558333333333334,25.0371973488435,80.3,6150.0,2336.0,8486.0,72.47230732971954,27.527692670280462,16.88
2011,269,Solrød,25.1,2.76,3.69,3.5,5.9,4.358333333333333,25.580925439482723,80.2,6167.0,2424.0,8591.0,71.78442556163427,28.21557443836573,17.05
2012,269,Solrød,25.06,2.77,3.66,3.0,5.4,4.425,26.105775733802243,80.0,6179.0,2440.0,8619.0,71.69045132846038,28.30954867153962,17.04
2013,269,Solrød,24.47,2.84,3.57,3.2,6.1,4.125,26.604332032826584,79.9,6192.0,2553.0,8745.0,70.80617495711834,29.19382504288165,16.77
2014,269,Solrød,26.14,2.9,3.85,3.4,6.0,3.5,27.062750333778375,80.3,6176.0,2654.0,8830.0,69.94337485843715,30.056625141562854,17.77
2015,269,Solrød,26.18,2.95,3.84,3.5,6.3,3.1833333333333336,28.174017964874647,80.7,6237.0,2663.0,8900.0,70.07865168539325,29.921348314606742,17.87
2016,269,Solrød,27.49,2.98,4.1,4.3,7.0,2.6999999999999997,29.331459546275852,81.3,6260.0,2657.0,8917.0,70.2029830660536,29.797016933946395,18.61
2017,269,Solrød,26.92,3.02,4.0,4.3,7.0,2.625,30.380000000000003,81.7,6293.0,2751.0,9044.0,69.58204334365325,30.41795665634675,18.29
2018,269,Solrød,26.43,3.0,3.91,4.2,7.0,2.375,31.382628179781204,82.3,6417.0,2764.0,9181.0,69.89434702102167,30.105652978978327,18.03
2019,269,Solrød,28.02,2.94,4.1,4.1,6.7,2.283333333333333,32.02063740856844,82.5,6573.0,2714.0,9287.0,70.77635404328632,29.223645956713685,18.99
2020,269,Solrød,27.51,3.05,4.06,4.2,6.8,3.3000000000000003,32.88276579152586,82.6,6620.0,2781.0,9401.0,70.41804063397511,29.58195936602489,18.72
2021,269,Solrød,27.45,3.05,4.03,3.9,6.6,2.475,34.06586282899002,82.7,,,,,,18.76
2022,269,Solrød,26.42,2.99,3.88,3.8,6.3,1.8,35.05953143003457,82.7,,,,,,18.08
2023,269,Solrød,27.11,3.05,3.95,3.7,6.2,1.8,35.88510771152045,82.9,6783.0,3009.0,9792.0,69.27083333333334,30.729166666666668,18.64
2024,269,Solrød,27.22,2.98,4.0,3.5,6.0,1.8666666666666665,36.96043723992299,83.1,6796.0,3257.0,10053.0,67.60171093206007,32.39828906793992,18.6
1987,270,Gribskov,20.48,2.4,3.01,,,,,,,,,,,13.93
1988,270,Gribskov,21.48,2.38,3.22,,,,,,,,,,,14.47
1989,270,Gribskov,20.62,2.38,3.03,,,,,,,,,,,14.03
1990,270,Gribskov,21.06,2.43,3.08,,,,,,,,,,,14.3
1991,270,Gribskov,20.49,2.42,2.98,,,,,,,,,,,14.01
1992,270,Gribskov,21.22,2.41,3.11,,,,,,,,,,,14.42
1993,270,Gribskov,21.68,2.44,3.2,,,,,,,,,,,14.68
1994,270,Gribskov,20.76,2.41,2.96,,,,,,,,,,,14.21
1995,270,Gribskov,20.7,2.44,2.94,,,,,,,,,,,14.2
1996,270,Gribskov,21.74,2.47,3.15,,,,,,,,,,,14.77
1997,270,Gribskov,21.3,2.49,3.03,,,,,,,,,,,14.61
1998,270,Gribskov,21.78,2.51,3.09,,,,,,,,,,,14.88
1999,270,Gribskov,21.38,2.52,3.02,,,,,,,,,,,14.67
2000,270,Gribskov,22.59,2.51,3.25,3.7,6.4,,,,,,,,,15.28
2001,270,Gribskov,22.66,2.56,3.24,3.7,6.6,,,,,,,,,15.42
2002,270,Gribskov,21.8,2.5,3.09,3.5,6.0,,,,,,,,,14.89
2003,270,Gribskov,21.94,2.51,3.12,3.4,5.9,,,,,,,,,14.95
2004,270,Gribskov,21.94,2.52,3.11,3.4,5.9,,,76.8,,,,,,15.01
2005,270,Gribskov,22.61,2.51,3.2,3.2,5.8,,,76.9,,,,,,15.34
2006,270,Gribskov,23.83,2.58,3.4,3.7,6.2,,,77.3,,,,,,16.14
2007,270,Gribskov,24.96,2.59,3.58,3.9,6.5,2.6416666666666666,,77.8,,,,,,16.75
2008,270,Gribskov,25.05,2.67,3.91,5.0,7.8,1.9083333333333332,23.569857945621443,77.9,,,,,,16.72
2009,270,Gribskov,24.34,2.63,3.71,5.4,8.2,3.5500000000000003,23.69787130265129,78.1,,,,,,16.39
2010,270,Gribskov,24.21,2.65,3.52,4.8,7.4,5.133333333333334,24.13636522407349,78.7,13306.0,3411.0,16717.0,79.5956212239038,20.40437877609619,16.48
2011,270,Gribskov,24.24,2.66,3.51,4.7,7.8,5.2,24.629173989455186,78.9,13347.0,3721.0,17068.0,78.1989688305601,21.801031169439888,16.52
2012,270,Gribskov,25.5,2.66,3.68,4.3,7.4,5.0,24.849339207048455,79.2,13375.0,3736.0,17111.0,78.16609198761032,21.833908012389692,17.22
2013,270,Gribskov,24.92,2.68,3.61,4.4,7.3,5.066666666666666,25.301629859592182,79.5,13329.0,3835.0,17164.0,77.65672337450478,22.34327662549522,16.95
2014,270,Gribskov,25.39,2.74,3.67,4.9,7.9,4.041666666666667,25.81554714826183,80.2,13312.0,3906.0,17218.0,77.31443837844117,22.685561621558833,17.29
2015,270,Gribskov,25.31,2.81,3.68,5.0,8.2,3.6666666666666665,26.420098197326453,80.3,13244.0,4019.0,17263.0,76.71899438104617,23.28100561895383,17.31
2016,270,Gribskov,25.52,2.87,3.74,5.5,8.8,3.4250000000000003,26.869926032834208,80.2,13208.0,4109.0,17317.0,76.27187157128833,23.72812842871167,17.48
2017,270,Gribskov,26.07,2.96,3.87,6.1,9.7,3.483333333333333,27.34662632595779,80.6,13219.0,4221.0,17440.0,75.79701834862385,24.202981651376145,17.82
2018,270,Gribskov,25.7,2.93,3.81,5.9,9.5,2.7916666666666665,28.067479050023785,80.8,13229.0,4379.0,17608.0,75.13062244434347,24.86937755565652,17.61
2019,270,Gribskov,26.16,2.93,3.88,5.8,9.4,2.6416666666666666,28.275097060454797,80.8,13062.0,4348.0,17410.0,75.02584721424469,24.97415278575531,17.89
2020,270,Gribskov,26.63,2.94,3.89,5.5,9.2,3.3833333333333333,29.030576142415555,81.2,12944.0,4451.0,17395.0,74.41218741017533,25.58781258982466,18.26
2021,270,Gribskov,26.66,2.97,3.89,5.4,9.3,2.591666666666667,29.79048044360091,81.6,,,,,,18.32
2022,270,Gribskov,27.38,2.95,4.12,6.0,9.6,1.625,30.52577281603478,81.7,,,,,,18.56
2023,270,Gribskov,27.05,2.95,4.01,5.7,9.5,1.925,31.018450724849906,81.8,12810.0,4763.0,17573.0,72.89591987708415,27.104080122915835,18.45
2024,270,Gribskov,27.68,2.93,4.13,5.6,9.6,1.9583333333333333,31.379767339125316,82.1,13355.0,5135.0,18490.0,72.22823147647377,27.77176852352623,18.83
1987,306,Odsherred,20.84,2.4,3.06,,,,,,,,,,,14.19
1988,306,Odsherred,21.07,2.38,3.13,,,,,,,,,,,14.32
1989,306,Odsherred,20.97,2.37,3.1,,,,,,,,,,,14.22
1990,306,Odsherred,20.11,2.31,2.89,,,,,,,,,,,13.77
1991,306,Odsherred,20.03,2.27,2.87,,,,,,,,,,,13.67
1992,306,Odsherred,20.1,2.29,2.87,,,,,,,,,,,13.71
1993,306,Odsherred,19.83,2.28,2.79,,,,,,,,,,,13.61
1994,306,Odsherred,20.07,2.29,2.81,,,,,,,,,,,13.77
1995,306,Odsherred,19.66,2.27,2.72,,,,,,,,,,,13.56
1996,306,Odsherred,19.79,2.29,2.72,,,,,,,,,,,13.68
1997,306,Odsherred,20.71,2.34,2.86,,,,,,,,,,,14.27
1998,306,Odsherred,20.93,2.38,2.89,,,,,,,,,,,14.43
1999,306,Odsherred,20.72,2.36,2.85,,,,,,,,,,,14.33
2000,306,Odsherred,21.22,2.4,2.93,4.6,9.8,,,,,,,,,14.63
2001,306,Odsherred,21.13,2.42,2.94,4.7,9.9,,,,,,,,,14.58
2002,306,Odsherred,20.45,2.32,2.82,3.8,8.3,,,,,,,,,14.1
2003,306,Odsherred,20.72,2.33,2.86,3.9,8.4,,,,,,,,,14.21
2004,306,Odsherred,21.39,2.37,2.96,4.0,8.7,,,76.5,,,,,,14.7
2005,306,Odsherred,22.33,2.44,3.1,4.5,9.2,,,76.6,,,,,,15.32
2006,306,Odsherred,23.3,2.43,3.24,4.6,9.0,,,76.8,,,,,,15.87
2007,306,Odsherred,23.21,2.42,3.22,4.7,9.2,3.5999999999999996,,76.8,,,,,,15.82
2008,306,Odsherred,24.77,2.49,3.81,5.9,10.8,2.7583333333333333,16.85625646328852,76.6,,,,,,16.5
2009,306,Odsherred,23.12,2.47,3.39,5.7,10.5,5.266666666666667,17.15028150714595,76.9,,,,,,15.72
2010,306,Odsherred,23.42,2.5,3.37,5.5,10.2,7.4750000000000005,17.436187821238782,76.9,10788.0,4196.0,14984.0,71.99679658302189,28.003203416978113,16.02
2011,306,Odsherred,23.07,2.46,3.28,5.4,10.0,7.066666666666666,17.654038850312034,77.1,10870.0,4536.0,15406.0,70.55692587303648,29.44307412696352,15.8
2012,306,Odsherred,22.31,2.41,3.08,4.7,9.0,6.9750000000000005,17.940655447298496,77.6,10818.0,4591.0,15409.0,70.2057239275748,29.79427607242521,15.43
2013,306,Odsherred,22.45,2.45,3.09,5.0,9.1,6.416666666666667,18.088235294117645,77.9,10795.0,4633.0,15428.0,69.97018408089188,30.029815919108117,15.57
2014,306,Odsherred,23.07,2.52,3.21,5.5,10.0,5.941666666666666,18.462842358818808,78.4,10769.0,4768.0,15537.0,69.31196498680569,30.68803501319431,15.98
2015,306,Odsherred,23.52,2.59,3.31,5.8,10.7,5.333333333333333,18.911893878282694,78.9,10726.0,4959.0,15685.0,68.38380618425248,31.61619381574753,16.25
2016,306,Odsherred,23.56,2.66,3.33,6.8,11.9,4.891666666666667,19.355711965349215,79.3,10709.0,5136.0,15845.0,67.58598927106343,32.414010728936574,16.35
2017,306,Odsherred,24.53,2.73,3.54,7.3,12.4,5.416666666666667,19.48460661345496,79.2,10653.0,5270.0,15923.0,66.90322175469447,33.09677824530553,16.86
2018,306,Odsherred,23.8,2.68,3.4,7.1,11.9,4.641666666666667,19.8972806896868,79.8,10688.0,5382.0,16070.0,66.50902302426883,33.49097697573117,16.45
2019,306,Odsherred,23.78,2.66,3.34,6.7,11.8,4.075,20.53757949955898,79.9,10538.0,5517.0,16055.0,65.63687324820928,34.363126751790716,16.46
2020,306,Odsherred,24.26,2.71,3.41,7.0,12.3,4.641666666666667,20.742409310619927,79.9,10461.0,5532.0,15993.0,65.40986681673232,34.59013318326768,16.86
2021,306,Odsherred,24.6,2.72,3.43,6.6,12.5,3.6333333333333333,21.509736432646516,80.1,,,,,,17.13
2022,306,Odsherred,24.4,2.66,3.44,6.2,11.9,2.3833333333333333,22.066350710900473,80.4,,,,,,16.85
2023,306,Odsherred,24.94,2.67,3.49,6.5,12.2,2.275,22.37775739730656,80.1,10483.0,5812.0,16295.0,64.33261736729058,35.66738263270942,17.26
2024,306,Odsherred,25.18,2.67,3.52,6.4,13.2,2.408333333333333,22.6615708755941,80.3,10486.0,5783.0,16269.0,64.45386932202348,35.54613067797652,17.41
1987,316,Holbæk,20.51,2.36,3.0,,,,,,,,,,,13.99
1988,316,Holbæk,20.43,2.35,2.96,,,,,,,,,,,13.97
1989,316,Holbæk,20.16,2.33,2.89,,,,,,,,,,,13.81
1990,316,Holbæk,20.45,2.33,2.93,,,,,,,,,,,13.98
1991,316,Holbæk,20.4,2.36,2.91,,,,,,,,,,,14.01
1992,316,Holbæk,20.9,2.39,2.99,,,,,,,,,,,14.32
1993,316,Holbæk,20.99,2.43,3.01,,,,,,,,,,,14.43
1994,316,Holbæk,20.8,2.41,2.91,,,,,,,,,,,14.38
1995,316,Holbæk,20.88,2.42,2.93,,,,,,,,,,,14.41
1996,316,Holbæk,21.16,2.47,2.96,,,,,,,,,,,14.63
1997,316,Holbæk,21.68,2.5,3.04,,,,,,,,,,,14.98
1998,316,Holbæk,22.1,2.55,3.11,,,,,,,,,,,15.26
1999,316,Holbæk,22.0,2.53,3.08,,,,,,,,,,,15.16
2000,316,Holbæk,22.22,2.54,3.12,4.5,8.8,,,,,,,,,15.33
2001,316,Holbæk,22.19,2.56,3.14,4.4,8.8,,,,,,,,,15.32
2002,316,Holbæk,21.95,2.52,3.08,4.2,8.2,,,,,,,,,15.15
2003,316,Holbæk,22.16,2.52,3.12,4.2,8.2,,,,,,,,,15.26
2004,316,Holbæk,22.86,2.61,3.27,4.8,9.2,,,76.6,,,,,,15.74
2005,316,Holbæk,23.52,2.66,3.34,5.1,9.6,,,76.7,,,,,,16.16
2006,316,Holbæk,23.8,2.6,3.38,5.0,9.2,,,77.0,,,,,,16.27
2007,316,Holbæk,24.39,2.6,3.53,5.0,9.1,3.275,,77.4,,,,,,16.54
2008,316,Holbæk,25.39,2.67,4.01,5.9,10.2,2.4250000000000003,22.177015395309848,77.7,,,,,,17.02
2009,316,Holbæk,24.21,2.71,3.67,6.0,10.3,4.391666666666667,22.578078782562574,78.0,,,,,,16.5
2010,316,Holbæk,24.81,2.77,3.7,5.9,10.3,5.666666666666667,22.804982293320307,78.4,17464.0,12048.0,29512.0,59.17592843589049,40.824071564109516,16.99
2011,316,Holbæk,24.7,2.74,3.66,6.0,10.6,5.366666666666667,23.150869458731325,78.6,17507.0,12696.0,30203.0,57.9644406184816,42.0355593815184,16.91
2012,316,Holbæk,24.19,2.72,3.48,5.3,10.0,5.2,23.446200458565343,78.8,17425.0,12880.0,30305.0,57.49876258043227,42.50123741956773,16.64
2013,316,Holbæk,24.33,2.74,3.48,5.4,9.9,4.783333333333333,23.831515576356104,79.1,17458.0,13056.0,30514.0,57.213082519499245,42.786917480500755,16.8
2014,316,Holbæk,24.49,2.79,3.52,5.7,10.2,4.241666666666666,24.237710018668327,79.5,17380.0,13185.0,30565.0,56.862424341567156,43.137575658432844,16.94
2015,316,Holbæk,25.06,2.83,3.59,5.7,10.4,3.9583333333333335,24.83695093097418,79.9,17343.0,13462.0,30805.0,56.29930206135367,43.70069793864632,17.31
2016,316,Holbæk,25.36,2.9,3.73,6.3,11.2,3.5583333333333336,25.228131060528735,80.1,17305.0,13805.0,31110.0,55.62520090003215,44.37479909996785,17.49
2017,316,Holbæk,25.65,2.96,3.76,6.9,11.8,3.716666666666667,25.52285050348567,80.5,17377.0,14108.0,31485.0,55.19136096553915,44.80863903446085,17.68
2018,316,Holbæk,25.72,2.93,3.82,6.8,11.6,3.391666666666666,26.13522520496412,80.5,17385.0,14323.0,31708.0,54.82843446448846,45.17156553551154,17.69
2019,316,Holbæk,25.64,2.92,3.76,6.7,11.6,3.0,26.68492254873912,80.3,17491.0,14382.0,31873.0,54.87716876353026,45.12283123646974,17.68
2020,316,Holbæk,25.96,2.98,3.78,6.6,11.9,3.608333333333333,27.32269467317791,80.4,17640.0,14568.0,32208.0,54.76900149031296,45.23099850968703,17.96
2021,316,Holbæk,26.49,2.98,3.85,6.5,11.9,2.733333333333333,28.147654530401244,80.5,,,,,,18.27
2022,316,Holbæk,25.52,2.88,3.71,6.1,10.8,1.9583333333333333,29.07516425227542,80.5,,,,,,17.56
2023,316,Holbæk,25.79,2.87,3.7,5.8,10.7,2.125,29.590797435743816,80.8,18219.0,15203.0,33422.0,54.51199808509365,45.48800191490635,17.74
2024,316,Holbæk,25.44,2.87,3.65,5.7,10.6,2.091666666666667,30.147175815433574,80.9,18310.0,15471.0,33781.0,54.202066250259016,45.79793374974098,17.54
1987,320,Faxe,21.64,2.46,3.27,,,,,,,,,,,14.64
1988,320,Faxe,20.27,2.37,2.98,,,,,,,,,,,13.83
1989,320,Faxe,19.87,2.33,2.88,,,,,,,,,,,13.58
1990,320,Faxe,20.91,2.34,3.01,,,,,,,,,,,14.12
1991,320,Faxe,20.02,2.37,2.88,,,,,,,,,,,13.7
1992,320,Faxe,20.32,2.36,2.92,,,,,,,,,,,13.91
1993,320,Faxe,20.66,2.4,2.98,,,,,,,,,,,14.1
1994,320,Faxe,20.15,2.39,2.87,,,,,,,,,,,13.87
1995,320,Faxe,20.48,2.37,2.91,,,,,,,,,,,14.03
1996,320,Faxe,19.85,2.38,2.78,,,,,,,,,,,13.75
1997,320,Faxe,20.95,2.41,2.93,,,,,,,,,,,14.38
1998,320,Faxe,21.74,2.42,3.04,,,,,,,,,,,14.84
1999,320,Faxe,20.86,2.4,2.93,,,,,,,,,,,14.34
2000,320,Faxe,21.38,2.47,3.02,4.3,8.3,,,,,,,,,14.66
2001,320,Faxe,21.24,2.46,2.96,3.9,8.0,,,,,,,,,14.66
2002,320,Faxe,20.6,2.37,2.87,3.7,7.1,,,,,,,,,14.18
2003,320,Faxe,20.86,2.39,2.93,4.0,7.5,,,,,,,,,14.29
2004,320,Faxe,21.26,2.46,2.99,4.2,8.2,,,76.8,,,,,,14.63
2005,320,Faxe,21.45,2.43,3.0,4.2,8.3,,,76.9,,,,,,14.71
2006,320,Faxe,22.46,2.44,3.2,4.1,7.9,,,77.2,,,,,,15.22
2007,320,Faxe,23.03,2.43,3.25,4.3,8.1,3.1,,77.3,,,,,,15.54
2008,320,Faxe,22.8,2.51,3.36,5.3,9.3,2.4250000000000003,18.932798395185557,77.5,,,,,,15.4
2009,320,Faxe,22.28,2.51,3.27,5.2,9.2,4.941666666666666,19.089886737890595,77.8,,,,,,15.24
2010,320,Faxe,23.26,2.55,3.4,5.0,9.2,6.391666666666667,19.270854291577805,78.1,10024.0,4740.0,14764.0,67.89487943646708,32.10512056353292,15.84
2011,320,Faxe,22.3,2.53,3.18,5.0,9.2,6.325,19.521623580575017,78.2,10050.0,5049.0,15099.0,66.56069938406517,33.43930061593483,15.33
2012,320,Faxe,23.07,2.54,3.28,4.6,9.0,6.616666666666667,19.490430428813696,78.8,10030.0,5099.0,15129.0,66.29651662370281,33.70348337629718,15.75
2013,320,Faxe,23.02,2.58,3.25,5.0,9.4,6.041666666666667,19.66595046012892,79.0,9995.0,5339.0,15334.0,65.18194861092996,34.81805138907004,15.88
2014,320,Faxe,23.05,2.64,3.28,5.4,9.9,5.066666666666666,19.961776187378007,79.4,9942.0,5586.0,15528.0,64.02627511591963,35.97372488408037,15.92
2015,320,Faxe,23.68,2.69,3.43,5.8,10.5,4.5,20.268094356332018,79.6,9903.0,5684.0,15587.0,63.53371399242958,36.46628600757041,16.28
2016,320,Faxe,23.78,2.76,3.44,6.5,11.2,4.25,20.78714859437751,79.7,9896.0,5887.0,15783.0,62.70037381993284,37.299626180067165,16.41
2017,320,Faxe,24.31,2.83,3.56,7.2,11.9,4.333333333333333,21.2866717502107,79.8,9906.0,6036.0,15942.0,62.137749341362436,37.86225065863756,16.72
2018,320,Faxe,24.28,2.8,3.55,6.9,11.6,3.9333333333333336,21.797537182152567,80.0,9963.0,6199.0,16162.0,61.644598440787036,38.35540155921297,16.7
2019,320,Faxe,24.24,2.77,3.51,6.6,11.0,3.483333333333333,22.40959040959041,80.3,10020.0,6303.0,16323.0,61.385774673773206,38.614225326226794,16.68
2020,320,Faxe,24.69,2.77,3.53,6.4,11.1,4.225,22.891084356625736,80.5,10053.0,6352.0,16405.0,61.28009753124047,38.71990246875953,17.04
2021,320,Faxe,24.55,2.76,3.5,6.1,11.1,3.3166666666666664,23.562672993277975,80.8,,,,,,16.99
2022,320,Faxe,24.36,2.72,3.5,6.0,10.6,2.4499999999999997,23.997007756210877,81.0,,,,,,16.76
2023,320,Faxe,24.6,2.73,3.56,6.1,10.8,2.5916666666666663,24.139674145506863,81.2,10177.0,6701.0,16878.0,60.297428605284985,39.702571394715015,16.86
2024,320,Faxe,24.09,2.73,3.45,6.2,11.2,2.558333333333333,24.488369383713255,81.0,10212.0,6879.0,17091.0,59.75074600667018,40.24925399332982,16.65
1987,326,Kalundborg,20.4,2.31,2.97,,,,,,,,,,,13.89
1988,326,Kalundborg,20.12,2.32,2.91,,,,,,,,,,,13.79
1989,326,Kalundborg,19.96,2.29,2.85,,,,,,,,,,,13.66
1990,326,Kalundborg,20.09,2.29,2.86,,,,,,,,,,,13.77
1991,326,Kalundborg,19.92,2.27,2.8,,,,,,,,,,,13.66
1992,326,Kalundborg,20.02,2.29,2.83,,,,,,,,,,,13.76
1993,326,Kalundborg,20.09,2.33,2.84,,,,,,,,,,,13.84
1994,326,Kalundborg,19.81,2.3,2.76,,,,,,,,,,,13.7
1995,326,Kalundborg,19.82,2.33,2.74,,,,,,,,,,,13.76
1996,326,Kalundborg,20.32,2.38,2.81,,,,,,,,,,,14.1
1997,326,Kalundborg,20.94,2.39,2.88,,,,,,,,,,,14.45
1998,326,Kalundborg,21.84,2.44,3.03,,,,,,,,,,,15.01
1999,326,Kalundborg,21.48,2.44,3.0,,,,,,,,,,,14.83
2000,326,Kalundborg,21.36,2.46,2.94,3.6,8.8,,,,,,,,,14.82
2001,326,Kalundborg,21.99,2.5,3.08,4.2,9.1,,,,,,,,,15.16
2002,326,Kalundborg,21.25,2.42,2.97,4.1,8.4,,,,,,,,,14.71
2003,326,Kalundborg,21.56,2.46,3.02,4.7,8.9,,,,,,,,,14.89
2004,326,Kalundborg,21.62,2.5,3.03,4.4,9.1,,,76.1,,,,,,15.01
2005,326,Kalundborg,22.31,2.52,3.14,4.9,9.4,,,76.4,,,,,,15.4
2006,326,Kalundborg,22.77,2.49,3.14,4.3,8.8,,,76.5,,,,,,15.66
2007,326,Kalundborg,23.93,2.48,3.42,4.5,9.0,3.7583333333333333,,76.7,,,,,,16.2
2008,326,Kalundborg,26.91,2.54,4.85,5.6,10.3,2.2416666666666667,17.60508674511609,77.0,,,,,,17.71
2009,326,Kalundborg,23.76,2.56,3.58,5.6,10.0,4.45,17.752405239364784,77.1,,,,,,16.19
2010,326,Kalundborg,24.08,2.6,3.54,5.4,9.8,6.491666666666667,17.92721979621543,77.3,14116.0,7697.0,21813.0,64.7137028377573,35.2862971622427,16.51
2011,326,Kalundborg,24.5,2.59,3.65,5.4,10.0,6.3999999999999995,18.17408645668368,77.6,14117.0,8409.0,22526.0,62.66980378229602,37.330196217703985,16.71
2012,326,Kalundborg,24.12,2.56,3.5,4.8,9.3,6.7749999999999995,18.3927091963546,77.6,14038.0,8509.0,22547.0,62.261054685767505,37.73894531423249,16.5
2013,326,Kalundborg,23.45,2.65,3.3,5.2,9.9,6.3500000000000005,18.65056944898748,78.0,14031.0,8520.0,22551.0,62.21897033390981,37.78102966609019,16.29
2014,326,Kalundborg,24.29,2.74,3.5,5.8,10.8,5.091666666666667,18.889681407513077,78.6,13919.0,8720.0,22639.0,61.482397632404265,38.51760236759574,16.86
2015,326,Kalundborg,25.1,2.78,3.58,5.8,11.1,4.541666666666667,19.06633321424318,79.0,13843.0,8950.0,22793.0,60.73355854867722,39.26644145132278,17.34
2016,326,Kalundborg,25.17,2.88,3.67,6.5,11.7,4.016666666666667,19.6296518968316,79.4,13758.0,9149.0,22907.0,60.06024359366132,39.939756406338674,17.45
2017,326,Kalundborg,24.71,2.92,3.57,7.2,12.5,4.516666666666667,20.10410085146072,79.9,13740.0,9240.0,22980.0,59.7911227154047,40.2088772845953,17.22
2018,326,Kalundborg,24.85,2.86,3.6,7.0,12.2,4.033333333333333,20.422663508835853,80.2,13712.0,9355.0,23067.0,59.444227684571025,40.55577231542897,17.3
2019,326,Kalundborg,25.22,2.88,3.64,6.9,12.0,3.533333333333333,20.806664012495023,80.3,13647.0,9387.0,23034.0,59.2471997916124,40.752800208387605,17.5
2020,326,Kalundborg,24.91,2.92,3.55,6.8,12.6,4.2250000000000005,21.05880175232924,80.6,13611.0,9475.0,23086.0,58.95780992809495,41.04219007190505,17.5
2021,326,Kalundborg,25.7,2.9,3.67,6.7,12.5,3.35,21.550181975202022,80.4,,,,,,17.93
2022,326,Kalundborg,26.98,2.87,3.95,6.2,11.8,2.5,22.304980842911878,80.6,,,,,,18.51
2023,326,Kalundborg,27.73,2.87,4.04,5.9,11.4,2.3583333333333334,23.326771653543307,80.5,13656.0,9805.0,23461.0,58.20723754315673,41.79276245684328,19.01
2024,326,Kalundborg,26.9,2.82,3.81,5.8,11.4,2.1666666666666665,24.418747693443226,80.5,13606.0,9941.0,23547.0,57.78230772497558,42.21769227502442,18.58
1987,329,Ringsted,20.97,2.38,3.07,,,,,,,,,,,14.27
1988,329,Ringsted,20.61,2.35,3.02,,,,,,,,,,,14.09
1989,329,Ringsted,20.22,2.32,2.9,,,,,,,,,,,13.81
1990,329,Ringsted,20.74,2.36,2.96,,,,,,,,,,,14.11
1991,329,Ringsted,20.83,2.4,2.98,,,,,,,,,,,14.22
1992,329,Ringsted,20.66,2.4,2.96,,,,,,,,,,,14.18
1993,329,Ringsted,21.65,2.42,3.16,,,,,,,,,,,14.73
1994,329,Ringsted,20.74,2.37,2.9,,,,,,,,,,,14.26
1995,329,Ringsted,21.45,2.41,3.0,,,,,,,,,,,14.64
1996,329,Ringsted,21.23,2.44,2.98,,,,,,,,,,,14.57
1997,329,Ringsted,21.49,2.48,2.99,,,,,,,,,,,14.76
1998,329,Ringsted,21.79,2.47,3.03,,,,,,,,,,,15.01
1999,329,Ringsted,22.36,2.48,3.1,,,,,,,,,,,15.3
2000,329,Ringsted,22.11,2.52,3.07,3.8,8.5,,,,,,,,,15.23
2001,329,Ringsted,22.43,2.53,3.14,4.1,8.6,,,,,,,,,15.39
2002,329,Ringsted,21.55,2.48,3.02,3.9,7.9,,,,,,,,,14.84
2003,329,Ringsted,21.33,2.48,2.97,3.6,7.8,,,,,,,,,14.73
2004,329,Ringsted,21.83,2.52,3.04,3.8,8.4,,,76.6,,,,,,15.06
2005,329,Ringsted,22.11,2.52,3.07,3.7,8.0,,,77.0,,,,,,15.26
2006,329,Ringsted,22.55,2.51,3.12,3.7,8.0,,,77.2,,,,,,15.47
2007,329,Ringsted,23.33,2.52,3.26,3.8,8.0,3.108333333333333,,78.1,,,,,,15.86
2008,329,Ringsted,23.56,2.56,3.43,4.9,9.1,2.2916666666666665,20.28934523547777,78.2,,,,,,15.96
2009,329,Ringsted,23.3,2.63,3.46,5.2,9.8,4.391666666666667,20.632707307507953,78.3,,,,,,15.94
2010,329,Ringsted,23.83,2.71,3.45,5.2,9.9,5.8,20.908500973393902,78.4,8014.0,5865.0,13879.0,57.741912241515955,42.258087758484045,16.45
2011,329,Ringsted,23.66,2.7,3.39,5.3,10.1,5.908333333333334,21.37538514207463,78.7,8095.0,6340.0,14435.0,56.07897471423623,43.92102528576377,16.35
2012,329,Ringsted,23.87,2.7,3.37,5.0,9.9,6.158333333333334,21.7417238294065,78.7,8137.0,6468.0,14605.0,55.71379664498459,44.28620335501541,16.49
2013,329,Ringsted,24.24,2.75,3.44,5.1,10.2,5.925,22.324120069630197,79.0,8149.0,6579.0,14728.0,55.32998370450842,44.670016295491585,16.79
2014,329,Ringsted,24.39,2.77,3.52,5.7,10.4,4.741666666666666,23.069440920240208,79.5,8083.0,6665.0,14748.0,54.80743151613778,45.19256848386222,16.88
2015,329,Ringsted,24.12,2.81,3.45,5.7,10.8,4.166666666666667,23.927859042553195,79.9,8064.0,6798.0,14862.0,54.259184497375855,45.740815502624145,16.73
2016,329,Ringsted,24.82,2.87,3.62,6.3,11.7,4.058333333333334,24.631543986382695,79.9,8081.0,6938.0,15019.0,53.80518010520008,46.19481989479992,17.16
2017,329,Ringsted,25.47,2.97,3.71,6.9,12.2,3.9333333333333336,24.920233704885426,80.1,8059.0,6992.0,15051.0,53.54461497574911,46.45538502425088,17.6
2018,329,Ringsted,24.85,2.93,3.62,6.7,11.7,3.5666666666666664,25.54801562821304,80.3,8148.0,7028.0,15176.0,53.69003690036901,46.309963099631,17.25
2019,329,Ringsted,25.09,2.93,3.64,6.9,11.9,3.2416666666666667,26.364720885268834,80.4,8177.0,7084.0,15261.0,53.58102352401547,46.418976475984536,17.39
2020,329,Ringsted,25.85,2.98,3.76,7.0,12.2,3.9416666666666664,27.079478639858557,80.5,8225.0,7067.0,15292.0,53.786293486790484,46.21370651320952,17.84
2021,329,Ringsted,25.66,2.95,3.72,6.1,11.7,3.0583333333333336,27.96202737940026,80.8,,,,,,17.74
2022,329,Ringsted,25.16,2.85,3.65,6.0,11.1,2.3833333333333333,28.715043682929746,80.8,,,,,,17.34
2023,329,Ringsted,25.3,2.86,3.67,6.1,10.9,2.5416666666666665,29.186434032542643,81.2,8393.0,7529.0,15922.0,52.71322698153499,47.28677301846502,17.41
2024,329,Ringsted,25.07,2.84,3.61,5.9,10.8,2.983333333333334,29.91724516609797,81.3,8423.0,7739.0,16162.0,52.11607474322485,47.88392525677515,17.27
1987,330,Slagelse,20.84,2.35,3.04,,,,,,,,,,,14.21
1988,330,Slagelse,20.67,2.34,3.0,,,,,,,,,,,14.14
1989,330,Slagelse,20.7,2.32,3.0,,,,,,,,,,,14.09
1990,330,Slagelse,22.07,2.35,3.22,,,,,,,,,,,14.8
1991,330,Slagelse,20.68,2.37,2.96,,,,,,,,,,,14.16
1992,330,Slagelse,20.55,2.36,2.94,,,,,,,,,,,14.1
1993,330,Slagelse,21.08,2.42,3.01,,,,,,,,,,,14.46
1994,330,Slagelse,20.51,2.38,2.89,,,,,,,,,,,14.16
1995,330,Slagelse,20.12,2.37,2.79,,,,,,,,,,,13.98
1996,330,Slagelse,20.65,2.42,2.87,,,,,,,,,,,14.34
1997,330,Slagelse,21.24,2.45,2.95,,,,,,,,,,,14.7
1998,330,Slagelse,21.43,2.46,2.97,,,,,,,,,,,14.84
1999,330,Slagelse,21.33,2.44,2.97,,,,,,,,,,,14.75
2000,330,Slagelse,21.59,2.47,3.0,4.5,10.3,,,,,,,,,14.93
2001,330,Slagelse,21.61,2.5,3.02,4.8,10.6,,,,,,,,,14.96
2002,330,Slagelse,21.63,2.46,3.0,4.5,9.9,,,,,,,,,14.91
2003,330,Slagelse,21.44,2.47,2.98,4.6,10.1,,,,,,,,,14.84
2004,330,Slagelse,22.18,2.56,3.09,5.4,11.2,,,75.7,,,,,,15.41
2005,330,Slagelse,22.97,2.61,3.23,5.7,11.4,,,75.8,,,,,,15.85
2006,330,Slagelse,23.06,2.57,3.23,5.6,11.0,,,76.1,,,,,,15.89
2007,330,Slagelse,24.73,2.52,3.47,5.6,10.6,4.55,,76.5,,,,,,16.73
2008,330,Slagelse,24.08,2.57,3.6,6.3,11.4,3.4333333333333336,19.337097334137297,76.8,,,,,,16.3
2009,330,Slagelse,23.05,2.62,3.37,6.3,11.2,5.55,19.606374036036694,77.1,,,,,,15.87
2010,330,Slagelse,23.92,2.71,3.52,6.6,12.1,7.691666666666666,19.901885691359375,77.5,18496.0,16536.0,35032.0,52.797442338433434,47.202557661566566,16.49
2011,330,Slagelse,24.01,2.74,3.52,6.9,12.3,8.058333333333334,20.13969944557922,77.6,18622.0,17310.0,35932.0,51.825670711343655,48.17432928865635,16.6
2012,330,Slagelse,23.66,2.75,3.39,6.5,12.1,8.308333333333334,20.467334112832507,77.9,18561.0,17472.0,36033.0,51.511114811422864,48.488885188577136,16.46
2013,330,Slagelse,24.58,2.79,3.51,6.9,12.5,7.3,20.89524824127987,78.2,18497.0,17784.0,36281.0,50.98260797662688,49.01739202337311,17.03
2014,330,Slagelse,24.26,2.86,3.52,7.5,13.2,6.316666666666666,21.398328485696403,78.5,18458.0,17902.0,36360.0,50.76457645764576,49.23542354235423,16.91
2015,330,Slagelse,24.62,2.9,3.57,7.7,13.7,5.925,21.96887772869737,78.6,18309.0,18330.0,36639.0,49.97134201260952,50.02865798739049,17.17
2016,330,Slagelse,25.1,2.97,3.69,8.3,14.4,4.708333333333333,22.546801445097252,79.1,18284.0,18716.0,37000.0,49.41621621621622,50.58378378378379,17.49
2017,330,Slagelse,25.41,3.04,3.74,8.7,14.9,4.591666666666667,23.118790181180596,79.2,18202.0,19246.0,37448.0,48.60606707968383,51.393932920316175,17.69
2018,330,Slagelse,25.44,3.02,3.75,8.8,14.8,4.333333333333333,23.66815108032327,79.5,18187.0,19519.0,37706.0,48.233702858961436,51.766297141038564,17.67
2019,330,Slagelse,25.25,3.01,3.69,8.8,14.8,4.091666666666667,24.106551952349438,79.7,18178.0,19658.0,37836.0,48.044190717834866,51.955809282165134,17.59
2020,330,Slagelse,25.22,3.05,3.69,9.0,15.4,5.041666666666667,24.684266725579,79.9,18160.0,19870.0,38030.0,47.75177491454115,52.24822508545884,17.68
2021,330,Slagelse,26.0,3.0,3.76,8.4,15.0,4.041666666666667,25.465463266389616,79.9,,,,,,18.09
2022,330,Slagelse,25.54,2.92,3.7,7.8,13.9,2.8666666666666667,26.111994734821476,80.0,,,,,,17.69
2023,330,Slagelse,24.9,2.9,3.57,7.6,14.0,3.0500000000000003,26.62911278965561,80.0,18242.0,20487.0,38729.0,47.10165509050066,52.89834490949934,17.33
2024,330,Slagelse,25.39,2.88,3.64,7.8,14.3,3.1333333333333333,27.18684712507948,80.3,18262.0,20521.0,38783.0,47.08764149240647,52.91235850759354,17.59
1987,336,Stevns,21.35,2.45,3.18,,,,,,,,,,,14.51
1988,336,Stevns,21.96,2.42,3.33,,,,,,,,,,,14.85
1989,336,Stevns,20.42,2.37,2.99,,,,,,,,,,,13.96
1990,336,Stevns,20.19,2.36,2.91,,,,,,,,,,,13.86
1991,336,Stevns,20.28,2.34,2.88,,,,,,,,,,,13.91
1992,336,Stevns,20.49,2.35,2.93,,,,,,,,,,,14.04
1993,336,Stevns,20.39,2.37,2.88,,,,,,,,,,,14.0
1994,336,Stevns,19.88,2.31,2.77,,,,,,,,,,,13.71
1995,336,Stevns,19.87,2.31,2.76,,,,,,,,,,,13.73
1996,336,Stevns,20.42,2.38,2.84,,,,,,,,,,,14.07
1997,336,Stevns,20.79,2.41,2.88,,,,,,,,,,,14.32
1998,336,Stevns,21.05,2.44,2.94,,,,,,,,,,,14.51
1999,336,Stevns,20.79,2.43,2.88,,,,,,,,,,,14.4
2000,336,Stevns,21.72,2.46,3.02,3.1,6.5,,,,,,,,,14.89
2001,336,Stevns,21.63,2.5,3.0,3.0,6.4,,,,,,,,,14.86
2002,336,Stevns,21.22,2.43,2.97,3.0,5.9,,,,,,,,,14.52
2003,336,Stevns,21.17,2.41,2.95,3.1,6.0,,,,,,,,,14.47
2004,336,Stevns,21.16,2.48,2.95,3.3,6.6,,,77.4,,,,,,14.58
2005,336,Stevns,21.54,2.48,2.99,3.3,6.6,,,77.7,,,,,,14.81
2006,336,Stevns,22.21,2.49,3.1,3.5,6.8,,,77.7,,,,,,15.23
2007,336,Stevns,23.47,2.5,3.35,3.8,7.0,3.3499999999999996,,77.6,,,,,,15.85
2008,336,Stevns,24.65,2.52,3.6,4.7,7.9,2.316666666666667,19.440296084669825,78.0,,,,,,16.47
2009,336,Stevns,23.37,2.56,3.48,5.2,8.9,4.6499999999999995,19.68289037624277,78.1,,,,,,15.84
2010,336,Stevns,22.92,2.54,3.28,4.3,7.6,6.1000000000000005,19.924420119885326,78.3,6850.0,2178.0,9028.0,75.8750553832521,24.124944616747896,15.68
2011,336,Stevns,23.44,2.53,3.34,4.4,7.7,6.041666666666667,20.251925336118003,78.8,6924.0,2330.0,9254.0,74.82169872487573,25.17830127512427,16.0
2012,336,Stevns,23.55,2.54,3.38,4.1,7.4,6.108333333333333,20.343105034836334,79.1,6885.0,2412.0,9297.0,74.05614714424009,25.943852855759925,16.05
2013,336,Stevns,23.75,2.57,3.37,4.0,7.7,5.966666666666666,20.591133004926107,79.5,6917.0,2505.0,9422.0,73.41328804924643,26.586711950753557,16.21
2014,336,Stevns,23.61,2.66,3.33,4.8,8.6,4.925,21.039506496915607,80.0,6945.0,2659.0,9604.0,72.31361932528114,27.68638067471887,16.24
2015,336,Stevns,24.14,2.66,3.45,4.8,8.6,4.2,21.76981896608065,80.2,6933.0,2755.0,9688.0,71.56275805119736,28.437241948802644,16.55
2016,336,Stevns,24.18,2.71,3.47,5.4,9.2,3.4499999999999997,22.2876201687267,80.4,6932.0,2875.0,9807.0,70.68420515957989,29.315794840420107,16.65
2017,336,Stevns,24.93,2.79,3.61,6.0,9.9,3.8666666666666667,22.998440343124514,80.6,6912.0,3043.0,9955.0,69.43244600703164,30.567553992968357,17.08
2018,336,Stevns,25.12,2.82,3.65,5.9,9.8,3.766666666666667,23.791530944625407,80.7,6965.0,3091.0,10056.0,69.26213206046141,30.73786793953858,17.2
2019,336,Stevns,24.87,2.76,3.55,5.3,9.3,3.4250000000000003,24.334251606978878,81.0,6986.0,3073.0,10059.0,69.45024356297843,30.549756437021575,17.02
2020,336,Stevns,24.8,2.76,3.59,5.4,9.3,3.9333333333333336,24.607707964020747,81.0,7005.0,3091.0,10096.0,69.3839144215531,30.61608557844691,17.05
2021,336,Stevns,24.59,2.8,3.48,5.1,9.8,3.225,25.39097841540649,80.8,,,,,,16.99
2022,336,Stevns,24.78,2.72,3.52,4.9,9.1,2.4583333333333335,26.295353278166772,81.0,,,,,,16.99
2023,336,Stevns,25.04,2.74,3.57,4.9,9.3,2.6666666666666665,26.68428856940236,81.0,7056.0,3367.0,10423.0,67.696440564137,32.303559435862994,17.2
2024,336,Stevns,24.77,2.79,3.52,5.0,9.5,2.7083333333333335,27.306797622124577,81.0,7211.0,3303.0,10514.0,68.58474415065626,31.415255849343733,17.1
1987,340,Sorø,22.24,2.57,3.46,,,,,,,,,,,15.08
1988,340,Sorø,21.48,2.41,3.28,,,,,,,,,,,14.56
1989,340,Sorø,22.2,2.4,3.25,,,,,,,,,,,14.82
1990,340,Sorø,20.46,2.37,2.99,,,,,,,,,,,13.98
1991,340,Sorø,20.27,2.35,2.94,,,,,,,,,,,13.82
1992,340,Sorø,20.49,2.39,2.97,,,,,,,,,,,13.98
1993,340,Sorø,21.05,2.4,3.05,,,,,,,,,,,14.34
1994,340,Sorø,20.34,2.35,2.89,,,,,,,,,,,13.95
1995,340,Sorø,20.22,2.35,2.83,,,,,,,,,,,13.9
1996,340,Sorø,20.67,2.37,2.86,,,,,,,,,,,14.2
1997,340,Sorø,21.0,2.39,2.93,,,,,,,,,,,14.39
1998,340,Sorø,21.64,2.43,3.05,,,,,,,,,,,14.79
1999,340,Sorø,21.56,2.42,3.01,,,,,,,,,,,14.75
2000,340,Sorø,21.51,2.44,2.99,3.6,8.0,,,,,,,,,14.71
2001,340,Sorø,21.94,2.44,3.08,3.9,7.6,,,,,,,,,14.98
2002,340,Sorø,21.63,2.41,3.04,3.7,7.3,,,,,,,,,14.81
2003,340,Sorø,21.61,2.41,3.05,3.8,7.5,,,,,,,,,14.74
2004,340,Sorø,21.95,2.49,3.08,3.9,7.8,,,76.0,,,,,,15.04
2005,340,Sorø,22.44,2.5,3.14,4.2,8.1,,,76.2,,,,,,15.35
2006,340,Sorø,23.22,2.5,3.24,4.2,7.9,,,76.5,,,,,,15.8
2007,340,Sorø,23.16,2.52,3.29,4.6,8.6,2.9916666666666667,,76.6,,,,,,15.74
2008,340,Sorø,27.67,2.52,5.28,5.5,9.3,2.3833333333333333,22.222767900992043,77.0,,,,,,18.0
2009,340,Sorø,23.62,2.54,3.51,5.2,8.9,4.058333333333334,22.513395031660984,77.3,,,,,,16.04
2010,340,Sorø,25.18,2.58,3.95,5.2,8.9,5.658333333333334,22.758251387401423,77.4,8105.0,4527.0,12632.0,64.1624445851805,35.837555414819505,16.93
2011,340,Sorø,23.31,2.59,3.33,5.0,9.0,5.866666666666667,23.04464503537448,77.8,8120.0,4781.0,12901.0,62.94085729788389,37.05914270211611,16.06
2012,340,Sorø,24.29,2.58,3.51,4.3,8.2,5.891666666666667,23.2181319757196,78.3,8098.0,4846.0,12944.0,62.56180469715699,37.43819530284301,16.62
2013,340,Sorø,23.8,2.65,3.34,4.6,8.8,5.708333333333333,23.939929328621908,78.6,8050.0,4952.0,13002.0,61.91355176126749,38.0864482387325,16.47
2014,340,Sorø,24.07,2.68,3.42,4.8,9.0,4.691666666666666,24.521790573851312,78.8,8017.0,5057.0,13074.0,61.320177451430325,38.67982254856968,16.64
2015,340,Sorø,24.04,2.71,3.4,5.0,9.3,4.175,25.370788724093902,78.9,7983.0,5139.0,13122.0,60.83676268861454,39.16323731138546,16.65
2016,340,Sorø,24.37,2.81,3.49,5.7,10.3,3.65,25.971922246220302,79.1,7981.0,5200.0,13181.0,60.54927547227069,39.45072452772931,16.9
2017,340,Sorø,24.88,2.82,3.59,6.2,10.4,3.6999999999999997,26.601740162151472,79.3,7969.0,5244.0,13213.0,60.311814122455154,39.68818587754484,17.18
2018,340,Sorø,24.67,2.84,3.59,6.5,10.8,3.716666666666667,26.92117495796657,79.6,7984.0,5340.0,13324.0,59.921945361753224,40.078054638246776,17.07
2019,340,Sorø,25.47,2.82,3.65,6.0,10.5,3.4583333333333335,27.522800098595017,80.0,8008.0,5459.0,13467.0,59.4638746565679,40.5361253434321,17.53
2020,340,Sorø,24.9,2.85,3.58,6.1,11.0,4.266666666666667,28.11302211302211,80.0,8039.0,5515.0,13554.0,59.31090453002804,40.68909546997197,17.28
2021,340,Sorø,25.24,2.82,3.59,5.4,10.3,3.233333333333333,28.941141674060926,80.3,,,,,,17.46
2022,340,Sorø,24.72,2.78,3.56,5.4,10.0,2.3333333333333335,29.829018075232046,80.2,,,,,,17.02
2023,340,Sorø,25.15,2.81,3.56,5.5,10.2,2.4166666666666665,30.403037383177573,80.2,8085.0,5717.0,13802.0,58.57846688885668,41.42153311114331,17.36
2024,340,Sorø,25.16,2.78,3.56,5.3,10.4,2.3333333333333335,31.090397125934555,80.1,8083.0,5866.0,13949.0,57.94680622266829,42.05319377733171,17.38
1987,350,Lejre,19.34,2.26,2.86,,,,,,,,,,,12.95
1988,350,Lejre,19.15,2.26,2.8,,,,,,,,,,,12.94
1989,350,Lejre,19.11,2.24,2.79,,,,,,,,,,,12.94
1990,350,Lejre,18.78,2.25,2.72,,,,,,,,,,,12.78
1991,350,Lejre,18.84,2.27,2.73,,,,,,,,,,,12.86
1992,350,Lejre,19.14,2.27,2.76,,,,,,,,,,,12.99
1993,350,Lejre,19.85,2.31,2.83,,,,,,,,,,,13.45
1994,350,Lejre,19.33,2.33,2.75,,,,,,,,,,,13.25
1995,350,Lejre,19.73,2.38,2.79,,,,,,,,,,,13.53
1996,350,Lejre,20.51,2.42,2.89,,,,,,,,,,,13.99
1997,350,Lejre,21.07,2.44,2.96,,,,,,,,,,,14.35
1998,350,Lejre,20.56,2.44,2.89,,,,,,,,,,,14.08
1999,350,Lejre,20.49,2.4,2.86,,,,,,,,,,,14.07
2000,350,Lejre,21.46,2.47,3.01,2.4,4.6,,,,,,,,,14.64
2001,350,Lejre,21.42,2.51,3.01,2.4,4.5,,,,,,,,,14.71
2002,350,Lejre,21.8,2.51,3.09,2.6,4.7,,,,,,,,,14.93
2003,350,Lejre,21.15,2.48,2.98,2.4,4.2,,,,,,,,,14.49
2004,350,Lejre,21.08,2.49,2.99,2.4,4.5,,,78.2,,,,,,14.45
2005,350,Lejre,22.17,2.5,3.13,2.8,4.9,,,78.6,,,,,,15.04
2006,350,Lejre,23.3,2.52,3.41,2.7,4.6,,,78.9,,,,,,15.62
2007,350,Lejre,23.33,2.54,3.39,3.2,5.6,1.925,,78.8,,,,,,15.65
2008,350,Lejre,24.33,2.53,3.8,3.8,5.9,1.4666666666666668,27.430630243063025,79.7,,,,,,16.14
2009,350,Lejre,24.09,2.52,3.73,4.1,6.6,2.908333333333333,27.738363968612273,80.0,,,,,,16.05
2010,350,Lejre,23.73,2.59,3.47,3.8,5.9,3.966666666666667,28.27604726100967,79.9,8252.0,1962.0,10214.0,80.7910710789113,19.208928921088702,16.08
2011,350,Lejre,24.4,2.63,3.6,3.6,6.0,3.9,28.65863453815261,80.0,8361.0,2168.0,10529.0,79.40925064108653,20.590749358913477,16.46
2012,350,Lejre,23.88,2.64,3.45,3.5,6.0,3.8000000000000003,29.01194704552793,80.5,8338.0,2249.0,10587.0,78.75696609048833,21.243033909511666,16.25
2013,350,Lejre,23.4,2.62,3.3,3.2,5.5,3.533333333333333,29.376647125262195,80.3,8332.0,2331.0,10663.0,78.13936040513927,21.860639594860736,16.05
2014,350,Lejre,24.45,2.67,3.57,3.6,6.3,3.0833333333333335,29.75517890772128,80.9,8337.0,2388.0,10725.0,77.73426573426573,22.265734265734267,16.54
2015,350,Lejre,24.56,2.71,3.56,4.0,6.7,2.9583333333333335,30.366632669493796,81.0,8344.0,2452.0,10796.0,77.28788440163024,22.712115598369767,16.68
2016,350,Lejre,24.87,2.73,3.59,4.4,6.8,3.108333333333333,31.056436818819467,81.5,8355.0,2500.0,10855.0,76.96913864578535,23.03086135421465,16.94
2017,350,Lejre,25.27,2.73,3.65,4.5,7.2,3.1999999999999997,31.502607561929597,81.8,8439.0,2470.0,10909.0,77.35814465120544,22.641855348794575,17.16
2018,350,Lejre,25.4,2.72,3.65,4.4,7.1,2.6750000000000003,32.356293763230745,82.3,8484.0,2517.0,11001.0,77.12026179438233,22.879738205617674,17.26
2019,350,Lejre,25.15,2.76,3.62,4.3,7.0,2.5083333333333333,32.794656324068086,82.3,8566.0,2596.0,11162.0,76.74251926178104,23.25748073821896,17.12
2020,350,Lejre,25.07,2.76,3.59,4.2,7.3,3.4583333333333335,33.73396134481079,82.5,8591.0,2707.0,11298.0,76.04000708089927,23.959992919100724,17.12
2021,350,Lejre,25.74,2.83,3.7,4.3,7.7,2.766666666666667,35.18825100133511,82.3,,,,,,17.54
2022,350,Lejre,26.04,2.74,3.83,4.3,7.4,2.025,36.241823169445034,82.4,,,,,,17.54
2023,350,Lejre,25.68,2.8,3.71,4.3,7.4,2.033333333333333,36.76807668264222,82.4,8911.0,2797.0,11708.0,76.11035189613939,23.88964810386061,17.49
2024,350,Lejre,25.36,2.79,3.66,4.2,7.4,2.0833333333333335,37.2974925188319,82.8,9029.0,2860.0,11889.0,75.94415005467239,24.055849945327616,17.31
1987,360,Lolland,20.4,2.29,2.98,,,,,,,,,,,13.89
1988,360,Lolland,20.54,2.27,3.0,,,,,,,,,,,13.95
1989,360,Lolland,19.6,2.23,2.81,,,,,,,,,,,13.37
1990,360,Lolland,19.31,2.2,2.73,,,,,,,,,,,13.23
1991,360,Lolland,19.75,2.21,2.78,,,,,,,,,,,13.47
1992,360,Lolland,19.67,2.21,2.77,,,,,,,,,,,13.47
1993,360,Lolland,20.37,2.24,2.89,,,,,,,,,,,13.89
1994,360,Lolland,19.94,2.23,2.75,,,,,,,,,,,13.75
1995,360,Lolland,20.39,2.24,2.82,,,,,,,,,,,14.04
1996,360,Lolland,20.47,2.3,2.78,,,,,,,,,,,14.19
1997,360,Lolland,21.04,2.34,2.86,,,,,,,,,,,14.6
1998,360,Lolland,21.66,2.36,2.94,,,,,,,,,,,14.96
1999,360,Lolland,21.23,2.36,2.89,,,,,,,,,,,14.75
2000,360,Lolland,21.67,2.38,2.94,5.3,14.0,,,,,,,,,15.06
2001,360,Lolland,21.84,2.4,2.97,5.5,13.9,,,,,,,,,15.18
2002,360,Lolland,22.04,2.35,3.0,4.8,12.6,,,,,,,,,15.21
2003,360,Lolland,21.48,2.36,2.92,4.9,12.1,,,,,,,,,14.91
2004,360,Lolland,22.55,2.44,3.08,5.8,14.0,,,74.6,,,,,,15.66
2005,360,Lolland,23.44,2.49,3.22,6.8,14.7,,,74.6,,,,,,16.21
2006,360,Lolland,23.74,2.46,3.25,6.3,14.5,,,74.7,,,,,,16.35
2007,360,Lolland,24.27,2.44,3.48,6.3,14.3,6.291666666666667,,75.2,,,,,,16.49
2008,360,Lolland,25.89,2.49,4.01,7.1,14.7,4.3999999999999995,13.75937593759376,75.3,,,,,,17.3
2009,360,Lolland,25.45,2.53,3.89,7.0,13.8,7.033333333333334,14.037922204609194,75.3,,,,,,17.14
2010,360,Lolland,24.47,2.54,3.53,6.9,13.8,9.183333333333334,14.279949088877162,75.6,14477.0,8189.0,22666.0,63.87099620577076,36.12900379422924,16.74
2011,360,Lolland,26.22,2.55,3.93,7.1,14.4,9.816666666666666,14.394155043172976,75.8,14339.0,8556.0,22895.0,62.62939506442454,37.37060493557545,17.66
2012,360,Lolland,25.25,2.51,3.61,6.6,13.8,10.0,14.729510851959832,76.0,14083.0,8567.0,22650.0,62.17660044150111,37.82339955849889,17.21
2013,360,Lolland,25.37,2.53,3.55,6.6,14.1,9.174999999999999,15.03689423652197,76.3,13886.0,8543.0,22429.0,61.91091889963886,38.08908110036114,17.4
2014,360,Lolland,26.08,2.58,3.7,7.4,14.5,7.425,15.382792933053544,76.9,13637.0,8418.0,22055.0,61.83178417592383,38.16821582407617,17.79
2015,360,Lolland,24.81,2.59,3.45,7.5,15.0,6.5,15.729023383768915,77.0,13426.0,8546.0,21972.0,61.1050427817222,38.89495721827781,17.14
2016,360,Lolland,25.86,2.59,3.74,8.1,16.0,5.708333333333333,16.075865206284774,77.3,13186.0,8642.0,21828.0,60.40864944108485,39.59135055891515,17.57
2017,360,Lolland,25.92,2.65,3.75,8.9,16.5,5.9750000000000005,16.12672786369968,77.4,13003.0,8843.0,21846.0,59.52119381122402,40.47880618877598,17.68
2018,360,Lolland,26.7,2.69,3.95,9.3,17.1,5.358333333333333,16.29233900276203,77.7,12844.0,8927.0,21771.0,58.99591199301823,41.00408800698177,18.11
2019,360,Lolland,26.19,2.68,3.77,9.0,17.1,4.766666666666667,16.801209038298502,77.9,12678.0,8928.0,21606.0,58.6781449597334,41.32185504026659,17.89
2020,360,Lolland,25.71,2.71,3.59,9.1,18.1,5.7749999999999995,16.895630245775152,78.2,12489.0,8944.0,21433.0,58.26995754210797,41.73004245789203,17.81
2021,360,Lolland,26.84,2.71,3.73,8.7,18.7,4.491666666666666,17.455350328194168,78.5,,,,,,18.56
2022,360,Lolland,27.34,2.66,3.87,8.4,17.6,3.1,17.992242405622335,78.6,,,,,,18.69
2023,360,Lolland,26.67,2.61,3.68,7.5,16.3,3.483333333333333,18.613592233009708,78.5,11972.0,8922.0,20894.0,57.29874605149804,42.70125394850196,18.35
2024,360,Lolland,26.45,2.62,3.65,7.5,18.2,3.475,19.401982857368566,78.7,11822.0,8922.0,20744.0,56.98997300424219,43.01002699575781,18.24
1987,370,Næstved,20.65,2.36,3.04,,,,,,,,,,,14.07
1988,370,Næstved,20.58,2.35,2.99,,,,,,,,,,,14.01
1989,370,Næstved,20.25,2.3,2.93,,,,,,,,,,,13.78
1990,370,Næstved,20.22,2.34,2.93,,,,,,,,,,,13.82
1991,370,Næstved,20.32,2.35,2.92,,,,,,,,,,,13.92
1992,370,Næstved,21.02,2.36,3.08,,,,,,,,,,,14.3
1993,370,Næstved,21.1,2.4,3.04,,,,,,,,,,,14.41
1994,370,Næstved,20.67,2.38,2.91,,,,,,,,,,,14.23
1995,370,Næstved,20.35,2.38,2.84,,,,,,,,,,,14.06
1996,370,Næstved,20.67,2.42,2.88,,,,,,,,,,,14.3
1997,370,Næstved,21.2,2.43,2.94,,,,,,,,,,,14.61
1998,370,Næstved,21.41,2.45,2.97,,,,,,,,,,,14.76
1999,370,Næstved,21.33,2.46,2.97,,,,,,,,,,,14.74
2000,370,Næstved,21.62,2.47,3.02,3.9,8.8,,,,,,,,,14.89
2001,370,Næstved,21.53,2.47,3.01,4.0,8.8,,,,,,,,,14.83
2002,370,Næstved,21.14,2.43,2.94,3.8,7.9,,,,,,,,,14.57
2003,370,Næstved,21.2,2.42,2.95,4.0,7.9,,,,,,,,,14.6
2004,370,Næstved,21.98,2.49,3.09,4.3,8.9,,,76.4,,,,,,15.12
2005,370,Næstved,22.32,2.51,3.13,4.4,9.0,,,77.1,,,,,,15.35
2006,370,Næstved,23.19,2.5,3.27,4.5,8.8,,,77.3,,,,,,15.79
2007,370,Næstved,24.1,2.5,3.43,4.7,9.0,3.5583333333333336,,77.3,,,,,,16.29
2008,370,Næstved,25.37,2.56,4.09,5.7,9.9,2.9499999999999997,20.967488613161613,77.4,,,,,,16.88
2009,370,Næstved,23.76,2.58,3.56,5.7,9.9,5.283333333333333,21.375416092995696,77.4,,,,,,16.18
2010,370,Næstved,24.12,2.63,3.6,5.7,9.7,6.691666666666666,21.64689462665736,77.5,21874.0,14423.0,36297.0,60.26393365842907,39.73606634157093,16.47
2011,370,Næstved,24.8,2.64,3.73,5.8,10.0,6.691666666666666,21.874453575799965,77.8,21919.0,15228.0,37147.0,59.006110856865966,40.993889143134034,16.83
2012,370,Næstved,23.35,2.64,3.33,5.4,9.8,6.691666666666666,22.302271220737534,78.3,21803.0,15458.0,37261.0,58.514264244115836,41.485735755884164,16.13
2013,370,Næstved,23.9,2.7,3.4,5.7,10.3,6.325,22.764028852367396,78.8,21719.0,15909.0,37628.0,57.72031465929627,42.27968534070373,16.52
2014,370,Næstved,24.44,2.76,3.56,6.1,10.9,5.325,23.155198550295342,79.3,21575.0,16285.0,37860.0,56.986265187533014,43.013734812466986,16.85
2015,370,Næstved,24.7,2.8,3.58,6.5,11.4,5.0249999999999995,23.637057466479334,79.6,21465.0,16619.0,38084.0,56.36225186429997,43.637748135700036,17.06
2016,370,Næstved,24.91,2.89,3.63,7.0,12.2,4.741666666666666,24.190128606187,79.7,21372.0,16887.0,38259.0,55.86136595310908,44.13863404689093,17.26
2017,370,Næstved,25.57,2.99,3.79,7.8,12.9,4.908333333333334,24.827934693593072,79.8,21323.0,17176.0,38499.0,55.385854178030606,44.6141458219694,17.64
2018,370,Næstved,25.09,2.95,3.7,7.7,12.6,4.291666666666667,25.364645125270428,79.9,21347.0,17384.0,38731.0,55.11605690532132,44.88394309467868,17.4
2019,370,Næstved,25.7,2.96,3.78,7.4,12.5,3.716666666666667,25.653671931021215,80.0,21353.0,17431.0,38784.0,55.05620874587459,44.943791254125415,17.77
2020,370,Næstved,25.69,2.97,3.75,7.4,12.8,4.516666666666667,26.133506794887573,80.3,21466.0,17695.0,39161.0,54.814739153749905,45.185260846250095,17.83
2021,370,Næstved,25.96,2.94,3.77,7.1,12.9,3.4749999999999996,26.736481407017603,80.5,,,,,,17.98
2022,370,Næstved,25.12,2.88,3.66,6.8,12.4,2.6666666666666665,27.43540835789839,80.5,,,,,,17.38
2023,370,Næstved,25.36,2.85,3.67,6.9,12.1,2.8333333333333335,27.878745837957826,80.5,21767.0,18350.0,40117.0,54.25879303038612,45.74120696961388,17.46
2024,370,Næstved,25.24,2.8,3.63,6.8,12.0,2.908333333333333,28.34711029640646,80.7,21797.0,18511.0,40308.0,54.07611392279448,45.923886077205516,17.4
1987,376,Guldborgsund,21.3,2.37,3.19,,,,,,,,,,,14.44
1988,376,Guldborgsund,21.05,2.35,3.11,,,,,,,,,,,14.32
1989,376,Guldborgsund,20.73,2.28,3.04,,,,,,,,,,,14.02
1990,376,Guldborgsund,20.27,2.31,2.91,,,,,,,,,,,13.83
1991,376,Guldborgsund,19.86,2.27,2.81,,,,,,,,,,,13.62
1992,376,Guldborgsund,20.17,2.28,2.86,,,,,,,,,,,13.8
1993,376,Guldborgsund,20.95,2.34,2.98,,,,,,,,,,,14.28
1994,376,Guldborgsund,20.45,2.3,2.87,,,,,,,,,,,14.03
1995,376,Guldborgsund,20.04,2.29,2.76,,,,,,,,,,,13.87
1996,376,Guldborgsund,20.5,2.35,2.81,,,,,,,,,,,14.24
1997,376,Guldborgsund,20.71,2.37,2.84,,,,,,,,,,,14.37
1998,376,Guldborgsund,21.22,2.4,2.91,,,,,,,,,,,14.72
1999,376,Guldborgsund,21.06,2.4,2.9,,,,,,,,,,,14.63
2000,376,Guldborgsund,21.77,2.43,3.01,4.8,10.7,,,,,,,,,15.09
2001,376,Guldborgsund,21.79,2.45,3.0,4.8,10.7,,,,,,,,,15.09
2002,376,Guldborgsund,21.7,2.39,3.0,4.5,10.2,,,,,,,,,14.94
2003,376,Guldborgsund,22.02,2.39,3.11,4.6,9.7,,,,,,,,,15.05
2004,376,Guldborgsund,22.06,2.47,3.07,5.0,10.9,,,76.0,,,,,,15.27
2005,376,Guldborgsund,23.45,2.53,3.31,5.5,11.2,,,76.3,,,,,,16.04
2006,376,Guldborgsund,24.34,2.53,3.41,5.7,11.1,,,76.6,,,,,,16.59
2007,376,Guldborgsund,25.11,2.51,3.71,5.8,11.0,4.058333333333334,,76.8,,,,,,16.9
2008,376,Guldborgsund,26.66,2.57,4.31,6.9,12.2,3.0083333333333333,18.062211773216386,76.7,,,,,,17.68
2009,376,Guldborgsund,24.91,2.58,3.81,6.7,12.0,5.116666666666666,18.422786017670976,76.9,,,,,,16.82
2010,376,Guldborgsund,24.26,2.58,3.55,6.4,11.7,6.433333333333334,18.790309715353587,77.0,19333.0,10458.0,29791.0,64.89543821959653,35.10456178040348,16.57
2011,376,Guldborgsund,26.34,2.58,4.35,6.8,12.3,6.783333333333334,19.089502966502756,76.9,19195.0,11080.0,30275.0,63.40214698596201,36.59785301403799,17.59
2012,376,Guldborgsund,24.75,2.55,3.66,6.2,11.7,6.666666666666667,19.381145440141665,77.0,18972.0,11129.0,30101.0,63.027806385169924,36.972193614830076,16.82
2013,376,Guldborgsund,24.88,2.62,3.54,6.6,12.3,6.875,19.899054222976957,77.3,18814.0,11269.0,30083.0,62.5403051557358,37.4596948442642,17.04
2014,376,Guldborgsund,24.96,2.66,3.67,7.1,12.9,5.758333333333333,20.31991227442847,77.7,18612.0,11579.0,30191.0,61.64751084760359,38.35248915239641,17.05
2015,376,Guldborgsund,25.03,2.71,3.59,7.5,13.5,5.241666666666666,20.737757963615444,78.1,18369.0,11814.0,30183.0,60.85876155451745,39.14123844548256,17.22
2016,376,Guldborgsund,24.9,2.77,3.59,8.4,14.6,4.566666666666666,21.37252549490102,78.5,18187.0,12077.0,30264.0,60.09450171821305,39.90549828178695,17.18
2017,376,Guldborgsund,25.05,2.84,3.64,9.0,15.4,4.966666666666667,21.63727105339665,78.9,17986.0,12480.0,30466.0,59.03630276373663,40.96369723626337,17.31
2018,376,Guldborgsund,25.04,2.83,3.67,9.0,15.3,4.6000000000000005,21.98836413415469,79.0,17855.0,12642.0,30497.0,58.54674230252156,41.45325769747844,17.27
2019,376,Guldborgsund,25.46,2.83,3.71,8.9,15.4,4.308333333333333,22.627556698736182,79.1,17687.0,12766.0,30453.0,58.07966374413029,41.9203362558697,17.52
2020,376,Guldborgsund,25.59,2.83,3.65,8.5,15.7,5.133333333333334,23.11829301848563,78.9,17589.0,12838.0,30427.0,57.807210701022115,42.192789298977885,17.73
2021,376,Guldborgsund,26.1,2.85,3.7,8.2,15.6,3.891666666666667,23.84889916557756,78.9,,,,,,18.04
2022,376,Guldborgsund,26.04,2.81,3.74,8.2,15.3,2.7083333333333335,24.482620052240307,78.9,,,,,,17.9
2023,376,Guldborgsund,25.72,2.75,3.68,7.8,14.7,2.9916666666666667,25.092203993386747,79.0,17359.0,12977.0,30336.0,57.222441983122366,42.777558016877634,17.68
2024,376,Guldborgsund,25.64,2.76,3.68,7.8,15.5,3.1666666666666665,25.626332965028137,79.2,17210.0,13025.0,30235.0,56.92078716719035,43.07921283280966,17.65
1987,390,Vordingborg,21.36,2.39,3.18,,,,,,,,,,,14.53
1988,390,Vordingborg,21.05,2.37,3.12,,,,,,,,,,,14.29
1989,390,Vordingborg,20.44,2.32,2.98,,,,,,,,,,,13.95
1990,390,Vordingborg,21.17,2.33,3.11,,,,,,,,,,,14.35
1991,390,Vordingborg,20.79,2.35,3.02,,,,,,,,,,,14.18
1992,390,Vordingborg,20.92,2.35,3.03,,,,,,,,,,,14.27
1993,390,Vordingborg,21.39,2.39,3.09,,,,,,,,,,,14.57
1994,390,Vordingborg,20.85,2.33,2.93,,,,,,,,,,,14.29
1995,390,Vordingborg,20.57,2.36,2.86,,,,,,,,,,,14.19
1996,390,Vordingborg,20.64,2.38,2.86,,,,,,,,,,,14.28
1997,390,Vordingborg,21.29,2.41,2.94,,,,,,,,,,,14.7
1998,390,Vordingborg,21.83,2.43,3.04,,,,,,,,,,,15.03
1999,390,Vordingborg,21.6,2.41,3.01,,,,,,,,,,,14.91
2000,390,Vordingborg,22.27,2.43,3.09,4.7,9.7,,,,,,,,,15.25
2001,390,Vordingborg,22.12,2.46,3.09,4.6,9.8,,,,,,,,,15.23
2002,390,Vordingborg,21.86,2.4,3.03,4.6,9.2,,,,,,,,,15.0
2003,390,Vordingborg,21.44,2.37,2.98,4.5,8.7,,,,,,,,,14.75
2004,390,Vordingborg,22.15,2.44,3.11,5.0,9.9,,,76.0,,,,,,15.27
2005,390,Vordingborg,23.05,2.48,3.23,5.2,10.2,,,76.2,,,,,,15.81
2006,390,Vordingborg,23.63,2.46,3.32,5.1,9.9,,,76.7,,,,,,16.12
2007,390,Vordingborg,23.86,2.49,3.4,5.4,10.1,4.45,,76.9,,,,,,16.23
2008,390,Vordingborg,26.8,2.61,4.65,6.9,11.8,3.5833333333333335,20.001851737547067,76.9,,,,,,17.72
2009,390,Vordingborg,25.23,2.59,4.04,6.9,11.6,5.675,20.449179920477135,76.9,,,,,,16.99
2010,390,Vordingborg,24.32,2.62,3.6,6.4,11.4,6.8,20.774209609161066,77.0,13735.0,7789.0,21524.0,63.81248838505854,36.18751161494146,16.67
2011,390,Vordingborg,24.74,2.61,3.7,6.6,11.4,6.308333333333334,21.04668674698795,77.0,13738.0,8303.0,22041.0,62.32929540401978,37.67070459598022,16.82
2012,390,Vordingborg,23.94,2.57,3.47,5.8,10.7,6.3999999999999995,21.442408460097177,77.6,13629.0,8372.0,22001.0,61.947184218899146,38.052815781100854,16.42
2013,390,Vordingborg,23.81,2.61,3.35,5.8,10.9,5.6499999999999995,21.79499442053244,78.2,13542.0,8462.0,22004.0,61.54335575349936,38.45664424650064,16.49
2014,390,Vordingborg,24.36,2.66,3.51,6.3,11.8,5.325,22.197710851077435,78.5,13387.0,8662.0,22049.0,60.714771644972565,39.28522835502744,16.78
2015,390,Vordingborg,25.34,2.72,3.66,6.8,12.2,5.141666666666667,22.630047638840043,78.4,13287.0,8898.0,22185.0,59.89181879648411,40.10818120351589,17.41
2016,390,Vordingborg,25.43,2.81,3.76,7.5,13.3,4.5,22.922204784934184,78.7,13254.0,9139.0,22393.0,59.18813915062743,40.81186084937257,17.46
2017,390,Vordingborg,25.82,2.9,3.86,8.5,13.9,4.691666666666666,23.29734085414988,78.7,13158.0,9296.0,22454.0,58.59980404382292,41.40019595617707,17.74
2018,390,Vordingborg,25.7,2.87,3.81,8.1,13.5,4.783333333333333,23.912619465574412,78.7,13139.0,9362.0,22501.0,58.39296031287498,41.60703968712502,17.67
2019,390,Vordingborg,25.7,2.86,3.79,8.1,13.5,4.55,24.700958908623587,79.1,13050.0,9350.0,22400.0,58.25892857142857,41.74107142857143,17.68
2020,390,Vordingborg,25.79,2.85,3.72,7.6,13.4,4.966666666666667,25.35398967183075,79.4,12976.0,9422.0,22398.0,57.93374408429324,42.066255915706755,17.82
2021,390,Vordingborg,25.84,2.85,3.69,7.4,13.3,3.8083333333333336,26.06113187399893,79.4,,,,,,17.9
2022,390,Vordingborg,26.82,2.84,3.87,7.4,13.3,2.8166666666666664,27.21903363587827,79.4,,,,,,18.37
2023,390,Vordingborg,25.54,2.8,3.67,7.6,13.2,2.983333333333333,28.710390081445574,79.6,12873.0,9431.0,22304.0,57.71610473457676,42.28389526542324,17.61
2024,390,Vordingborg,25.84,2.8,3.67,7.3,13.7,2.9583333333333335,28.95418025347094,79.7,12969.0,9504.0,22473.0,57.70925110132159,42.290748898678416,17.89
1987,400,Bornholm,21.31,2.34,3.18,,,,,,,,,,,14.4
1988,400,Bornholm,21.41,2.32,3.21,,,,,,,,,,,14.42
1989,400,Bornholm,21.19,2.23,3.17,,,,,,,,,,,14.14
1990,400,Bornholm,21.29,2.24,3.2,,,,,,,,,,,14.16
1991,400,Bornholm,20.32,2.21,2.87,,,,,,,,,,,13.68
1992,400,Bornholm,20.24,2.19,2.89,,,,,,,,,,,13.67
1993,400,Bornholm,20.23,2.23,2.85,,,,,,,,,,,13.73
1994,400,Bornholm,19.68,2.2,2.71,,,,,,,,,,,13.48
1995,400,Bornholm,19.28,2.18,2.62,,,,,,,,,,,13.33
1996,400,Bornholm,19.76,2.24,2.69,,,,,,,,,,,13.62
1997,400,Bornholm,20.0,2.25,2.72,,,,,,,,,,,13.76
1998,400,Bornholm,20.51,2.28,2.8,,,,,,,,,,,14.11
1999,400,Bornholm,20.42,2.29,2.8,,,,,,,,,,,14.05
2000,400,Bornholm,20.61,2.3,2.81,4.3,10.4,,,,,,,,,14.19
2001,400,Bornholm,21.0,2.33,2.86,4.7,10.8,,,,,,,,,14.47
2002,400,Bornholm,20.89,2.28,2.86,4.5,10.1,,,,,,,,,14.32
2003,400,Bornholm,20.73,2.27,2.83,4.6,10.1,,,,,,,,,14.23
2004,400,Bornholm,21.41,2.33,2.93,5.1,10.8,,,77.4,,,,,,14.66
2005,400,Bornholm,21.84,2.32,2.98,5.0,10.8,,,77.4,,,,,,14.93
2006,400,Bornholm,22.5,2.36,3.07,5.0,11.1,,,77.6,,,,,,15.34
2007,400,Bornholm,22.95,2.33,3.23,5.3,10.8,7.391666666666667,,77.8,,,,,,15.48
2008,400,Bornholm,24.88,2.37,3.78,6.2,11.5,6.05,17.756252320361806,78.0,,,,,,16.42
2009,400,Bornholm,23.89,2.38,3.56,5.7,10.6,7.383333333333333,17.987130162405094,78.4,,,,,,15.97
2010,400,Bornholm,22.85,2.38,3.21,5.1,10.0,8.166666666666666,18.299084016604343,78.8,14068.0,6003.0,20071.0,70.09117632404963,29.908823675950373,15.54
2011,400,Bornholm,22.66,2.37,3.17,5.3,10.3,7.425,18.637893349061514,79.0,13972.0,6380.0,20352.0,68.65172955974843,31.348270440251575,15.43
2012,400,Bornholm,22.27,2.34,3.04,4.9,9.7,7.45,19.143319724060255,79.2,13856.0,6381.0,20237.0,68.46864653851856,31.531353461481444,15.29
2013,400,Bornholm,22.07,2.36,3.0,4.8,9.9,7.066666666666666,19.441957090153657,79.3,13660.0,6570.0,20230.0,67.52347998022739,32.476520019772614,15.23
2014,400,Bornholm,22.12,2.39,3.02,5.3,10.5,6.291666666666667,19.981012196012564,79.3,13511.0,6646.0,20157.0,67.02882373369053,32.97117626630947,15.26
2015,400,Bornholm,22.66,2.41,3.11,5.5,10.7,5.7,20.466753102426374,79.4,13371.0,6704.0,20075.0,66.60523038605231,33.394769613947695,15.63
2016,400,Bornholm,23.39,2.46,3.24,5.7,11.1,4.5249999999999995,21.192028171124598,79.5,13282.0,6839.0,20121.0,66.01063565429153,33.98936434570846,16.02
2017,400,Bornholm,23.96,2.5,3.34,6.0,11.7,4.558333333333334,21.87890491877769,79.5,13177.0,6979.0,20156.0,65.37507441952768,34.624925580472315,16.4
2018,400,Bornholm,23.41,2.51,3.25,6.4,12.3,4.358333333333333,22.597442376904816,79.2,13127.0,7020.0,20147.0,65.15610264555517,34.84389735444483,16.12
2019,400,Bornholm,24.46,2.47,3.34,6.0,11.9,3.9,23.246323246323247,79.5,13138.0,6977.0,20115.0,65.31444195873726,34.68555804126274,16.76
2020,400,Bornholm,24.32,2.51,3.33,6.3,12.8,5.433333333333334,24.087790425697804,79.6,13059.0,7018.0,20077.0,65.04457837326294,34.95542162673706,16.76
2021,400,Bornholm,24.08,2.51,3.28,6.4,13.6,3.6166666666666667,24.962887725603565,79.7,,,,,,16.63
2022,400,Bornholm,23.65,2.48,3.25,6.4,13.3,2.2833333333333337,26.04313725490196,80.0,,,,,,16.28
2023,400,Bornholm,23.99,2.51,3.32,6.3,12.6,2.2583333333333333,26.40804483485035,80.6,13027.0,7047.0,20074.0,64.8948889110292,35.10511108897081,16.47
2024,400,Bornholm,24.03,2.51,3.29,6.0,13.3,2.3916666666666666,26.81607106803957,80.7,13007.0,7053.0,20060.0,64.84047856430708,35.15952143569292,16.55
1987,410,Middelfart,20.29,2.28,2.94,,,,,,,,,,,13.68
1988,410,Middelfart,20.19,2.24,2.93,,,,,,,,,,,13.61
1989,410,Middelfart,19.07,2.16,2.73,,,,,,,,,,,12.96
1990,410,Middelfart,19.71,2.2,2.78,,,,,,,,,,,13.32
1991,410,Middelfart,19.01,2.19,2.68,,,,,,,,,,,13.0
1992,410,Middelfart,18.91,2.2,2.67,,,,,,,,,,,12.94
1993,410,Middelfart,19.86,2.25,2.79,,,,,,,,,,,13.51
1994,410,Middelfart,19.46,2.24,2.72,,,,,,,,,,,13.33
1995,410,Middelfart,19.79,2.27,2.73,,,,,,,,,,,13.57
1996,410,Middelfart,20.9,2.32,2.92,,,,,,,,,,,14.26
1997,410,Middelfart,20.95,2.33,2.87,,,,,,,,,,,14.36
1998,410,Middelfart,21.62,2.38,2.97,,,,,,,,,,,14.78
1999,410,Middelfart,21.11,2.41,2.93,,,,,,,,,,,14.5
2000,410,Middelfart,21.85,2.41,3.01,3.2,6.6,,,,,,,,,14.96
2001,410,Middelfart,21.37,2.4,2.93,2.9,6.8,,,,,,,,,14.68
2002,410,Middelfart,21.47,2.36,2.95,3.0,6.4,,,,,,,,,14.67
2003,410,Middelfart,21.45,2.35,2.93,3.1,6.4,,,,,,,,,14.72
2004,410,Middelfart,21.54,2.41,2.96,3.2,6.6,,,77.1,,,,,,14.82
2005,410,Middelfart,22.66,2.44,3.11,3.4,7.2,,,77.6,,,,,,15.45
2006,410,Middelfart,22.92,2.44,3.15,3.3,7.0,,,78.1,,,,,,15.64
2007,410,Middelfart,23.98,2.44,3.36,3.7,6.8,2.841666666666667,,78.3,,,,,,16.18
2008,410,Middelfart,24.58,2.44,3.68,4.1,7.6,1.75,22.696133452026164,78.5,,,,,,16.28
2009,410,Middelfart,23.38,2.47,3.36,4.1,7.5,4.233333333333333,23.220887245841034,78.7,,,,,,15.8
2010,410,Middelfart,23.86,2.53,3.34,3.8,7.2,5.375,23.927520520365494,78.9,10281.0,4945.0,15226.0,67.5226586102719,32.477341389728096,16.33
2011,410,Middelfart,26.1,2.54,4.03,3.9,7.3,4.966666666666666,24.492725509214356,79.2,10913.0,5838.0,16751.0,65.14834935227748,34.85165064772253,17.39
2012,410,Middelfart,23.75,2.52,3.3,3.5,6.9,5.191666666666666,24.85910599861036,79.7,10895.0,5907.0,16802.0,64.84347101535532,35.15652898464469,16.25
2013,410,Middelfart,25.24,2.55,3.6,3.6,7.1,4.575,25.25194022935248,80.1,10872.0,6004.0,16876.0,64.42284901635459,35.57715098364541,17.08
2014,410,Middelfart,25.9,2.59,3.92,3.9,7.3,3.5500000000000003,26.06217017834444,80.3,10841.0,6153.0,16994.0,63.793103448275865,36.206896551724135,17.36
2015,410,Middelfart,24.77,2.64,3.45,4.0,8.0,2.9916666666666667,26.804879932051577,80.8,10808.0,6271.0,17079.0,63.28239358276245,36.71760641723754,16.98
2016,410,Middelfart,25.56,2.68,3.72,4.6,8.5,3.1916666666666664,27.3554583123572,80.9,10797.0,6346.0,17143.0,62.981975150207084,37.018024849792916,17.38
2017,410,Middelfart,25.96,2.71,3.64,4.9,8.7,3.125,27.87619233015379,80.7,10800.0,6414.0,17214.0,62.739630533286864,37.260369466713136,17.76
2018,410,Middelfart,25.45,2.71,3.62,4.8,8.8,2.9583333333333335,28.44335778321108,80.6,10789.0,6580.0,17369.0,62.11641430134147,37.88358569865853,17.46
2019,410,Middelfart,27.95,2.72,4.1,4.8,8.5,2.8000000000000003,29.20313042137322,80.8,10780.0,6757.0,17537.0,61.47003478360039,38.52996521639962,18.86
2020,410,Middelfart,27.57,2.76,3.98,4.8,8.9,3.4250000000000003,29.973474801061005,80.8,10766.0,6981.0,17747.0,60.663774159012796,39.33622584098721,18.72
2021,410,Middelfart,26.96,2.81,3.81,5.0,8.9,2.5749999999999997,30.843748812825282,81.0,,,,,,18.44
2022,410,Middelfart,27.94,2.74,3.98,4.8,8.7,1.7416666666666665,31.820922520349715,81.1,,,,,,18.95
2023,410,Middelfart,27.51,2.76,3.87,4.5,8.3,2.216666666666667,32.32703455544681,81.5,10857.0,7490.0,18347.0,59.17588706600534,40.82411293399466,18.78
2024,410,Middelfart,27.39,2.74,3.89,4.7,8.8,2.4,33.08735391069823,81.7,10924.0,7651.0,18575.0,58.81022880215343,41.18977119784657,18.68
1987,420,Assens,20.25,2.29,2.97,,,,,,,,,,,13.77
1988,420,Assens,20.25,2.28,2.96,,,,,,,,,,,13.78
1989,420,Assens,20.0,2.2,2.91,,,,,,,,,,,13.5
1990,420,Assens,19.88,2.22,2.87,,,,,,,,,,,13.46
1991,420,Assens,19.08,2.18,2.69,,,,,,,,,,,13.03
1992,420,Assens,20.17,2.2,2.89,,,,,,,,,,,13.61
1993,420,Assens,19.39,2.23,2.74,,,,,,,,,,,13.28
1994,420,Assens,20.06,2.22,2.78,,,,,,,,,,,13.63
1995,420,Assens,19.51,2.21,2.68,,,,,,,,,,,13.37
1996,420,Assens,19.78,2.27,2.71,,,,,,,,,,,13.63
1997,420,Assens,20.32,2.29,2.79,,,,,,,,,,,13.9
1998,420,Assens,21.08,2.31,2.91,,,,,,,,,,,14.36
1999,420,Assens,20.56,2.3,2.86,,,,,,,,,,,14.04
2000,420,Assens,20.65,2.3,2.84,3.3,7.4,,,,,,,,,14.13
2001,420,Assens,21.17,2.34,2.92,3.9,8.2,,,,,,,,,14.48
2002,420,Assens,20.91,2.31,2.9,3.7,8.0,,,,,,,,,14.25
2003,420,Assens,21.01,2.31,2.9,3.6,8.1,,,,,,,,,14.29
2004,420,Assens,21.11,2.33,2.91,3.4,8.0,,,77.2,,,,,,14.45
2005,420,Assens,21.49,2.33,2.98,3.9,8.7,,,77.5,,,,,,14.66
2006,420,Assens,22.63,2.35,3.1,3.9,8.5,,,77.7,,,,,,15.34
2007,420,Assens,23.45,2.37,3.3,4.3,8.6,3.75,,78.0,,,,,,15.73
2008,420,Assens,25.82,2.39,4.36,4.9,9.4,2.7916666666666665,20.12843529899185,78.0,,,,,,16.85
2009,420,Assens,23.77,2.41,3.56,4.8,8.8,6.008333333333333,20.41141432331348,78.2,,,,,,15.94
2010,420,Assens,22.94,2.42,3.26,4.6,8.7,7.6499999999999995,20.786321214653853,78.6,12101.0,4869.0,16970.0,71.30819092516205,28.69180907483795,15.65
2011,420,Assens,22.82,2.41,3.21,4.4,8.7,7.141666666666667,21.02017937219731,78.9,12572.0,5764.0,18336.0,68.56457242582897,31.435427574171033,15.58
2012,420,Assens,22.17,2.43,3.05,4.1,8.4,7.2749999999999995,21.444132115249474,79.4,12538.0,5876.0,18414.0,68.08949712175519,31.910502878244813,15.31
2013,420,Assens,22.18,2.45,3.04,4.1,8.7,6.574999999999999,21.87179214895048,79.9,12477.0,6019.0,18496.0,67.45782871972318,32.54217128027682,15.36
2014,420,Assens,23.01,2.49,3.24,4.7,9.5,5.3,22.180104860422276,80.2,12364.0,6104.0,18468.0,66.9482347844921,33.051765215507906,15.81
2015,420,Assens,23.39,2.52,3.26,5.1,9.8,5.05,22.829901109417644,80.4,12259.0,6237.0,18496.0,66.2791955017301,33.7208044982699,16.12
2016,420,Assens,23.96,2.59,3.37,5.7,10.6,5.008333333333334,23.276472253680634,80.9,12203.0,6440.0,18643.0,65.45620340074022,34.54379659925977,16.46
2017,420,Assens,24.13,2.65,3.38,6.2,11.3,4.341666666666667,23.52083110968798,80.8,12185.0,6560.0,18745.0,65.00400106695119,34.99599893304881,16.62
2018,420,Assens,24.0,2.63,3.42,6.3,11.1,3.7583333333333333,23.960239710051315,80.9,12095.0,6735.0,18830.0,64.23260754115773,35.767392458842274,16.54
2019,420,Assens,24.54,2.62,3.42,6.0,11.1,3.5749999999999997,24.492021373268873,81.0,12011.0,6767.0,18778.0,63.963148365108104,36.03685163489189,16.84
2020,420,Assens,24.39,2.66,3.41,6.0,11.4,4.458333333333333,25.047857458400824,81.6,11989.0,6809.0,18798.0,63.77806149590381,36.22193850409618,16.82
2021,420,Assens,24.6,2.66,3.43,5.8,11.5,2.8499999999999996,25.598209042865534,81.3,,,,,,16.98
2022,420,Assens,23.88,2.59,3.34,5.3,10.5,2.125,26.430477861869768,81.2,,,,,,16.45
2023,420,Assens,24.42,2.59,3.39,5.5,10.7,2.8166666666666664,26.81012564943439,81.4,11961.0,7088.0,19049.0,62.7906976744186,37.2093023255814,16.75
2024,420,Assens,24.46,2.59,3.43,5.6,11.3,2.858333333333333,27.276116620684515,81.2,11902.0,7140.0,19042.0,62.503938661905266,37.49606133809474,16.77
1987,430,Faaborg-Midtfyn,20.88,2.33,3.09,,,,,,,,,,,14.08
1988,430,Faaborg-Midtfyn,20.61,2.28,3.0,,,,,,,,,,,13.92
1989,430,Faaborg-Midtfyn,19.76,2.25,2.88,,,,,,,,,,,13.42
1990,430,Faaborg-Midtfyn,19.62,2.25,2.82,,,,,,,,,,,13.35
1991,430,Faaborg-Midtfyn,19.28,2.22,2.74,,,,,,,,,,,13.13
1992,430,Faaborg-Midtfyn,19.45,2.25,2.76,,,,,,,,,,,13.27
1993,430,Faaborg-Midtfyn,19.66,2.25,2.79,,,,,,,,,,,13.42
1994,430,Faaborg-Midtfyn,19.67,2.23,2.75,,,,,,,,,,,13.46
1995,430,Faaborg-Midtfyn,19.43,2.25,2.7,,,,,,,,,,,13.33
1996,430,Faaborg-Midtfyn,19.63,2.27,2.71,,,,,,,,,,,13.51
1997,430,Faaborg-Midtfyn,20.31,2.3,2.79,,,,,,,,,,,13.95
1998,430,Faaborg-Midtfyn,21.12,2.33,2.93,,,,,,,,,,,14.42
1999,430,Faaborg-Midtfyn,20.8,2.32,2.91,,,,,,,,,,,14.19
2000,430,Faaborg-Midtfyn,20.97,2.34,2.89,3.6,8.0,,,,,,,,,14.35
2001,430,Faaborg-Midtfyn,21.51,2.35,2.98,4.0,8.2,,,,,,,,,14.7
2002,430,Faaborg-Midtfyn,21.54,2.29,3.03,3.9,7.8,,,,,,,,,14.57
2003,430,Faaborg-Midtfyn,20.49,2.28,2.83,3.8,7.7,,,,,,,,,14.04
2004,430,Faaborg-Midtfyn,21.19,2.35,2.93,3.8,8.4,,,77.9,,,,,,14.55
2005,430,Faaborg-Midtfyn,21.74,2.37,3.01,4.4,9.1,,,78.3,,,,,,14.88
2006,430,Faaborg-Midtfyn,22.71,2.39,3.14,3.9,8.6,,,78.4,,,,,,15.46
2007,430,Faaborg-Midtfyn,23.64,2.39,3.38,4.6,8.9,3.608333333333333,,78.7,,,,,,15.87
2008,430,Faaborg-Midtfyn,26.2,2.43,4.32,5.1,9.5,2.6166666666666667,20.598118279569892,79.0,,,,,,17.09
2009,430,Faaborg-Midtfyn,23.91,2.42,3.61,4.9,9.5,5.2,21.03702875041951,79.0,,,,,,16.02
2010,430,Faaborg-Midtfyn,23.19,2.42,3.33,4.7,8.9,6.616666666666667,21.39758900405588,79.1,15669.0,6913.0,22582.0,69.3871224869365,30.612877513063502,15.74
2011,430,Faaborg-Midtfyn,22.73,2.41,3.19,4.6,8.8,6.641666666666667,21.709970129064985,79.3,15755.0,7320.0,23075.0,68.27735644637053,31.72264355362947,15.52
2012,430,Faaborg-Midtfyn,22.56,2.39,3.11,4.1,8.0,6.75,21.981362577419173,79.6,15688.0,7429.0,23117.0,67.86347709477873,32.13652290522126,15.47
2013,430,Faaborg-Midtfyn,22.34,2.42,3.08,3.9,8.5,6.116666666666667,22.378064553214728,79.9,15600.0,7497.0,23097.0,67.5412391219639,32.45876087803611,15.39
2014,430,Faaborg-Midtfyn,22.53,2.47,3.11,4.4,9.0,5.033333333333333,22.831935203934048,80.3,15508.0,7611.0,23119.0,67.07902590942516,32.92097409057485,15.56
2015,430,Faaborg-Midtfyn,23.2,2.49,3.2,4.5,9.3,4.633333333333334,23.26934769391123,80.5,15428.0,7740.0,23168.0,66.59185082872928,33.408149171270715,15.96
2016,430,Faaborg-Midtfyn,24.58,2.55,3.65,5.3,10.2,4.358333333333333,23.711879175137963,80.7,15330.0,7999.0,23329.0,65.71220369497193,34.28779630502808,16.65
2017,430,Faaborg-Midtfyn,23.41,2.6,3.29,5.9,10.7,4.341666666666667,24.09325668932917,80.7,15318.0,8139.0,23457.0,65.30246834633586,34.69753165366415,16.14
2018,430,Faaborg-Midtfyn,24.31,2.61,3.49,6.1,10.8,3.9166666666666665,24.788345886611783,80.9,15280.0,8265.0,23545.0,64.89700573370142,35.10299426629857,16.59
2019,430,Faaborg-Midtfyn,23.72,2.59,3.34,5.7,10.5,3.6666666666666665,25.43197499557705,81.1,15223.0,8444.0,23667.0,64.32162927282714,35.67837072717286,16.28
2020,430,Faaborg-Midtfyn,23.81,2.62,3.33,5.7,10.8,4.6000000000000005,25.93610544670036,81.3,15166.0,8515.0,23681.0,64.04290359359824,35.95709640640175,16.41
2021,430,Faaborg-Midtfyn,24.14,2.63,3.42,5.7,11.2,3.3833333333333333,26.810695944749423,81.4,,,,,,16.59
2022,430,Faaborg-Midtfyn,23.63,2.57,3.34,5.5,10.3,2.1666666666666665,27.84939635768365,81.5,,,,,,16.19
2023,430,Faaborg-Midtfyn,23.82,2.6,3.35,5.5,10.8,2.5166666666666666,28.523029294079848,81.4,15199.0,8777.0,23976.0,63.39255922589256,36.60744077410744,16.36
2024,430,Faaborg-Midtfyn,23.77,2.58,3.34,5.2,10.7,2.6666666666666665,29.056107539450615,81.6,15179.0,8888.0,24067.0,63.06976357668176,36.930236423318235,16.35
1987,440,Kerteminde,19.33,2.24,2.77,,,,,,,,,,,13.15
1988,440,Kerteminde,18.91,2.21,2.71,,,,,,,,,,,12.93
1989,440,Kerteminde,19.39,2.2,2.73,,,,,,,,,,,13.13
1990,440,Kerteminde,18.96,2.18,2.67,,,,,,,,,,,12.86
1991,440,Kerteminde,18.81,2.18,2.65,,,,,,,,,,,12.85
1992,440,Kerteminde,19.02,2.2,2.68,,,,,,,,,,,12.96
1993,440,Kerteminde,19.52,2.22,2.76,,,,,,,,,,,13.26
1994,440,Kerteminde,18.99,2.2,2.63,,,,,,,,,,,13.02
1995,440,Kerteminde,19.41,2.24,2.68,,,,,,,,,,,13.31
1996,440,Kerteminde,19.21,2.25,2.64,,,,,,,,,,,13.26
1997,440,Kerteminde,20.31,2.29,2.77,,,,,,,,,,,13.93
1998,440,Kerteminde,20.83,2.34,2.88,,,,,,,,,,,14.23
1999,440,Kerteminde,20.58,2.34,2.83,,,,,,,,,,,14.1
2000,440,Kerteminde,20.82,2.36,2.9,3.1,6.9,,,,,,,,,14.22
2001,440,Kerteminde,21.04,2.36,2.91,3.6,7.3,,,,,,,,,14.38
2002,440,Kerteminde,21.77,2.33,3.01,3.6,7.1,,,,,,,,,14.71
2003,440,Kerteminde,21.1,2.34,2.92,3.6,7.2,,,,,,,,,14.37
2004,440,Kerteminde,21.03,2.31,2.87,2.9,6.4,,,77.1,,,,,,14.43
2005,440,Kerteminde,22.19,2.34,3.05,3.3,7.0,,,77.6,,,,,,15.08
2006,440,Kerteminde,21.91,2.35,2.99,3.3,6.8,,,78.0,,,,,,14.94
2007,440,Kerteminde,23.93,2.36,3.32,3.8,7.0,3.625,,78.4,,,,,,16.06
2008,440,Kerteminde,25.2,2.36,4.03,4.0,7.3,2.7416666666666667,19.995097738832037,78.5,,,,,,16.48
2009,440,Kerteminde,22.99,2.4,3.33,4.2,7.6,5.483333333333333,20.382165605095544,78.5,,,,,,15.55
2010,440,Kerteminde,23.18,2.43,3.27,4.0,7.8,7.566666666666666,20.704251272928044,78.8,6503.0,3921.0,10424.0,62.384881043745196,37.6151189562548,15.81
2011,440,Kerteminde,23.54,2.44,3.26,3.8,7.7,8.35,20.95606283750614,78.9,6544.0,4163.0,10707.0,61.11889418137667,38.88110581862333,16.07
2012,440,Kerteminde,23.87,2.43,3.29,3.9,8.0,8.708333333333334,21.26095214753998,79.0,6537.0,4204.0,10741.0,60.86025509729075,39.139744902709246,16.26
2013,440,Kerteminde,24.12,2.46,3.31,4.0,8.1,6.866666666666667,21.473904738431205,79.0,6508.0,4251.0,10759.0,60.48889301979737,39.51110698020262,16.47
2014,440,Kerteminde,24.47,2.54,3.34,4.2,8.9,5.108333333333333,21.876934505385663,80.0,6461.0,4345.0,10806.0,59.790856931334446,40.209143068665554,16.78
2015,440,Kerteminde,25.91,2.57,3.61,4.5,9.2,4.858333333333333,22.596691953737096,80.5,6447.0,4432.0,10879.0,59.26096148543064,40.73903851456935,17.64
2016,440,Kerteminde,26.79,2.67,3.79,5.5,10.7,4.5,23.347159376571142,81.0,6427.0,4530.0,10957.0,58.656566578443005,41.343433421556995,18.17
2017,440,Kerteminde,25.86,2.73,3.63,5.9,11.2,4.616666666666666,23.654211526282456,81.4,6413.0,4543.0,10956.0,58.53413654618473,41.46586345381526,17.71
2018,440,Kerteminde,25.42,2.71,3.54,5.8,11.0,4.208333333333333,24.580045813184014,81.9,6418.0,4566.0,10984.0,58.430444282592866,41.569555717407134,17.48
2019,440,Kerteminde,26.46,2.72,3.69,6.1,11.0,3.7916666666666665,25.305365479311888,81.9,6401.0,4665.0,11066.0,57.843846014820166,42.15615398517983,18.12
2020,440,Kerteminde,26.25,2.71,3.68,5.8,10.9,4.516666666666667,25.745431227957678,81.6,6379.0,4777.0,11156.0,57.17999282897096,42.82000717102905,18.05
2021,440,Kerteminde,28.62,2.75,3.99,5.7,11.3,3.2416666666666667,26.845809341010877,81.7,,,,,,19.49
2022,440,Kerteminde,26.95,2.71,3.83,5.4,10.6,2.283333333333333,27.83650458069063,81.7,,,,,,18.31
2023,440,Kerteminde,27.43,2.7,3.86,5.4,10.4,2.6,28.39777576619682,81.7,6430.0,4832.0,11262.0,57.094654590658855,42.905345409341145,18.68
2024,440,Kerteminde,27.03,2.68,3.8,5.3,10.4,2.8166666666666664,29.2642032630425,81.8,6457.0,4877.0,11334.0,56.97017822481031,43.029821775189696,18.44
1987,450,Nyborg,19.86,2.28,2.9,,,,,,,,,,,13.47
1988,450,Nyborg,19.64,2.25,2.82,,,,,,,,,,,13.32
1989,450,Nyborg,19.21,2.2,2.74,,,,,,,,,,,13.03
1990,450,Nyborg,19.61,2.22,2.8,,,,,,,,,,,13.25
1991,450,Nyborg,19.53,2.23,2.77,,,,,,,,,,,13.3
1992,450,Nyborg,19.85,2.25,2.82,,,,,,,,,,,13.48
1993,450,Nyborg,19.78,2.28,2.81,,,,,,,,,,,13.48
1994,450,Nyborg,19.72,2.29,2.77,,,,,,,,,,,13.51
1995,450,Nyborg,19.12,2.26,2.64,,,,,,,,,,,13.24
1996,450,Nyborg,19.71,2.32,2.71,,,,,,,,,,,13.64
1997,450,Nyborg,20.34,2.34,2.81,,,,,,,,,,,14.02
1998,450,Nyborg,20.58,2.36,2.84,,,,,,,,,,,14.19
1999,450,Nyborg,20.51,2.36,2.86,,,,,,,,,,,14.14
2000,450,Nyborg,20.79,2.37,2.88,3.9,8.9,,,,,,,,,14.31
2001,450,Nyborg,21.05,2.35,2.94,4.1,8.6,,,,,,,,,14.41
2002,450,Nyborg,20.45,2.29,2.84,3.7,7.7,,,,,,,,,13.99
2003,450,Nyborg,21.48,2.29,2.98,3.6,7.6,,,,,,,,,14.55
2004,450,Nyborg,21.17,2.36,2.92,4.2,8.9,,,76.9,,,,,,14.53
2005,450,Nyborg,21.69,2.39,3.01,4.7,9.4,,,77.0,,,,,,14.85
2006,450,Nyborg,22.03,2.36,3.02,4.1,8.2,,,77.7,,,,,,15.04
2007,450,Nyborg,22.84,2.36,3.22,4.4,8.4,3.4416666666666664,,77.9,,,,,,15.41
2008,450,Nyborg,23.59,2.39,3.52,4.5,8.6,2.6333333333333333,20.504717413208756,78.0,,,,,,15.75
2009,450,Nyborg,22.31,2.38,3.15,4.2,8.3,5.141666666666667,20.856201975850713,77.8,,,,,,15.2
2010,450,Nyborg,22.71,2.44,3.19,4.5,8.5,6.708333333333333,21.05914718019257,78.1,8598.0,5536.0,14134.0,60.832036224706385,39.16796377529362,15.58
2011,450,Nyborg,22.64,2.44,3.14,4.6,8.7,7.091666666666666,21.548155643455065,78.2,8650.0,5815.0,14465.0,59.79951607328034,40.20048392671966,15.54
2012,450,Nyborg,22.35,2.41,3.06,4.0,8.1,7.0249999999999995,21.79421965317919,78.7,8651.0,5823.0,14474.0,59.76924139836949,40.23075860163051,15.38
2013,450,Nyborg,24.01,2.46,3.4,4.4,8.6,6.208333333333333,22.397990043269903,79.2,8616.0,5867.0,14483.0,59.49043706414416,40.50956293585583,16.27
2014,450,Nyborg,23.35,2.53,3.25,5.1,9.9,5.166666666666667,22.77195585644069,79.8,8574.0,6050.0,14624.0,58.629649890590805,41.370350109409195,16.03
2015,450,Nyborg,23.32,2.56,3.23,5.5,10.2,4.516666666666667,23.14699218569381,80.4,8520.0,6308.0,14828.0,57.45886161316428,42.54113838683571,16.11
2016,450,Nyborg,23.68,2.64,3.34,6.1,11.2,4.091666666666667,23.75886524822695,80.4,8498.0,6508.0,15006.0,56.63068106090897,43.36931893909103,16.34
2017,450,Nyborg,24.01,2.68,3.39,6.9,11.7,4.533333333333333,24.27645989653726,80.6,8477.0,6632.0,15109.0,56.10563240452711,43.8943675954729,16.57
2018,450,Nyborg,24.21,2.67,3.4,6.7,11.3,3.8249999999999997,24.95088408644401,80.6,8462.0,6666.0,15128.0,55.93601269169751,44.06398730830249,16.71
2019,450,Nyborg,24.29,2.66,3.42,6.1,11.2,3.725,25.81813052473199,80.5,8419.0,6740.0,15159.0,55.53796424566264,44.46203575433736,16.77
2020,450,Nyborg,25.03,2.73,3.52,6.6,11.6,4.958333333333333,26.3314447592068,80.5,8369.0,6878.0,15247.0,54.88948645635207,45.110513543647926,17.29
2021,450,Nyborg,25.32,2.73,3.55,6.3,12.1,3.4250000000000003,27.066397255768056,80.6,,,,,,17.51
2022,450,Nyborg,24.95,2.67,3.52,6.1,11.6,2.3583333333333334,27.648518327793642,80.7,,,,,,17.19
2023,450,Nyborg,25.52,2.66,3.56,6.0,11.1,3.2416666666666667,28.092771477903778,80.8,8277.0,7145.0,15422.0,53.67008170146544,46.32991829853456,17.55
2024,450,Nyborg,25.0,2.69,3.52,6.3,11.8,3.3249999999999997,28.480007473841557,81.0,8250.0,7295.0,15545.0,53.071727243486656,46.92827275651335,17.22
1987,461,Odense,20.75,2.38,2.96,,,,,,,,,,,14.14
1988,461,Odense,21.01,2.42,3.04,,,,,,,,,,,14.35
1989,461,Odense,20.94,2.41,3.0,,,,,,,,,,,14.3
1990,461,Odense,21.35,2.49,3.08,,,,,,,,,,,14.63
1991,461,Odense,21.71,2.55,3.14,,,,,,,,,,,14.92
1992,461,Odense,21.72,2.55,3.14,,,,,,,,,,,14.93
1993,461,Odense,22.39,2.6,3.22,,,,,,,,,,,15.36
1994,461,Odense,22.03,2.62,3.14,,,,,,,,,,,15.26
1995,461,Odense,22.31,2.64,3.17,,,,,,,,,,,15.46
1996,461,Odense,22.69,2.69,3.23,,,,,,,,,,,15.77
1997,461,Odense,23.41,2.7,3.33,,,,,,,,,,,16.17
1998,461,Odense,24.04,2.75,3.43,,,,,,,,,,,16.56
1999,461,Odense,23.58,2.75,3.38,,,,,,,,,,,16.31
2000,461,Odense,23.89,2.76,3.43,7.8,14.7,,,,,,,,,16.49
2001,461,Odense,23.79,2.78,3.41,8.0,15.1,,,,,,,,,16.46
2002,461,Odense,23.23,2.72,3.32,7.7,14.2,,,,,,,,,16.07
2003,461,Odense,23.57,2.73,3.37,7.7,14.5,,,,,,,,,16.26
2004,461,Odense,24.26,2.85,3.51,8.8,15.9,,,77.1,,,,,,16.78
2005,461,Odense,24.85,2.9,3.6,9.0,16.0,,,77.3,,,,,,17.17
2006,461,Odense,25.32,2.88,3.66,8.9,15.8,,,77.6,,,,,,17.41
2007,461,Odense,25.59,2.89,3.76,8.2,14.6,4.933333333333334,,77.9,,,,,,17.54
2008,461,Odense,26.17,2.91,4.21,8.6,14.8,3.716666666666667,26.449475427940367,78.1,,,,,,17.78
2009,461,Odense,26.06,2.98,4.15,8.9,14.9,5.858333333333333,27.15504000702134,78.3,,,,,,17.85
2010,461,Odense,26.66,3.13,4.1,9.6,16.0,7.325,27.87583997216403,78.4,39143.0,50719.0,89862.0,43.559012708375064,56.440987291624936,18.4
2011,461,Odense,27.27,3.19,4.17,10.3,16.8,7.6499999999999995,28.53363241595491,78.5,39330.0,53179.0,92509.0,42.514782345501516,57.48521765449848,18.78
2012,461,Odense,27.51,3.18,4.43,10.3,16.8,7.958333333333333,29.260413553629622,78.6,39203.0,53708.0,92911.0,42.19414278180194,57.805857218198064,18.9
2013,461,Odense,27.09,3.3,4.12,10.9,17.8,7.3500000000000005,30.128843913598786,78.9,39141.0,54471.0,93612.0,41.811947186258166,58.188052813741834,18.84
2014,461,Odense,27.44,3.4,4.24,11.7,18.7,6.466666666666666,31.23860806166604,79.3,39151.0,55344.0,94495.0,41.431821789512675,58.56817821048733,19.11
2015,461,Odense,28.51,3.47,4.45,12.1,19.3,6.241666666666667,32.561086223490065,79.7,39142.0,55821.0,94963.0,41.218158651264176,58.78184134873582,19.73
2016,461,Odense,28.28,3.54,4.44,12.6,19.8,5.991666666666667,33.783876689537585,80.1,39193.0,56542.0,95735.0,40.939050503995404,59.060949496004596,19.67
2017,461,Odense,28.83,3.64,4.6,13.7,20.9,5.791666666666667,34.809351459711685,80.6,39272.0,57059.0,96331.0,40.76776946154405,59.232230538455944,20.03
2018,461,Odense,28.82,3.63,4.62,13.7,20.7,4.908333333333333,35.977029439515604,80.9,39485.0,57779.0,97264.0,40.59569830564237,59.40430169435762,20.01
2019,461,Odense,29.06,3.64,4.66,13.7,20.8,4.7,37.04739704739705,81.0,39623.0,58534.0,98157.0,40.36696313049502,59.63303686950498,20.14
2020,461,Odense,28.94,3.68,4.62,13.9,21.2,5.591666666666666,37.61545998175614,81.2,39547.0,59632.0,99179.0,39.874368565926254,60.125631434073746,20.19
2021,461,Odense,29.32,3.61,4.6,13.4,20.9,4.291666666666667,38.40374571816579,81.2,,,,,,20.41
2022,461,Odense,28.52,3.51,4.47,12.8,20.1,3.125,39.46528572288794,81.2,,,,,,19.81
2023,461,Odense,29.02,3.51,4.58,12.1,19.0,3.608333333333333,40.54068419339193,81.3,39941.0,62689.0,102630.0,38.91747052518757,61.08252947481243,20.05
2024,461,Odense,28.32,3.43,4.37,11.6,18.4,3.891666666666667,41.519259000809726,81.3,39877.0,63440.0,103317.0,38.59674593726105,61.40325406273895,19.58
1987,479,Svendborg,22.15,2.44,3.25,,,,,,,,,,,14.93
1988,479,Svendborg,21.17,2.36,3.06,,,,,,,,,,,14.38
1989,479,Svendborg,20.35,2.29,2.91,,,,,,,,,,,13.81
1990,479,Svendborg,20.89,2.36,3.01,,,,,,,,,,,14.16
1991,479,Svendborg,20.98,2.39,3.01,,,,,,,,,,,14.28
1992,479,Svendborg,21.16,2.38,3.03,,,,,,,,,,,14.41
1993,479,Svendborg,21.42,2.43,3.04,,,,,,,,,,,14.62
1994,479,Svendborg,20.92,2.43,2.94,,,,,,,,,,,14.38
1995,479,Svendborg,21.31,2.43,3.03,,,,,,,,,,,14.58
1996,479,Svendborg,21.81,2.47,3.04,,,,,,,,,,,14.97
1997,479,Svendborg,22.2,2.5,3.11,,,,,,,,,,,15.26
1998,479,Svendborg,22.74,2.54,3.18,,,,,,,,,,,15.63
1999,479,Svendborg,22.71,2.53,3.2,,,,,,,,,,,15.57
2000,479,Svendborg,22.85,2.54,3.24,6.0,11.3,,,,,,,,,15.62
2001,479,Svendborg,23.06,2.57,3.26,6.3,11.5,,,,,,,,,15.8
2002,479,Svendborg,22.92,2.52,3.24,5.8,10.8,,,,,,,,,15.64
2003,479,Svendborg,23.05,2.51,3.27,5.9,10.8,,,,,,,,,15.67
2004,479,Svendborg,23.34,2.56,3.32,6.1,11.6,,,77.5,,,,,,15.93
2005,479,Svendborg,23.72,2.61,3.36,6.5,11.7,,,77.7,,,,,,16.2
2006,479,Svendborg,24.27,2.59,3.42,6.1,11.2,,,77.8,,,,,,16.53
2007,479,Svendborg,24.94,2.63,3.55,6.2,10.8,4.716666666666667,,77.9,,,,,,16.95
2008,479,Svendborg,25.45,2.68,3.78,6.4,11.2,3.0749999999999997,24.91982960800268,78.2,,,,,,17.14
2009,479,Svendborg,25.06,2.71,3.77,6.5,11.0,4.8,25.24290478132572,78.6,,,,,,17.04
2010,479,Svendborg,24.91,2.79,3.63,6.6,11.5,6.383333333333333,25.606514595012563,78.8,27.0,7096.0,7123.0,0.37905376947915204,99.62094623052084,17.15
2011,479,Svendborg,27.06,2.77,4.38,6.6,11.8,6.7749999999999995,25.985362413985946,79.1,15554.0,11901.0,27455.0,56.652704425423416,43.34729557457658,18.14
2012,479,Svendborg,25.2,2.77,3.63,6.4,11.5,7.091666666666666,26.481894082217273,79.7,15600.0,11818.0,27418.0,56.89692902472828,43.10307097527172,17.31
2013,479,Svendborg,25.5,2.83,3.67,6.6,11.8,6.758333333333333,26.909189830843804,79.7,15527.0,11879.0,27406.0,56.65547690286799,43.34452309713201,17.55
2014,479,Svendborg,25.79,2.88,3.74,6.8,12.2,5.691666666666666,27.259627329192547,80.3,15407.0,12026.0,27433.0,56.16228629752488,43.83771370247512,17.76
2015,479,Svendborg,26.76,2.94,3.96,7.2,12.7,5.183333333333334,27.65265327406819,80.7,15242.0,12327.0,27569.0,55.28673510101926,44.71326489898074,18.35
2016,479,Svendborg,26.62,3.01,3.89,8.0,13.7,4.6499999999999995,28.261570914505523,80.9,15181.0,12621.0,27802.0,54.60398532479678,45.39601467520322,18.37
2017,479,Svendborg,27.0,3.1,4.01,8.8,14.6,4.766666666666667,28.698150924537728,80.9,15111.0,12803.0,27914.0,54.13412624489503,45.865873755104964,18.6
2018,479,Svendborg,26.5,3.07,3.95,8.5,14.2,4.366666666666666,29.559716853255686,81.0,15140.0,12853.0,27993.0,54.084949808880786,45.915050191119214,18.26
2019,479,Svendborg,27.2,3.02,3.98,8.2,13.8,4.1000000000000005,30.32724505327245,81.0,15232.0,12786.0,28018.0,54.36505103861803,45.63494896138197,18.65
2020,479,Svendborg,27.96,3.1,4.12,8.8,14.5,5.2,31.190409243117507,80.9,15215.0,12778.0,27993.0,54.35287393276891,45.64712606723109,19.2
2021,479,Svendborg,28.42,3.08,4.16,8.4,14.5,3.716666666666667,32.03142820935243,81.2,,,,,,19.49
2022,479,Svendborg,27.64,2.99,4.07,7.9,13.7,2.8249999999999997,33.166906220843735,81.1,,,,,,18.88
2023,479,Svendborg,27.68,3.01,4.04,7.9,13.7,3.158333333333333,33.870232487463916,81.0,15384.0,13237.0,28621.0,53.75074246182873,46.24925753817127,18.96
2024,479,Svendborg,26.93,2.93,3.89,7.6,13.4,3.125,34.648331257466765,81.1,15380.0,13251.0,28631.0,53.71799797422374,46.28200202577626,18.48
1987,480,Nordfyns,20.06,2.27,2.94,,,,,,,,,,,13.7
1988,480,Nordfyns,19.71,2.25,2.87,,,,,,,,,,,13.47
1989,480,Nordfyns,19.62,2.2,2.84,,,,,,,,,,,13.3
1990,480,Nordfyns,19.27,2.19,2.77,,,,,,,,,,,13.1
1991,480,Nordfyns,19.26,2.21,2.72,,,,,,,,,,,13.14
1992,480,Nordfyns,19.31,2.22,2.74,,,,,,,,,,,13.17
1993,480,Nordfyns,19.35,2.23,2.73,,,,,,,,,,,13.2
1994,480,Nordfyns,19.33,2.22,2.69,,,,,,,,,,,13.24
1995,480,Nordfyns,19.11,2.23,2.63,,,,,,,,,,,13.16
1996,480,Nordfyns,19.52,2.27,2.7,,,,,,,,,,,13.44
1997,480,Nordfyns,20.33,2.29,2.79,,,,,,,,,,,13.88
1998,480,Nordfyns,20.84,2.31,2.86,,,,,,,,,,,14.18
1999,480,Nordfyns,20.36,2.3,2.86,,,,,,,,,,,13.89
2000,480,Nordfyns,20.83,2.35,2.89,3.8,8.5,,,,,,,,,14.22
2001,480,Nordfyns,21.35,2.35,2.97,3.8,8.5,,,,,,,,,14.53
2002,480,Nordfyns,21.64,2.3,3.01,3.8,8.1,,,,,,,,,14.58
2003,480,Nordfyns,20.16,2.3,2.81,4.0,8.2,,,,,,,,,13.81
2004,480,Nordfyns,20.86,2.34,2.91,4.0,8.5,,,77.2,,,,,,14.24
2005,480,Nordfyns,21.92,2.36,3.04,4.2,9.1,,,77.5,,,,,,14.89
2006,480,Nordfyns,23.17,2.36,3.18,3.7,8.3,,,77.8,,,,,,15.63
2007,480,Nordfyns,23.07,2.39,3.25,4.8,9.4,3.858333333333333,,77.9,,,,,,15.56
2008,480,Nordfyns,25.45,2.41,4.26,5.3,10.3,2.908333333333333,17.704838317529784,78.5,,,,,,16.69
2009,480,Nordfyns,23.8,2.38,3.68,5.2,9.2,5.683333333333334,17.99561082662765,78.8,,,,,,15.91
2010,480,Nordfyns,22.77,2.4,3.27,4.6,8.8,7.55,18.4632636146458,79.0,9084.0,3287.0,12371.0,73.42979548945114,26.570204510548862,15.44
2011,480,Nordfyns,23.84,2.41,3.39,4.5,8.8,7.441666666666666,18.74051964574057,78.8,9172.0,3510.0,12682.0,72.322977448352,27.677022551648005,16.06
2012,480,Nordfyns,22.02,2.36,3.02,4.1,8.0,7.175,19.226584907526455,78.8,9129.0,3632.0,12761.0,71.53828069900477,28.46171930099522,15.2
2013,480,Nordfyns,22.53,2.4,3.06,4.0,7.9,6.158333333333334,19.5370831259333,78.9,9083.0,3746.0,12829.0,70.8005300491075,29.19946995089251,15.53
2014,480,Nordfyns,22.63,2.43,3.15,4.4,8.7,5.008333333333334,20.060775132011557,79.3,8995.0,3843.0,12838.0,70.06543075245365,29.934569247546346,15.58
2015,480,Nordfyns,23.03,2.48,3.2,4.7,9.2,4.9750000000000005,20.762964434730776,79.6,8930.0,3957.0,12887.0,69.29463800729417,30.705361992705825,15.81
2016,480,Nordfyns,23.37,2.55,3.31,5.4,10.4,4.391666666666667,21.443462722128462,80.0,8928.0,4095.0,13023.0,68.55563234277817,31.44436765722184,16.0
2017,480,Nordfyns,23.61,2.58,3.3,5.9,10.5,4.883333333333334,21.918965945811582,80.6,8876.0,4251.0,13127.0,67.61636322084253,32.38363677915746,16.23
2018,480,Nordfyns,23.91,2.58,3.39,5.9,10.4,4.291666666666667,22.29327781082689,80.8,8847.0,4383.0,13230.0,66.87074829931973,33.12925170068027,16.39
2019,480,Nordfyns,24.63,2.59,3.46,6.1,10.6,4.133333333333334,22.8775469436676,80.7,8851.0,4390.0,13241.0,66.84540442564762,33.15459557435239,16.82
2020,480,Nordfyns,24.31,2.64,3.42,5.9,11.2,5.075,23.208518368994753,80.8,8834.0,4495.0,13329.0,66.27653987545953,33.72346012454048,16.76
2021,480,Nordfyns,24.66,2.64,3.48,5.9,11.3,3.6333333333333333,23.76252580693892,81.3,,,,,,16.98
2022,480,Nordfyns,25.21,2.61,3.64,5.8,10.8,2.6416666666666666,24.818613960470355,80.8,,,,,,17.13
2023,480,Nordfyns,25.56,2.63,3.71,6.0,11.1,2.8666666666666667,25.143288084464555,80.9,8871.0,4593.0,13464.0,65.8868092691622,34.113190730837786,17.34
2024,480,Nordfyns,24.8,2.62,3.51,5.7,11.2,3.091666666666667,25.566654834947517,81.2,8832.0,4613.0,13445.0,65.6898475269617,34.3101524730383,17.01
1987,482,Langeland,21.43,2.34,3.11,,,,,,,,,,,14.53
1988,482,Langeland,21.57,2.3,3.18,,,,,,,,,,,14.58
1989,482,Langeland,20.64,2.2,3.0,,,,,,,,,,,13.98
1990,482,Langeland,20.43,2.24,2.93,,,,,,,,,,,13.85
1991,482,Langeland,20.45,2.25,2.92,,,,,,,,,,,13.93
1992,482,Langeland,20.1,2.24,2.83,,,,,,,,,,,13.79
1993,482,Langeland,20.25,2.24,2.85,,,,,,,,,,,13.88
1994,482,Langeland,20.03,2.23,2.78,,,,,,,,,,,13.76
1995,482,Langeland,19.51,2.22,2.66,,,,,,,,,,,13.54
1996,482,Langeland,19.8,2.23,2.68,,,,,,,,,,,13.75
1997,482,Langeland,20.64,2.28,2.84,,,,,,,,,,,14.22
1998,482,Langeland,21.27,2.3,2.94,,,,,,,,,,,14.57
1999,482,Langeland,20.68,2.33,2.85,,,,,,,,,,,14.32
2000,482,Langeland,21.2,2.3,2.87,4.7,11.8,,,,,,,,,14.62
2001,482,Langeland,21.01,2.32,2.87,4.5,12.1,,,,,,,,,14.55
2002,482,Langeland,21.18,2.25,2.92,5.2,11.5,,,,,,,,,14.49
2003,482,Langeland,21.32,2.25,3.0,5.4,11.6,,,,,,,,,14.52
2004,482,Langeland,22.18,2.33,3.14,5.2,12.5,,,77.4,,,,,,15.13
2005,482,Langeland,22.72,2.37,3.17,6.1,13.7,,,77.3,,,,,,15.53
2006,482,Langeland,22.84,2.36,3.11,5.1,13.1,,,77.2,,,,,,15.64
2007,482,Langeland,25.49,2.37,3.68,5.7,12.9,5.341666666666666,,77.1,,,,,,17.03
2008,482,Langeland,27.47,2.41,4.53,6.1,13.7,3.358333333333333,14.737185056472631,77.9,,,,,,17.93
2009,482,Langeland,26.0,2.4,4.25,6.2,12.7,5.0,15.007089104591559,78.3,,,,,,17.2
2010,482,Langeland,23.35,2.43,3.36,5.9,13.2,7.158333333333334,15.522749807205024,78.4,4473.0,2159.0,6632.0,67.44571773220748,32.55428226779252,15.96
2011,482,Langeland,23.4,2.43,3.34,6.2,12.9,8.066666666666666,15.797117640487096,78.3,4420.0,2286.0,6706.0,65.91112436623919,34.088875633760814,16.02
2012,482,Langeland,23.47,2.37,3.32,5.7,11.9,8.174999999999999,16.035811423390754,78.6,4382.0,2264.0,6646.0,65.9343966295516,34.065603370448386,15.99
2013,482,Langeland,23.29,2.39,3.29,6.0,12.4,7.6000000000000005,16.317991631799163,78.9,4294.0,2282.0,6576.0,65.29805352798054,34.701946472019465,15.9
2014,482,Langeland,22.08,2.44,3.02,6.5,13.1,5.991666666666666,16.50005880277549,79.3,4219.0,2283.0,6502.0,64.88772685327592,35.112273146724085,15.38
2015,482,Langeland,22.8,2.47,3.19,6.4,13.6,5.441666666666666,16.740510118548677,79.2,4174.0,2341.0,6515.0,64.06753645433615,35.93246354566385,15.74
2016,482,Langeland,22.77,2.5,3.14,7.2,14.3,4.866666666666666,17.02153399467699,80.1,4117.0,2357.0,6474.0,63.592832869941304,36.407167130058696,15.82
2017,482,Langeland,23.24,2.53,3.22,7.6,14.3,5.591666666666666,17.237609329446062,79.8,4079.0,2444.0,6523.0,62.53257703510655,37.46742296489345,16.11
2018,482,Langeland,22.88,2.57,3.21,8.2,15.4,4.958333333333333,17.941176470588236,80.0,4067.0,2526.0,6593.0,61.68663734263613,38.31336265736387,15.92
2019,482,Langeland,25.0,2.53,3.49,7.7,14.9,4.4750000000000005,18.36073741903338,79.9,4028.0,2555.0,6583.0,61.18790824851891,38.812091751481084,17.1
2020,482,Langeland,26.83,2.56,3.65,7.6,15.8,5.833333333333333,18.801890407459446,80.1,3980.0,2571.0,6551.0,60.75408334605403,39.24591665394596,18.38
2021,482,Langeland,24.83,2.58,3.48,7.6,16.1,4.608333333333333,19.322990126939352,80.0,,,,,,17.17
2022,482,Langeland,25.79,2.59,3.61,7.6,15.9,3.225,20.020653156060412,80.6,,,,,,17.75
2023,482,Langeland,26.23,2.58,3.67,7.7,15.4,3.25,20.825172999086043,80.5,3871.0,2684.0,6555.0,59.05415713196034,40.94584286803967,18.02
2024,482,Langeland,25.27,2.61,3.54,7.7,17.1,3.5500000000000003,21.14819759679573,80.6,3881.0,2631.0,6512.0,59.59766584766585,40.40233415233415,17.49
1987,492,Ærø,24.63,2.67,3.78,,,,,,,,,,,16.6
1988,492,Ærø,24.77,2.67,3.8,,,,,,,,,,,16.69
1989,492,Ærø,22.07,2.42,3.29,,,,,,,,,,,14.95
1990,492,Ærø,22.43,2.42,3.38,,,,,,,,,,,15.13
1991,492,Ærø,22.95,2.42,3.43,,,,,,,,,,,15.5
1992,492,Ærø,22.19,2.45,3.17,,,,,,,,,,,15.19
1993,492,Ærø,22.27,2.41,3.22,,,,,,,,,,,15.25
1994,492,Ærø,21.6,2.44,3.01,,,,,,,,,,,15.03
1995,492,Ærø,21.43,2.39,2.97,,,,,,,,,,,14.86
1996,492,Ærø,21.12,2.39,2.93,,,,,,,,,,,14.7
1997,492,Ærø,21.95,2.47,3.01,,,,,,,,,,,15.29
1998,492,Ærø,22.45,2.5,3.09,,,,,,,,,,,15.64
1999,492,Ærø,23.46,2.44,3.35,,,,,,,,,,,15.92
2000,492,Ærø,22.69,2.47,3.19,6.3,12.3,,,,,,,,,15.63
2001,492,Ærø,23.75,2.53,3.36,6.3,12.6,,,,,,,,,16.28
2002,492,Ærø,24.8,2.46,3.51,5.7,11.0,,,,,,,,,16.74
2003,492,Ærø,22.86,2.37,3.17,5.4,9.9,,,,,,,,,15.57
2004,492,Ærø,22.81,2.44,3.13,5.5,12.2,,,,,,,,,15.71
2005,492,Ærø,25.6,2.49,3.75,6.2,12.9,,,,,,,,,17.32
2006,492,Ærø,24.66,2.49,3.47,6.3,12.6,,,,,,,,,16.89
2007,492,Ærø,25.58,2.58,3.6,6.2,11.2,4.083333333333333,,,,,,,,17.49
2008,492,Ærø,24.6,2.59,3.61,6.8,11.3,2.7083333333333335,21.261061946902654,,,,,,,16.91
2009,492,Ærø,24.99,2.72,3.72,7.8,12.3,4.208333333333333,21.64195618499668,,,,,,,17.22
2010,492,Ærø,24.89,2.67,3.59,7.7,11.9,4.691666666666666,22.116025783507446,,2458.0,940.0,3398.0,72.33666862860505,27.66333137139494,17.18
2011,492,Ærø,24.44,2.76,3.53,8.1,13.9,4.383333333333334,21.919642857142858,,2464.0,1063.0,3527.0,69.86107173235044,30.13892826764956,16.98
2012,492,Ærø,25.36,2.69,3.69,7.6,12.8,5.108333333333333,22.58506508335236,,2424.0,1116.0,3540.0,68.47457627118644,31.52542372881356,17.45
2013,492,Ærø,27.17,2.81,4.37,8.4,13.5,5.658333333333334,23.06963524396021,,2389.0,1120.0,3509.0,68.08207466514676,31.917925334853237,18.43
2014,492,Ærø,25.18,2.81,3.64,8.4,13.2,4.533333333333333,23.300266150496007,,2313.0,1145.0,3458.0,66.88837478311163,33.11162521688837,17.44
2015,492,Ærø,26.34,2.81,3.96,8.6,13.7,4.058333333333334,24.139614351964852,,2273.0,1157.0,3430.0,66.26822157434403,33.731778425655975,18.01
2016,492,Ærø,26.35,2.86,3.88,8.9,14.1,4.016666666666667,24.892486718947634,,2294.0,1147.0,3441.0,66.66666666666666,33.33333333333333,18.03
2017,492,Ærø,25.24,2.83,3.69,9.3,14.2,4.683333333333334,25.90315142198309,,2266.0,1153.0,3419.0,66.2766890903773,33.7233109096227,17.49
2018,492,Ærø,26.16,2.91,3.99,9.3,15.1,3.85,25.9678693705557,,2266.0,1137.0,3403.0,66.58830443726124,33.41169556273876,17.93
2019,492,Ærø,24.77,2.86,3.56,8.8,14.3,4.05,26.57718120805369,,2261.0,1096.0,3357.0,67.35180220434913,32.64819779565088,17.28
2020,492,Ærø,25.61,2.92,3.75,9.1,16.5,4.266666666666667,27.393906420021764,,2234.0,1084.0,3318.0,67.3297166968053,32.670283303194694,17.75
2021,492,Ærø,26.63,2.96,3.95,9.5,17.1,2.9916666666666667,28.509951586874667,,,,,,,18.34
2022,492,Ærø,27.02,3.02,4.15,10.3,17.7,1.8083333333333333,29.953917050691242,,,,,,,18.49
2023,492,Ærø,27.67,3.03,4.39,10.3,17.4,1.9166666666666667,30.633608815427,,2225.0,1110.0,3335.0,66.71664167916042,33.28335832083958,18.81
2024,492,Ærø,26.98,2.94,4.08,10.4,18.6,2.0083333333333333,30.824770896973064,,2222.0,1071.0,3293.0,67.47646522927423,32.52353477072578,18.49
1987,510,Haderslev,20.74,2.34,3.0,,,,,,,,,,,14.05
1988,510,Haderslev,20.67,2.28,2.98,,,,,,,,,,,13.95
1989,510,Haderslev,20.18,2.28,2.9,,,,,,,,,,,13.63
1990,510,Haderslev,20.2,2.3,2.87,,,,,,,,,,,13.71
1991,510,Haderslev,20.47,2.3,2.9,,,,,,,,,,,13.88
1992,510,Haderslev,20.65,2.3,2.89,,,,,,,,,,,14.04
1993,510,Haderslev,21.96,2.34,3.07,,,,,,,,,,,14.79
1994,510,Haderslev,20.43,2.3,2.84,,,,,,,,,,,13.96
1995,510,Haderslev,20.5,2.3,2.83,,,,,,,,,,,13.98
1996,510,Haderslev,20.57,2.33,2.83,,,,,,,,,,,14.1
1997,510,Haderslev,20.94,2.37,2.88,,,,,,,,,,,14.37
1998,510,Haderslev,21.31,2.4,2.98,,,,,,,,,,,14.53
1999,510,Haderslev,20.95,2.38,2.92,,,,,,,,,,,14.36
2000,510,Haderslev,21.67,2.38,2.99,4.3,9.0,,,,,,,,,14.79
2001,510,Haderslev,22.07,2.41,3.03,4.5,9.3,,,,,,,,,15.06
2002,510,Haderslev,21.62,2.34,3.0,4.3,8.7,,,,,,,,,14.7
2003,510,Haderslev,21.27,2.32,2.98,4.3,8.6,,,,,,,,,14.48
2004,510,Haderslev,22.61,2.41,3.17,4.7,9.7,,,77.2,,,,,,15.37
2005,510,Haderslev,23.49,2.43,3.29,4.6,9.7,,,77.4,,,,,,15.86
2006,510,Haderslev,24.44,2.43,3.38,4.6,9.6,,,77.6,,,,,,16.45
2007,510,Haderslev,24.74,2.42,3.5,4.8,9.4,3.3333333333333335,,77.7,,,,,,16.57
2008,510,Haderslev,27.46,2.46,4.76,5.7,10.3,2.1999999999999997,19.533972679402712,78.0,,,,,,17.8
2009,510,Haderslev,26.67,2.5,4.24,5.9,10.2,4.4750000000000005,19.9347571231969,78.0,,,,,,17.56
2010,510,Haderslev,25.12,2.56,3.69,6.0,10.6,6.458333333333333,20.321387578115036,78.5,14775.0,10364.0,25139.0,58.77322089184136,41.22677910815864,16.98
2011,510,Haderslev,24.94,2.57,3.64,6.5,11.3,6.0249999999999995,20.71949814364358,78.7,14834.0,10959.0,25793.0,57.511727988213856,42.488272011786144,16.89
2012,510,Haderslev,24.48,2.58,3.53,6.3,11.2,6.4750000000000005,20.963122090941642,79.1,14770.0,11066.0,25836.0,57.168292305310416,42.831707694689584,16.67
2013,510,Haderslev,25.06,2.63,3.61,6.3,11.6,5.741666666666667,21.423624470950365,79.3,14685.0,11233.0,25918.0,56.659464464850686,43.340535535149314,17.06
2014,510,Haderslev,25.01,2.68,3.66,6.8,12.5,4.766666666666667,22.068876563910745,79.9,14577.0,11428.0,26005.0,56.05460488367622,43.94539511632378,17.06
2015,510,Haderslev,25.14,2.71,3.64,6.8,12.5,4.2749999999999995,22.612009956440573,80.3,14493.0,11718.0,26211.0,55.29357903170424,44.70642096829575,17.2
2016,510,Haderslev,25.54,2.73,3.78,7.3,12.8,3.725,23.12517970567478,80.7,14432.0,11906.0,26338.0,54.79535272230238,45.204647277697624,17.38
2017,510,Haderslev,25.31,2.82,3.65,7.8,13.2,3.8833333333333333,23.428841557895844,81.2,14417.0,11936.0,26353.0,54.70724395704474,45.29275604295526,17.35
2018,510,Haderslev,25.44,2.8,3.7,7.5,13.3,3.525,24.067814513573467,81.3,14391.0,12034.0,26425.0,54.459791863765375,45.540208136234625,17.42
2019,510,Haderslev,26.33,2.8,3.81,7.6,13.3,3.475,24.369747899159663,81.5,14365.0,12125.0,26490.0,54.22801057002643,45.77198942997357,17.97
2020,510,Haderslev,26.06,2.81,3.73,7.4,13.2,4.266666666666667,24.61168293008956,81.5,14350.0,12117.0,26467.0,54.21846072467601,45.78153927532399,17.92
2021,510,Haderslev,26.14,2.79,3.74,7.1,13.5,3.033333333333333,25.06576475009395,81.7,,,,,,17.95
2022,510,Haderslev,25.74,2.73,3.69,6.8,12.9,2.283333333333333,25.95637223296798,81.5,,,,,,17.6
2023,510,Haderslev,25.54,2.71,3.6,6.8,12.9,2.716666666666667,26.268247439309622,81.8,14267.0,12130.0,26397.0,54.04780846308292,45.95219153691708,17.54
2024,510,Haderslev,26.2,2.72,3.79,7.1,13.4,2.8249999999999997,26.42566602914635,81.7,14253.0,12247.0,26500.0,53.784905660377355,46.215094339622645,17.85
1987,530,Billund,21.58,2.35,3.11,,,,,,,,,,,14.41
1988,530,Billund,23.73,2.33,3.35,,,,,,,,,,,15.61
1989,530,Billund,21.25,2.3,3.06,,,,,,,,,,,14.19
1990,530,Billund,20.76,2.28,2.98,,,,,,,,,,,13.91
1991,530,Billund,20.2,2.26,2.87,,,,,,,,,,,13.6
1992,530,Billund,20.74,2.28,2.95,,,,,,,,,,,13.92
1993,530,Billund,23.41,2.31,3.25,,,,,,,,,,,15.49
1994,530,Billund,21.6,2.23,2.97,,,,,,,,,,,14.39
1995,530,Billund,20.75,2.28,2.84,,,,,,,,,,,14.02
1996,530,Billund,21.22,2.32,2.91,,,,,,,,,,,14.34
1997,530,Billund,20.79,2.3,2.85,,,,,,,,,,,14.13
1998,530,Billund,21.15,2.32,2.9,,,,,,,,,,,14.35
1999,530,Billund,24.68,2.33,3.34,,,,,,,,,,,16.46
2000,530,Billund,21.29,2.33,2.96,3.3,7.0,,,,,,,,,14.43
2001,530,Billund,21.98,2.34,3.03,3.3,6.8,,,,,,,,,14.87
2002,530,Billund,21.48,2.32,3.0,3.3,6.7,,,,,,,,,14.52
2003,530,Billund,21.16,2.27,2.94,3.2,6.4,,,,,,,,,14.26
2004,530,Billund,21.62,2.39,2.99,3.4,7.4,,,77.6,,,,,,14.67
2005,530,Billund,21.93,2.38,3.02,3.6,7.5,,,77.9,,,,,,14.92
2006,530,Billund,22.44,2.43,3.11,3.4,7.8,,,78.4,,,,,,15.23
2007,530,Billund,24.4,2.42,3.37,3.7,7.8,1.9416666666666667,,78.5,,,,,,16.35
2008,530,Billund,24.32,2.43,3.63,4.4,8.7,1.2916666666666667,15.882874889086068,79.2,,,,,,16.06
2009,530,Billund,23.92,2.45,3.66,4.5,8.4,3.3083333333333336,16.12155975952788,79.3,,,,,,15.96
2010,530,Billund,25.03,2.51,3.7,4.4,8.7,4.1499999999999995,16.60949430120615,79.3,7433.0,3806.0,11239.0,66.1357772043776,33.86422279562238,16.7
2011,530,Billund,24.3,2.52,3.5,4.3,8.4,3.641666666666666,17.020689655172415,79.7,7537.0,3963.0,11500.0,65.5391304347826,34.460869565217386,16.37
2012,530,Billund,24.58,2.51,3.46,4.1,8.1,3.891666666666667,17.311810245429086,80.0,7485.0,4090.0,11575.0,64.66522678185746,35.33477321814255,16.57
2013,530,Billund,25.47,2.56,3.58,4.3,8.2,3.9,17.899906196545825,80.0,7454.0,4183.0,11637.0,64.05430952994759,35.94569047005242,17.18
2014,530,Billund,24.73,2.61,3.49,4.8,9.1,3.483333333333333,18.46680280368674,80.5,7403.0,4245.0,11648.0,63.55597527472527,36.44402472527473,16.78
2015,530,Billund,25.59,2.62,3.69,4.5,9.4,3.233333333333333,19.182233978068002,80.8,7340.0,4327.0,11667.0,62.91248821462244,37.08751178537756,17.33
2016,530,Billund,25.77,2.7,3.82,5.2,9.9,2.591666666666667,20.251905866755056,80.6,7292.0,4525.0,11817.0,61.7077092324617,38.29229076753829,17.41
2017,530,Billund,26.34,2.69,3.74,5.2,9.8,2.733333333333333,20.764480053413454,80.9,7281.0,4574.0,11855.0,61.41712357654998,38.58287642345002,17.83
2018,530,Billund,25.8,2.7,3.71,5.1,9.7,2.658333333333333,21.32561633925093,81.2,7270.0,4712.0,11982.0,60.67434485060925,39.325655149390755,17.54
2019,530,Billund,25.53,2.68,3.61,4.9,9.2,2.433333333333333,21.98145872891768,81.2,7270.0,4802.0,12072.0,60.222001325381044,39.777998674618956,17.42
2020,530,Billund,26.27,2.74,3.72,5.4,10.1,3.591666666666667,22.346651660101294,81.4,7284.0,4881.0,12165.0,59.8766954377312,40.1233045622688,17.96
2021,530,Billund,27.03,2.79,3.85,5.1,10.1,2.75,22.887165655203418,81.7,,,,,,18.51
2022,530,Billund,26.36,2.77,3.74,4.7,9.4,1.3666666666666665,24.279721823600838,81.8,,,,,,18.07
2023,530,Billund,48.79,2.75,8.3,4.9,9.1,1.7333333333333334,25.328803156510304,82.1,7286.0,5153.0,12439.0,58.57384034086341,41.42615965913659,36.18
2024,530,Billund,27.81,2.75,3.9,4.6,9.0,1.7750000000000001,26.163141993957705,82.1,7244.0,5212.0,12456.0,58.15671162491972,41.843288375080284,19.01
1987,540,Sønderborg,20.18,2.34,2.93,,,,,,,,,,,13.69
1988,540,Sønderborg,20.3,2.33,2.94,,,,,,,,,,,13.78
1989,540,Sønderborg,19.88,2.3,2.84,,,,,,,,,,,13.52
1990,540,Sønderborg,20.46,2.35,2.93,,,,,,,,,,,13.9
1991,540,Sønderborg,20.34,2.35,2.87,,,,,,,,,,,13.91
1992,540,Sønderborg,20.79,2.36,2.94,,,,,,,,,,,14.15
1993,540,Sønderborg,21.15,2.39,2.99,,,,,,,,,,,14.37
1994,540,Sønderborg,20.53,2.34,2.86,,,,,,,,,,,14.05
1995,540,Sønderborg,20.43,2.36,2.83,,,,,,,,,,,14.0
1996,540,Sønderborg,20.98,2.41,2.9,,,,,,,,,,,14.38
1997,540,Sønderborg,21.47,2.42,2.95,,,,,,,,,,,14.72
1998,540,Sønderborg,21.84,2.43,3.02,,,,,,,,,,,14.9
1999,540,Sønderborg,21.76,2.41,3.02,,,,,,,,,,,14.86
2000,540,Sønderborg,22.61,2.43,3.1,3.7,8.4,,,,,,,,,15.4
2001,540,Sønderborg,22.33,2.45,3.1,3.9,8.5,,,,,,,,,15.25
2002,540,Sønderborg,21.82,2.42,3.05,4.2,8.7,,,,,,,,,14.88
2003,540,Sønderborg,24.84,2.42,3.88,4.5,8.8,,,,,,,,,16.41
2004,540,Sønderborg,22.61,2.45,3.13,4.5,9.2,,,78.6,,,,,,15.46
2005,540,Sønderborg,22.8,2.48,3.17,4.8,9.7,,,79.0,,,,,,15.61
2006,540,Sønderborg,23.5,2.46,3.25,4.5,9.5,,,79.1,,,,,,16.0
2007,540,Sønderborg,23.93,2.44,3.37,4.7,9.6,2.9499999999999997,,79.3,,,,,,16.19
2008,540,Sønderborg,24.89,2.45,3.7,5.1,9.8,2.1750000000000003,22.693205320380244,79.3,,,,,,16.6
2009,540,Sønderborg,32.85,2.51,11.14,5.5,10.4,5.283333333333333,22.96155310239817,79.1,,,,,,20.79
2010,540,Sønderborg,24.39,2.58,3.42,5.7,10.7,6.3999999999999995,23.26499329373443,79.0,18745.0,15487.0,34232.0,54.758705304977795,45.2412946950222,16.75
2011,540,Sønderborg,26.43,2.61,3.93,6.0,11.0,5.783333333333334,23.654390934844194,79.3,18825.0,16584.0,35409.0,53.164449716173856,46.835550283826144,17.81
2012,540,Sønderborg,25.32,2.6,3.51,5.7,10.9,6.166666666666667,24.067534973468405,79.4,18811.0,16703.0,35514.0,52.96784366728614,47.03215633271386,17.39
2013,540,Sønderborg,25.04,2.66,3.49,6.0,11.5,6.1000000000000005,24.55884355726765,79.8,18724.0,16885.0,35609.0,52.5822123620433,47.4177876379567,17.28
2014,540,Sønderborg,25.77,2.68,3.63,6.0,11.8,4.8500000000000005,25.033952014486193,80.2,18612.0,16833.0,35445.0,52.50952179432924,47.490478205670755,17.7
2015,540,Sønderborg,25.78,2.74,3.67,6.3,12.1,4.391666666666667,25.58134920634921,80.4,18523.0,16971.0,35494.0,52.18628500591649,47.813714994083504,17.72
2016,540,Sønderborg,25.45,2.78,3.59,6.9,12.5,4.125,26.374985043672478,80.7,18455.0,17172.0,35627.0,51.80060066803267,48.19939933196733,17.57
2017,540,Sønderborg,26.61,2.82,3.83,7.1,12.7,3.9916666666666667,27.01604834513947,81.0,18409.0,17310.0,35719.0,51.53839693160502,48.46160306839497,18.28
2018,540,Sønderborg,25.89,2.8,3.69,6.9,12.4,3.533333333333333,27.68044143708716,81.2,18340.0,17479.0,35819.0,51.20187609927692,48.79812390072308,17.86
2019,540,Sønderborg,26.5,2.77,3.75,6.8,12.3,3.5583333333333336,28.40215075580805,81.4,18296.0,17397.0,35693.0,51.25935057294148,48.74064942705852,18.24
2020,540,Sønderborg,26.23,2.81,3.7,6.9,13.0,4.466666666666667,28.825783186837956,81.7,18254.0,17569.0,35823.0,50.956089663065626,49.043910336934374,18.16
2021,540,Sønderborg,26.85,2.85,3.8,6.9,13.4,3.0083333333333333,29.18646508279338,82.0,,,,,,18.57
2022,540,Sønderborg,26.76,2.79,3.85,6.8,12.8,2.1,30.175031073619007,81.9,,,,,,18.36
2023,540,Sønderborg,28.17,2.83,4.18,7.1,13.3,2.6916666666666664,30.71979173022556,81.8,18341.0,17917.0,36258.0,50.584698549285676,49.415301450714324,19.17
2024,540,Sønderborg,27.44,2.88,4.0,7.8,14.1,2.891666666666667,31.06962334909506,81.8,18413.0,17986.0,36399.0,50.58655457567516,49.41344542432484,18.82
1987,550,Tønder,21.03,2.42,3.09,,,,,,,,,,,14.32
1988,550,Tønder,21.18,2.39,3.1,,,,,,,,,,,14.4
1989,550,Tønder,20.28,2.33,2.93,,,,,,,,,,,13.79
1990,550,Tønder,20.47,2.34,2.95,,,,,,,,,,,13.9
1991,550,Tønder,20.43,2.32,2.9,,,,,,,,,,,13.88
1992,550,Tønder,20.55,2.34,2.92,,,,,,,,,,,13.97
1993,550,Tønder,20.69,2.35,2.95,,,,,,,,,,,14.05
1994,550,Tønder,20.29,2.31,2.83,,,,,,,,,,,13.86
1995,550,Tønder,20.12,2.32,2.78,,,,,,,,,,,13.8
1996,550,Tønder,20.68,2.37,2.86,,,,,,,,,,,14.2
1997,550,Tønder,21.58,2.38,2.97,,,,,,,,,,,14.72
1998,550,Tønder,22.29,2.4,3.09,,,,,,,,,,,15.12
1999,550,Tønder,22.03,2.37,3.07,,,,,,,,,,,14.93
2000,550,Tønder,22.46,2.4,3.1,4.8,9.6,,,,,,,,,15.23
2001,550,Tønder,22.86,2.42,3.19,4.9,10.0,,,,,,,,,15.46
2002,550,Tønder,22.47,2.39,3.19,5.5,10.0,,,,,,,,,15.21
2003,550,Tønder,22.56,2.35,3.21,5.1,9.7,,,,,,,,,15.21
2004,550,Tønder,22.93,2.45,3.22,5.3,10.7,,,77.1,,,,,,15.57
2005,550,Tønder,24.38,2.55,3.46,6.1,12.3,,,77.4,,,,,,16.48
2006,550,Tønder,24.88,2.49,3.48,5.3,11.2,,,77.5,,,,,,16.8
2007,550,Tønder,26.67,2.51,3.94,5.7,11.5,3.6666666666666665,,77.7,,,,,,17.7
2008,550,Tønder,30.34,2.52,6.66,7.0,12.4,2.3916666666666666,15.454284071305349,77.9,,,,,,19.4
2009,550,Tønder,28.86,2.58,5.79,7.5,12.8,5.075,15.692463988969921,78.3,,,,,,18.75
2010,550,Tønder,25.77,2.58,4.15,7.0,12.6,6.116666666666667,15.942925781676557,78.4,11360.0,6179.0,17539.0,64.76994127373283,35.230058726267174,17.21
2011,550,Tønder,25.46,2.57,3.92,6.7,12.4,6.166666666666667,16.389338830805478,78.7,11356.0,6599.0,17955.0,63.24700640490114,36.75299359509886,17.06
2012,550,Tønder,25.5,2.53,3.96,6.4,12.3,5.983333333333333,16.796585003711954,79.2,11293.0,6605.0,17898.0,63.09643535590569,36.90356464409431,17.04
2013,550,Tønder,24.57,2.58,3.56,6.5,12.4,6.091666666666666,17.174577999320267,79.4,11221.0,6671.0,17892.0,62.715179968701094,37.284820031298906,16.66
2014,550,Tønder,25.4,2.59,3.88,6.7,12.5,4.991666666666666,17.65020434666361,79.9,11152.0,6647.0,17799.0,62.6552053486151,37.34479465138491,17.07
2015,550,Tønder,24.62,2.6,3.59,6.6,12.8,4.0,18.09461688984384,80.4,11043.0,6698.0,17741.0,62.24564567949946,37.75435432050053,16.73
2016,550,Tønder,25.21,2.66,3.74,7.5,13.4,3.3083333333333336,18.69090063556038,80.7,10925.0,6785.0,17710.0,61.68831168831169,38.311688311688314,17.08
2017,550,Tønder,25.99,2.69,3.74,7.1,12.9,3.625,18.94016425498631,80.4,10880.0,6885.0,17765.0,61.24401913875598,38.75598086124402,17.71
2018,550,Tønder,25.3,2.69,3.71,7.4,13.3,3.3000000000000003,19.50363005050505,80.6,10844.0,6978.0,17822.0,60.84614521378072,39.15385478621928,17.21
2019,550,Tønder,26.32,2.67,3.72,7.0,13.2,3.3000000000000003,20.335119571302886,80.7,10716.0,7052.0,17768.0,60.31067086897794,39.68932913102206,17.94
2020,550,Tønder,26.67,2.73,3.81,7.4,14.1,4.033333333333333,20.738762794837562,80.7,10675.0,7038.0,17713.0,60.26647095353695,39.73352904646305,18.22
2021,550,Tønder,27.8,2.71,4.1,7.2,14.5,2.8666666666666667,21.294516907224924,80.8,,,,,,18.85
2022,550,Tønder,29.47,2.73,4.35,7.1,13.9,1.7916666666666667,21.592586517959653,81.1,,,,,,19.87
2023,550,Tønder,27.95,2.74,4.06,8.0,14.5,2.091666666666667,22.221761658031088,81.0,10480.0,7192.0,17672.0,59.30285196921684,40.69714803078316,18.99
2024,550,Tønder,28.61,2.8,4.19,8.3,15.5,2.1,22.428457703104705,80.7,10443.0,7149.0,17592.0,59.36221009549796,40.63778990450205,19.44
1987,561,Esbjerg,21.51,2.37,3.15,,,,,,,,,,,14.46
1988,561,Esbjerg,21.11,2.35,3.04,,,,,,,,,,,14.25
1989,561,Esbjerg,20.75,2.32,2.98,,,,,,,,,,,14.04
1990,561,Esbjerg,20.8,2.35,3.01,,,,,,,,,,,14.09
1991,561,Esbjerg,20.52,2.37,2.92,,,,,,,,,,,14.0
1992,561,Esbjerg,20.77,2.36,2.97,,,,,,,,,,,14.12
1993,561,Esbjerg,21.47,2.42,3.06,,,,,,,,,,,14.58
1994,561,Esbjerg,21.09,2.39,2.99,,,,,,,,,,,14.36
1995,561,Esbjerg,21.26,2.41,3.0,,,,,,,,,,,14.52
1996,561,Esbjerg,21.79,2.48,3.07,,,,,,,,,,,14.93
1997,561,Esbjerg,22.38,2.47,3.1,,,,,,,,,,,15.27
1998,561,Esbjerg,22.12,2.5,3.08,,,,,,,,,,,15.14
1999,561,Esbjerg,21.98,2.49,3.07,,,,,,,,,,,15.05
2000,561,Esbjerg,22.84,2.47,3.17,4.6,9.6,,,,,,,,,15.54
2001,561,Esbjerg,22.32,2.51,3.13,4.9,9.8,,,,,,,,,15.28
2002,561,Esbjerg,21.89,2.45,3.05,4.7,9.1,,,,,,,,,15.0
2003,561,Esbjerg,22.0,2.45,3.07,4.7,9.2,,,,,,,,,15.04
2004,561,Esbjerg,22.61,2.54,3.17,5.0,10.0,,,76.5,,,,,,15.5
2005,561,Esbjerg,22.77,2.54,3.18,5.3,10.1,,,76.9,,,,,,15.62
2006,561,Esbjerg,23.82,2.54,3.33,4.9,9.6,,,77.2,,,,,,16.21
2007,561,Esbjerg,24.49,2.54,3.44,5.1,9.9,2.6999999999999997,,77.6,,,,,,16.59
2008,561,Esbjerg,25.72,2.55,3.91,5.5,10.0,2.066666666666667,21.32191480017567,78.0,,,,,,17.13
2009,561,Esbjerg,25.01,2.63,3.76,5.9,10.4,4.075,21.71394569388449,78.0,,,,,,16.92
2010,561,Esbjerg,25.78,2.75,3.83,6.3,11.1,5.45,22.262698633618548,78.2,27236.0,25458.0,52694.0,51.68709910046685,48.31290089953315,17.57
2011,561,Esbjerg,26.08,2.79,3.86,6.6,11.6,5.258333333333334,22.726226947434704,78.5,27383.0,26512.0,53895.0,50.808052695055196,49.1919473049448,17.76
2012,561,Esbjerg,25.66,2.77,3.68,6.3,11.2,5.541666666666667,23.318521756021756,78.8,27313.0,26702.0,54015.0,50.565583634175695,49.434416365824305,17.6
2013,561,Esbjerg,26.79,2.85,3.92,6.5,11.7,5.55,24.10497702256299,79.0,27267.0,26946.0,54213.0,50.29605445188423,49.70394554811576,18.29
2014,561,Esbjerg,26.16,2.88,3.78,6.9,12.1,4.558333333333334,25.025003049152332,79.4,27202.0,27180.0,54382.0,50.02022728108565,49.97977271891435,18.02
2015,561,Esbjerg,26.27,2.93,3.81,7.0,12.4,4.391666666666667,25.953319781538536,79.6,27126.0,27665.0,54791.0,49.508130897410155,50.49186910258984,18.09
2016,561,Esbjerg,26.69,2.96,3.94,7.6,12.9,3.9250000000000003,26.847990552459684,80.0,27139.0,27872.0,55011.0,49.33376960971442,50.666230390285584,18.32
2017,561,Esbjerg,27.05,3.01,4.0,8.0,13.3,3.9333333333333336,27.642054952266566,80.2,27239.0,27949.0,55188.0,49.35674421975792,50.64325578024208,18.55
2018,561,Esbjerg,26.51,2.96,3.9,7.6,12.9,3.716666666666667,28.42320546715219,80.4,27321.0,28125.0,55446.0,49.27497024131588,50.72502975868412,18.24
2019,561,Esbjerg,27.2,2.94,4.02,7.4,12.6,3.3333333333333335,28.876105305466236,80.7,27336.0,28208.0,55544.0,49.21503672763935,50.78496327236065,18.6
2020,561,Esbjerg,26.88,2.96,3.92,7.4,13.0,4.25,29.44560338833049,80.8,27398.0,28365.0,55763.0,49.132937610960674,50.86706238903933,18.52
2021,561,Esbjerg,27.47,2.95,3.96,7.2,13.2,3.2083333333333335,30.081609894566096,80.8,,,,,,18.92
2022,561,Esbjerg,26.77,2.87,3.85,6.5,12.4,2.2916666666666665,30.830786400010147,80.7,,,,,,18.41
2023,561,Esbjerg,27.06,2.84,3.87,6.3,11.9,2.425,31.5486206720718,80.9,27644.0,28531.0,56175.0,49.210502892745886,50.789497107254114,18.58
2024,561,Esbjerg,27.01,2.85,3.84,6.1,11.7,2.4916666666666667,32.16902346551901,80.8,27566.0,28691.0,56257.0,49.00012442895995,50.99987557104004,18.57
1987,563,Fanø,25.67,2.98,4.43,,,,,,,,,,,17.18
1988,563,Fanø,22.03,2.59,3.29,,,,,,,,,,,14.97
1989,563,Fanø,19.72,2.32,2.84,,,,,,,,,,,13.42
1990,563,Fanø,20.1,2.48,2.93,,,,,,,,,,,13.72
1991,563,Fanø,20.75,2.51,3.0,,,,,,,,,,,14.12
1992,563,Fanø,21.28,2.46,3.12,,,,,,,,,,,14.49
1993,563,Fanø,22.52,2.52,3.36,,,,,,,,,,,15.24
1994,563,Fanø,20.4,2.49,2.91,,,,,,,,,,,14.0
1995,563,Fanø,21.41,2.59,3.02,,,,,,,,,,,14.78
1996,563,Fanø,22.61,2.53,3.22,,,,,,,,,,,15.4
1997,563,Fanø,21.91,2.68,3.13,,,,,,,,,,,15.13
1998,563,Fanø,22.43,2.7,3.19,,,,,,,,,,,15.53
1999,563,Fanø,21.79,2.59,3.08,,,,,,,,,,,15.08
2000,563,Fanø,23.78,2.67,3.45,4.9,8.1,,,,,,,,,16.2
2001,563,Fanø,23.83,2.73,3.47,5.0,8.2,,,,,,,,,16.32
2002,563,Fanø,23.11,2.7,3.23,3.2,6.8,,,,,,,,,16.05
2003,563,Fanø,23.42,2.61,3.3,4.2,7.0,,,,,,,,,16.05
2004,563,Fanø,23.03,2.58,3.28,3.4,6.3,,,,,,,,,15.84
2005,563,Fanø,23.87,2.63,3.35,4.0,6.8,,,,,,,,,16.41
2006,563,Fanø,24.45,2.65,3.45,3.9,6.9,,,,,,,,,16.85
2007,563,Fanø,25.94,2.67,3.67,4.0,6.7,2.8166666666666664,,,,,,,,17.8
2008,563,Fanø,24.85,2.69,3.52,4.4,6.8,1.9333333333333333,37.80918727915194,,,,,,,17.15
2009,563,Fanø,24.91,2.75,3.53,4.4,7.2,3.4583333333333335,37.741652021089635,,,,,,,17.26
2010,563,Fanø,26.13,2.77,3.83,4.4,7.5,4.3500000000000005,37.7258704275011,,1103.0,425.0,1528.0,72.18586387434554,27.81413612565445,17.92
2011,563,Fanø,25.68,2.76,3.73,4.4,7.5,4.133333333333334,37.89010989010989,,1107.0,438.0,1545.0,71.6504854368932,28.349514563106798,17.63
2012,563,Fanø,25.45,2.73,3.64,4.3,7.5,4.425,37.91887125220458,,1112.0,450.0,1562.0,71.19078104993598,28.809218950064018,17.5
2013,563,Fanø,26.08,2.8,3.72,3.8,7.3,4.175,38.67082961641392,,1117.0,469.0,1586.0,70.42875157629256,29.57124842370744,17.89
2014,563,Fanø,25.35,2.78,3.57,3.7,6.5,4.008333333333334,38.861274288296435,,1113.0,492.0,1605.0,69.34579439252336,30.654205607476637,17.56
2015,563,Fanø,25.39,2.87,3.57,3.6,8.0,4.2250000000000005,39.23818265259293,,1110.0,499.0,1609.0,68.98694841516469,31.0130515848353,17.64
2016,563,Fanø,25.49,2.89,3.65,5.5,9.3,3.975,40.526802218114604,,1117.0,508.0,1625.0,68.73846153846154,31.261538461538464,17.6
2017,563,Fanø,26.3,2.98,3.77,6.1,9.7,5.25,41.29930394431555,,1126.0,525.0,1651.0,68.20109024833434,31.798909751665654,18.23
2018,563,Fanø,25.79,2.83,3.69,5.7,9.3,4.675,40.74766355140187,,1152.0,545.0,1697.0,67.88450206246317,32.11549793753683,17.77
2019,563,Fanø,26.14,2.74,3.87,4.6,9.0,4.1499999999999995,41.25290023201856,,1147.0,538.0,1685.0,68.07121661721068,31.928783382789316,17.71
2020,563,Fanø,24.8,2.76,3.49,4.4,8.1,5.216666666666667,41.59462055715658,,1142.0,560.0,1702.0,67.09753231492363,32.90246768507638,17.12
2021,563,Fanø,26.53,2.8,3.73,4.6,8.1,4.366666666666666,42.44044725328148,,,,,,,18.14
2022,563,Fanø,24.62,2.76,3.48,3.8,8.0,2.8166666666666664,43.30357142857143,,,,,,,16.99
2023,563,Fanø,25.2,2.76,3.5,4.4,8.2,2.85,43.401015228426395,,1144.0,539.0,1683.0,67.97385620915033,32.02614379084967,17.55
2024,563,Fanø,26.34,2.82,3.73,5.1,9.2,2.2666666666666666,43.1794333683106,,1165.0,546.0,1711.0,68.08883693746347,31.91116306253653,18.25
1987,573,Varde,20.57,2.36,3.0,,,,,,,,,,,13.98
1988,573,Varde,20.61,2.36,2.97,,,,,,,,,,,14.02
1989,573,Varde,20.1,2.33,2.9,,,,,,,,,,,13.67
1990,573,Varde,20.06,2.31,2.88,,,,,,,,,,,13.65
1991,573,Varde,19.46,2.29,2.74,,,,,,,,,,,13.3
1992,573,Varde,20.09,2.3,2.85,,,,,,,,,,,13.68
1993,573,Varde,20.06,2.3,2.84,,,,,,,,,,,13.68
1994,573,Varde,19.46,2.25,2.7,,,,,,,,,,,13.34
1995,573,Varde,19.53,2.25,2.69,,,,,,,,,,,13.4
1996,573,Varde,20.15,2.32,2.78,,,,,,,,,,,13.81
1997,573,Varde,20.49,2.34,2.82,,,,,,,,,,,14.01
1998,573,Varde,20.9,2.35,2.9,,,,,,,,,,,14.24
1999,573,Varde,21.08,2.38,2.93,,,,,,,,,,,14.36
2000,573,Varde,20.85,2.37,2.89,3.7,7.7,,,,,,,,,14.2
2001,573,Varde,21.76,2.4,3.04,4.1,8.3,,,,,,,,,14.76
2002,573,Varde,21.16,2.35,2.96,4.0,8.0,,,,,,,,,14.37
2003,573,Varde,21.19,2.33,2.98,4.3,7.9,,,,,,,,,14.34
2004,573,Varde,21.64,2.41,3.03,4.0,8.4,,,78.2,,,,,,14.74
2005,573,Varde,22.65,2.45,3.17,4.3,8.7,,,78.4,,,,,,15.33
2006,573,Varde,23.18,2.44,3.26,3.8,8.2,,,78.3,,,,,,15.63
2007,573,Varde,25.04,2.44,3.64,4.3,8.5,1.8916666666666666,,78.3,,,,,,16.59
2008,573,Varde,28.33,2.43,5.54,5.2,9.1,1.3166666666666667,17.7065179505054,79.1,,,,,,18.1
2009,573,Varde,27.46,2.48,5.06,5.7,10.0,3.341666666666667,17.926878729938004,79.0,,,,,,17.76
2010,573,Varde,25.84,2.53,4.2,5.6,9.9,4.533333333333333,18.254221089518953,79.2,14713.0,6211.0,20924.0,70.31638310074555,29.683616899254446,17.08
2011,573,Varde,25.99,2.53,4.13,5.0,9.3,4.158333333333333,18.63785732980487,79.7,14901.0,6755.0,21656.0,68.80772072404876,31.19227927595124,17.16
2012,573,Varde,25.37,2.51,3.82,4.7,8.8,4.25,19.064979001399905,79.9,14865.0,6962.0,21827.0,68.1037247445824,31.8962752554176,16.89
2013,573,Varde,25.7,2.54,3.66,4.2,8.3,4.083333333333333,19.458120903131828,80.3,14764.0,7039.0,21803.0,67.71545200201807,32.284547997981925,17.28
2014,573,Varde,25.36,2.56,3.85,4.7,9.1,3.0833333333333335,20.044219468202712,80.9,14707.0,7203.0,21910.0,67.12460063897764,32.87539936102236,16.97
2015,573,Varde,24.68,2.57,3.61,4.9,9.4,3.0,20.63685754960923,81.3,14676.0,7409.0,22085.0,66.45234321937967,33.547656780620336,16.68
2016,573,Varde,25.12,2.63,3.77,5.8,10.4,2.6,21.35619868398067,81.5,14663.0,7667.0,22330.0,65.66502463054186,34.33497536945813,16.93
2017,573,Varde,25.62,2.63,3.79,5.5,9.9,2.85,21.628677872627534,81.8,14569.0,7816.0,22385.0,65.08376144739782,34.91623855260219,17.27
2018,573,Varde,24.37,2.63,3.58,5.7,10.3,2.7583333333333333,22.271168401135288,81.5,14571.0,7920.0,22491.0,64.7859143657463,35.2140856342537,16.6
2019,573,Varde,24.31,2.61,3.43,5.4,10.0,2.525,23.009775492511434,81.5,14502.0,8004.0,22506.0,64.43615035990402,35.563849640095974,16.63
2020,573,Varde,24.63,2.63,3.49,5.0,9.7,3.341666666666667,23.758608191373686,81.7,14454.0,7981.0,22435.0,64.42611990193893,35.57388009806107,16.88
2021,573,Varde,25.01,2.67,3.54,4.9,9.9,2.375,24.194085419378272,81.8,,,,,,17.16
2022,573,Varde,26.12,2.62,3.79,4.8,9.2,1.675,25.269822128429304,81.7,,,,,,17.63
2023,573,Varde,25.3,2.64,3.57,5.2,9.8,1.9083333333333332,25.826108045837625,82.1,14465.0,8230.0,22695.0,63.73650583829037,36.26349416170962,17.28
2024,573,Varde,25.99,2.65,3.61,4.8,10.1,2.0166666666666666,26.15361030200828,82.0,14391.0,8225.0,22616.0,63.631941987973114,36.368058012026886,17.76
1987,575,Vejen,21.2,2.4,3.14,,,,,,,,,,,14.38
1988,575,Vejen,20.97,2.31,3.03,,,,,,,,,,,14.18
1989,575,Vejen,20.23,2.28,2.89,,,,,,,,,,,13.72
1990,575,Vejen,19.88,2.26,2.87,,,,,,,,,,,13.53
1991,575,Vejen,19.65,2.22,2.76,,,,,,,,,,,13.38
1992,575,Vejen,20.05,2.29,2.83,,,,,,,,,,,13.69
1993,575,Vejen,20.19,2.27,2.83,,,,,,,,,,,13.78
1994,575,Vejen,19.95,2.24,2.79,,,,,,,,,,,13.6
1995,575,Vejen,19.74,2.27,2.73,,,,,,,,,,,13.56
1996,575,Vejen,20.04,2.3,2.77,,,,,,,,,,,13.78
1997,575,Vejen,20.4,2.34,2.83,,,,,,,,,,,14.02
1998,575,Vejen,21.21,2.36,2.98,,,,,,,,,,,14.46
1999,575,Vejen,20.78,2.36,2.9,,,,,,,,,,,14.23
2000,575,Vejen,21.12,2.39,2.94,4.2,8.8,,,,,,,,,14.47
2001,575,Vejen,21.66,2.38,3.01,4.1,8.8,,,,,,,,,14.75
2002,575,Vejen,20.89,2.34,2.91,4.4,8.5,,,,,,,,,14.24
2003,575,Vejen,20.99,2.3,2.94,4.3,8.0,,,,,,,,,14.28
2004,575,Vejen,21.12,2.38,2.94,4.0,8.5,,,77.9,,,,,,14.46
2005,575,Vejen,22.6,2.41,3.15,4.4,9.2,,,77.9,,,,,,15.34
2006,575,Vejen,22.54,2.41,3.12,3.9,8.6,,,78.5,,,,,,15.31
2007,575,Vejen,23.83,2.41,3.39,4.6,9.3,1.8166666666666667,,78.8,,,,,,15.99
2008,575,Vejen,28.28,2.42,5.36,5.1,9.8,1.175,16.518961253091508,78.9,,,,,,18.14
2009,575,Vejen,25.93,2.41,4.35,5.8,9.9,3.6999999999999997,16.82262281546718,79.1,,,,,,17.02
2010,575,Vejen,25.84,2.46,3.99,5.1,9.7,5.433333333333334,17.153875288365526,79.5,12179.0,5713.0,17892.0,68.0695282807959,31.930471719204114,17.12
2011,575,Vejen,24.35,2.46,3.63,5.1,9.7,4.625,17.65555173599175,79.4,12233.0,6035.0,18268.0,66.96409021239326,33.03590978760674,16.34
2012,575,Vejen,24.35,2.44,3.43,4.4,9.0,4.833333333333333,18.09592523878238,79.6,12192.0,6137.0,18329.0,66.51754050957499,33.48245949042501,16.43
2013,575,Vejen,24.52,2.5,3.37,4.5,9.5,4.833333333333333,18.451150613201047,79.9,12102.0,6260.0,18362.0,65.9078531750354,34.0921468249646,16.69
2014,575,Vejen,24.64,2.54,3.56,5.0,10.1,3.983333333333333,19.13478110996208,80.2,12051.0,6468.0,18519.0,65.07370808358984,34.92629191641017,16.67
2015,575,Vejen,25.13,2.58,3.56,5.2,10.5,3.5083333333333333,19.767162333871354,80.5,11972.0,6602.0,18574.0,64.45569075051147,35.544309249488535,17.04
2016,575,Vejen,25.4,2.62,3.75,6.0,11.0,3.1999999999999997,20.185542833494274,80.9,11924.0,6779.0,18703.0,63.7544778912474,36.24552210875261,17.14
2017,575,Vejen,25.74,2.63,3.68,6.1,11.0,3.0500000000000003,20.61506565307533,81.1,11893.0,6903.0,18796.0,63.27410087252608,36.72589912747393,17.43
2018,575,Vejen,25.13,2.61,3.58,5.8,10.8,2.725,21.142343463679424,81.5,11875.0,6988.0,18863.0,62.953930975984726,37.04606902401527,17.08
2019,575,Vejen,25.8,2.65,3.65,5.8,10.9,2.6333333333333333,21.58790826963169,81.4,11845.0,7056.0,18901.0,62.66864187080049,37.331358129199515,17.58
2020,575,Vejen,25.74,2.65,3.6,5.5,11.1,3.3000000000000003,22.21835883171071,81.6,11804.0,7191.0,18995.0,62.142669123453544,37.857330876546456,17.6
2021,575,Vejen,26.22,2.68,3.7,5.2,11.3,2.2666666666666666,22.826010791114847,81.7,,,,,,17.89
2022,575,Vejen,26.74,2.63,3.81,4.9,10.5,1.4083333333333332,23.553675673786138,81.8,,,,,,18.08
2023,575,Vejen,47.95,2.62,7.82,4.8,10.2,1.8333333333333333,23.956335228263523,81.8,11738.0,7467.0,19205.0,61.11950013017443,38.88049986982557,35.77
2024,575,Vejen,46.32,2.63,7.51,4.9,10.5,1.8583333333333334,24.405881942992544,81.8,11656.0,7557.0,19213.0,60.66725654504762,39.33274345495237,33.89
1987,580,Aabenraa,21.33,2.41,3.08,,,,,,,,,,,14.46
1988,580,Aabenraa,21.51,2.38,3.15,,,,,,,,,,,14.52
1989,580,Aabenraa,20.74,2.33,2.97,,,,,,,,,,,14.06
1990,580,Aabenraa,20.83,2.37,2.98,,,,,,,,,,,14.13
1991,580,Aabenraa,20.86,2.37,2.93,,,,,,,,,,,14.21
1992,580,Aabenraa,20.96,2.36,2.96,,,,,,,,,,,14.29
1993,580,Aabenraa,21.57,2.4,3.04,,,,,,,,,,,14.66
1994,580,Aabenraa,21.22,2.36,2.96,,,,,,,,,,,14.44
1995,580,Aabenraa,21.26,2.39,2.95,,,,,,,,,,,14.49
1996,580,Aabenraa,21.43,2.42,2.96,,,,,,,,,,,14.64
1997,580,Aabenraa,21.8,2.41,3.01,,,,,,,,,,,14.86
1998,580,Aabenraa,22.23,2.45,3.08,,,,,,,,,,,15.14
1999,580,Aabenraa,22.57,2.44,3.13,,,,,,,,,,,15.27
2000,580,Aabenraa,23.21,2.46,3.22,4.1,8.4,,,,,,,,,15.7
2001,580,Aabenraa,22.33,2.46,3.12,4.4,8.9,,,,,,,,,15.22
2002,580,Aabenraa,22.74,2.41,3.16,4.2,8.5,,,,,,,,,15.38
2003,580,Aabenraa,22.61,2.41,3.2,4.5,8.6,,,,,,,,,15.31
2004,580,Aabenraa,23.42,2.49,3.27,4.7,9.4,,,77.4,,,,,,15.92
2005,580,Aabenraa,23.89,2.51,3.35,5.0,9.8,,,77.8,,,,,,16.23
2006,580,Aabenraa,24.26,2.52,3.4,4.7,9.6,,,78.1,,,,,,16.47
2007,580,Aabenraa,25.36,2.52,3.62,5.3,10.1,3.841666666666667,,78.3,,,,,,17.04
2008,580,Aabenraa,26.88,2.53,4.31,5.8,10.7,2.8333333333333335,17.722298545644037,78.2,,,,,,17.69
2009,580,Aabenraa,25.57,2.59,4.04,6.5,11.3,5.225,17.943519534417785,78.5,,,,,,17.14
2010,580,Aabenraa,25.09,2.63,3.69,6.1,11.3,6.858333333333333,18.302190026145986,78.5,15737.0,10567.0,26304.0,59.827402676399025,40.172597323600975,17.05
2011,580,Aabenraa,25.01,2.66,3.66,6.4,11.6,6.4750000000000005,18.682375571050734,78.8,15778.0,11078.0,26856.0,58.750372356270475,41.24962764372952,17.04
2012,580,Aabenraa,24.83,2.64,3.54,5.9,11.4,6.908333333333334,19.09646442601484,79.1,15780.0,11193.0,26973.0,58.50294739183628,41.49705260816372,17.0
2013,580,Aabenraa,25.36,2.67,3.66,6.1,11.6,6.533333333333334,19.542115572967678,79.4,15676.0,11312.0,26988.0,58.08507484808063,41.91492515191937,17.3
2014,580,Aabenraa,27.42,2.71,4.37,6.3,12.1,5.241666666666666,20.023108314076403,79.4,15524.0,11432.0,26956.0,57.59014690606915,42.40985309393085,18.32
2015,580,Aabenraa,25.27,2.73,3.64,6.6,12.3,4.741666666666666,20.62652864589767,80.1,15458.0,11674.0,27132.0,56.973315642046295,43.02668435795371,17.33
2016,580,Aabenraa,25.38,2.76,3.65,7.1,12.8,4.0249999999999995,21.247268030995432,80.4,15625.0,11861.0,27486.0,56.847122171287204,43.152877828712796,17.42
2017,580,Aabenraa,26.17,2.81,3.75,7.4,13.0,3.9416666666666664,21.68313866427074,80.4,15558.0,12002.0,27560.0,56.45137880986938,43.548621190130625,17.92
2018,580,Aabenraa,25.91,2.76,3.76,7.2,12.8,3.5833333333333335,22.250652217539635,80.7,15544.0,12112.0,27656.0,56.20480185131617,43.79519814868383,17.69
2019,580,Aabenraa,26.72,2.78,3.86,7.2,12.7,3.4,22.92979127134725,80.9,15478.0,12230.0,27708.0,55.86112314133103,44.13887685866897,18.21
2020,580,Aabenraa,26.52,2.83,3.79,7.2,13.3,4.008333333333334,23.434276545348038,80.8,15457.0,12264.0,27721.0,55.75917174705097,44.24082825294903,18.22
2021,580,Aabenraa,27.31,2.8,3.96,7.0,13.4,2.858333333333333,23.94755710334938,81.0,,,,,,18.66
2022,580,Aabenraa,27.35,2.77,3.95,7.0,12.8,2.1416666666666666,24.901034350657643,81.4,,,,,,18.63
2023,580,Aabenraa,27.32,2.77,3.94,7.2,13.0,2.35,25.37709821313462,81.5,15410.0,12617.0,28027.0,54.982695258143934,45.017304741856066,18.6
2024,580,Aabenraa,28.14,2.82,4.1,7.2,13.5,2.525,25.819640315694137,81.5,15386.0,12603.0,27989.0,54.97159598413662,45.02840401586338,19.13
1987,607,Fredericia,19.15,2.26,2.75,,,,,,,,,,,13.03
1988,607,Fredericia,18.9,2.21,2.68,,,,,,,,,,,12.88
1989,607,Fredericia,18.85,2.19,2.67,,,,,,,,,,,12.79
1990,607,Fredericia,19.27,2.21,2.71,,,,,,,,,,,13.08
1991,607,Fredericia,19.22,2.25,2.73,,,,,,,,,,,13.15
1992,607,Fredericia,19.42,2.28,2.74,,,,,,,,,,,13.3
1993,607,Fredericia,19.74,2.31,2.76,,,,,,,,,,,13.51
1994,607,Fredericia,19.81,2.32,2.78,,,,,,,,,,,13.59
1995,607,Fredericia,19.89,2.32,2.75,,,,,,,,,,,13.68
1996,607,Fredericia,20.0,2.36,2.77,,,,,,,,,,,13.81
1997,607,Fredericia,20.42,2.37,2.83,,,,,,,,,,,14.06
1998,607,Fredericia,20.6,2.39,2.84,,,,,,,,,,,14.23
1999,607,Fredericia,20.37,2.38,2.82,,,,,,,,,,,14.07
2000,607,Fredericia,20.96,2.4,2.9,3.4,7.5,,,,,,,,,14.41
2001,607,Fredericia,20.83,2.43,2.92,3.6,7.8,,,,,,,,,14.31
2002,607,Fredericia,20.31,2.39,2.82,3.4,7.3,,,,,,,,,14.02
2003,607,Fredericia,20.74,2.39,2.89,3.5,7.4,,,,,,,,,14.26
2004,607,Fredericia,21.2,2.46,2.95,4.2,8.4,,,76.6,,,,,,14.68
2005,607,Fredericia,21.82,2.48,3.02,4.3,8.6,,,76.9,,,,,,15.04
2006,607,Fredericia,22.73,2.45,3.12,3.9,7.9,,,77.2,,,,,,15.53
2007,607,Fredericia,22.84,2.44,3.15,3.7,7.7,3.358333333333333,,77.2,,,,,,15.56
2008,607,Fredericia,22.53,2.44,3.22,4.3,8.2,2.5416666666666665,19.868688895897243,77.6,,,,,,15.31
2009,607,Fredericia,22.38,2.49,3.16,4.5,8.6,5.266666666666667,20.266255285110272,77.8,,,,,,15.44
2010,607,Fredericia,24.28,2.63,3.48,5.2,9.8,6.766666666666667,20.68358598762278,78.1,11467.0,11437.0,22904.0,50.06549074397485,49.93450925602515,16.65
2011,607,Fredericia,24.07,2.64,3.44,5.7,10.4,6.7250000000000005,21.150683377757616,78.3,11546.0,12048.0,23594.0,48.93617021276596,51.06382978723404,16.58
2012,607,Fredericia,23.82,2.67,3.35,5.7,10.7,7.075,21.69792582924269,78.7,11548.0,12102.0,23650.0,48.82875264270613,51.17124735729387,16.49
2013,607,Fredericia,24.4,2.75,3.43,6.1,11.4,6.466666666666666,22.053632429970392,79.1,11572.0,12163.0,23735.0,48.75500315989046,51.24499684010955,16.92
2014,607,Fredericia,25.05,2.83,3.59,6.6,12.6,5.358333333333333,22.680853491556366,79.4,11531.0,12283.0,23814.0,48.42109683379525,51.578903166204746,17.35
2015,607,Fredericia,25.58,2.87,3.64,6.6,12.6,5.016666666666667,23.542524005486968,79.5,11529.0,12392.0,23921.0,48.19614564608503,51.80385435391497,17.72
2016,607,Fredericia,27.22,2.92,3.89,7.2,13.0,4.733333333333333,24.060128847530425,79.9,11499.0,12497.0,23996.0,47.920486747791294,52.0795132522087,18.69
2017,607,Fredericia,26.13,2.99,3.76,7.7,13.8,4.591666666666667,24.733426717360853,80.3,11522.0,12618.0,24140.0,47.72990886495443,52.27009113504557,18.12
2018,607,Fredericia,25.64,2.98,3.69,7.7,13.2,4.216666666666667,25.47916250107115,80.5,11503.0,13061.0,24564.0,46.82869239537535,53.17130760462465,17.86
2019,607,Fredericia,26.18,2.98,3.76,7.6,13.3,4.166666666666667,26.314887784820968,80.7,11542.0,13059.0,24601.0,46.91679200032519,53.08320799967481,18.14
2020,607,Fredericia,26.22,2.99,3.78,7.5,13.5,5.05,27.067410905968224,81.1,11516.0,13072.0,24588.0,46.835854888563524,53.164145111436476,18.25
2021,607,Fredericia,27.12,3.03,3.91,7.6,13.6,3.875,27.60311261864721,81.3,,,,,,18.83
2022,607,Fredericia,26.96,2.96,3.91,7.2,13.2,2.533333333333333,28.23612087139845,81.0,,,,,,18.6
2023,607,Fredericia,26.53,2.93,3.8,7.1,12.8,2.9,28.947294997349402,81.0,11562.0,13766.0,25328.0,45.64908401768793,54.35091598231207,18.35
2024,607,Fredericia,26.51,2.93,3.79,7.1,12.5,3.1333333333333333,29.60445682451254,81.2,11556.0,14128.0,25684.0,44.99299174583398,55.007008254166024,18.36
1987,615,Horsens,20.77,2.37,3.03,,,,,,,,,,,14.14
1988,615,Horsens,20.57,2.36,2.98,,,,,,,,,,,14.05
1989,615,Horsens,21.95,2.34,3.12,,,,,,,,,,,14.69
1990,615,Horsens,20.44,2.36,2.94,,,,,,,,,,,13.95
1991,615,Horsens,20.96,2.38,2.98,,,,,,,,,,,14.28
1992,615,Horsens,21.13,2.4,3.02,,,,,,,,,,,14.41
1993,615,Horsens,21.58,2.44,3.08,,,,,,,,,,,14.7
1994,615,Horsens,20.65,2.38,2.89,,,,,,,,,,,14.19
1995,615,Horsens,21.53,2.39,2.97,,,,,,,,,,,14.7
1996,615,Horsens,21.29,2.43,2.95,,,,,,,,,,,14.65
1997,615,Horsens,21.78,2.45,3.01,,,,,,,,,,,14.97
1998,615,Horsens,22.11,2.46,3.06,,,,,,,,,,,15.14
1999,615,Horsens,22.36,2.47,3.1,,,,,,,,,,,15.29
2000,615,Horsens,22.45,2.49,3.12,4.2,9.4,,,,,,,,,15.35
2001,615,Horsens,22.51,2.48,3.12,4.5,9.6,,,,,,,,,15.4
2002,615,Horsens,21.85,2.43,3.05,4.2,8.7,,,,,,,,,14.93
2003,615,Horsens,21.87,2.41,3.02,4.3,8.7,,,,,,,,,14.95
2004,615,Horsens,22.68,2.5,3.2,4.7,9.7,,,76.7,,,,,,15.5
2005,615,Horsens,23.04,2.55,3.25,5.2,9.9,,,76.9,,,,,,15.76
2006,615,Horsens,24.03,2.51,3.39,4.8,9.3,,,77.3,,,,,,16.26
2007,615,Horsens,24.32,2.52,3.47,5.0,9.3,2.308333333333333,,77.4,,,,,,16.39
2008,615,Horsens,26.09,2.55,4.38,5.9,10.3,1.95,22.004710808688824,77.8,,,,,,17.2
2009,615,Horsens,24.19,2.6,3.63,5.9,10.4,5.133333333333334,22.49134349030471,78.2,,,,,,16.41
2010,615,Horsens,24.9,2.74,3.74,6.4,11.2,6.833333333333333,22.90415073730202,78.9,20637.0,14616.0,35253.0,58.539698749042635,41.460301250957365,16.95
2011,615,Horsens,24.6,2.71,3.65,6.3,10.9,6.091666666666666,23.449536935137058,79.1,20879.0,15361.0,36240.0,57.61313465783664,42.386865342163354,16.78
2012,615,Horsens,24.67,2.72,3.58,6.1,10.8,5.916666666666667,24.089729639239977,79.6,20912.0,15807.0,36719.0,56.9514420327351,43.048557967264905,16.88
2013,615,Horsens,25.18,2.77,3.65,6.2,11.1,5.691666666666666,24.82867946960815,79.9,21029.0,17358.0,38387.0,54.78156667621851,45.21843332378149,17.22
2014,615,Horsens,24.8,2.8,3.57,6.4,11.4,4.575,25.82247356774035,80.2,21108.0,18173.0,39281.0,53.735902853797,46.264097146203,17.06
2015,615,Horsens,25.31,2.83,3.69,6.6,11.7,4.083333333333333,26.69266390446015,80.3,21145.0,18518.0,39663.0,53.31165065678341,46.6883493432166,17.37
2016,615,Horsens,25.89,2.91,3.81,7.2,12.5,3.891666666666667,27.735955508986866,80.7,21194.0,18866.0,40060.0,52.90564153769346,47.09435846230654,17.74
2017,615,Horsens,26.4,2.97,3.92,7.6,12.6,3.716666666666667,28.346809702986146,81.0,21293.0,19185.0,40478.0,52.60388359108652,47.396116408913485,18.03
2018,615,Horsens,25.99,2.93,3.81,7.1,12.2,3.35,29.230670967329864,81.0,21415.0,19356.0,40771.0,52.52507910034093,47.474920899659075,17.83
2019,615,Horsens,25.98,2.88,3.74,6.8,11.7,3.375,30.091031425631282,81.0,21567.0,19557.0,41124.0,52.4438284213598,47.55617157864021,17.83
2020,615,Horsens,26.11,2.91,3.76,6.8,12.0,4.325,30.71518987341772,81.2,21674.0,19934.0,41608.0,52.0909440492213,47.90905595077869,17.96
2021,615,Horsens,26.43,2.9,3.83,6.7,12.3,3.0500000000000003,31.634386680258242,81.1,,,,,,18.12
2022,615,Horsens,25.4,2.81,3.66,6.3,11.4,2.1666666666666665,32.57926073684529,81.2,,,,,,17.4
2023,615,Horsens,25.45,2.8,3.66,6.4,11.5,2.625,33.00890795117123,81.4,22097.0,22157.0,44254.0,49.932209517783704,50.0677904822163,17.42
2024,615,Horsens,25.47,2.75,3.64,6.0,11.1,2.6666666666666665,33.572483331593155,81.4,22189.0,22480.0,44669.0,49.67427074705053,50.32572925294947,17.42
1987,621,Kolding,20.51,2.33,2.96,,,,,,,,,,,13.93
1988,621,Kolding,20.75,2.31,3.0,,,,,,,,,,,14.03
1989,621,Kolding,20.79,2.31,2.99,,,,,,,,,,,14.05
1990,621,Kolding,21.49,2.33,3.09,,,,,,,,,,,14.46
1991,621,Kolding,21.06,2.35,2.99,,,,,,,,,,,14.33
1992,621,Kolding,21.16,2.38,3.02,,,,,,,,,,,14.39
1993,621,Kolding,21.56,2.4,3.05,,,,,,,,,,,14.67
1994,621,Kolding,21.1,2.38,2.97,,,,,,,,,,,14.45
1995,621,Kolding,20.91,2.41,2.92,,,,,,,,,,,14.37
1996,621,Kolding,21.9,2.46,3.06,,,,,,,,,,,15.01
1997,621,Kolding,22.57,2.5,3.13,,,,,,,,,,,15.41
1998,621,Kolding,23.47,2.52,3.3,,,,,,,,,,,15.91
1999,621,Kolding,23.32,2.52,3.27,,,,,,,,,,,15.84
2000,621,Kolding,22.83,2.53,3.2,4.4,8.9,,,,,,,,,15.6
2001,621,Kolding,22.98,2.56,3.23,4.5,9.4,,,,,,,,,15.68
2002,621,Kolding,22.54,2.49,3.15,4.4,8.6,,,,,,,,,15.37
2003,621,Kolding,22.28,2.48,3.13,4.5,8.8,,,,,,,,,15.22
2004,621,Kolding,23.31,2.55,3.28,4.9,9.2,,,77.5,,,,,,15.87
2005,621,Kolding,23.82,2.59,3.36,5.1,9.5,,,77.6,,,,,,16.2
2006,621,Kolding,24.68,2.57,3.45,4.9,9.2,,,78.1,,,,,,16.69
2007,621,Kolding,24.54,2.55,3.47,4.8,9.0,2.566666666666667,,78.4,,,,,,16.57
2008,621,Kolding,26.14,2.57,3.99,5.3,9.4,1.7916666666666667,23.16813280135878,78.7,,,,,,17.31
2009,621,Kolding,24.63,2.6,3.68,5.8,9.7,4.283333333333333,23.666140929439692,78.9,,,,,,16.63
2010,621,Kolding,25.09,2.74,3.67,5.9,10.1,5.941666666666666,24.10836653386454,79.3,22026.0,16858.0,38884.0,56.64540685114701,43.354593148853,17.15
2011,621,Kolding,25.46,2.76,3.72,6.0,10.4,5.408333333333334,24.6255737496625,79.5,22232.0,17918.0,40150.0,55.37235367372354,44.62764632627646,17.35
2012,621,Kolding,25.15,2.73,3.59,5.7,10.0,5.566666666666666,25.358935264595644,79.7,22173.0,18143.0,40316.0,54.99801567615835,45.00198432384165,17.23
2013,621,Kolding,26.14,2.81,3.88,6.0,10.5,5.233333333333333,25.993419387496836,79.9,22116.0,18387.0,40503.0,54.60336271387305,45.39663728612695,17.83
2014,621,Kolding,25.82,2.87,3.79,6.3,11.0,4.566666666666666,26.82465947563184,80.2,22073.0,18627.0,40700.0,54.233415233415236,45.766584766584764,17.72
2015,621,Kolding,26.27,2.92,3.85,6.6,11.4,4.141666666666667,27.68903754180863,80.4,22069.0,19120.0,41189.0,53.57983927747699,46.420160722523,18.02
2016,621,Kolding,26.61,3.01,3.95,7.2,12.1,3.6333333333333333,28.780084798603315,80.5,21982.0,19542.0,41524.0,52.938059917156345,47.061940082843655,18.27
2017,621,Kolding,26.76,3.06,3.94,7.4,12.2,3.716666666666667,29.52506224456241,80.7,21927.0,19998.0,41925.0,52.3005366726297,47.6994633273703,18.41
2018,621,Kolding,26.85,3.02,3.97,7.3,12.0,3.35,30.17816325891599,81.1,22012.0,20254.0,42266.0,52.07968579946056,47.920314200539444,18.46
2019,621,Kolding,26.88,3.02,3.95,7.1,11.8,3.391666666666667,30.92162599601594,81.4,22074.0,20447.0,42521.0,51.91317231485619,48.08682768514381,18.47
2020,621,Kolding,27.87,3.05,4.07,7.2,12.3,4.258333333333334,31.52805854606428,81.5,22130.0,20727.0,42857.0,51.63683878946264,48.36316121053737,19.11
2021,621,Kolding,27.88,3.05,4.07,6.9,12.2,2.9583333333333335,32.1210130304879,81.7,,,,,,19.15
2022,621,Kolding,27.37,2.99,4.03,6.9,12.0,2.1750000000000003,32.94177574709805,81.9,,,,,,18.74
2023,621,Kolding,27.39,2.96,3.98,6.8,11.8,2.6083333333333334,33.45780318396952,81.8,22266.0,21690.0,43956.0,50.65520065520066,49.34479934479935,18.78
2024,621,Kolding,27.25,2.97,3.99,6.8,11.9,2.75,34.15812257917521,81.8,22225.0,22008.0,44233.0,50.24529197657858,49.75470802342143,18.69
1987,630,Vejle,21.32,2.43,3.15,,,,,,,,,,,14.47
1988,630,Vejle,21.31,2.4,3.12,,,,,,,,,,,14.44
1989,630,Vejle,21.68,2.38,3.16,,,,,,,,,,,14.6
1990,630,Vejle,21.91,2.38,3.17,,,,,,,,,,,14.75
1991,630,Vejle,21.12,2.39,3.02,,,,,,,,,,,14.39
1992,630,Vejle,21.71,2.42,3.1,,,,,,,,,,,14.73
1993,630,Vejle,21.63,2.42,3.09,,,,,,,,,,,14.71
1994,630,Vejle,21.04,2.41,2.96,,,,,,,,,,,14.39
1995,630,Vejle,21.08,2.41,2.92,,,,,,,,,,,14.47
1996,630,Vejle,21.5,2.47,3.0,,,,,,,,,,,14.75
1997,630,Vejle,22.77,2.49,3.16,,,,,,,,,,,15.48
1998,630,Vejle,22.26,2.51,3.12,,,,,,,,,,,15.23
1999,630,Vejle,23.13,2.52,3.23,,,,,,,,,,,15.69
2000,630,Vejle,22.6,2.54,3.17,4.1,8.4,,,,,,,,,15.44
2001,630,Vejle,22.73,2.56,3.21,4.4,8.8,,,,,,,,,15.53
2002,630,Vejle,22.15,2.51,3.13,4.1,8.1,,,,,,,,,15.15
2003,630,Vejle,22.51,2.5,3.19,4.1,8.0,,,,,,,,,15.33
2004,630,Vejle,23.01,2.57,3.24,4.4,8.5,,,77.3,,,,,,15.73
2005,630,Vejle,24.01,2.58,3.38,4.5,8.6,,,77.7,,,,,,16.32
2006,630,Vejle,24.8,2.58,3.49,4.2,8.1,,,78.0,,,,,,16.78
2007,630,Vejle,25.3,2.55,3.64,4.5,8.3,2.25,,78.4,,,,,,16.95
2008,630,Vejle,25.96,2.55,4.09,4.9,8.5,1.5416666666666667,24.462065776230244,78.6,,,,,,17.15
2009,630,Vejle,25.19,2.6,3.91,5.2,8.9,3.841666666666667,24.869389132635842,78.9,,,,,,16.88
2010,630,Vejle,26.41,2.72,3.98,5.5,9.4,5.066666666666666,25.29304471446581,79.0,26808.0,18973.0,45781.0,58.557043314912306,41.4429566850877,17.81
2011,630,Vejle,25.37,2.71,3.75,5.5,9.5,4.8999999999999995,25.727664555951684,79.3,27033.0,20014.0,47047.0,57.45956171488087,42.54043828511914,17.25
2012,630,Vejle,25.25,2.7,3.63,5.1,9.2,5.108333333333333,26.131994450683756,79.6,27058.0,20464.0,47522.0,56.93783931652708,43.06216068347292,17.25
2013,630,Vejle,26.57,2.77,3.99,5.3,9.4,5.041666666666667,26.974090676061152,80.0,27054.0,20960.0,48014.0,56.346065730828506,43.653934269171494,17.98
2014,630,Vejle,26.93,2.83,4.18,5.4,9.9,4.25,27.63108039248991,80.4,27127.0,21505.0,48632.0,55.78014476065142,44.219855239348576,18.18
2015,630,Vejle,26.15,2.85,3.77,5.4,9.8,3.8166666666666664,28.524653811310984,80.6,27124.0,22130.0,49254.0,55.06963901409022,44.93036098590977,17.94
2016,630,Vejle,26.32,2.93,3.86,6.1,10.6,3.3333333333333335,29.541284403669728,80.7,27222.0,22626.0,49848.0,54.610014443909485,45.389985556090515,18.06
2017,630,Vejle,27.02,2.99,3.97,6.4,10.7,3.4416666666666664,30.361860999425616,80.8,27268.0,23279.0,50547.0,53.94583259144954,46.054167408550455,18.51
2018,630,Vejle,26.91,2.97,3.98,6.4,10.6,3.1666666666666665,30.94067602333223,80.9,27501.0,23621.0,51122.0,53.794843707210205,46.205156292789795,18.43
2019,630,Vejle,27.29,2.99,3.98,6.1,10.5,3.025,31.900901698430562,80.9,27575.0,23920.0,51495.0,53.548888241576854,46.451111758423146,18.72
2020,630,Vejle,27.5,3.0,4.02,6.1,10.6,4.008333333333334,32.73815498895804,81.1,27760.0,24239.0,51999.0,53.38564203157753,46.61435796842247,18.88
2021,630,Vejle,28.11,3.04,4.09,6.1,10.7,2.9333333333333336,33.61832893448818,81.5,,,,,,19.32
2022,630,Vejle,27.01,2.96,3.93,5.6,10.3,2.0083333333333333,34.68453147396808,81.7,,,,,,18.57
2023,630,Vejle,27.63,2.93,4.03,5.7,10.0,2.408333333333333,35.353754535700936,81.8,28238.0,26528.0,54766.0,51.56118759814483,48.43881240185517,18.91
2024,630,Vejle,27.78,2.95,4.03,5.7,10.1,2.566666666666667,36.12164107485605,81.9,28366.0,26797.0,55163.0,51.42214890415677,48.57785109584323,19.03
1987,657,Herning,21.2,2.38,3.12,,,,,,,,,,,14.25
1988,657,Herning,21.31,2.37,3.15,,,,,,,,,,,14.33
1989,657,Herning,22.16,2.35,3.24,,,,,,,,,,,14.7
1990,657,Herning,21.4,2.4,3.09,,,,,,,,,,,14.4
1991,657,Herning,21.18,2.38,3.03,,,,,,,,,,,14.3
1992,657,Herning,21.29,2.4,3.07,,,,,,,,,,,14.41
1993,657,Herning,22.03,2.42,3.21,,,,,,,,,,,14.81
1994,657,Herning,21.02,2.39,2.97,,,,,,,,,,,14.3
1995,657,Herning,21.11,2.38,2.95,,,,,,,,,,,14.37
1996,657,Herning,21.26,2.4,2.96,,,,,,,,,,,14.49
1997,657,Herning,21.89,2.41,3.03,,,,,,,,,,,14.86
1998,657,Herning,22.48,2.45,3.15,,,,,,,,,,,15.19
1999,657,Herning,22.25,2.42,3.1,,,,,,,,,,,15.07
2000,657,Herning,22.53,2.42,3.13,4.0,8.3,,,,,,,,,15.22
2001,657,Herning,23.1,2.47,3.22,4.4,8.7,,,,,,,,,15.6
2002,657,Herning,22.22,2.41,3.11,4.5,8.6,,,,,,,,,15.05
2003,657,Herning,22.08,2.4,3.11,4.5,8.6,,,,,,,,,14.93
2004,657,Herning,22.6,2.48,3.17,4.4,9.1,,,77.2,,,,,,15.36
2005,657,Herning,23.83,2.5,3.33,4.8,9.2,,,77.2,,,,,,16.09
2006,657,Herning,23.75,2.48,3.32,4.6,8.7,,,77.6,,,,,,15.99
2007,657,Herning,24.95,2.48,3.56,4.8,8.8,2.316666666666667,,77.8,,,,,,16.65
2008,657,Herning,26.85,2.47,4.46,5.7,9.5,1.6333333333333335,19.863895530623505,78.1,,,,,,17.4
2009,657,Herning,25.25,2.57,4.03,6.2,10.1,4.208333333333333,20.283742331288344,78.6,,,,,,16.75
2010,657,Herning,24.88,2.63,3.7,6.0,10.1,5.466666666666666,20.881928430412927,79.2,22419.0,14174.0,36593.0,61.265815866422535,38.73418413357746,16.74
2011,657,Herning,26.68,2.69,3.99,6.3,10.2,5.325,21.413156290670663,79.6,22605.0,14777.0,37382.0,60.47027981381413,39.52972018618586,17.79
2012,657,Herning,24.72,2.65,3.6,5.9,9.9,5.55,22.064870554952464,80.2,22686.0,15048.0,37734.0,60.12084592145015,39.87915407854985,16.72
2013,657,Herning,24.79,2.69,3.56,6.0,10.3,5.291666666666667,22.7994227994228,80.5,22633.0,15523.0,38156.0,59.31701436209246,40.682985637907535,16.86
2014,657,Herning,25.07,2.7,3.66,6.0,10.4,4.283333333333333,23.627370156636438,81.0,22685.0,15847.0,38532.0,58.87314439946019,41.12685560053981,17.02
2015,657,Herning,24.82,2.73,3.59,6.1,10.4,3.8083333333333336,24.483199894999345,81.0,22582.0,16304.0,38886.0,58.072313943321504,41.927686056678496,16.94
2016,657,Herning,25.65,2.8,3.77,6.7,11.2,3.4,25.30720528637229,81.0,22563.0,16840.0,39403.0,57.26213740070553,42.737862599294466,17.41
2017,657,Herning,25.94,2.84,3.78,6.7,11.3,3.6,25.81039655622228,81.1,22589.0,17218.0,39807.0,56.746300901851434,43.253699098148566,17.66
2018,657,Herning,26.0,2.85,3.82,6.8,11.2,3.525,26.36081125286228,81.3,22649.0,17397.0,40046.0,56.55745892223942,43.44254107776058,17.69
2019,657,Herning,26.07,2.84,3.78,6.5,11.0,3.2583333333333333,26.9773155351732,81.3,22722.0,17459.0,40181.0,56.54911525347801,43.45088474652199,17.79
2020,657,Herning,26.9,2.88,3.94,6.5,11.3,3.975,27.505460039082386,81.6,22777.0,17825.0,40602.0,56.09822176247475,43.90177823752525,18.31
2021,657,Herning,26.59,2.85,3.84,6.2,11.1,2.75,28.153197655272344,81.7,,,,,,18.18
2022,657,Herning,26.4,2.8,3.79,5.8,10.6,1.7833333333333332,29.06232085824257,81.7,,,,,,17.99
2023,657,Herning,26.31,2.75,3.77,5.8,10.5,2.225,29.57954508156366,81.7,22918.0,18494.0,41412.0,55.341446923597026,44.658553076402974,17.89
2024,657,Herning,26.51,2.76,3.77,6.0,10.8,2.308333333333333,30.172030619804097,81.7,22940.0,18375.0,41315.0,55.52462785913107,44.475372140868934,18.07
1987,661,Holstebro,21.12,2.41,3.09,,,,,,,,,,,14.33
1988,661,Holstebro,21.28,2.41,3.15,,,,,,,,,,,14.41
1989,661,Holstebro,21.6,2.4,3.21,,,,,,,,,,,14.49
1990,661,Holstebro,21.39,2.4,3.15,,,,,,,,,,,14.38
1991,661,Holstebro,20.97,2.37,3.04,,,,,,,,,,,14.16
1992,661,Holstebro,21.98,2.37,3.23,,,,,,,,,,,14.72
1993,661,Holstebro,21.59,2.41,3.13,,,,,,,,,,,14.56
1994,661,Holstebro,20.98,2.35,2.94,,,,,,,,,,,14.23
1995,661,Holstebro,20.73,2.36,2.89,,,,,,,,,,,14.1
1996,661,Holstebro,21.24,2.42,2.96,,,,,,,,,,,14.48
1997,661,Holstebro,21.8,2.45,3.05,,,,,,,,,,,14.82
1998,661,Holstebro,22.83,2.48,3.23,,,,,,,,,,,15.4
1999,661,Holstebro,22.54,2.49,3.21,,,,,,,,,,,15.23
2000,661,Holstebro,22.33,2.45,3.14,4.8,9.5,,,,,,,,,15.09
2001,661,Holstebro,24.3,2.49,3.45,5.1,9.8,,,,,,,,,16.21
2002,661,Holstebro,22.93,2.44,3.23,5.1,9.5,,,,,,,,,15.41
2003,661,Holstebro,22.59,2.43,3.21,5.3,9.6,,,,,,,,,15.21
2004,661,Holstebro,22.72,2.48,3.21,5.2,9.8,,,77.1,,,,,,15.4
2005,661,Holstebro,23.56,2.49,3.3,5.0,9.5,,,77.1,,,,,,15.91
2006,661,Holstebro,24.82,2.5,3.49,5.1,9.5,,,77.6,,,,,,16.64
2007,661,Holstebro,26.44,2.51,3.78,5.0,9.5,2.15,,77.7,,,,,,17.56
2008,661,Holstebro,27.39,2.52,4.6,6.0,10.3,1.7249999999999999,21.216513394642142,78.1,,,,,,17.74
2009,661,Holstebro,25.46,2.54,4.13,5.9,10.0,4.433333333333333,21.74740267868319,78.4,,,,,,16.87
2010,661,Holstebro,25.51,2.6,3.9,5.8,10.0,5.308333333333334,22.22916875062519,78.8,15900.0,9231.0,25131.0,63.26847320042975,36.731526799570254,17.08
2011,661,Holstebro,25.34,2.65,3.76,6.1,10.3,5.066666666666666,22.724760038192873,79.1,16013.0,9743.0,25756.0,62.17192110576176,37.82807889423824,17.05
2012,661,Holstebro,26.0,2.62,3.81,5.7,9.9,4.9,23.04878354338403,79.6,15989.0,9849.0,25838.0,61.88172459168666,38.11827540831334,17.45
2013,661,Holstebro,26.45,2.64,3.81,5.4,9.7,4.3,23.82173290098786,79.9,16005.0,10026.0,26031.0,61.48438400368791,38.51561599631209,17.81
2014,661,Holstebro,24.45,2.65,3.52,5.6,9.9,3.5083333333333333,24.507933319943763,80.5,15956.0,10192.0,26148.0,61.02187547804804,38.97812452195197,16.66
2015,661,Holstebro,24.95,2.69,3.61,5.7,10.3,3.283333333333333,25.241424403983505,80.8,15903.0,10312.0,26215.0,60.66374213236696,39.33625786763304,16.97
2016,661,Holstebro,26.07,2.79,3.98,6.8,11.4,3.141666666666667,25.826331941439857,80.9,15886.0,10409.0,26295.0,60.4145274767066,39.585472523293404,17.56
2017,661,Holstebro,25.87,2.82,3.86,7.0,11.4,3.1833333333333336,26.283114663449453,81.1,15890.0,10636.0,26526.0,59.90349091457438,40.096509085425616,17.5
2018,661,Holstebro,25.12,2.79,3.72,6.9,11.3,2.6333333333333333,26.998940624527062,81.6,15938.0,10724.0,26662.0,59.777961143200066,40.22203885679994,17.12
2019,661,Holstebro,25.73,2.79,3.78,6.7,11.1,2.6,27.571829277537713,81.7,15912.0,10852.0,26764.0,59.4529965625467,40.54700343745329,17.48
2020,661,Holstebro,26.4,2.84,3.94,6.9,11.7,3.3083333333333336,28.24559177977927,81.9,15904.0,10940.0,26844.0,59.246014006854416,40.753985993145584,17.93
2021,661,Holstebro,27.54,2.85,4.03,6.4,11.5,2.308333333333333,28.537286110192976,82.1,,,,,,18.66
2022,661,Holstebro,26.77,2.79,3.92,6.3,11.3,1.575,29.104873550440868,82.2,,,,,,18.11
2023,661,Holstebro,26.22,2.75,3.74,6.2,11.2,1.825,29.470937009071097,82.0,15852.0,11363.0,27215.0,58.24729009737277,41.75270990262723,17.83
2024,661,Holstebro,26.73,2.72,3.8,6.0,11.2,1.9416666666666667,29.98659280058688,81.7,15869.0,11440.0,27309.0,58.109048299095534,41.890951700904466,18.15
1987,665,Lemvig,23.13,2.62,3.56,,,,,,,,,,,15.68
1988,665,Lemvig,23.04,2.59,3.58,,,,,,,,,,,15.55
1989,665,Lemvig,22.9,2.51,3.58,,,,,,,,,,,15.38
1990,665,Lemvig,22.36,2.45,3.41,,,,,,,,,,,14.98
1991,665,Lemvig,21.55,2.45,3.17,,,,,,,,,,,14.64
1992,665,Lemvig,22.68,2.53,3.41,,,,,,,,,,,15.26
1993,665,Lemvig,22.72,2.5,3.42,,,,,,,,,,,15.26
1994,665,Lemvig,21.22,2.43,3.05,,,,,,,,,,,14.45
1995,665,Lemvig,20.75,2.43,2.93,,,,,,,,,,,14.23
1996,665,Lemvig,21.23,2.42,2.99,,,,,,,,,,,14.53
1997,665,Lemvig,22.04,2.46,3.09,,,,,,,,,,,15.02
1998,665,Lemvig,22.38,2.53,3.19,,,,,,,,,,,15.17
1999,665,Lemvig,22.18,2.47,3.15,,,,,,,,,,,15.02
2000,665,Lemvig,22.42,2.47,3.18,4.7,9.6,,,,,,,,,15.18
2001,665,Lemvig,22.99,2.48,3.26,5.0,9.6,,,,,,,,,15.57
2002,665,Lemvig,22.49,2.42,3.2,4.8,9.3,,,,,,,,,15.19
2003,665,Lemvig,23.03,2.4,3.36,5.5,9.8,,,,,,,,,15.4
2004,665,Lemvig,23.88,2.49,3.47,5.4,10.4,,,77.6,,,,,,16.01
2005,665,Lemvig,23.54,2.47,3.4,4.9,9.8,,,77.5,,,,,,15.82
2006,665,Lemvig,24.73,2.49,3.47,4.3,9.2,,,77.2,,,,,,16.65
2007,665,Lemvig,28.56,2.48,4.39,4.7,9.4,3.1,,77.6,,,,,,18.62
2008,665,Lemvig,32.29,2.53,7.98,6.4,10.8,1.991666666666667,17.004856629632094,77.8,,,,,,20.25
2009,665,Lemvig,29.19,2.56,6.03,6.6,10.9,4.291666666666667,17.35217652156523,77.6,,,,,,18.87
2010,665,Lemvig,30.57,2.56,5.57,5.9,10.0,4.883333333333334,17.696912625277463,78.2,6740.0,2779.0,9519.0,70.80575690723816,29.194243092761845,19.65
2011,665,Lemvig,26.68,2.54,4.14,5.2,9.2,4.75,18.106549032914828,78.6,6734.0,2964.0,9698.0,69.43699731903486,30.563002680965145,17.73
2012,665,Lemvig,25.45,2.51,3.73,5.2,9.0,4.841666666666667,18.44553913519431,79.3,6700.0,2955.0,9655.0,69.39409632314863,30.60590367685137,17.1
2013,665,Lemvig,27.11,2.52,3.84,4.5,8.4,4.483333333333333,18.9037098791163,79.7,6619.0,3006.0,9625.0,68.76883116883117,31.23116883116883,18.25
2014,665,Lemvig,24.95,2.57,3.64,5.0,9.2,3.283333333333333,19.386459802538784,80.0,6539.0,3000.0,9539.0,68.55016249082712,31.449837509172866,16.9
2015,665,Lemvig,26.06,2.62,3.85,5.2,9.2,2.8666666666666667,19.92564524201044,80.0,6514.0,3015.0,9529.0,68.35974393955294,31.640256060447058,17.58
2016,665,Lemvig,30.29,2.62,4.86,5.8,9.7,3.025,20.449927431059507,80.4,6444.0,3047.0,9491.0,67.89590138025497,32.10409861974502,19.91
2017,665,Lemvig,27.38,2.63,3.93,5.5,9.4,3.5583333333333336,20.637829912023463,80.5,6400.0,3070.0,9470.0,67.5818373812038,32.418162618796195,18.55
2018,665,Lemvig,25.74,2.64,3.76,5.9,10.0,2.775,21.23282584478277,80.2,6350.0,3122.0,9472.0,67.03969594594594,32.96030405405405,17.44
2019,665,Lemvig,26.71,2.67,3.76,5.4,9.9,2.725,21.84510250569476,80.3,6313.0,3110.0,9423.0,66.99564894407301,33.00435105592699,18.2
2020,665,Lemvig,28.26,2.7,4.03,5.4,10.2,3.3249999999999997,22.054636398614853,80.9,6262.0,3123.0,9385.0,66.72349493873202,33.27650506126798,19.18
2021,665,Lemvig,29.09,2.76,4.18,5.1,10.9,2.533333333333333,22.63767209011264,81.3,,,,,,19.73
2022,665,Lemvig,29.68,2.69,4.4,5.2,10.4,2.125,23.699874686716793,81.1,,,,,,19.9
2023,665,Lemvig,29.45,2.71,4.13,5.0,10.2,2.1583333333333337,24.09246167288903,81.8,6121.0,3170.0,9291.0,65.88096006888387,34.119039931116134,20.07
2024,665,Lemvig,29.89,2.74,4.25,5.0,11.4,2.1333333333333333,24.411621490017854,81.8,6035.0,3181.0,9216.0,65.48394097222221,34.51605902777778,20.34
1987,671,Struer,20.29,2.31,3.01,,,,,,,,,,,13.73
1988,671,Struer,20.21,2.32,2.96,,,,,,,,,,,13.74
1989,671,Struer,20.27,2.25,2.98,,,,,,,,,,,13.62
1990,671,Struer,19.81,2.22,2.86,,,,,,,,,,,13.39
1991,671,Struer,19.28,2.25,2.76,,,,,,,,,,,13.13
1992,671,Struer,20.28,2.26,2.89,,,,,,,,,,,13.69
1993,671,Struer,20.25,2.27,2.84,,,,,,,,,,,13.7
1994,671,Struer,19.6,2.23,2.76,,,,,,,,,,,13.32
1995,671,Struer,19.49,2.24,2.7,,,,,,,,,,,13.3
1996,671,Struer,20.31,2.29,2.81,,,,,,,,,,,13.82
1997,671,Struer,20.84,2.31,2.86,,,,,,,,,,,14.15
1998,671,Struer,20.93,2.35,2.91,,,,,,,,,,,14.2
1999,671,Struer,20.94,2.36,2.93,,,,,,,,,,,14.21
2000,671,Struer,21.33,2.37,2.97,4.1,8.5,,,,,,,,,14.43
2001,671,Struer,21.84,2.43,3.05,4.1,9.0,,,,,,,,,14.78
2002,671,Struer,21.25,2.37,2.96,4.2,8.7,,,,,,,,,14.44
2003,671,Struer,21.01,2.35,2.96,4.5,8.8,,,,,,,,,14.27
2004,671,Struer,21.45,2.39,2.99,4.1,8.9,,,77.7,,,,,,14.61
2005,671,Struer,22.28,2.43,3.09,4.4,8.9,,,78.0,,,,,,15.16
2006,671,Struer,23.12,2.43,3.22,4.1,8.7,,,78.1,,,,,,15.61
2007,671,Struer,23.29,2.44,3.29,4.6,8.9,2.775,,78.0,,,,,,15.67
2008,671,Struer,26.84,2.44,4.27,5.0,9.3,2.375,18.940019041574104,78.2,,,,,,17.44
2009,671,Struer,24.2,2.45,3.64,5.4,9.2,5.433333333333334,19.149753505346055,77.9,,,,,,16.23
2010,671,Struer,24.57,2.47,3.63,5.0,8.9,6.3,19.233264141152052,78.0,6527.0,3265.0,9792.0,66.65645424836602,33.34354575163398,16.55
2011,671,Struer,24.05,2.49,3.48,5.0,9.2,6.2,19.627450980392158,78.4,6530.0,3392.0,9922.0,65.81334408385406,34.18665591614594,16.3
2012,671,Struer,24.39,2.46,3.44,4.7,8.7,6.541666666666667,20.007934408886538,78.7,6522.0,3564.0,10086.0,64.66389054134444,35.336109458655564,16.5
2013,671,Struer,24.31,2.5,3.39,5.2,9.3,6.133333333333333,20.183609193861823,79.1,6469.0,3551.0,10020.0,64.56087824351297,35.439121756487026,16.53
2014,671,Struer,23.95,2.54,3.46,5.6,10.0,4.916666666666667,20.64673251251522,79.7,6392.0,3572.0,9964.0,64.15094339622641,35.84905660377358,16.31
2015,671,Struer,24.57,2.61,3.53,6.2,10.8,4.183333333333334,21.21087596739949,80.1,6339.0,3637.0,9976.0,63.54250200481155,36.457497995188454,16.74
2016,671,Struer,24.75,2.63,3.57,6.6,11.6,3.65,21.492868023819415,80.7,6269.0,3755.0,10024.0,62.53990422984836,37.46009577015164,16.87
2017,671,Struer,25.02,2.74,3.61,7.0,11.8,3.8000000000000003,21.96543973026131,81.1,6240.0,3770.0,10010.0,62.33766233766234,37.66233766233766,17.14
2018,671,Struer,24.21,2.64,3.42,6.7,11.1,3.4499999999999997,22.24814422057264,81.2,6239.0,3796.0,10035.0,62.172396611858495,37.827603388141505,16.65
2019,671,Struer,25.09,2.61,3.52,6.0,10.9,3.733333333333333,22.875957340204707,81.6,6218.0,3822.0,10040.0,61.932270916334666,38.067729083665334,17.23
2020,671,Struer,26.37,2.66,3.86,6.2,11.3,4.3,23.43829539669842,81.8,6156.0,3854.0,10010.0,61.498501498501504,38.501498501498496,17.96
2021,671,Struer,26.14,2.7,3.69,6.1,11.7,3.1166666666666667,24.027828634199928,81.5,,,,,,17.96
2022,671,Struer,26.57,2.64,3.81,5.8,11.2,2.3333333333333335,24.740155174937783,81.3,,,,,,18.03
2023,671,Struer,26.92,2.64,3.89,6.1,11.2,2.9250000000000003,25.41271382684694,81.4,6084.0,3944.0,10028.0,60.67012365376945,39.32987634623055,18.25
2024,671,Struer,27.09,2.63,3.88,6.0,11.7,2.75,25.51834130781499,81.4,6113.0,3901.0,10014.0,61.04453764729379,38.95546235270621,18.38
1987,706,Syddjurs,22.22,2.45,3.28,,,,,,,,,,,14.96
1988,706,Syddjurs,21.87,2.41,3.28,,,,,,,,,,,14.77
1989,706,Syddjurs,21.17,2.34,3.09,,,,,,,,,,,14.3
1990,706,Syddjurs,23.3,2.35,3.62,,,,,,,,,,,15.4
1991,706,Syddjurs,20.99,2.33,3.04,,,,,,,,,,,14.25
1992,706,Syddjurs,21.03,2.34,3.04,,,,,,,,,,,14.32
1993,706,Syddjurs,21.28,2.38,3.06,,,,,,,,,,,14.44
1994,706,Syddjurs,23.49,2.36,3.7,,,,,,,,,,,15.53
1995,706,Syddjurs,20.45,2.33,2.84,,,,,,,,,,,14.02
1996,706,Syddjurs,20.41,2.35,2.83,,,,,,,,,,,14.0
1997,706,Syddjurs,21.28,2.39,2.97,,,,,,,,,,,14.54
1998,706,Syddjurs,21.54,2.43,3.02,,,,,,,,,,,14.71
1999,706,Syddjurs,22.43,2.4,3.14,,,,,,,,,,,15.18
2000,706,Syddjurs,22.33,2.42,3.14,3.9,7.4,,,,,,,,,15.14
2001,706,Syddjurs,23.04,2.41,3.3,3.5,7.6,,,,,,,,,15.48
2002,706,Syddjurs,21.2,2.36,2.93,3.4,7.0,,,,,,,,,14.51
2003,706,Syddjurs,21.65,2.35,3.02,3.6,7.2,,,,,,,,,14.72
2004,706,Syddjurs,23.72,2.41,3.29,3.8,7.6,,,78.4,,,,,,15.98
2005,706,Syddjurs,23.69,2.45,3.36,4.2,8.2,,,78.6,,,,,,15.93
2006,706,Syddjurs,25.12,2.45,3.6,4.3,8.0,,,78.9,,,,,,16.73
2007,706,Syddjurs,28.06,2.45,4.18,4.2,7.9,3.8000000000000003,,79.1,,,,,,18.36
2008,706,Syddjurs,25.76,2.49,3.9,5.0,8.8,2.558333333333333,22.54514968386488,79.3,,,,,,16.98
2009,706,Syddjurs,25.45,2.49,3.96,5.3,8.8,4.3999999999999995,23.079073342884097,79.1,,,,,,16.84
2010,706,Syddjurs,25.49,2.52,3.9,4.7,8.5,5.8500000000000005,23.26502257728378,79.3,12702.0,4935.0,17637.0,72.01905085898962,27.980949141010374,16.96
2011,706,Syddjurs,24.46,2.52,3.62,4.4,8.0,5.583333333333333,23.81527629171988,79.6,12804.0,5331.0,18135.0,70.60380479735319,29.396195202646812,16.43
2012,706,Syddjurs,24.03,2.51,3.41,3.9,7.4,5.3999999999999995,24.165083750647558,80.2,12835.0,5340.0,18175.0,70.61898211829435,29.381017881705638,16.26
2013,706,Syddjurs,25.05,2.53,3.47,4.1,7.5,4.941666666666666,24.818708580548908,80.3,12843.0,5481.0,18324.0,70.08840864440079,29.911591355599214,16.95
2014,706,Syddjurs,26.14,2.6,3.99,4.4,8.2,4.141666666666667,25.417147654528282,80.7,12889.0,5632.0,18521.0,69.59127476918093,30.408725230819073,17.39
2015,706,Syddjurs,24.54,2.61,3.49,4.5,8.6,3.533333333333333,26.078438232515833,81.2,12899.0,5714.0,18613.0,69.30102616450867,30.698973835491323,16.7
2016,706,Syddjurs,25.41,2.69,3.64,5.5,9.4,3.1750000000000003,26.71476332922752,81.6,12913.0,5783.0,18696.0,69.06824989302524,30.931750106974754,17.27
2017,706,Syddjurs,25.2,2.72,3.61,5.6,9.4,3.641666666666667,27.67357567653165,81.3,12957.0,5909.0,18866.0,68.6791052687374,31.320894731262587,17.21
2018,706,Syddjurs,25.29,2.73,3.71,5.9,9.6,3.35,28.587033121916843,81.5,12997.0,6113.0,19110.0,68.01151229722659,31.988487702773416,17.24
2019,706,Syddjurs,25.41,2.73,3.63,5.6,9.4,3.2083333333333335,29.54633578906553,81.7,13025.0,6165.0,19190.0,67.87389265242314,32.12610734757686,17.34
2020,706,Syddjurs,25.46,2.77,3.63,5.4,9.4,3.983333333333333,30.571156087739748,81.7,12975.0,6310.0,19285.0,67.28026963961628,32.71973036038372,17.43
2021,706,Syddjurs,27.51,2.81,3.91,5.3,9.8,3.391666666666667,31.839622641509436,81.6,,,,,,18.7
2022,706,Syddjurs,25.94,2.76,3.8,5.5,10.0,2.25,32.750924182185955,82.1,,,,,,17.6
2023,706,Syddjurs,26.33,2.73,3.88,5.5,9.8,2.658333333333333,33.31345587203592,82.2,13060.0,6615.0,19675.0,66.37865311308767,33.62134688691232,17.81
2024,706,Syddjurs,26.17,2.73,3.75,5.5,10.4,2.6999999999999997,33.99365526965104,82.2,13410.0,6584.0,19994.0,67.0701210363109,32.929878963689106,17.83
1987,707,Norddjurs,21.51,2.42,3.22,,,,,,,,,,,14.64
1988,707,Norddjurs,22.66,2.39,3.52,,,,,,,,,,,15.18
1989,707,Norddjurs,21.67,2.35,3.23,,,,,,,,,,,14.56
1990,707,Norddjurs,23.43,2.34,3.4,,,,,,,,,,,15.46
1991,707,Norddjurs,20.66,2.31,2.96,,,,,,,,,,,13.99
1992,707,Norddjurs,20.9,2.28,2.98,,,,,,,,,,,14.14
1993,707,Norddjurs,20.86,2.3,2.98,,,,,,,,,,,14.16
1994,707,Norddjurs,20.31,2.29,2.85,,,,,,,,,,,13.9
1995,707,Norddjurs,19.71,2.26,2.7,,,,,,,,,,,13.61
1996,707,Norddjurs,20.43,2.34,2.82,,,,,,,,,,,14.07
1997,707,Norddjurs,20.92,2.36,2.89,,,,,,,,,,,14.38
1998,707,Norddjurs,21.56,2.39,3.0,,,,,,,,,,,14.75
1999,707,Norddjurs,21.12,2.38,2.94,,,,,,,,,,,14.5
2000,707,Norddjurs,21.26,2.41,2.97,4.6,10.1,,,,,,,,,14.64
2001,707,Norddjurs,21.7,2.41,3.03,4.5,10.1,,,,,,,,,14.85
2002,707,Norddjurs,21.09,2.37,2.94,4.4,9.5,,,,,,,,,14.5
2003,707,Norddjurs,22.0,2.37,3.1,4.5,9.6,,,,,,,,,14.95
2004,707,Norddjurs,22.55,2.43,3.15,5.1,11.0,,,76.9,,,,,,15.4
2005,707,Norddjurs,23.27,2.43,3.25,5.3,10.7,,,77.1,,,,,,15.83
2006,707,Norddjurs,23.87,2.47,3.34,5.6,11.1,,,77.4,,,,,,16.18
2007,707,Norddjurs,24.81,2.48,3.54,5.8,11.2,4.408333333333333,,77.3,,,,,,16.66
2008,707,Norddjurs,27.06,2.56,4.59,6.7,12.4,2.875,15.162562309351982,77.6,,,,,,17.73
2009,707,Norddjurs,25.77,2.58,4.18,7.1,12.0,5.125,15.399282189322566,77.7,,,,,,17.17
2010,707,Norddjurs,24.77,2.56,3.74,6.7,11.4,6.375,15.51730589335828,77.9,11389.0,5712.0,17101.0,66.59844453540728,33.40155546459271,16.75
2011,707,Norddjurs,24.26,2.55,3.59,6.5,11.1,5.966666666666666,15.668029865305968,77.8,11349.0,6113.0,17462.0,64.99255526285648,35.00744473714351,16.48
2012,707,Norddjurs,23.44,2.53,3.35,6.3,10.9,6.3,15.759333630819574,78.4,11385.0,6105.0,17490.0,65.09433962264151,34.90566037735849,16.06
2013,707,Norddjurs,23.68,2.59,3.38,6.7,11.6,5.808333333333334,16.06761365765901,78.8,11331.0,6341.0,17672.0,64.11837935717519,35.88162064282481,16.29
2014,707,Norddjurs,24.2,2.65,3.51,7.2,12.1,5.0249999999999995,16.456837911984667,79.2,11246.0,6563.0,17809.0,63.14784659441855,36.85215340558145,16.59
2015,707,Norddjurs,24.99,2.74,3.67,8.0,12.8,4.366666666666666,16.79080735112475,79.2,11147.0,6792.0,17939.0,62.13835776799152,37.86164223200848,17.03
2016,707,Norddjurs,24.23,2.76,3.54,8.1,13.1,4.05,17.542273942680676,79.4,11117.0,7102.0,18219.0,61.018716724298805,38.98128327570119,16.68
2017,707,Norddjurs,24.92,2.8,3.66,8.5,13.4,4.541666666666667,18.098982948315626,79.5,11113.0,7205.0,18318.0,60.6671033955672,39.3328966044328,17.1
2018,707,Norddjurs,24.28,2.73,3.53,7.9,13.2,4.533333333333333,18.568241267887366,79.5,11054.0,7302.0,18356.0,60.22009152320768,39.77990847679233,16.74
2019,707,Norddjurs,25.22,2.7,3.69,7.7,13.0,4.325,19.09435732999648,79.5,10959.0,7330.0,18289.0,59.92126414784843,40.07873585215157,17.22
2020,707,Norddjurs,25.54,2.72,3.68,7.7,13.2,4.483333333333333,19.391332058636074,79.8,10862.0,7310.0,18172.0,59.77327756988774,40.22672243011226,17.49
2021,707,Norddjurs,25.38,2.74,3.67,7.5,13.5,3.5500000000000003,19.706398595819373,80.3,,,,,,17.45
2022,707,Norddjurs,25.96,2.68,3.75,7.0,12.7,2.5833333333333335,20.708566853482786,80.7,,,,,,17.72
2023,707,Norddjurs,25.43,2.68,3.63,7.2,12.8,2.841666666666667,20.790273556231003,81.0,10709.0,7412.0,18121.0,59.097180067325205,40.9028199326748,17.4
2024,707,Norddjurs,25.34,2.67,3.56,7.0,13.4,2.9,20.968402095612312,81.0,10791.0,7443.0,18234.0,59.180651530108584,40.819348469891416,17.46
1987,710,Favrskov,19.59,2.25,2.9,,,,,,,,,,,13.21
1988,710,Favrskov,19.58,2.21,2.89,,,,,,,,,,,13.18
1989,710,Favrskov,19.13,2.17,2.75,,,,,,,,,,,12.9
1990,710,Favrskov,19.12,2.19,2.79,,,,,,,,,,,12.91
1991,710,Favrskov,18.79,2.19,2.68,,,,,,,,,,,12.77
1992,710,Favrskov,18.89,2.2,2.69,,,,,,,,,,,12.84
1993,710,Favrskov,19.19,2.23,2.73,,,,,,,,,,,13.07
1994,710,Favrskov,19.12,2.2,2.67,,,,,,,,,,,13.02
1995,710,Favrskov,18.81,2.2,2.61,,,,,,,,,,,12.91
1996,710,Favrskov,19.57,2.26,2.71,,,,,,,,,,,13.35
1997,710,Favrskov,19.79,2.28,2.76,,,,,,,,,,,13.44
1998,710,Favrskov,20.14,2.28,2.82,,,,,,,,,,,13.69
1999,710,Favrskov,20.02,2.3,2.81,,,,,,,,,,,13.62
2000,710,Favrskov,20.05,2.29,2.8,2.7,5.5,,,,,,,,,13.65
2001,710,Favrskov,20.11,2.31,2.78,2.7,5.7,,,,,,,,,13.73
2002,710,Favrskov,20.0,2.28,2.81,2.9,5.5,,,,,,,,,13.57
2003,710,Favrskov,20.16,2.28,2.85,3.2,5.8,,,,,,,,,13.63
2004,710,Favrskov,20.32,2.35,2.87,3.0,6.2,,,78.7,,,,,,13.81
2005,710,Favrskov,21.01,2.36,2.98,3.2,6.3,,,79.2,,,,,,14.22
2006,710,Favrskov,22.26,2.36,3.12,3.1,6.0,,,79.1,,,,,,14.93
2007,710,Favrskov,22.8,2.34,3.23,3.3,6.1,2.2333333333333334,,79.4,,,,,,15.19
2008,710,Favrskov,23.34,2.37,3.51,3.9,6.8,1.6666666666666667,24.762447738502473,79.5,,,,,,15.42
2009,710,Favrskov,23.16,2.39,3.53,3.9,6.7,3.9416666666666664,25.168659198594245,79.7,,,,,,15.42
2010,710,Favrskov,22.33,2.46,3.23,3.4,6.3,4.741666666666666,25.670164077337404,79.9,13520.0,5042.0,18562.0,72.83697877383902,27.16302122616097,15.14
2011,710,Favrskov,22.43,2.46,3.25,3.3,6.3,4.308333333333334,26.38987717724221,80.4,13623.0,5427.0,19050.0,71.51181102362204,28.488188976377955,15.2
2012,710,Favrskov,22.58,2.46,3.22,3.1,5.9,4.55,27.007028081364748,80.7,13656.0,5588.0,19244.0,70.9623778840158,29.037622115984203,15.28
2013,710,Favrskov,22.11,2.49,3.07,3.0,6.1,4.2749999999999995,27.563484909706897,81.0,13655.0,5711.0,19366.0,70.51017246721058,29.489827532789427,15.17
2014,710,Favrskov,22.21,2.52,3.12,3.3,6.4,3.4166666666666665,28.42007434944238,81.5,13683.0,5738.0,19421.0,70.45466247876011,29.545337521239894,15.23
2015,710,Favrskov,22.6,2.53,3.19,3.5,6.5,3.0583333333333336,29.197418398542446,81.5,13668.0,5950.0,19618.0,69.67071057192375,30.329289428076255,15.5
2016,710,Favrskov,23.17,2.58,3.3,3.8,7.1,2.6333333333333333,29.96452259756286,81.7,13671.0,6037.0,19708.0,69.36776943373249,30.632230566267506,15.82
2017,710,Favrskov,23.48,2.61,3.36,4.2,7.3,2.7583333333333333,30.84002470660902,81.7,13685.0,6189.0,19874.0,68.85881050618899,31.141189493811012,15.97
2018,710,Favrskov,23.32,2.6,3.33,4.2,7.2,2.466666666666667,31.729518855656696,81.8,13707.0,6350.0,20057.0,68.34023034352097,31.659769656479035,15.94
2019,710,Favrskov,23.18,2.59,3.26,3.8,6.9,2.3916666666666666,32.58739529564492,81.7,13790.0,6366.0,20156.0,68.41635245088311,31.58364754911689,15.89
2020,710,Favrskov,24.08,2.66,3.43,3.8,7.1,3.2416666666666667,33.50710160761667,81.9,13830.0,6402.0,20232.0,68.3570581257414,31.6429418742586,16.44
2021,710,Favrskov,24.54,2.69,3.48,4.0,7.4,2.533333333333333,34.664437840515106,81.9,,,,,,16.7
2022,710,Favrskov,24.01,2.62,3.41,3.9,7.1,1.8,35.637414673144335,81.9,,,,,,16.31
2023,710,Favrskov,25.5,2.64,3.7,4.3,7.5,2.0166666666666666,35.91078978003799,82.1,14189.0,6491.0,20680.0,68.61218568665377,31.38781431334623,17.15
2024,710,Favrskov,24.41,2.64,3.48,4.2,7.4,2.266666666666667,36.52810089384107,82.5,14177.0,6484.0,20661.0,68.61720149073133,31.38279850926867,16.61
1987,727,Odder,20.93,2.33,3.03,,,,,,,,,,,14.0
1988,727,Odder,20.51,2.28,2.95,,,,,,,,,,,13.78
1989,727,Odder,19.5,2.26,2.79,,,,,,,,,,,13.26
1990,727,Odder,19.91,2.26,2.89,,,,,,,,,,,13.48
1991,727,Odder,19.86,2.25,2.81,,,,,,,,,,,13.48
1992,727,Odder,20.34,2.27,2.88,,,,,,,,,,,13.8
1993,727,Odder,20.63,2.31,2.96,,,,,,,,,,,14.01
1994,727,Odder,20.87,2.31,3.0,,,,,,,,,,,14.15
1995,727,Odder,20.56,2.34,2.87,,,,,,,,,,,14.03
1996,727,Odder,20.65,2.38,2.87,,,,,,,,,,,14.13
1997,727,Odder,21.23,2.39,2.94,,,,,,,,,,,14.49
1998,727,Odder,21.91,2.41,3.03,,,,,,,,,,,14.88
1999,727,Odder,22.52,2.42,3.1,,,,,,,,,,,15.26
2000,727,Odder,22.6,2.39,3.11,3.1,6.7,,,,,,,,,15.28
2001,727,Odder,21.86,2.4,3.02,3.0,6.5,,,,,,,,,14.88
2002,727,Odder,21.81,2.38,3.04,3.2,6.2,,,,,,,,,14.78
2003,727,Odder,21.7,2.36,3.06,3.7,6.3,,,,,,,,,14.68
2004,727,Odder,22.31,2.45,3.14,3.6,6.5,,,78.9,,,,,,15.12
2005,727,Odder,22.61,2.46,3.16,3.5,6.5,,,78.9,,,,,,15.36
2006,727,Odder,22.97,2.43,3.2,3.4,6.1,,,78.5,,,,,,15.5
2007,727,Odder,23.53,2.42,3.34,3.5,6.3,2.783333333333333,,78.6,,,,,,15.79
2008,727,Odder,24.91,2.44,3.97,4.2,7.5,1.9749999999999999,25.315775329212574,78.6,,,,,,16.37
2009,727,Odder,23.84,2.46,3.55,4.5,7.2,4.125,25.79715969989282,79.0,,,,,,15.99
2010,727,Odder,23.35,2.54,3.39,4.1,7.0,5.108333333333333,26.15946843853821,79.4,6125.0,3047.0,9172.0,66.77932839075447,33.22067160924553,15.87
2011,727,Odder,23.52,2.55,3.45,3.9,6.9,4.8,26.64051592314341,80.1,6156.0,3191.0,9347.0,65.86070396918797,34.13929603081203,15.94
2012,727,Odder,22.81,2.54,3.21,3.6,6.4,4.766666666666667,27.068069801518586,80.6,6151.0,3201.0,9352.0,65.77202737382379,34.22797262617622,15.63
2013,727,Odder,23.2,2.58,3.26,3.7,6.4,4.3500000000000005,27.581838789252615,80.8,6121.0,3250.0,9371.0,65.31853590865437,34.681464091345646,15.91
2014,727,Odder,23.44,2.63,3.35,3.9,7.3,3.4333333333333336,28.095524784266505,81.1,6090.0,3404.0,9494.0,64.14577627975564,35.85422372024436,16.07
2015,727,Odder,24.01,2.68,3.49,4.4,7.9,3.033333333333333,28.804024091601033,81.0,6102.0,3462.0,9564.0,63.80175658720201,36.19824341279799,16.41
2016,727,Odder,23.97,2.7,3.44,4.5,8.1,3.033333333333333,29.43165992439817,81.3,6129.0,3580.0,9709.0,63.12699557111958,36.87300442888042,16.42
2017,727,Odder,25.01,2.78,3.71,5.2,8.8,3.533333333333333,30.088845014807504,81.6,6136.0,3628.0,9764.0,62.843097091356,37.156902908644,17.04
2018,727,Odder,24.48,2.76,3.59,5.0,8.7,3.1999999999999997,30.49617313275271,82.0,6175.0,3769.0,9944.0,62.097747385358005,37.902252614641995,16.76
2019,727,Odder,24.36,2.76,3.46,4.8,8.3,2.8083333333333336,31.150780580989395,82.2,6222.0,3785.0,10007.0,62.176476466473474,37.82352353352653,16.76
2020,727,Odder,24.85,2.78,3.5,4.2,8.3,3.6666666666666665,32.136944573207074,82.7,6264.0,3843.0,10107.0,61.97684772929652,38.02315227070348,17.15
2021,727,Odder,24.75,2.79,3.51,4.4,8.4,2.9250000000000003,33.064888771536076,83.1,,,,,,17.08
2022,727,Odder,24.53,2.76,3.5,4.6,8.4,2.025,34.02868318122555,83.2,,,,,,16.85
2023,727,Odder,25.29,2.71,3.55,4.4,8.2,2.4166666666666665,35.030287408171155,83.4,6467.0,4039.0,10506.0,61.55530173234342,38.44469826765658,17.31
2024,727,Odder,24.7,2.67,3.46,4.6,8.5,2.6416666666666666,35.43074052628193,83.7,6615.0,4185.0,10800.0,61.25000000000001,38.75,16.95
1987,730,Randers,20.65,2.31,2.97,,,,,,,,,,,14.0
1988,730,Randers,20.45,2.31,2.94,,,,,,,,,,,13.95
1989,730,Randers,20.08,2.28,2.86,,,,,,,,,,,13.68
1990,730,Randers,20.39,2.3,2.93,,,,,,,,,,,13.89
1991,730,Randers,20.35,2.31,2.89,,,,,,,,,,,13.91
1992,730,Randers,20.68,2.3,2.93,,,,,,,,,,,14.09
1993,730,Randers,20.89,2.33,2.94,,,,,,,,,,,14.23
1994,730,Randers,20.14,2.3,2.79,,,,,,,,,,,13.87
1995,730,Randers,20.47,2.33,2.83,,,,,,,,,,,14.08
1996,730,Randers,20.85,2.39,2.87,,,,,,,,,,,14.39
1997,730,Randers,21.5,2.41,2.96,,,,,,,,,,,14.77
1998,730,Randers,21.7,2.43,3.0,,,,,,,,,,,14.89
1999,730,Randers,21.58,2.43,2.99,,,,,,,,,,,14.83
2000,730,Randers,21.89,2.44,3.04,4.2,9.8,,,,,,,,,15.0
2001,730,Randers,21.75,2.43,3.01,4.5,10.0,,,,,,,,,14.93
2002,730,Randers,21.25,2.39,2.94,4.2,9.1,,,,,,,,,14.58
2003,730,Randers,21.13,2.37,2.93,4.1,9.0,,,,,,,,,14.48
2004,730,Randers,22.18,2.44,3.07,4.7,10.0,,,76.7,,,,,,15.19
2005,730,Randers,22.5,2.46,3.12,5.1,10.3,,,77.1,,,,,,15.37
2006,730,Randers,22.88,2.43,3.16,4.8,9.9,,,77.2,,,,,,15.59
2007,730,Randers,23.88,2.43,3.39,4.6,9.5,3.275,,77.5,,,,,,16.08
2008,730,Randers,24.38,2.45,3.69,5.3,10.1,2.2166666666666663,19.739765153919393,77.9,,,,,,16.25
2009,730,Randers,23.7,2.49,3.54,5.7,10.1,5.316666666666666,20.156388359423076,78.2,,,,,,16.03
2010,730,Randers,23.65,2.57,3.44,5.9,10.6,6.7250000000000005,20.57241615637897,78.3,24246.0,18964.0,43210.0,56.1120111085397,43.88798889146031,16.17
2011,730,Randers,23.65,2.59,3.43,6.1,10.9,6.183333333333334,20.951589691853478,78.7,24286.0,20194.0,44480.0,54.59982014388489,45.40017985611511,16.17
2012,730,Randers,23.26,2.59,3.29,5.9,10.8,6.2,21.437550839310802,79.0,24285.0,20542.0,44827.0,54.174939210743524,45.825060789256476,16.03
2013,730,Randers,23.71,2.65,3.36,6.2,11.4,5.858333333333333,22.042113040265974,79.1,24202.0,20992.0,45194.0,53.55135637474001,46.44864362525999,16.32
2014,730,Randers,24.14,2.69,3.51,6.7,12.0,5.391666666666667,22.69828411517785,79.5,24079.0,21441.0,45520.0,52.89762741652021,47.10237258347979,16.6
2015,730,Randers,24.33,2.73,3.48,6.9,12.2,4.741666666666666,23.335440525719996,79.7,24042.0,21940.0,45982.0,52.28567700404506,47.71432299595494,16.78
2016,730,Randers,24.65,2.8,3.56,7.4,12.9,4.175,23.86368639652465,79.8,24000.0,22178.0,46178.0,51.972800900861884,48.027199099138116,17.01
2017,730,Randers,24.91,2.86,3.63,7.9,13.3,4.25,24.574438346893437,79.8,23991.0,22600.0,46591.0,51.492777575068146,48.507222424931854,17.19
2018,730,Randers,24.84,2.85,3.6,7.8,13.2,3.9583333333333335,25.19001407511667,80.0,24044.0,22592.0,46636.0,51.55673728450124,48.44326271549876,17.15
2019,730,Randers,24.99,2.85,3.59,7.6,13.1,3.775,25.885785744060026,80.1,24057.0,22708.0,46765.0,51.44231797284294,48.557682027157064,17.25
2020,730,Randers,25.53,2.88,3.66,7.7,13.5,4.625,26.498516762816216,80.4,24055.0,22934.0,46989.0,51.1928323650216,48.8071676349784,17.67
2021,730,Randers,25.53,2.89,3.67,7.7,13.8,3.533333333333333,27.19694389741919,80.5,,,,,,17.69
2022,730,Randers,25.8,2.84,3.73,7.4,13.2,2.591666666666667,28.126785112709268,80.6,,,,,,17.72
2023,730,Randers,25.1,2.82,3.59,7.4,12.9,3.0749999999999997,28.61759003583808,80.6,24313.0,24094.0,48407.0,50.22620695353977,49.77379304646023,17.3
2024,730,Randers,26.17,2.81,3.83,7.4,13.3,3.1666666666666665,29.173611720326342,80.7,24377.0,24297.0,48674.0,50.08217939762501,49.91782060237499,17.88
1987,740,Silkeborg,21.77,2.39,3.24,,,,,,,,,,,14.61
1988,740,Silkeborg,20.94,2.34,3.04,,,,,,,,,,,14.15
1989,740,Silkeborg,21.55,2.3,3.08,,,,,,,,,,,14.44
1990,740,Silkeborg,21.11,2.33,3.04,,,,,,,,,,,14.25
1991,740,Silkeborg,21.87,2.32,3.08,,,,,,,,,,,14.64
1992,740,Silkeborg,21.05,2.32,2.98,,,,,,,,,,,14.23
1993,740,Silkeborg,23.35,2.35,3.27,,,,,,,,,,,15.54
1994,740,Silkeborg,22.7,2.34,3.13,,,,,,,,,,,15.22
1995,740,Silkeborg,23.34,2.38,3.22,,,,,,,,,,,15.65
1996,740,Silkeborg,24.9,2.41,3.39,,,,,,,,,,,16.66
1997,740,Silkeborg,23.45,2.42,3.27,,,,,,,,,,,15.78
1998,740,Silkeborg,23.42,2.45,3.23,,,,,,,,,,,15.84
1999,740,Silkeborg,22.95,2.44,3.17,,,,,,,,,,,15.53
2000,740,Silkeborg,23.95,2.46,3.32,3.8,7.8,,,,,,,,,16.14
2001,740,Silkeborg,23.61,2.46,3.26,3.9,7.9,,,,,,,,,15.94
2002,740,Silkeborg,23.33,2.42,3.22,3.7,7.4,,,,,,,,,15.76
2003,740,Silkeborg,23.9,2.41,3.29,3.8,7.5,,,,,,,,,16.06
2004,740,Silkeborg,24.56,2.48,3.42,4.0,8.0,,,78.0,,,,,,16.49
2005,740,Silkeborg,24.86,2.51,3.46,4.1,8.0,,,78.2,,,,,,16.75
2006,740,Silkeborg,25.68,2.49,3.54,4.0,7.7,,,78.4,,,,,,17.26
2007,740,Silkeborg,26.43,2.49,3.74,4.1,7.9,2.841666666666667,,78.7,,,,,,17.59
2008,740,Silkeborg,28.1,2.5,4.48,5.1,8.7,1.8583333333333334,25.001635911529906,79.0,,,,,,18.23
2009,740,Silkeborg,27.72,2.57,4.31,5.4,9.1,4.291666666666667,25.406970125709456,79.2,,,,,,18.16
2010,740,Silkeborg,25.22,2.66,3.78,5.1,8.8,5.516666666666667,25.928082690347942,79.2,22627.0,15043.0,37670.0,60.06636580833554,39.93363419166445,17.04
2011,740,Silkeborg,27.49,2.67,4.79,5.3,9.0,5.491666666666667,26.386119508586862,79.4,22763.0,15570.0,38333.0,59.38225549787389,40.61774450212611,18.14
2012,740,Silkeborg,24.36,2.68,3.51,4.7,8.7,5.541666666666667,26.779219107091123,79.8,22816.0,15687.0,38503.0,59.2577201776485,40.742279822351506,16.64
2013,740,Silkeborg,25.35,2.73,3.72,4.8,8.8,5.0249999999999995,27.391094679312005,80.2,22809.0,15955.0,38764.0,58.84067691672686,41.159323083273144,17.26
2014,740,Silkeborg,32.67,2.76,9.3,4.9,9.1,4.333333333333333,28.225262549378556,80.4,22753.0,16258.0,39011.0,58.324575119837995,41.675424880162005,20.94
2015,740,Silkeborg,25.1,2.8,3.59,5.0,9.1,4.008333333333334,29.063960560855367,80.8,22754.0,16551.0,39305.0,57.890853580969335,42.10914641903066,17.28
2016,740,Silkeborg,27.25,2.84,3.94,5.2,9.5,3.5416666666666665,30.02685679572849,81.2,22816.0,16974.0,39790.0,57.34104046242775,42.65895953757226,18.52
2017,740,Silkeborg,26.31,2.89,3.83,5.5,9.7,3.6666666666666665,30.76408999777233,81.3,22905.0,17301.0,40206.0,56.96910908819579,43.03089091180421,18.01
2018,740,Silkeborg,25.94,2.85,3.74,5.4,9.5,3.1999999999999997,31.735513663967613,81.4,23039.0,17560.0,40599.0,56.747703145397665,43.25229685460233,17.79
2019,740,Silkeborg,26.47,2.86,3.85,5.5,9.5,3.0749999999999997,32.80984986494126,81.5,23178.0,18018.0,41196.0,56.26274395572386,43.737256044276144,18.09
2020,740,Silkeborg,26.32,2.88,3.78,5.2,9.4,3.85,33.85128500849399,81.7,23347.0,18357.0,41704.0,55.98263955495876,44.01736044504124,18.07
2021,740,Silkeborg,27.34,2.92,3.96,5.2,9.7,2.7583333333333333,35.03388842886497,81.9,,,,,,18.67
2022,740,Silkeborg,26.61,2.82,3.85,4.8,8.7,1.9583333333333333,36.14628967868303,82.1,,,,,,18.13
2023,740,Silkeborg,27.04,2.84,3.88,5.0,9.2,2.283333333333333,36.97421679244444,82.2,24103.0,20007.0,44110.0,54.64293810927228,45.35706189072772,18.43
2024,740,Silkeborg,26.84,2.8,3.81,4.8,9.1,2.5083333333333333,37.577726490952124,82.3,24292.0,20543.0,44835.0,54.180885468941675,45.819114531058325,18.33
1987,741,Samsø,21.14,2.42,3.06,,,,,,,,,,,14.58
1988,741,Samsø,21.24,2.41,3.08,,,,,,,,,,,14.59
1989,741,Samsø,20.12,2.35,2.86,,,,,,,,,,,13.88
1990,741,Samsø,20.35,2.33,2.88,,,,,,,,,,,13.99
1991,741,Samsø,19.62,2.28,2.74,,,,,,,,,,,13.61
1992,741,Samsø,20.31,2.32,2.88,,,,,,,,,,,14.01
1993,741,Samsø,20.36,2.35,2.91,,,,,,,,,,,14.02
1994,741,Samsø,20.22,2.29,2.83,,,,,,,,,,,14.03
1995,741,Samsø,21.01,2.26,2.83,,,,,,,,,,,14.48
1996,741,Samsø,21.26,2.29,2.86,,,,,,,,,,,14.53
1997,741,Samsø,21.05,2.3,2.85,,,,,,,,,,,14.54
1998,741,Samsø,23.11,2.35,3.19,,,,,,,,,,,15.68
1999,741,Samsø,23.33,2.43,3.26,,,,,,,,,,,15.8
2000,741,Samsø,23.38,2.43,3.27,6.3,12.4,,,,,,,,,15.85
2001,741,Samsø,23.19,2.44,3.18,5.0,12.2,,,,,,,,,15.84
2002,741,Samsø,22.16,2.34,3.08,5.7,11.1,,,,,,,,,15.04
2003,741,Samsø,22.71,2.41,3.25,6.0,11.0,,,,,,,,,15.31
2004,741,Samsø,22.58,2.37,3.13,5.3,10.4,,,,,,,,,15.39
2005,741,Samsø,22.83,2.4,3.2,6.1,11.2,,,,,,,,,15.54
2006,741,Samsø,24.09,2.42,3.4,5.5,11.7,,,,,,,,,16.4
2007,741,Samsø,25.39,2.5,3.65,6.3,13.0,5.491666666666666,,,,,,,,17.18
2008,741,Samsø,28.88,2.62,5.23,8.0,13.0,3.908333333333333,20.244263508512216,,,,,,,18.77
2009,741,Samsø,27.66,2.56,4.62,7.6,12.4,4.708333333333333,20.794652803564798,,,,,,,18.22
2010,741,Samsø,27.61,2.51,4.79,6.1,12.2,7.241666666666667,21.046600458365162,,1461.0,463.0,1924.0,75.93555093555094,24.064449064449065,18.1
2011,741,Samsø,25.1,2.52,3.73,6.2,11.7,6.175,21.931512120046172,,1433.0,526.0,1959.0,73.1495661051557,26.85043389484431,16.87
2012,741,Samsø,23.08,2.44,3.14,5.1,9.7,6.3999999999999995,23.276880661677826,,1414.0,555.0,1969.0,71.8131030980193,28.186896901980703,16.01
2013,741,Samsø,24.35,2.47,3.26,4.7,10.0,6.6499999999999995,23.128980891719745,,1390.0,549.0,1939.0,71.68643630737493,28.313563692625067,16.86
2014,741,Samsø,24.9,2.5,3.49,5.7,10.8,5.825,23.348196189704094,,1366.0,565.0,1931.0,70.7405489383739,29.259451061626102,16.98
2015,741,Samsø,24.75,2.53,3.36,5.2,9.9,5.316666666666666,23.842404549147034,,1335.0,585.0,1920.0,69.53125,30.46875,17.12
2016,741,Samsø,31.3,2.55,6.18,6.0,11.5,4.716666666666667,25.28830313014827,,1325.0,625.0,1950.0,67.94871794871796,32.05128205128205,20.15
2017,741,Samsø,25.98,2.62,3.75,6.2,11.2,5.425,26.180438448566612,,1322.0,624.0,1946.0,67.93422404933196,32.06577595066803,17.69
2018,741,Samsø,27.05,2.72,4.01,7.7,12.9,5.216666666666667,27.393162393162395,,1306.0,659.0,1965.0,66.46310432569975,33.536895674300254,18.26
2019,741,Samsø,26.49,2.72,3.68,6.2,12.6,4.716666666666667,27.82608695652174,,1294.0,662.0,1956.0,66.15541922290389,33.84458077709612,18.17
2020,741,Samsø,26.91,2.74,3.75,5.9,12.7,4.783333333333333,28.345070422535212,,1276.0,678.0,1954.0,65.30194472876151,34.69805527123849,18.48
2021,741,Samsø,27.3,2.76,3.8,6.2,12.3,3.6916666666666664,29.733218588640277,,,,,,,18.88
2022,741,Samsø,27.18,2.71,3.95,7.1,12.9,3.016666666666667,30.632159524819684,,,,,,,18.54
2023,741,Samsø,28.7,2.75,4.27,8.6,14.6,3.0,31.341991341991342,,1293.0,663.0,1956.0,66.1042944785276,33.895705521472394,19.45
2024,741,Samsø,26.4,2.61,3.69,6.9,13.8,2.558333333333333,32.176234979973295,,1299.0,654.0,1953.0,66.51305683563749,33.48694316436252,18.15
1987,746,Skanderborg,19.97,2.29,2.97,,,,,,,,,,,13.42
1988,746,Skanderborg,20.15,2.28,3.01,,,,,,,,,,,13.55
1989,746,Skanderborg,19.59,2.23,2.86,,,,,,,,,,,13.23
1990,746,Skanderborg,19.78,2.27,2.88,,,,,,,,,,,13.36
1991,746,Skanderborg,19.73,2.27,2.83,,,,,,,,,,,13.37
1992,746,Skanderborg,19.75,2.24,2.82,,,,,,,,,,,13.35
1993,746,Skanderborg,20.05,2.29,2.86,,,,,,,,,,,13.56
1994,746,Skanderborg,19.52,2.27,2.75,,,,,,,,,,,13.33
1995,746,Skanderborg,19.74,2.28,2.75,,,,,,,,,,,13.48
1996,746,Skanderborg,20.17,2.32,2.8,,,,,,,,,,,13.76
1997,746,Skanderborg,20.51,2.35,2.83,,,,,,,,,,,14.01
1998,746,Skanderborg,20.93,2.37,2.91,,,,,,,,,,,14.24
1999,746,Skanderborg,20.66,2.37,2.87,,,,,,,,,,,14.11
2000,746,Skanderborg,20.93,2.37,2.89,2.6,5.5,,,,,,,,,14.26
2001,746,Skanderborg,20.71,2.38,2.87,2.6,5.6,,,,,,,,,14.19
2002,746,Skanderborg,20.39,2.35,2.83,2.4,5.0,,,,,,,,,13.95
2003,746,Skanderborg,20.43,2.33,2.82,2.4,4.9,,,,,,,,,13.98
2004,746,Skanderborg,20.81,2.39,2.89,2.6,5.4,,,78.1,,,,,,14.22
2005,746,Skanderborg,21.79,2.41,3.02,2.6,5.2,,,78.7,,,,,,14.81
2006,746,Skanderborg,22.69,2.41,3.1,2.5,4.9,,,78.6,,,,,,15.36
2007,746,Skanderborg,22.8,2.4,3.16,2.7,5.1,2.35,,79.0,,,,,,15.37
2008,746,Skanderborg,23.7,2.41,3.52,3.3,5.9,1.5,28.87677264117135,79.2,,,,,,15.7
2009,746,Skanderborg,22.09,2.46,3.19,3.5,6.1,3.408333333333333,29.473764027904153,79.5,,,,,,14.96
2010,746,Skanderborg,22.89,2.52,3.26,3.2,5.9,4.133333333333334,30.061303452087834,79.6,15809.0,6901.0,22710.0,69.61250550418318,30.38749449581682,15.54
2011,746,Skanderborg,22.68,2.54,3.23,3.2,5.7,3.8000000000000003,30.687857089393976,80.2,15933.0,7293.0,23226.0,68.59984500129165,31.400154998708345,15.44
2012,746,Skanderborg,22.63,2.53,3.17,2.9,5.4,3.7416666666666667,31.22826331723672,80.5,16036.0,7473.0,23509.0,68.21217406099792,31.787825939002083,15.43
2013,746,Skanderborg,23.28,2.58,3.29,2.9,5.4,3.3666666666666667,31.90420239494013,81.0,16075.0,7644.0,23719.0,67.77267169779502,32.22732830220498,15.88
2014,746,Skanderborg,23.42,2.61,3.3,3.0,5.6,2.983333333333333,32.67738083391382,81.3,16131.0,7777.0,23908.0,67.4711393675757,32.5288606324243,16.0
2015,746,Skanderborg,23.98,2.64,3.4,3.1,6.0,2.625,33.58343411407557,81.7,16191.0,7907.0,24098.0,67.1881483940576,32.8118516059424,16.35
2016,746,Skanderborg,24.16,2.7,3.45,3.7,6.6,2.3000000000000003,34.64034679532708,81.7,16353.0,8038.0,24391.0,67.04522159813045,32.95477840186955,16.47
2017,746,Skanderborg,24.17,2.73,3.49,4.0,6.8,2.6083333333333334,35.90461808261886,82.1,16559.0,8268.0,24827.0,66.69754702541589,33.30245297458412,16.49
2018,746,Skanderborg,24.32,2.73,3.51,3.9,6.8,2.283333333333333,37.105728901495866,82.0,16752.0,8425.0,25177.0,66.53691861619733,33.46308138380268,16.55
2019,746,Skanderborg,24.49,2.74,3.5,3.7,6.6,2.275,38.20492454328833,82.4,16983.0,8469.0,25452.0,66.72560113154172,33.27439886845828,16.68
2020,746,Skanderborg,25.26,2.75,3.61,3.6,6.4,3.0583333333333336,39.336322439878195,82.4,17140.0,8572.0,25712.0,66.66148102053516,33.338518979464844,17.14
2021,746,Skanderborg,25.5,2.81,3.64,3.5,6.7,2.2416666666666667,40.47721001046722,82.6,,,,,,17.32
2022,746,Skanderborg,25.5,2.75,3.68,3.6,6.7,1.6500000000000001,41.49927082843299,82.6,,,,,,17.21
2023,746,Skanderborg,24.91,2.75,3.54,3.5,6.6,1.9666666666666668,42.01055210099868,83.0,17716.0,9055.0,26771.0,66.17608606327742,33.82391393672257,16.94
2024,746,Skanderborg,25.01,2.73,3.54,3.4,6.6,1.95,42.76748777735991,82.8,17768.0,9094.0,26862.0,66.14548432730251,33.85451567269749,17.03
1987,751,Aarhus,22.1,2.58,3.26,,,,,,,,,,,15.07
1988,751,Aarhus,22.62,2.62,3.35,,,,,,,,,,,15.38
1989,751,Aarhus,22.59,2.64,3.33,,,,,,,,,,,15.41
1990,751,Aarhus,23.1,2.71,3.45,,,,,,,,,,,15.77
1991,751,Aarhus,23.47,2.77,3.5,,,,,,,,,,,16.07
1992,751,Aarhus,24.28,2.81,3.69,,,,,,,,,,,16.55
1993,751,Aarhus,24.54,2.9,3.73,,,,,,,,,,,16.8
1994,751,Aarhus,24.53,2.89,3.68,,,,,,,,,,,16.88
1995,751,Aarhus,24.41,2.91,3.56,,,,,,,,,,,16.91
1996,751,Aarhus,24.93,2.98,3.65,,,,,,,,,,,17.3
1997,751,Aarhus,25.72,3.04,3.78,,,,,,,,,,,17.78
1998,751,Aarhus,26.25,3.09,3.93,,,,,,,,,,,18.11
1999,751,Aarhus,26.34,3.12,3.95,,,,,,,,,,,18.16
2000,751,Aarhus,26.29,3.12,3.93,9.4,16.1,,,,,,,,,18.14
2001,751,Aarhus,26.35,3.15,3.94,9.5,16.5,,,,,,,,,18.19
2002,751,Aarhus,25.75,3.09,3.84,9.2,15.7,,,,,,,,,17.79
2003,751,Aarhus,26.24,3.11,3.93,9.3,15.6,,,,,,,,,18.08
2004,751,Aarhus,27.05,3.23,4.13,10.2,17.1,,,77.8,,,,,,18.66
2005,751,Aarhus,29.02,3.36,4.57,10.6,17.4,,,78.0,,,,,,19.85
2006,751,Aarhus,29.44,3.35,4.63,10.6,17.0,,,78.4,,,,,,20.07
2007,751,Aarhus,30.03,3.38,4.86,10.6,16.8,3.9583333333333335,,78.8,,,,,,20.36
2008,751,Aarhus,29.77,3.39,5.4,10.9,17.0,2.6916666666666664,33.47523907710903,79.0,,,,,,20.12
2009,751,Aarhus,28.64,3.45,4.83,11.1,17.2,4.408333333333333,34.39738562091503,79.2,,,,,,19.62
2010,751,Aarhus,30.65,3.72,5.34,11.8,18.2,5.266666666666667,35.41091212138135,79.5,52695.0,89758.0,142453.0,36.991147957571975,63.00885204242803,21.0
2011,751,Aarhus,31.09,3.82,5.53,12.3,18.7,5.366666666666667,36.12355166505505,79.7,53205.0,93530.0,146735.0,36.25924285276178,63.74075714723821,21.35
2012,751,Aarhus,30.67,3.87,5.29,12.5,18.8,5.691666666666666,36.84474081739958,79.9,53653.0,94011.0,147664.0,36.334516198938125,63.665483801061875,21.19
2013,751,Aarhus,31.41,3.98,5.36,12.8,19.3,5.658333333333334,37.86869101354124,80.1,53844.0,95879.0,149723.0,35.962410584880075,64.03758941511992,21.72
2014,751,Aarhus,31.55,3.99,5.48,12.8,19.3,5.091666666666667,39.13736521331458,80.5,54277.0,98104.0,152381.0,35.619270118978086,64.38072988102192,21.82
2015,751,Aarhus,32.66,4.02,5.53,12.8,19.4,4.666666666666667,40.52187973724103,80.8,54772.0,98841.0,153613.0,35.65583642009466,64.34416357990534,22.5
2016,751,Aarhus,31.94,4.1,5.45,13.3,20.1,4.441666666666666,42.077189956602105,81.1,55679.0,99631.0,155310.0,35.85023501384328,64.14976498615673,22.17
2017,751,Aarhus,33.29,4.21,5.84,14.2,20.9,4.5,43.08638810561394,81.2,56413.0,100760.0,157173.0,35.892297023025584,64.10770297697441,22.97
2018,751,Aarhus,32.92,4.21,5.73,14.2,20.8,4.441666666666666,43.73462846041768,81.5,57217.0,102775.0,159992.0,35.762413120656035,64.23758687934397,22.75
2019,751,Aarhus,33.12,4.25,5.81,14.5,21.2,4.458333333333333,44.51997710976177,81.6,58097.0,104730.0,162827.0,35.68020045815498,64.31979954184503,22.88
2020,751,Aarhus,33.19,4.29,5.76,14.8,21.7,5.566666666666666,44.80366167636121,81.6,58556.0,106782.0,165338.0,35.41593584052063,64.58406415947937,23.03
2021,751,Aarhus,33.77,4.28,5.83,14.4,21.5,4.408333333333333,45.37292267793024,81.8,,,,,,23.41
2022,751,Aarhus,34.22,4.26,6.16,14.5,21.4,3.091666666666667,46.16328143641136,82.0,,,,,,23.49
2023,751,Aarhus,33.65,4.19,5.8,14.0,20.7,3.516666666666667,47.01236993965347,82.1,60080.0,115523.0,175603.0,34.21353849307814,65.78646150692187,23.12
2024,751,Aarhus,33.43,4.13,5.73,13.4,20.1,3.6833333333333336,47.78412263794066,82.2,60468.0,118165.0,178633.0,33.85040837919085,66.14959162080915,22.97
1987,756,Ikast-Brande,22.04,2.4,3.29,,,,,,,,,,,14.75
1988,756,Ikast-Brande,21.48,2.38,3.16,,,,,,,,,,,14.48
1989,756,Ikast-Brande,21.47,2.32,3.14,,,,,,,,,,,14.36
1990,756,Ikast-Brande,21.29,2.32,3.11,,,,,,,,,,,14.26
1991,756,Ikast-Brande,22.06,2.29,3.13,,,,,,,,,,,14.66
1992,756,Ikast-Brande,22.01,2.29,3.17,,,,,,,,,,,14.64
1993,756,Ikast-Brande,22.71,2.33,3.26,,,,,,,,,,,15.09
1994,756,Ikast-Brande,20.44,2.3,2.89,,,,,,,,,,,13.87
1995,756,Ikast-Brande,21.19,2.31,2.99,,,,,,,,,,,14.32
1996,756,Ikast-Brande,21.48,2.34,3.0,,,,,,,,,,,14.55
1997,756,Ikast-Brande,22.55,2.31,3.09,,,,,,,,,,,15.17
1998,756,Ikast-Brande,22.01,2.35,3.09,,,,,,,,,,,14.85
1999,756,Ikast-Brande,21.87,2.35,3.05,,,,,,,,,,,14.79
2000,756,Ikast-Brande,22.68,2.35,3.13,3.7,7.6,,,,,,,,,15.24
2001,756,Ikast-Brande,23.0,2.37,3.23,4.1,8.4,,,,,,,,,15.42
2002,756,Ikast-Brande,21.76,2.35,3.07,3.9,8.1,,,,,,,,,14.67
2003,756,Ikast-Brande,21.8,2.34,3.05,4.1,8.3,,,,,,,,,14.71
2004,756,Ikast-Brande,22.98,2.37,3.23,4.0,8.7,,,77.8,,,,,,15.45
2005,756,Ikast-Brande,22.85,2.42,3.16,4.4,9.0,,,78.1,,,,,,15.5
2006,756,Ikast-Brande,23.16,2.4,3.16,3.7,8.2,,,78.5,,,,,,15.66
2007,756,Ikast-Brande,26.7,2.42,3.78,4.3,8.9,3.016666666666667,,78.7,,,,,,17.67
2008,756,Ikast-Brande,26.79,2.42,4.39,5.3,9.5,2.466666666666667,15.963887794217749,78.8,,,,,,17.37
2009,756,Ikast-Brande,25.01,2.45,4.02,5.6,9.8,5.716666666666666,16.61368101446687,78.8,,,,,,16.53
2010,756,Ikast-Brande,24.3,2.49,3.6,5.4,9.5,6.8500000000000005,16.926732392368255,79.0,11399.0,5650.0,17049.0,66.86022640624083,33.139773593759166,16.35
2011,756,Ikast-Brande,25.02,2.5,3.73,4.9,9.1,6.2250000000000005,17.63433999716433,79.4,11453.0,6005.0,17458.0,65.60316187421239,34.3968381257876,16.7
2012,756,Ikast-Brande,23.8,2.48,3.43,4.5,8.7,5.808333333333334,18.08219178082192,79.5,11442.0,6073.0,17515.0,65.32686268912362,34.67313731087639,16.08
2013,756,Ikast-Brande,24.55,2.49,3.46,4.6,8.7,5.733333333333333,18.634469494604126,80.0,11412.0,6159.0,17571.0,64.94792555915998,35.052074440840016,16.61
2014,756,Ikast-Brande,24.28,2.54,3.55,5.1,9.4,4.816666666666666,19.381553225519816,80.2,11375.0,6342.0,17717.0,64.20387198735678,35.79612801264322,16.42
2015,756,Ikast-Brande,24.15,2.53,3.42,4.8,9.2,4.308333333333334,20.319008794104036,80.5,11349.0,6473.0,17822.0,63.67972169229043,36.32027830770957,16.41
2016,756,Ikast-Brande,24.28,2.58,3.45,5.3,9.4,3.658333333333333,21.350630886795805,80.9,11293.0,6620.0,17913.0,63.043599620387425,36.95640037961257,16.54
2017,756,Ikast-Brande,24.23,2.62,3.44,5.7,9.8,4.091666666666666,21.994812209075082,81.2,11265.0,6766.0,18031.0,62.47573623204481,37.52426376795519,16.53
2018,756,Ikast-Brande,24.28,2.66,3.49,5.9,10.2,3.5666666666666664,22.496,81.2,11253.0,6871.0,18124.0,62.088942838225556,37.911057161774444,16.61
2019,756,Ikast-Brande,27.07,2.64,3.92,5.7,9.9,3.1999999999999997,23.38373954812311,81.3,11204.0,6981.0,18185.0,61.61121803684355,38.38878196315645,18.17
2020,756,Ikast-Brande,29.31,2.69,4.21,6.0,10.6,4.0249999999999995,23.81413012324448,81.7,11187.0,7117.0,18304.0,61.11778846153846,38.88221153846153,19.65
2021,756,Ikast-Brande,25.7,2.72,3.69,6.0,10.8,2.8249999999999997,24.510532837670386,81.4,,,,,,17.52
2022,756,Ikast-Brande,26.13,2.69,3.8,5.9,10.5,1.8333333333333333,25.6106923506421,81.3,,,,,,17.68
2023,756,Ikast-Brande,25.73,2.69,3.78,6.5,10.9,2.3000000000000003,26.203041455454485,81.5,11238.0,7515.0,18753.0,59.92641177411614,40.07358822588386,17.41
2024,756,Ikast-Brande,26.89,2.73,3.96,6.5,11.2,2.5083333333333333,26.38610785058344,81.4,11245.0,7580.0,18825.0,59.734395750332006,40.265604249667994,18.16
1987,760,Ringkøbing-Skjern,21.8,2.49,3.27,,,,,,,,,,,14.77
1988,760,Ringkøbing-Skjern,21.97,2.45,3.26,,,,,,,,,,,14.85
1989,760,Ringkøbing-Skjern,21.68,2.38,3.24,,,,,,,,,,,14.55
1990,760,Ringkøbing-Skjern,21.3,2.37,3.11,,,,,,,,,,,14.34
1991,760,Ringkøbing-Skjern,20.5,2.35,2.92,,,,,,,,,,,13.94
1992,760,Ringkøbing-Skjern,21.17,2.34,3.05,,,,,,,,,,,14.31
1993,760,Ringkøbing-Skjern,20.99,2.36,2.98,,,,,,,,,,,14.24
1994,760,Ringkøbing-Skjern,20.34,2.3,2.87,,,,,,,,,,,13.83
1995,760,Ringkøbing-Skjern,20.5,2.33,2.85,,,,,,,,,,,13.98
1996,760,Ringkøbing-Skjern,21.05,2.35,2.95,,,,,,,,,,,14.31
1997,760,Ringkøbing-Skjern,21.38,2.39,2.96,,,,,,,,,,,14.58
1998,760,Ringkøbing-Skjern,23.05,2.4,3.24,,,,,,,,,,,15.49
1999,760,Ringkøbing-Skjern,21.92,2.37,3.08,,,,,,,,,,,14.81
2000,760,Ringkøbing-Skjern,21.5,2.38,2.99,3.8,7.6,,,,,,,,,14.61
2001,760,Ringkøbing-Skjern,23.27,2.41,3.21,3.7,7.7,,,,,,,,,15.67
2002,760,Ringkøbing-Skjern,22.04,2.38,3.09,3.9,7.9,,,,,,,,,14.91
2003,760,Ringkøbing-Skjern,22.08,2.37,3.12,4.3,8.0,,,,,,,,,14.9
2004,760,Ringkøbing-Skjern,22.91,2.46,3.22,4.2,8.3,,,77.7,,,,,,15.49
2005,760,Ringkøbing-Skjern,23.93,2.49,3.37,4.5,8.7,,,77.8,,,,,,16.12
2006,760,Ringkøbing-Skjern,25.32,2.48,3.56,4.0,8.1,,,78.3,,,,,,16.95
2007,760,Ringkøbing-Skjern,26.44,2.49,3.94,4.7,8.4,1.7750000000000001,,78.3,,,,,,17.44
2008,760,Ringkøbing-Skjern,29.81,2.49,6.16,5.9,9.7,1.425,16.878560943447866,78.5,,,,,,18.91
2009,760,Ringkøbing-Skjern,26.91,2.5,4.66,6.0,9.5,4.041666666666667,17.285241331242375,78.7,,,,,,17.55
2010,760,Ringkøbing-Skjern,25.66,2.53,4.01,5.3,9.1,5.366666666666667,17.78235323657912,79.2,17146.0,7230.0,24376.0,70.33967837216935,29.660321627830655,17.03
2011,760,Ringkøbing-Skjern,25.91,2.5,3.93,5.1,8.8,4.825,18.175385392974476,79.4,17251.0,7545.0,24796.0,69.57170511372802,30.428294886271978,17.18
2012,760,Ringkøbing-Skjern,25.89,2.48,3.78,4.7,8.5,4.533333333333333,18.59148493234152,80.0,17188.0,7659.0,24847.0,69.17535316134745,30.82464683865255,17.22
2013,760,Ringkøbing-Skjern,25.19,2.5,3.56,4.6,8.4,4.7,18.943916374164125,80.4,17121.0,7721.0,24842.0,68.9195716931004,31.080428306899606,16.93
2014,760,Ringkøbing-Skjern,24.67,2.54,3.58,4.7,8.7,3.4916666666666667,19.580653460252122,80.8,16958.0,7915.0,24873.0,68.17834599766816,31.821654002331844,16.63
2015,760,Ringkøbing-Skjern,24.68,2.56,3.55,5.1,9.2,3.0500000000000003,20.269747530752767,81.0,16874.0,8169.0,25043.0,67.38010621730623,32.619893782693765,16.72
2016,760,Ringkøbing-Skjern,25.65,2.58,3.86,5.5,9.6,2.4916666666666667,20.93761381965763,81.0,16859.0,8364.0,25223.0,66.83978908139396,33.16021091860604,17.18
2017,760,Ringkøbing-Skjern,25.2,2.59,3.6,5.4,9.3,2.6166666666666667,21.438979963570127,81.2,16760.0,8578.0,25338.0,66.14571000078932,33.85428999921067,17.07
2018,760,Ringkøbing-Skjern,25.2,2.6,3.71,5.7,9.7,2.6,22.0304409226424,81.3,16669.0,8807.0,25476.0,65.43020882399121,34.56979117600879,17.04
2019,760,Ringkøbing-Skjern,25.68,2.6,3.65,5.3,9.5,2.558333333333333,22.453715913286565,81.5,16520.0,8966.0,25486.0,64.81990112218473,35.18009887781527,17.42
2020,760,Ringkøbing-Skjern,27.15,2.63,3.98,5.1,9.7,3.158333333333333,22.96438677986011,81.7,16440.0,9062.0,25502.0,64.46553211512823,35.53446788487177,18.28
2021,760,Ringkøbing-Skjern,27.42,2.67,3.99,5.1,9.9,2.216666666666667,23.540258143822985,81.9,,,,,,18.51
2022,760,Ringkøbing-Skjern,26.55,2.62,3.81,5.0,9.4,1.5833333333333333,24.199060230670653,81.8,,,,,,17.95
2023,760,Ringkøbing-Skjern,26.56,2.65,3.77,5.3,9.9,1.7833333333333334,24.507095147402023,81.8,16272.0,9326.0,25598.0,63.56746620829752,36.432533791702475,18.04
2024,760,Ringkøbing-Skjern,26.93,2.65,3.75,4.8,9.9,1.8583333333333334,25.069086968301274,81.9,16132.0,9447.0,25579.0,63.06735994370381,36.93264005629618,18.4
1987,766,Hedensted,20.69,2.35,3.03,,,,,,,,,,,14.07
1988,766,Hedensted,20.61,2.32,3.02,,,,,,,,,,,14.0
1989,766,Hedensted,20.26,2.27,2.98,,,,,,,,,,,13.7
1990,766,Hedensted,19.64,2.24,2.85,,,,,,,,,,,13.32
1991,766,Hedensted,19.26,2.22,2.73,,,,,,,,,,,13.1
1992,766,Hedensted,19.46,2.23,2.77,,,,,,,,,,,13.23
1993,766,Hedensted,19.89,2.23,2.81,,,,,,,,,,,13.49
1994,766,Hedensted,19.08,2.22,2.67,,,,,,,,,,,13.04
1995,766,Hedensted,19.41,2.24,2.7,,,,,,,,,,,13.22
1996,766,Hedensted,19.32,2.26,2.67,,,,,,,,,,,13.22
1997,766,Hedensted,20.08,2.29,2.77,,,,,,,,,,,13.68
1998,766,Hedensted,20.78,2.31,2.89,,,,,,,,,,,14.08
1999,766,Hedensted,20.28,2.3,2.84,,,,,,,,,,,13.79
2000,766,Hedensted,21.17,2.33,2.94,2.8,5.6,,,,,,,,,14.33
2001,766,Hedensted,21.1,2.33,2.92,2.7,5.5,,,,,,,,,14.29
2002,766,Hedensted,20.48,2.29,2.83,2.8,5.3,,,,,,,,,13.97
2003,766,Hedensted,20.72,2.28,2.9,3.0,5.7,,,,,,,,,14.04
2004,766,Hedensted,21.12,2.36,2.93,3.0,5.9,,,78.0,,,,,,14.36
2005,766,Hedensted,22.09,2.36,3.05,3.0,6.1,,,78.4,,,,,,14.95
2006,766,Hedensted,23.23,2.37,3.21,3.1,5.8,,,78.6,,,,,,15.59
2007,766,Hedensted,22.73,2.35,3.18,3.2,5.9,1.5166666666666666,,78.7,,,,,,15.25
2008,766,Hedensted,27.03,2.37,4.68,4.2,7.3,1.0416666666666667,18.41216216216216,79.0,,,,,,17.36
2009,766,Hedensted,24.45,2.39,3.7,4.4,7.3,4.041666666666667,18.740047136760303,79.3,,,,,,16.17
2010,766,Hedensted,23.73,2.46,3.44,4.3,7.8,5.133333333333334,19.271164863144495,79.5,14054.0,4594.0,18648.0,75.36465036465036,24.635349635349634,15.94
2011,766,Hedensted,23.43,2.42,3.42,4.3,7.5,4.0249999999999995,19.6835162047314,80.0,14074.0,5051.0,19125.0,73.58954248366013,26.410457516339868,15.74
2012,766,Hedensted,22.81,2.43,3.2,3.5,6.8,4.033333333333333,20.113062533744085,80.2,14075.0,5182.0,19257.0,73.09030482421977,26.909695175780236,15.51
2013,766,Hedensted,23.15,2.45,3.21,3.5,6.7,3.908333333333333,20.512575003191625,80.4,13997.0,5287.0,19284.0,72.58348890271728,27.41651109728272,15.73
2014,766,Hedensted,23.18,2.48,3.23,3.6,7.1,3.275,20.858388215456078,80.6,13948.0,5376.0,19324.0,72.17967294555993,27.820327054440074,15.8
2015,766,Hedensted,24.23,2.51,3.38,3.7,7.2,3.033333333333333,21.400297666170555,81.0,13867.0,5704.0,19571.0,70.85483623728986,29.14516376271013,16.44
2016,766,Hedensted,23.46,2.54,3.31,4.2,7.9,2.475,21.879054460301887,81.2,13834.0,5841.0,19675.0,70.31257941550192,29.687420584498092,16.02
2017,766,Hedensted,23.93,2.57,3.4,4.5,8.0,2.4833333333333334,22.43981144610712,81.3,13796.0,6049.0,19845.0,69.51877047115143,30.481229528848573,16.31
2018,766,Hedensted,24.18,2.58,3.39,4.5,8.0,2.4083333333333337,22.942611781855053,81.6,13806.0,6216.0,20022.0,68.95415043452202,31.045849565477972,16.49
2019,766,Hedensted,24.01,2.56,3.34,4.4,8.0,2.4250000000000003,23.391720249596148,81.9,13780.0,6272.0,20052.0,68.721324556154,31.278675443845998,16.4
2020,766,Hedensted,24.38,2.61,3.39,4.2,8.2,3.225,24.055634581950372,82.0,13720.0,6389.0,20109.0,68.22815654681983,31.77184345318017,16.72
2021,766,Hedensted,24.69,2.62,3.45,4.2,8.2,2.2666666666666666,24.79131362580807,82.0,,,,,,16.87
2022,766,Hedensted,24.54,2.6,3.41,4.1,7.8,1.45,25.59719550784886,81.9,,,,,,16.72
2023,766,Hedensted,24.32,2.58,3.37,4.2,8.1,1.9833333333333334,26.258970551843603,81.9,13752.0,7015.0,20767.0,66.22044589974479,33.77955410025521,16.63
2024,766,Hedensted,24.58,2.6,3.43,4.4,8.3,1.9416666666666667,26.69354590501985,81.9,13768.0,7139.0,20907.0,65.85354187592672,34.14645812407328,16.79
1987,773,Morsø,20.85,2.37,3.0,,,,,,,,,,,14.27
1988,773,Morsø,20.75,2.34,3.0,,,,,,,,,,,14.2
1989,773,Morsø,20.03,2.28,2.88,,,,,,,,,,,13.67
1990,773,Morsø,20.06,2.28,2.88,,,,,,,,,,,13.65
1991,773,Morsø,19.69,2.25,2.76,,,,,,,,,,,13.46
1992,773,Morsø,20.23,2.26,2.85,,,,,,,,,,,13.76
1993,773,Morsø,20.56,2.31,2.89,,,,,,,,,,,13.97
1994,773,Morsø,19.48,2.25,2.71,,,,,,,,,,,13.39
1995,773,Morsø,19.46,2.24,2.67,,,,,,,,,,,13.45
1996,773,Morsø,19.74,2.24,2.69,,,,,,,,,,,13.6
1997,773,Morsø,20.42,2.29,2.78,,,,,,,,,,,14.02
1998,773,Morsø,21.2,2.35,2.93,,,,,,,,,,,14.52
1999,773,Morsø,22.46,2.36,3.21,,,,,,,,,,,15.13
2000,773,Morsø,21.39,2.35,2.94,4.4,10.4,,,,,,,,,14.65
2001,773,Morsø,22.55,2.39,3.11,4.3,10.6,,,,,,,,,15.34
2002,773,Morsø,22.36,2.36,3.14,4.9,10.7,,,,,,,,,15.15
2003,773,Morsø,22.07,2.31,3.11,4.8,10.0,,,,,,,,,14.9
2004,773,Morsø,24.42,2.37,3.34,4.3,10.9,,,76.7,,,,,,16.44
2005,773,Morsø,24.62,2.4,3.41,4.9,11.3,,,76.8,,,,,,16.53
2006,773,Morsø,25.62,2.4,3.66,5.3,11.8,,,77.1,,,,,,17.05
2007,773,Morsø,26.55,2.42,4.26,5.7,11.9,3.0583333333333336,,77.4,,,,,,17.43
2008,773,Morsø,31.02,2.47,6.85,6.4,12.7,2.9250000000000003,14.583058015065415,77.6,,,,,,19.62
2009,773,Morsø,27.98,2.46,5.03,6.4,12.4,6.325,14.804710892274937,77.6,,,,,,18.17
2010,773,Morsø,26.53,2.4,4.32,6.1,11.9,8.191666666666666,15.006034598363954,77.7,6921.0,2942.0,9863.0,70.1713474602048,29.828652539795193,17.45
2011,773,Morsø,25.47,2.44,3.83,6.0,11.5,7.316666666666666,15.47554347826087,77.8,6857.0,3211.0,10068.0,68.10687326181963,31.89312673818037,16.98
2012,773,Morsø,26.0,2.41,3.93,5.4,10.6,6.391666666666667,15.577094933663298,78.2,6826.0,3238.0,10064.0,67.82591414944356,32.17408585055644,17.21
2013,773,Morsø,25.09,2.4,3.55,5.3,10.6,5.3500000000000005,15.932156263033507,78.1,6766.0,3230.0,9996.0,67.68707482993197,32.31292517006803,16.88
2014,773,Morsø,24.79,2.47,3.53,6.1,11.8,4.716666666666667,16.25253727164555,79.2,6709.0,3242.0,9951.0,67.4203597628379,32.579640237162096,16.8
2015,773,Morsø,24.21,2.48,3.37,6.1,11.5,4.05,16.790753740338936,79.3,6649.0,3333.0,9982.0,66.60989781606892,33.39010218393108,16.51
2016,773,Morsø,23.88,2.55,3.36,6.9,12.7,3.283333333333333,17.085931340930266,79.8,6569.0,3317.0,9886.0,66.4475015172972,33.552498482702816,16.37
2017,773,Morsø,24.7,2.55,3.43,6.8,12.7,3.6666666666666665,17.398599358039103,79.8,6508.0,3418.0,9926.0,65.56518234938545,34.43481765061455,16.92
2018,773,Morsø,24.96,2.58,3.61,6.5,13.0,3.341666666666667,17.626694166175604,79.9,6453.0,3464.0,9917.0,65.0700816779268,34.929918322073206,16.99
2019,773,Morsø,26.31,2.57,3.69,6.3,12.8,3.033333333333333,18.025911780124318,79.9,6380.0,3550.0,9930.0,64.24974823766365,35.750251762336354,17.86
2020,773,Morsø,26.14,2.59,3.67,6.0,13.3,3.85,18.771279412877355,80.2,6339.0,3536.0,9875.0,64.19240506329113,35.80759493670886,17.89
2021,773,Morsø,26.38,2.65,3.78,6.7,14.5,2.5,19.247500572388002,80.1,,,,,,17.99
2022,773,Morsø,26.5,2.56,3.73,5.8,12.5,2.025,19.897608313593643,80.2,,,,,,17.92
2023,773,Morsø,26.61,2.56,3.79,6.1,12.8,2.6666666666666665,20.095693779904305,80.7,6189.0,3595.0,9784.0,63.25633687653311,36.74366312346689,18.0
2024,773,Morsø,26.65,2.57,3.76,6.1,13.9,2.7083333333333335,20.63754427390791,80.8,6150.0,3620.0,9770.0,62.94779938587512,37.05220061412487,18.07
1987,779,Skive,21.02,2.34,3.08,,,,,,,,,,,14.22
1988,779,Skive,20.52,2.32,2.99,,,,,,,,,,,13.97
1989,779,Skive,20.36,2.27,2.92,,,,,,,,,,,13.79
1990,779,Skive,20.11,2.29,2.87,,,,,,,,,,,13.67
1991,779,Skive,19.82,2.26,2.8,,,,,,,,,,,13.51
1992,779,Skive,20.92,2.28,3.0,,,,,,,,,,,14.12
1993,779,Skive,21.68,2.3,3.06,,,,,,,,,,,14.56
1994,779,Skive,20.1,2.27,2.79,,,,,,,,,,,13.73
1995,779,Skive,20.34,2.28,2.79,,,,,,,,,,,13.89
1996,779,Skive,21.66,2.33,2.94,,,,,,,,,,,14.68
1997,779,Skive,21.01,2.33,2.89,,,,,,,,,,,14.33
1998,779,Skive,21.97,2.38,3.06,,,,,,,,,,,14.87
1999,779,Skive,21.53,2.38,3.0,,,,,,,,,,,14.65
2000,779,Skive,21.85,2.4,3.02,4.7,9.5,,,,,,,,,14.88
2001,779,Skive,24.9,2.41,3.44,4.6,9.8,,,,,,,,,16.64
2002,779,Skive,21.51,2.35,3.0,4.5,9.3,,,,,,,,,14.6
2003,779,Skive,21.39,2.31,3.0,4.6,9.0,,,,,,,,,14.5
2004,779,Skive,21.76,2.38,3.0,4.6,9.4,,,77.6,,,,,,14.88
2005,779,Skive,22.32,2.39,3.08,4.5,9.7,,,77.7,,,,,,15.22
2006,779,Skive,23.01,2.41,3.17,4.1,9.5,,,77.7,,,,,,15.62
2007,779,Skive,24.14,2.41,3.4,4.5,9.2,2.4499999999999997,,78.0,,,,,,16.2
2008,779,Skive,25.67,2.42,4.1,5.2,10.0,2.216666666666667,18.454781751366856,78.6,,,,,,16.86
2009,779,Skive,24.01,2.45,3.55,5.6,10.0,5.808333333333334,18.79701501483502,79.0,,,,,,16.19
2010,779,Skive,23.61,2.46,3.4,5.4,9.8,6.858333333333333,19.036318303343446,79.2,13752.0,7811.0,21563.0,63.77591244261003,36.22408755738997,16.03
2011,779,Skive,23.92,2.49,3.5,5.5,9.9,5.933333333333334,19.519437626882404,79.6,13751.0,8297.0,22048.0,62.36846879535559,37.63153120464441,16.17
2012,779,Skive,22.91,2.47,3.2,4.9,9.4,5.591666666666666,19.843597262952102,79.8,13728.0,8329.0,22057.0,62.23874506959242,37.76125493040758,15.69
2013,779,Skive,23.67,2.47,3.33,5.0,9.5,4.583333333333333,20.261699507389164,79.9,13624.0,8416.0,22040.0,61.814882032667875,38.18511796733212,16.11
2014,779,Skive,24.09,2.5,3.49,5.5,10.0,3.5666666666666664,20.742031872509962,80.1,13540.0,8497.0,22037.0,61.44212007079003,38.55787992920997,16.32
2015,779,Skive,23.81,2.53,3.36,5.6,10.2,3.3000000000000003,21.156434899665026,80.3,13491.0,8575.0,22066.0,61.139309344693196,38.860690655306804,16.27
2016,779,Skive,23.7,2.57,3.34,6.0,10.5,2.9333333333333336,21.65136460822538,80.6,13450.0,8655.0,22105.0,60.84596245193396,39.15403754806605,16.24
2017,779,Skive,24.66,2.63,3.49,6.3,11.0,3.233333333333333,21.839116819030146,80.7,13363.0,8821.0,22184.0,60.23710782545979,39.76289217454021,16.88
2018,779,Skive,24.16,2.62,3.41,6.2,10.9,2.966666666666667,22.351586489252814,81.1,13291.0,8977.0,22268.0,59.6865457158254,40.3134542841746,16.59
2019,779,Skive,24.83,2.62,3.46,5.8,10.6,2.5166666666666666,23.00799381124291,80.8,13203.0,9035.0,22238.0,59.371346344095684,40.62865365590431,17.04
2020,779,Skive,26.21,2.67,3.67,5.8,11.2,3.033333333333333,23.427133379089454,81.2,13158.0,9013.0,22171.0,59.347796671327416,40.65220332867259,17.91
2021,779,Skive,25.85,2.69,3.63,5.5,11.6,1.9583333333333333,23.904976476045327,81.4,,,,,,17.73
2022,779,Skive,26.3,2.61,3.74,5.1,10.5,1.5250000000000001,24.552184546235704,81.1,,,,,,17.81
2023,779,Skive,25.41,2.6,3.51,5.4,10.9,1.9833333333333334,24.91630958757365,80.9,12869.0,9191.0,22060.0,58.33635539437897,41.66364460562103,17.37
2024,779,Skive,26.5,2.6,3.66,5.3,11.4,2.125,25.28864439011138,81.5,12804.0,9188.0,21992.0,58.22117133503092,41.77882866496908,18.08
1987,787,Thisted,21.7,2.44,3.17,,,,,,,,,,,14.77
1988,787,Thisted,21.79,2.42,3.26,,,,,,,,,,,14.73
1989,787,Thisted,20.86,2.36,3.05,,,,,,,,,,,14.14
1990,787,Thisted,20.68,2.33,2.97,,,,,,,,,,,14.04
1991,787,Thisted,20.68,2.29,2.91,,,,,,,,,,,14.05
1992,787,Thisted,20.98,2.28,2.96,,,,,,,,,,,14.22
1993,787,Thisted,20.69,2.31,2.9,,,,,,,,,,,14.08
1994,787,Thisted,20.4,2.34,2.85,,,,,,,,,,,13.97
1995,787,Thisted,20.3,2.34,2.79,,,,,,,,,,,13.97
1996,787,Thisted,20.79,2.36,2.87,,,,,,,,,,,14.27
1997,787,Thisted,21.44,2.39,2.94,,,,,,,,,,,14.66
1998,787,Thisted,21.96,2.43,3.05,,,,,,,,,,,14.95
1999,787,Thisted,21.82,2.41,3.03,,,,,,,,,,,14.88
2000,787,Thisted,22.51,2.45,3.12,4.6,10.0,,,,,,,,,15.34
2001,787,Thisted,23.38,2.45,3.24,4.7,10.2,,,,,,,,,15.8
2002,787,Thisted,22.55,2.41,3.19,5.1,10.3,,,,,,,,,15.24
2003,787,Thisted,22.55,2.41,3.25,5.4,10.6,,,,,,,,,15.17
2004,787,Thisted,22.47,2.44,3.15,5.0,10.4,,,76.7,,,,,,15.27
2005,787,Thisted,23.53,2.47,3.31,4.9,10.9,,,76.8,,,,,,15.9
2006,787,Thisted,24.9,2.5,3.5,5.1,11.4,,,76.8,,,,,,16.7
2007,787,Thisted,26.56,2.5,3.87,5.1,10.9,2.216666666666667,,76.9,,,,,,17.61
2008,787,Thisted,29.51,2.5,5.46,6.2,11.9,1.875,15.986469825814813,77.1,,,,,,18.9
2009,787,Thisted,26.35,2.55,4.32,6.6,12.1,4.216666666666667,16.305348357403588,77.4,,,,,,17.39
2010,787,Thisted,26.42,2.53,4.21,6.2,11.3,5.483333333333333,16.564690885914597,77.8,14081.0,5777.0,19858.0,70.90844999496426,29.091550005035753,17.49
2011,787,Thisted,25.61,2.52,3.88,5.9,10.9,4.941666666666666,16.99734815808812,78.2,14007.0,6293.0,20300.0,69.0,31.0,17.1
2012,787,Thisted,24.52,2.51,3.56,5.3,10.5,4.758333333333334,17.464470284237727,78.8,13905.0,6336.0,20241.0,68.69719875500222,31.302801244997774,16.53
2013,787,Thisted,24.54,2.51,3.43,5.2,10.4,4.316666666666666,17.74392620501494,79.0,13813.0,6449.0,20262.0,68.1719474879084,31.8280525120916,16.68
2014,787,Thisted,24.21,2.54,3.48,5.6,11.2,3.9166666666666665,18.303308221421553,79.2,13679.0,6643.0,20322.0,67.31128825902962,32.688711740970376,16.44
2015,787,Thisted,24.71,2.56,3.53,5.7,11.1,3.6500000000000004,18.988555930409472,79.4,13594.0,6770.0,20364.0,66.75505794539383,33.24494205460617,16.73
2016,787,Thisted,24.95,2.59,3.56,6.2,11.5,3.1166666666666667,19.70071481060859,79.7,13481.0,6891.0,20372.0,66.17416061260553,33.82583938739446,16.94
2017,787,Thisted,25.41,2.67,3.67,6.5,11.6,3.408333333333333,20.228428961288365,79.8,13385.0,7014.0,20399.0,65.61596156674347,34.38403843325653,17.22
2018,787,Thisted,24.78,2.64,3.56,6.7,11.7,3.1750000000000003,20.765696784073505,80.2,13370.0,7099.0,20469.0,65.31828618887097,34.68171381112902,16.86
2019,787,Thisted,25.89,2.65,3.69,6.3,11.6,3.225,21.30120481927711,80.1,13345.0,7066.0,20411.0,65.38141198373427,34.61858801626574,17.58
2020,787,Thisted,26.41,2.67,3.78,6.5,12.5,4.083333333333333,21.765236706927666,80.4,13256.0,7157.0,20413.0,64.93900945475922,35.06099054524078,17.94
2021,787,Thisted,26.01,2.68,3.68,6.3,12.6,2.6,22.361159622773314,80.3,,,,,,17.72
2022,787,Thisted,27.0,2.63,3.88,6.1,11.8,1.7583333333333335,23.264978726372323,80.5,,,,,,18.23
2023,787,Thisted,27.36,2.65,4.1,6.3,12.4,2.3583333333333334,23.540794427048517,80.5,13151.0,7333.0,20484.0,64.20132786565124,35.798672134348756,18.31
2024,787,Thisted,26.42,2.67,3.78,6.4,13.1,2.6,24.02069211559044,80.6,13076.0,7263.0,20339.0,64.2902797581002,35.7097202418998,17.97
1987,791,Viborg,20.69,2.33,3.05,,,,,,,,,,,13.98
1988,791,Viborg,20.8,2.32,3.06,,,,,,,,,,,14.01
1989,791,Viborg,20.62,2.27,2.99,,,,,,,,,,,13.87
1990,791,Viborg,20.09,2.29,2.9,,,,,,,,,,,13.61
1991,791,Viborg,19.94,2.29,2.84,,,,,,,,,,,13.54
1992,791,Viborg,20.71,2.33,2.98,,,,,,,,,,,13.99
1993,791,Viborg,20.64,2.35,2.95,,,,,,,,,,,13.98
1994,791,Viborg,20.41,2.3,2.87,,,,,,,,,,,13.87
1995,791,Viborg,20.1,2.31,2.8,,,,,,,,,,,13.72
1996,791,Viborg,20.45,2.35,2.85,,,,,,,,,,,13.97
1997,791,Viborg,20.92,2.37,2.9,,,,,,,,,,,14.28
1998,791,Viborg,21.33,2.39,2.97,,,,,,,,,,,14.54
1999,791,Viborg,21.11,2.38,2.95,,,,,,,,,,,14.41
2000,791,Viborg,21.4,2.42,2.99,4.1,8.4,,,,,,,,,14.58
2001,791,Viborg,21.82,2.42,3.07,4.4,8.6,,,,,,,,,14.82
2002,791,Viborg,21.78,2.39,3.1,4.4,8.3,,,,,,,,,14.75
2003,791,Viborg,21.77,2.38,3.07,4.2,8.2,,,,,,,,,14.75
2004,791,Viborg,22.53,2.44,3.22,4.6,8.7,,,77.2,,,,,,15.24
2005,791,Viborg,22.97,2.46,3.26,4.6,8.9,,,77.4,,,,,,15.51
2006,791,Viborg,23.37,2.47,3.28,4.5,8.6,,,77.9,,,,,,15.8
2007,791,Viborg,24.18,2.44,3.43,4.5,8.4,2.3333333333333335,,78.5,,,,,,16.18
2008,791,Viborg,26.41,2.48,4.41,5.3,9.2,1.6333333333333335,22.710163111668756,78.8,,,,,,17.22
2009,791,Viborg,25.29,2.52,4.01,5.6,9.3,4.191666666666666,23.050033109013352,79.3,,,,,,16.77
2010,791,Viborg,24.72,2.58,3.71,5.4,9.3,5.266666666666667,23.517862347184515,79.6,26006.0,14299.0,40305.0,64.5230120332465,35.476987966753505,16.63
2011,791,Viborg,24.41,2.59,3.63,5.6,9.4,5.05,23.96844846071374,79.8,26062.0,15305.0,41367.0,63.00190973481278,36.99809026518723,16.48
2012,791,Viborg,23.81,2.58,3.44,5.1,9.2,5.116666666666667,24.328782186383215,80.0,25973.0,15650.0,41623.0,62.400595824424,37.599404175576,16.22
2013,791,Viborg,24.14,2.62,3.43,5.2,9.4,4.691666666666666,24.821665877464984,80.5,25878.0,16099.0,41977.0,61.64804535817233,38.35195464182767,16.46
2014,791,Viborg,24.24,2.66,3.54,5.7,9.9,4.1000000000000005,25.383924630534377,80.6,25755.0,16647.0,42402.0,60.74005943115891,39.259940568841095,16.49
2015,791,Viborg,24.57,2.71,3.56,6.0,10.3,3.7916666666666665,26.06970899070345,80.9,25633.0,17157.0,42790.0,59.90418322037859,40.09581677962141,16.76
2016,791,Viborg,25.05,2.75,3.7,6.4,10.8,3.233333333333333,26.852286670807263,81.2,25569.0,17597.0,43166.0,59.234119445860166,40.765880554139834,17.04
2017,791,Viborg,25.84,2.78,3.78,6.5,10.9,3.35,27.489714424007744,81.5,25574.0,18191.0,43765.0,58.43482234662402,41.56517765337598,17.54
2018,791,Viborg,25.33,2.76,3.67,6.5,10.7,3.0833333333333335,28.036591819762606,81.5,25557.0,18549.0,44106.0,57.94449734729968,42.05550265270031,17.26
2019,791,Viborg,25.91,2.75,3.76,6.4,10.7,3.0749999999999997,28.618311100306908,81.8,25476.0,18877.0,44353.0,57.43918111514441,42.56081888485559,17.6
2020,791,Viborg,26.33,2.81,3.82,6.5,11.1,3.7416666666666667,28.94143280192718,81.9,25371.0,19057.0,44428.0,57.10587917529486,42.89412082470514,17.93
2021,791,Viborg,26.33,2.83,3.8,6.3,11.2,2.858333333333333,29.561586000122375,82.0,,,,,,18.0
2022,791,Viborg,25.99,2.76,3.76,5.8,10.4,2.2416666666666667,30.31310233878189,81.8,,,,,,17.67
2023,791,Viborg,25.47,2.75,3.66,6.2,10.8,2.5500000000000003,30.559944096736952,82.0,25612.0,19790.0,45402.0,56.41161182326769,43.5883881767323,17.4
2024,791,Viborg,26.07,2.74,3.72,6.2,11.2,2.6666666666666665,30.936690451302095,81.9,25568.0,19961.0,45529.0,56.15761382854883,43.84238617145117,17.81
1987,810,Brønderslev,21.51,2.39,3.22,,,,,,,,,,,14.54
1988,810,Brønderslev,21.28,2.37,3.22,,,,,,,,,,,14.37
1989,810,Brønderslev,19.75,2.29,2.84,,,,,,,,,,,13.48
1990,810,Brønderslev,19.75,2.26,2.83,,,,,,,,,,,13.42
1991,810,Brønderslev,19.67,2.24,2.79,,,,,,,,,,,13.42
1992,810,Brønderslev,19.8,2.26,2.81,,,,,,,,,,,13.55
1993,810,Brønderslev,20.19,2.28,2.86,,,,,,,,,,,13.79
1994,810,Brønderslev,19.57,2.24,2.74,,,,,,,,,,,13.41
1995,810,Brønderslev,19.37,2.25,2.68,,,,,,,,,,,13.34
1996,810,Brønderslev,19.76,2.3,2.72,,,,,,,,,,,13.66
1997,810,Brønderslev,20.7,2.37,2.84,,,,,,,,,,,14.25
1998,810,Brønderslev,20.98,2.38,2.95,,,,,,,,,,,14.37
1999,810,Brønderslev,21.3,2.37,2.98,,,,,,,,,,,14.56
2000,810,Brønderslev,21.95,2.37,3.01,4.2,9.4,,,,,,,,,14.97
2001,810,Brønderslev,21.96,2.4,3.03,4.3,9.8,,,,,,,,,14.97
2002,810,Brønderslev,21.93,2.37,3.12,4.5,9.6,,,,,,,,,14.83
2003,810,Brønderslev,22.65,2.36,3.33,4.7,9.7,,,,,,,,,15.19
2004,810,Brønderslev,21.6,2.39,3.03,4.6,9.8,,,77.8,,,,,,14.75
2005,810,Brønderslev,22.95,2.42,3.2,4.6,10.3,,,77.9,,,,,,15.57
2006,810,Brønderslev,24.44,2.45,3.44,5.0,10.3,,,78.4,,,,,,16.39
2007,810,Brønderslev,26.54,2.42,4.07,5.3,10.7,4.941666666666666,,78.3,,,,,,17.35
2008,810,Brønderslev,32.48,2.47,11.28,6.3,11.4,3.5083333333333333,19.459947472094548,78.6,,,,,,20.44
2009,810,Brønderslev,26.48,2.47,4.63,6.2,10.9,6.183333333333334,19.904204364023418,78.8,,,,,,17.4
2010,810,Brønderslev,24.62,2.46,3.85,5.6,10.0,6.8500000000000005,20.2064051109837,79.2,10794.0,4900.0,15694.0,68.77787689562889,31.222123104371097,16.45
2011,810,Brønderslev,23.81,2.43,3.54,5.2,9.7,6.208333333333333,20.638770141400855,79.0,10766.0,5239.0,16005.0,67.26647922524211,32.73352077475789,15.99
2012,810,Brønderslev,23.34,2.43,3.3,4.7,9.2,5.966666666666666,21.00868127325341,79.3,10722.0,5265.0,15987.0,67.06699193094389,32.93300806905611,15.8
2013,810,Brønderslev,23.82,2.44,3.34,4.8,9.3,5.441666666666666,21.360870824883076,79.2,10685.0,5327.0,16012.0,66.73120159880091,33.2687984011991,16.14
2014,810,Brønderslev,23.45,2.49,3.34,5.3,10.1,4.6499999999999995,21.833808520309077,79.5,10653.0,5516.0,16169.0,65.88533613705239,34.114663862947616,15.96
2015,810,Brønderslev,24.22,2.53,3.52,5.6,10.7,4.608333333333333,22.379930681630633,80.0,10584.0,5692.0,16276.0,65.02826247235193,34.971737527648074,16.39
2016,810,Brønderslev,26.4,2.57,3.86,6.4,11.4,4.075,22.99286627355573,80.2,10537.0,5832.0,16369.0,64.37167817215467,35.62832182784532,17.64
2017,810,Brønderslev,24.37,2.62,3.46,6.6,11.4,4.308333333333334,23.56033947422894,80.6,10482.0,5925.0,16407.0,63.88736514902176,36.11263485097824,16.64
2018,810,Brønderslev,24.51,2.64,3.62,6.6,11.6,4.016666666666667,24.27047445103981,81.1,10476.0,6021.0,16497.0,63.50245499181669,36.49754500818331,16.72
2019,810,Brønderslev,24.72,2.59,3.48,6.3,11.1,3.6666666666666665,24.92823563672671,81.2,10464.0,6093.0,16557.0,63.19985504620402,36.80014495379598,16.9
2020,810,Brønderslev,26.55,2.64,3.89,6.0,11.5,4.633333333333334,25.403479354433035,81.1,10404.0,6129.0,16533.0,62.928688078388674,37.07131192161132,17.9
2021,810,Brønderslev,25.61,2.64,3.61,5.8,11.5,3.558333333333333,26.07256577844813,81.2,,,,,,17.48
2022,810,Brønderslev,25.14,2.57,3.58,5.7,10.9,2.733333333333333,26.728839668595693,81.1,,,,,,17.06
2023,810,Brønderslev,25.91,2.62,3.75,6.0,11.2,2.85,27.204876228386617,81.1,10322.0,6454.0,16776.0,61.528373867429664,38.47162613257034,17.45
2024,810,Brønderslev,26.33,2.59,3.85,5.8,11.6,2.716666666666667,27.803398562466242,81.0,10255.0,6507.0,16762.0,61.180050113351626,38.81994988664837,17.73
1987,813,Frederikshavn,20.35,2.31,2.95,,,,,,,,,,,13.79
1988,813,Frederikshavn,20.93,2.3,3.11,,,,,,,,,,,14.05
1989,813,Frederikshavn,20.94,2.26,3.1,,,,,,,,,,,14.01
1990,813,Frederikshavn,20.88,2.3,3.09,,,,,,,,,,,14.02
1991,813,Frederikshavn,20.48,2.26,2.95,,,,,,,,,,,13.8
1992,813,Frederikshavn,20.26,2.27,2.89,,,,,,,,,,,13.71
1993,813,Frederikshavn,20.22,2.26,2.85,,,,,,,,,,,13.72
1994,813,Frederikshavn,19.6,2.25,2.73,,,,,,,,,,,13.39
1995,813,Frederikshavn,19.38,2.24,2.68,,,,,,,,,,,13.29
1996,813,Frederikshavn,19.52,2.28,2.7,,,,,,,,,,,13.41
1997,813,Frederikshavn,20.31,2.31,2.79,,,,,,,,,,,13.92
1998,813,Frederikshavn,20.84,2.34,2.89,,,,,,,,,,,14.2
1999,813,Frederikshavn,21.05,2.34,2.95,,,,,,,,,,,14.32
2000,813,Frederikshavn,21.11,2.35,2.91,4.2,8.9,,,,,,,,,14.42
2001,813,Frederikshavn,21.11,2.36,2.92,4.1,9.1,,,,,,,,,14.42
2002,813,Frederikshavn,21.17,2.3,2.92,3.8,8.0,,,,,,,,,14.41
2003,813,Frederikshavn,20.81,2.26,2.88,3.7,7.4,,,,,,,,,14.17
2004,813,Frederikshavn,21.74,2.36,2.99,4.1,8.8,,,76.5,,,,,,14.86
2005,813,Frederikshavn,21.9,2.37,3.0,4.1,8.7,,,76.6,,,,,,14.97
2006,813,Frederikshavn,24.63,2.42,3.39,4.4,9.1,,,76.9,,,,,,16.59
2007,813,Frederikshavn,24.33,2.41,3.45,4.5,8.8,5.708333333333333,,77.3,,,,,,16.29
2008,813,Frederikshavn,25.77,2.44,4.14,5.2,9.7,3.766666666666667,16.44852154515035,77.5,,,,,,16.95
2009,813,Frederikshavn,24.13,2.48,3.65,5.3,9.6,6.458333333333333,16.934095447971902,77.8,,,,,,16.2
2010,813,Frederikshavn,24.85,2.53,3.72,5.4,9.7,8.008333333333333,17.351777741793704,78.0,17505.0,11471.0,28976.0,60.41206515737162,39.58793484262838,16.75
2011,813,Frederikshavn,24.73,2.5,3.64,5.1,9.2,7.191666666666666,17.764936154348028,78.3,17425.0,12045.0,29470.0,59.127926705123855,40.872073294876145,16.68
2012,813,Frederikshavn,24.06,2.46,3.31,4.4,8.5,6.758333333333333,18.168358714043993,78.5,17318.0,12170.0,29488.0,58.728974498100925,41.271025501899075,16.44
2013,813,Frederikshavn,24.41,2.51,3.41,4.6,8.9,5.933333333333334,18.601285792233053,79.0,17222.0,12376.0,29598.0,58.1863639435097,41.8136360564903,16.69
2014,813,Frederikshavn,23.83,2.54,3.35,5.0,9.6,5.45,19.115744069015097,79.3,17068.0,12551.0,29619.0,57.625173030824804,42.37482696917519,16.37
2015,813,Frederikshavn,24.73,2.59,3.52,5.4,10.0,5.283333333333333,19.475655430711612,79.7,16967.0,12699.0,29666.0,57.19342007685566,42.80657992314434,16.91
2016,813,Frederikshavn,24.72,2.64,3.49,6.2,11.0,5.0,19.913325055389187,79.9,16898.0,12868.0,29766.0,56.76946852113149,43.23053147886851,16.99
2017,813,Frederikshavn,25.15,2.67,3.55,6.5,11.2,5.291666666666667,20.162545391665226,80.0,16824.0,13086.0,29910.0,56.24874623871615,43.751253761283856,17.28
2018,813,Frederikshavn,25.26,2.68,3.66,6.5,11.2,4.616666666666666,20.72166491989819,80.2,16723.0,13155.0,29878.0,55.970948523997585,44.029051476002415,17.32
2019,813,Frederikshavn,24.94,2.66,3.48,6.1,11.1,4.141666666666667,21.12839680775836,80.5,16622.0,13272.0,29894.0,55.603131063089585,44.396868936910415,17.22
2020,813,Frederikshavn,25.52,2.71,3.61,6.5,11.9,5.208333333333333,21.63073123038131,80.6,16596.0,13231.0,29827.0,55.64086230596439,44.3591376940356,17.62
2021,813,Frederikshavn,25.71,2.71,3.65,6.1,12.2,4.383333333333334,22.20526220474478,80.7,,,,,,17.73
2022,813,Frederikshavn,25.16,2.66,3.54,5.8,11.3,3.3166666666666664,22.96902093739486,80.8,,,,,,17.32
2023,813,Frederikshavn,25.53,2.67,3.55,6.2,11.4,3.783333333333333,23.320841741135773,80.7,16399.0,13239.0,29638.0,55.33099399419664,44.66900600580336,17.62
2024,813,Frederikshavn,26.39,2.66,3.66,6.1,11.8,3.6916666666666664,24.025870752266343,80.8,16237.0,13228.0,29465.0,55.10605803495673,44.89394196504327,18.09
1987,820,Vesthimmerlands,21.75,2.48,3.28,,,,,,,,,,,14.81
1988,820,Vesthimmerlands,21.57,2.44,3.22,,,,,,,,,,,14.7
1989,820,Vesthimmerlands,20.96,2.41,3.12,,,,,,,,,,,14.23
1990,820,Vesthimmerlands,21.31,2.39,3.22,,,,,,,,,,,14.39
1991,820,Vesthimmerlands,20.85,2.33,3.07,,,,,,,,,,,14.13
1992,820,Vesthimmerlands,20.65,2.33,2.98,,,,,,,,,,,14.06
1993,820,Vesthimmerlands,20.2,2.34,2.89,,,,,,,,,,,13.8
1994,820,Vesthimmerlands,19.97,2.28,2.79,,,,,,,,,,,13.69
1995,820,Vesthimmerlands,19.67,2.3,2.73,,,,,,,,,,,13.57
1996,820,Vesthimmerlands,20.27,2.35,2.81,,,,,,,,,,,13.98
1997,820,Vesthimmerlands,20.81,2.38,2.89,,,,,,,,,,,14.3
1998,820,Vesthimmerlands,21.75,2.4,3.05,,,,,,,,,,,14.78
1999,820,Vesthimmerlands,21.53,2.39,3.03,,,,,,,,,,,14.69
2000,820,Vesthimmerlands,22.21,2.44,3.14,5.5,11.2,,,,,,,,,15.1
2001,820,Vesthimmerlands,22.2,2.46,3.12,5.6,11.6,,,,,,,,,15.15
2002,820,Vesthimmerlands,22.24,2.4,3.13,5.3,10.5,,,,,,,,,15.12
2003,820,Vesthimmerlands,22.02,2.36,3.1,5.1,10.1,,,,,,,,,14.91
2004,820,Vesthimmerlands,22.6,2.4,3.18,5.0,10.4,,,77.3,,,,,,15.35
2005,820,Vesthimmerlands,22.96,2.4,3.21,5.1,10.5,,,77.4,,,,,,15.57
2006,820,Vesthimmerlands,23.21,2.43,3.26,5.0,10.7,,,77.6,,,,,,15.73
2007,820,Vesthimmerlands,25.45,2.44,3.74,5.0,10.4,3.275,,77.9,,,,,,16.93
2008,820,Vesthimmerlands,30.58,2.49,6.56,7.0,12.2,2.4916666666666667,16.092300731468214,78.1,,,,,,19.45
2009,820,Vesthimmerlands,28.33,2.5,5.31,7.1,12.1,5.5,16.452755455688006,78.4,,,,,,18.35
2010,820,Vesthimmerlands,25.62,2.51,4.18,6.6,11.9,6.4750000000000005,16.61874640598045,78.7,11303.0,5222.0,16525.0,68.39939485627836,31.600605143721634,17.05
2011,820,Vesthimmerlands,24.41,2.48,3.57,5.8,10.9,6.2749999999999995,17.114754098360656,79.0,11369.0,5746.0,17115.0,66.42711072158924,33.57288927841075,16.46
2012,820,Vesthimmerlands,24.15,2.46,3.48,5.7,10.7,5.916666666666667,17.379071111967622,79.4,11291.0,5793.0,17084.0,66.0910793725123,33.90892062748771,16.33
2013,820,Vesthimmerlands,24.02,2.49,3.36,5.6,10.9,5.933333333333334,17.9531824337396,79.7,11235.0,5948.0,17183.0,65.38439154978758,34.61560845021242,16.38
2014,820,Vesthimmerlands,24.05,2.51,3.45,6.0,11.3,5.283333333333333,18.33534849253091,80.0,11155.0,6057.0,17212.0,64.80943527771322,35.19056472228678,16.38
2015,820,Vesthimmerlands,24.15,2.56,3.51,6.3,11.8,4.933333333333334,18.983369940382804,80.5,11057.0,6169.0,17226.0,64.18785556716591,35.81214443283409,16.43
2016,820,Vesthimmerlands,23.94,2.58,3.44,6.5,11.9,4.308333333333334,19.459694300722777,80.5,10962.0,6221.0,17183.0,63.795611942035734,36.204388057964266,16.41
2017,820,Vesthimmerlands,24.38,2.61,3.46,6.6,12.0,4.541666666666667,19.84256351131078,80.6,10944.0,6254.0,17198.0,63.63530643098034,36.36469356901965,16.68
2018,820,Vesthimmerlands,24.84,2.62,3.66,6.7,12.3,4.058333333333334,20.351003726409424,80.4,10867.0,6388.0,17255.0,62.978846711098235,37.02115328890177,16.92
2019,820,Vesthimmerlands,25.4,2.59,3.57,6.3,11.8,3.9250000000000003,20.641119518346756,80.6,10803.0,6515.0,17318.0,62.38018246910729,37.61981753089271,17.32
2020,820,Vesthimmerlands,26.04,2.63,3.74,6.3,12.5,4.841666666666667,21.041976532804497,80.6,10754.0,6481.0,17235.0,62.396286626051634,37.60371337394836,17.72
2021,820,Vesthimmerlands,27.37,2.66,3.85,5.7,12.3,3.4499999999999997,21.253905436367422,80.9,,,,,,18.61
2022,820,Vesthimmerlands,27.48,2.63,3.93,5.6,12.2,2.3833333333333333,22.263365924693158,80.8,,,,,,18.6
2023,820,Vesthimmerlands,26.09,2.61,3.68,5.9,12.2,2.8333333333333335,22.485207100591715,80.9,10611.0,6648.0,17259.0,61.48096645228577,38.51903354771424,17.73
2024,820,Vesthimmerlands,26.4,2.61,3.74,5.8,12.5,2.9916666666666667,22.813108645948006,81.0,10492.0,6686.0,17178.0,61.07812318081267,38.92187681918733,17.94
1987,825,Læsø,22.81,2.51,3.4,,,,,,,,,,,15.55
1988,825,Læsø,23.49,2.46,3.58,,,,,,,,,,,15.67
1989,825,Læsø,23.5,2.48,3.65,,,,,,,,,,,15.73
1990,825,Læsø,22.61,2.54,3.41,,,,,,,,,,,15.24
1991,825,Læsø,20.24,2.3,2.79,,,,,,,,,,,13.99
1992,825,Læsø,20.93,2.3,2.97,,,,,,,,,,,14.24
1993,825,Læsø,19.22,2.26,2.72,,,,,,,,,,,13.18
1994,825,Læsø,18.97,2.18,2.57,,,,,,,,,,,13.3
1995,825,Læsø,19.28,2.13,2.63,,,,,,,,,,,13.3
1996,825,Læsø,19.42,2.29,2.64,,,,,,,,,,,13.54
1997,825,Læsø,19.86,2.32,2.69,,,,,,,,,,,13.84
1998,825,Læsø,22.56,2.37,3.19,,,,,,,,,,,15.39
1999,825,Læsø,22.01,2.41,2.99,,,,,,,,,,,15.29
2000,825,Læsø,22.13,2.45,3.07,5.2,11.7,,,,,,,,,15.23
2001,825,Læsø,20.87,2.27,2.85,4.0,9.1,,,,,,,,,14.42
2002,825,Læsø,20.92,2.29,2.84,3.6,9.2,,,,,,,,,14.49
2003,825,Læsø,19.73,2.2,2.68,4.3,9.6,,,,,,,,,13.71
2004,825,Læsø,21.68,2.26,2.94,4.2,10.1,,,,,,,,,14.85
2005,825,Læsø,21.4,2.31,2.99,4.7,10.2,,,,,,,,,14.56
2006,825,Læsø,25.53,2.46,3.55,5.5,10.9,,,,,,,,,17.35
2007,825,Læsø,26.5,2.42,3.73,5.5,10.7,9.066666666666668,,,,,,,,17.84
2008,825,Læsø,23.0,2.42,3.38,6.5,11.9,7.0,15.367316341829085,,,,,,,15.71
2009,825,Læsø,22.41,2.42,3.23,6.8,11.3,8.375,15.80909768829232,,,,,,,15.33
2010,825,Læsø,23.42,2.39,3.24,5.5,9.9,8.641666666666667,15.702479338842975,,789.0,215.0,1004.0,78.58565737051792,21.41434262948207,16.11
2011,825,Læsø,22.98,2.33,3.1,4.7,8.1,9.6,15.773353751914243,,791.0,228.0,1019.0,77.62512266928361,22.374877330716387,15.85
2012,825,Læsø,22.9,2.33,3.07,4.1,8.0,8.783333333333333,16.0,,785.0,230.0,1015.0,77.33990147783251,22.660098522167488,15.87
2013,825,Læsø,24.01,2.37,3.21,4.3,8.2,8.541666666666666,16.50485436893204,,767.0,228.0,995.0,77.0854271356784,22.91457286432161,16.54
2014,825,Læsø,21.44,2.3,2.93,4.7,7.9,7.258333333333333,17.218543046357617,,753.0,235.0,988.0,76.21457489878543,23.785425101214575,14.79
2015,825,Læsø,22.03,2.39,3.03,5.1,9.4,6.925,18.06827643630308,,742.0,240.0,982.0,75.56008146639512,24.43991853360489,15.16
2016,825,Læsø,22.5,2.41,3.14,4.8,8.6,6.616666666666667,18.524871355060036,,731.0,248.0,979.0,74.66802860061287,25.331971399387132,15.54
2017,825,Læsø,21.63,2.53,2.93,4.7,10.1,5.466666666666666,18.983957219251337,,731.0,245.0,976.0,74.89754098360656,25.102459016393443,15.08
2018,825,Læsø,23.47,2.47,3.49,4.7,10.7,6.058333333333334,19.268510258697592,,739.0,253.0,992.0,74.49596774193549,25.50403225806452,15.98
2019,825,Læsø,22.2,2.52,3.02,4.6,10.9,5.625,19.74405850091408,,725.0,254.0,979.0,74.05515832482125,25.944841675178754,15.78
2020,825,Læsø,22.68,2.51,3.09,4.6,11.4,8.441666666666666,19.12878787878788,,718.0,258.0,976.0,73.5655737704918,26.434426229508194,15.96
2021,825,Læsø,26.21,2.64,3.6,5.8,14.2,6.7749999999999995,20.469483568075116,,,,,,,18.21
2022,825,Læsø,23.93,2.65,3.47,6.8,14.4,4.7,21.28060263653484,,,,,,,16.66
2023,825,Læsø,23.96,2.49,3.26,5.1,12.1,5.008333333333333,21.241513094083412,,709.0,262.0,971.0,73.01750772399588,26.982492276004123,16.68
2024,825,Læsø,25.41,2.64,3.58,5.5,14.3,4.716666666666667,20.58526740665994,,726.0,254.0,980.0,74.08163265306122,25.918367346938776,17.49
1987,840,Rebild,22.02,2.4,3.33,,,,,,,,,,,14.81
1988,840,Rebild,21.41,2.4,3.2,,,,,,,,,,,14.52
1989,840,Rebild,20.49,2.33,3.0,,,,,,,,,,,13.92
1990,840,Rebild,20.67,2.33,3.0,,,,,,,,,,,14.02
1991,840,Rebild,20.43,2.28,2.92,,,,,,,,,,,13.86
1992,840,Rebild,20.5,2.31,2.93,,,,,,,,,,,13.96
1993,840,Rebild,20.57,2.3,2.93,,,,,,,,,,,13.97
1994,840,Rebild,20.09,2.3,2.81,,,,,,,,,,,13.74
1995,840,Rebild,19.66,2.29,2.72,,,,,,,,,,,13.55
1996,840,Rebild,20.31,2.35,2.83,,,,,,,,,,,13.92
1997,840,Rebild,21.07,2.4,2.92,,,,,,,,,,,14.42
1998,840,Rebild,21.6,2.44,3.04,,,,,,,,,,,14.74
1999,840,Rebild,21.65,2.42,3.07,,,,,,,,,,,14.73
2000,840,Rebild,22.02,2.42,3.06,3.9,7.8,,,,,,,,,15.01
2001,840,Rebild,22.73,2.46,3.17,4.3,8.3,,,,,,,,,15.47
2002,840,Rebild,21.73,2.43,3.05,4.2,8.2,,,,,,,,,14.86
2003,840,Rebild,22.03,2.43,3.16,4.2,8.1,,,,,,,,,14.95
2004,840,Rebild,22.26,2.48,3.12,3.7,8.1,,,78.3,,,,,,15.2
2005,840,Rebild,22.91,2.49,3.22,4.0,8.5,,,78.7,,,,,,15.57
2006,840,Rebild,23.42,2.5,3.28,4.0,8.2,,,78.6,,,,,,15.85
2007,840,Rebild,25.63,2.51,3.88,4.4,8.4,3.283333333333333,,78.4,,,,,,16.98
2008,840,Rebild,30.9,2.54,7.43,5.4,9.5,2.091666666666667,23.079257498356178,79.0,,,,,,19.58
2009,840,Rebild,26.28,2.55,4.42,5.2,9.0,5.0,23.5538445952791,79.1,,,,,,17.34
2010,840,Rebild,25.18,2.6,3.97,4.8,8.7,5.9750000000000005,24.202342487883683,79.3,8843.0,2880.0,11723.0,75.43290966476158,24.56709033523842,16.94
2011,840,Rebild,24.84,2.54,3.68,4.5,7.9,5.133333333333334,24.690363508206627,79.5,8922.0,3112.0,12034.0,74.13993684560413,25.860063154395878,16.69
2012,840,Rebild,24.01,2.56,3.44,3.8,7.6,4.5,25.418330721399325,79.8,8905.0,3181.0,12086.0,73.68029124606983,26.319708753930165,16.34
2013,840,Rebild,24.29,2.55,3.42,3.6,7.1,4.208333333333333,25.988986005153336,80.0,8862.0,3279.0,12141.0,72.99234000494194,27.00765999505807,16.53
2014,840,Rebild,24.01,2.57,3.42,3.6,7.2,3.9250000000000003,26.674793031642036,80.5,8837.0,3354.0,12191.0,72.48790091050775,27.51209908949225,16.39
2015,840,Rebild,23.9,2.61,3.41,4.0,7.6,3.5083333333333333,27.53836772029678,80.9,8792.0,3444.0,12236.0,71.85354691075516,28.14645308924485,16.34
2016,840,Rebild,24.33,2.63,3.5,4.3,8.3,3.358333333333333,28.303322343393354,80.7,8789.0,3566.0,12355.0,71.13719142047754,28.862808579522458,16.61
2017,840,Rebild,24.55,2.66,3.49,4.4,8.3,3.6166666666666667,29.46607788036933,80.8,8803.0,3659.0,12462.0,70.63874177499598,29.36125822500401,16.78
2018,840,Rebild,24.58,2.66,3.49,4.3,8.2,3.158333333333333,30.322062000703408,80.8,8868.0,3791.0,12659.0,70.05292677146694,29.94707322853306,16.76
2019,840,Rebild,26.18,2.62,3.78,4.2,7.9,2.983333333333333,31.55200963420142,80.8,8942.0,3742.0,12684.0,70.49826553137811,29.501734468621887,17.6
2020,840,Rebild,25.5,2.69,3.62,4.1,8.1,4.0,32.46281649505049,80.9,9046.0,3768.0,12814.0,70.59466208834088,29.405337911659124,17.35
2021,840,Rebild,25.09,2.69,3.54,3.7,7.7,2.983333333333333,33.561440047604876,81.4,,,,,,17.1
2022,840,Rebild,25.72,2.65,3.62,3.6,7.4,2.1583333333333337,34.59029356528615,81.7,,,,,,17.41
2023,840,Rebild,25.72,2.67,3.6,3.9,7.7,2.25,35.15911569346684,81.9,9124.0,3977.0,13101.0,69.64353866117091,30.3564613388291,17.47
2024,840,Rebild,25.87,2.68,3.64,3.7,7.6,2.1,35.58944397682824,81.9,9100.0,3990.0,13090.0,69.5187165775401,30.481283422459892,17.58
1987,846,Mariagerfjord,22.31,2.43,3.39,,,,,,,,,,,15.03
1988,846,Mariagerfjord,21.49,2.36,3.24,,,,,,,,,,,14.52
1989,846,Mariagerfjord,20.87,2.34,3.07,,,,,,,,,,,14.13
1990,846,Mariagerfjord,21.23,2.33,3.2,,,,,,,,,,,14.27
1991,846,Mariagerfjord,20.81,2.3,3.03,,,,,,,,,,,14.08
1992,846,Mariagerfjord,21.31,2.3,3.13,,,,,,,,,,,14.37
1993,846,Mariagerfjord,21.43,2.3,3.11,,,,,,,,,,,14.45
1994,846,Mariagerfjord,20.55,2.3,2.89,,,,,,,,,,,14.02
1995,846,Mariagerfjord,19.86,2.28,2.75,,,,,,,,,,,13.69
1996,846,Mariagerfjord,20.58,2.34,2.84,,,,,,,,,,,14.17
1997,846,Mariagerfjord,21.24,2.35,2.91,,,,,,,,,,,14.57
1998,846,Mariagerfjord,21.69,2.37,3.01,,,,,,,,,,,14.8
1999,846,Mariagerfjord,21.27,2.4,2.95,,,,,,,,,,,14.64
2000,846,Mariagerfjord,21.47,2.41,2.97,4.0,9.1,,,,,,,,,14.74
2001,846,Mariagerfjord,21.78,2.43,3.02,4.6,9.5,,,,,,,,,14.92
2002,846,Mariagerfjord,21.58,2.38,3.03,4.8,9.3,,,,,,,,,14.71
2003,846,Mariagerfjord,21.71,2.37,3.04,4.5,9.3,,,,,,,,,14.78
2004,846,Mariagerfjord,22.16,2.43,3.08,4.6,9.8,,,77.0,,,,,,15.17
2005,846,Mariagerfjord,22.65,2.45,3.16,4.6,9.7,,,77.3,,,,,,15.45
2006,846,Mariagerfjord,23.43,2.45,3.27,4.6,9.3,,,77.6,,,,,,15.9
2007,846,Mariagerfjord,24.3,2.45,3.47,4.8,9.2,3.25,,77.8,,,,,,16.31
2008,846,Mariagerfjord,27.05,2.49,4.63,5.9,10.3,2.5083333333333333,18.677252237098834,78.0,,,,,,17.65
2009,846,Mariagerfjord,25.57,2.48,4.12,5.8,9.9,5.516666666666667,19.022288061410006,78.0,,,,,,16.99
2010,846,Mariagerfjord,24.57,2.55,3.66,5.6,10.0,6.408333333333334,19.326175490559052,78.4,12264.0,6092.0,18356.0,66.81194159947701,33.18805840052299,16.63
2011,846,Mariagerfjord,24.03,2.53,3.47,5.2,9.6,5.55,19.711360966605135,78.6,12322.0,6698.0,19020.0,64.78443743427971,35.21556256572029,16.35
2012,846,Mariagerfjord,23.78,2.48,3.34,4.7,9.1,5.7749999999999995,20.210718265626582,79.1,12260.0,6857.0,19117.0,64.13140137050792,35.86859862949208,16.23
2013,846,Mariagerfjord,23.87,2.53,3.35,4.8,9.6,5.458333333333333,20.48209178809751,79.5,12186.0,6906.0,19092.0,63.82778126964174,36.17221873035826,16.37
2014,846,Mariagerfjord,23.83,2.56,3.37,5.2,10.0,4.95,20.871880654081178,80.1,12102.0,7076.0,19178.0,63.10355615809782,36.89644384190218,16.37
2015,846,Mariagerfjord,23.88,2.6,3.39,5.5,10.7,4.558333333333334,21.454258999212247,80.2,12018.0,7284.0,19302.0,62.26297792974821,37.73702207025178,16.41
2016,846,Mariagerfjord,24.15,2.65,3.43,6.0,10.8,4.008333333333334,22.256191817526023,80.3,11967.0,7435.0,19402.0,61.67920832903825,38.32079167096175,16.62
2017,846,Mariagerfjord,24.64,2.7,3.51,6.4,11.3,4.141666666666667,22.682336674732113,80.1,11973.0,7505.0,19478.0,61.469350035937985,38.53064996406202,16.94
2018,846,Mariagerfjord,24.72,2.7,3.56,6.5,11.2,3.9333333333333336,23.378111006976987,80.4,11943.0,7711.0,19654.0,60.76625623282792,39.23374376717207,17.01
2019,846,Mariagerfjord,25.7,2.68,3.61,6.5,11.4,3.766666666666667,23.858848314606742,80.7,11927.0,7858.0,19785.0,60.283042709123066,39.71695729087693,17.64
2020,846,Mariagerfjord,26.17,2.74,3.7,6.3,11.6,4.641666666666667,24.40709351185813,80.9,11904.0,7896.0,19800.0,60.12121212121212,39.87878787878788,17.96
2021,846,Mariagerfjord,25.63,2.73,3.59,6.0,11.7,3.283333333333333,25.00803600128576,81.2,,,,,,17.71
2022,846,Mariagerfjord,26.23,2.72,3.69,5.7,11.5,2.25,25.69188191881919,81.6,,,,,,17.98
2023,846,Mariagerfjord,25.68,2.7,3.58,5.7,11.1,2.6416666666666666,26.23021119965693,81.7,11856.0,8160.0,20016.0,59.2326139088729,40.7673860911271,17.68
2024,846,Mariagerfjord,25.98,2.71,3.64,5.8,11.6,2.8083333333333336,26.92030551952731,81.5,11813.0,8242.0,20055.0,58.90301670406382,41.09698329593618,17.87
1987,849,Jammerbugt,20.87,2.37,3.09,,,,,,,,,,,14.22
1988,849,Jammerbugt,21.18,2.37,3.15,,,,,,,,,,,14.37
1989,849,Jammerbugt,21.42,2.28,3.18,,,,,,,,,,,14.33
1990,849,Jammerbugt,20.78,2.29,3.04,,,,,,,,,,,14.02
1991,849,Jammerbugt,19.89,2.22,2.83,,,,,,,,,,,13.5
1992,849,Jammerbugt,20.23,2.25,2.9,,,,,,,,,,,13.71
1993,849,Jammerbugt,19.76,2.25,2.8,,,,,,,,,,,13.45
1994,849,Jammerbugt,19.85,2.19,2.79,,,,,,,,,,,13.47
1995,849,Jammerbugt,19.14,2.21,2.63,,,,,,,,,,,13.13
1996,849,Jammerbugt,19.55,2.25,2.69,,,,,,,,,,,13.4
1997,849,Jammerbugt,19.88,2.27,2.74,,,,,,,,,,,13.58
1998,849,Jammerbugt,21.1,2.34,2.92,,,,,,,,,,,14.31
1999,849,Jammerbugt,20.94,2.35,2.93,,,,,,,,,,,14.23
2000,849,Jammerbugt,21.47,2.36,2.98,4.2,8.6,,,,,,,,,14.57
2001,849,Jammerbugt,21.37,2.39,2.96,4.0,8.9,,,,,,,,,14.59
2002,849,Jammerbugt,21.41,2.36,2.99,4.2,8.9,,,,,,,,,14.55
2003,849,Jammerbugt,21.38,2.33,3.01,4.3,8.6,,,,,,,,,14.47
2004,849,Jammerbugt,21.84,2.4,3.07,4.5,9.4,,,77.3,,,,,,14.86
2005,849,Jammerbugt,22.69,2.42,3.14,4.5,9.5,,,77.6,,,,,,15.45
2006,849,Jammerbugt,23.87,2.44,3.31,4.5,9.6,,,78.2,,,,,,16.11
2007,849,Jammerbugt,24.63,2.44,3.55,5.0,9.7,4.908333333333333,,78.4,,,,,,16.47
2008,849,Jammerbugt,27.68,2.48,5.11,6.1,10.7,3.25,16.933697578263438,78.7,,,,,,17.92
2009,849,Jammerbugt,27.41,2.51,4.72,6.4,10.9,5.75,17.186980455905715,79.1,,,,,,17.89
2010,849,Jammerbugt,24.75,2.5,3.76,5.7,10.0,6.375,17.63353115727003,79.2,12689.0,3869.0,16558.0,76.63365140717477,23.36634859282522,16.6
2011,849,Jammerbugt,24.28,2.47,3.56,5.4,9.5,5.791666666666667,18.060935637663885,79.1,12624.0,4230.0,16854.0,74.90210039159844,25.097899608401562,16.32
2012,849,Jammerbugt,24.45,2.45,3.5,4.5,8.9,6.133333333333333,18.419679463287363,79.5,12576.0,4450.0,17026.0,73.86350287795138,26.13649712204863,16.47
2013,849,Jammerbugt,24.34,2.44,3.38,4.6,8.8,5.633333333333333,18.950713015849,79.6,12514.0,4552.0,17066.0,73.32708308918318,26.67291691081683,16.51
2014,849,Jammerbugt,22.98,2.48,3.23,4.9,9.2,4.75,19.37039568618516,79.9,12394.0,4650.0,17044.0,72.71767190800281,27.282328091997183,15.71
2015,849,Jammerbugt,24.07,2.55,3.48,5.2,9.8,4.641666666666667,19.899512789281363,80.1,12359.0,4785.0,17144.0,72.08936070928604,27.910639290713952,16.3
2016,849,Jammerbugt,24.43,2.59,3.61,6.2,10.8,3.8833333333333333,20.39284757054792,80.5,12299.0,4971.0,17270.0,71.21598147075854,28.78401852924146,16.53
2017,849,Jammerbugt,23.53,2.63,3.37,6.6,11.1,3.775,21.037185774414024,80.7,12310.0,5044.0,17354.0,70.93465483462026,29.065345165379743,16.15
2018,849,Jammerbugt,24.94,2.62,3.72,6.5,11.0,3.525,21.564878048780486,80.8,12255.0,5200.0,17455.0,70.20910913778286,29.79089086221713,16.85
2019,849,Jammerbugt,24.11,2.6,3.46,6.2,10.7,3.2416666666666667,22.241832372435972,80.8,12200.0,5217.0,17417.0,70.04650628696102,29.953493713038988,16.45
2020,849,Jammerbugt,25.8,2.64,3.75,6.0,11.1,4.25,22.820309401031334,81.0,12152.0,5250.0,17402.0,69.83105390185035,30.16894609814964,17.49
2021,849,Jammerbugt,25.59,2.64,3.61,5.6,11.0,3.2416666666666667,23.460152182619144,81.2,,,,,,17.47
2022,849,Jammerbugt,24.44,2.62,3.47,5.6,10.6,2.4250000000000003,24.014709409225357,81.1,,,,,,16.75
2023,849,Jammerbugt,24.87,2.61,3.56,6.1,11.3,2.8249999999999997,24.572367103312903,81.1,12003.0,5625.0,17628.0,68.09053778080327,31.909462219196733,16.99
2024,849,Jammerbugt,25.75,2.64,3.72,6.1,11.9,2.8666666666666667,25.087981877755755,81.3,12128.0,5760.0,17888.0,67.79964221824687,32.200357781753134,17.53
1987,851,Aalborg,21.01,2.42,3.06,,,,,,,,,,,14.33
1988,851,Aalborg,21.61,2.46,3.19,,,,,,,,,,,14.73
1989,851,Aalborg,21.22,2.41,3.07,,,,,,,,,,,14.46
1990,851,Aalborg,21.1,2.43,3.05,,,,,,,,,,,14.43
1991,851,Aalborg,21.15,2.46,3.03,,,,,,,,,,,14.52
1992,851,Aalborg,21.19,2.46,3.03,,,,,,,,,,,14.55
1993,851,Aalborg,21.88,2.52,3.15,,,,,,,,,,,14.97
1994,851,Aalborg,21.03,2.47,2.97,,,,,,,,,,,14.53
1995,851,Aalborg,21.5,2.48,3.02,,,,,,,,,,,14.8
1996,851,Aalborg,21.64,2.52,3.05,,,,,,,,,,,14.96
1997,851,Aalborg,22.25,2.54,3.13,,,,,,,,,,,15.3
1998,851,Aalborg,22.77,2.57,3.21,,,,,,,,,,,15.66
1999,851,Aalborg,22.87,2.6,3.24,,,,,,,,,,,15.71
2000,851,Aalborg,24.14,2.63,3.43,6.5,12.0,,,,,,,,,16.41
2001,851,Aalborg,23.44,2.68,3.35,6.9,12.5,,,,,,,,,16.07
2002,851,Aalborg,22.88,2.63,3.27,6.6,11.9,,,,,,,,,15.7
2003,851,Aalborg,22.96,2.63,3.29,6.7,11.8,,,,,,,,,15.75
2004,851,Aalborg,23.91,2.74,3.44,7.4,12.8,,,77.2,,,,,,16.42
2005,851,Aalborg,24.67,2.78,3.57,7.8,13.2,,,77.3,,,,,,16.84
2006,851,Aalborg,25.19,2.79,3.67,7.8,13.2,,,77.7,,,,,,17.15
2007,851,Aalborg,26.07,2.8,3.85,7.9,13.2,5.158333333333333,,77.9,,,,,,17.63
2008,851,Aalborg,27.28,2.83,4.52,8.3,13.6,3.6166666666666667,26.4963744463397,78.1,,,,,,18.15
2009,851,Aalborg,25.72,2.88,4.03,8.3,13.3,5.6000000000000005,27.19596362798942,78.3,,,,,,17.49
2010,851,Aalborg,26.69,3.02,4.21,8.8,14.0,6.483333333333333,28.028784338665304,78.6,43567.0,49982.0,93549.0,46.57131556724284,53.428684432757166,18.19
2011,851,Aalborg,26.43,3.06,4.06,9.3,14.5,6.425,28.584471774605664,78.8,43724.0,52368.0,96092.0,45.50222703242726,54.49777296757274,18.11
2012,851,Aalborg,26.39,3.1,4.02,9.4,14.7,6.366666666666667,29.196804999932652,79.2,43754.0,52849.0,96603.0,45.29258925706241,54.70741074293759,18.14
2013,851,Aalborg,27.03,3.23,4.17,10.2,15.8,6.116666666666667,29.887143085021535,79.6,43689.0,53412.0,97101.0,44.9933574319523,55.0066425680477,18.57
2014,851,Aalborg,27.54,3.33,4.35,10.8,16.6,6.141666666666667,30.87573098451335,80.0,43720.0,54012.0,97732.0,44.734580280767815,55.26541971923219,18.91
2015,851,Aalborg,27.98,3.38,4.44,11.0,16.9,6.016666666666667,32.152079125074366,80.2,43744.0,55781.0,99525.0,43.95277568450138,56.047224315498624,19.2
2016,851,Aalborg,28.05,3.44,4.46,11.5,17.5,5.425,33.554987877251484,80.4,43795.0,57196.0,100991.0,43.36525036884475,56.63474963115526,19.29
2017,851,Aalborg,28.61,3.53,4.55,12.0,18.2,5.55,34.365531961826164,80.5,44009.0,57872.0,101881.0,43.19647431807697,56.80352568192303,19.68
2018,851,Aalborg,28.7,3.52,4.62,12.0,17.9,5.258333333333334,35.162631765578155,80.6,44023.0,59988.0,104011.0,42.325330974608455,57.674669025391545,19.71
2019,851,Aalborg,28.76,3.5,4.59,12.1,18.0,4.908333333333334,36.03342482932479,80.7,44365.0,61350.0,105715.0,41.96660833372747,58.03339166627253,19.74
2020,851,Aalborg,29.12,3.59,4.64,12.5,18.8,5.858333333333333,36.73894145044513,81.0,44320.0,63239.0,107559.0,41.20529197928578,58.79470802071422,20.08
2021,851,Aalborg,29.1,3.53,4.55,12.1,18.6,4.583333333333333,37.41083289785999,81.1,,,,,,20.08
2022,851,Aalborg,29.04,3.44,4.57,11.5,17.9,3.4916666666666667,38.51499840342606,81.1,,,,,,19.9
2023,851,Aalborg,28.65,3.4,4.43,11.0,17.2,3.7249999999999996,39.40955394495757,81.1,44742.0,67495.0,112237.0,39.86385951156927,60.13614048843073,19.66
2024,851,Aalborg,28.59,3.31,4.36,10.3,16.3,3.641666666666667,40.33117234263408,81.2,45214.0,68155.0,113369.0,39.88215473365735,60.11784526634265,19.59
1987,860,Hjørring,21.96,2.45,3.33,,,,,,,,,,,14.79
1988,860,Hjørring,21.87,2.43,3.3,,,,,,,,,,,14.76
1989,860,Hjørring,21.66,2.37,3.31,,,,,,,,,,,14.52
1990,860,Hjørring,21.74,2.36,3.27,,,,,,,,,,,14.57
1991,860,Hjørring,20.38,2.3,2.93,,,,,,,,,,,13.84
1992,860,Hjørring,20.89,2.32,3.02,,,,,,,,,,,14.15
1993,860,Hjørring,20.6,2.34,2.93,,,,,,,,,,,14.01
1994,860,Hjørring,20.03,2.27,2.79,,,,,,,,,,,13.72
1995,860,Hjørring,20.04,2.28,2.76,,,,,,,,,,,13.77
1996,860,Hjørring,20.56,2.32,2.83,,,,,,,,,,,14.08
1997,860,Hjørring,20.84,2.35,2.88,,,,,,,,,,,14.29
1998,860,Hjørring,21.27,2.37,2.97,,,,,,,,,,,14.51
1999,860,Hjørring,21.23,2.39,2.97,,,,,,,,,,,14.51
2000,860,Hjørring,21.5,2.4,3.0,4.9,10.0,,,,,,,,,14.7
2001,860,Hjørring,22.51,2.43,3.14,4.8,10.1,,,,,,,,,15.27
2002,860,Hjørring,21.86,2.38,3.06,4.6,9.3,,,,,,,,,14.85
2003,860,Hjørring,21.93,2.35,3.11,4.6,9.1,,,,,,,,,14.85
2004,860,Hjørring,23.34,2.42,3.25,4.9,10.0,,,77.2,,,,,,15.81
2005,860,Hjørring,23.73,2.46,3.35,5.3,10.6,,,77.4,,,,,,16.07
2006,860,Hjørring,24.04,2.48,3.35,5.0,10.5,,,78.0,,,,,,16.29
2007,860,Hjørring,24.88,2.45,3.61,5.3,10.4,5.183333333333334,,78.3,,,,,,16.61
2008,860,Hjørring,28.43,2.5,5.25,6.3,11.3,3.4499999999999997,18.948182521268368,78.5,,,,,,18.35
2009,860,Hjørring,26.71,2.53,4.62,6.6,11.1,6.166666666666667,19.414985342300398,78.5,,,,,,17.63
2010,860,Hjørring,26.43,2.57,4.26,6.3,11.0,7.2250000000000005,19.660188928038735,78.8,19471.0,10218.0,29689.0,65.58321263767726,34.41678736232275,17.59
2011,860,Hjørring,26.17,2.56,4.0,6.1,10.6,7.008333333333333,20.05853024062432,79.1,19527.0,10778.0,30305.0,64.4349117307375,35.565088269262496,17.46
2012,860,Hjørring,24.89,2.54,3.6,5.6,10.1,6.925,20.421103264315544,79.4,19410.0,10835.0,30245.0,64.1758968424533,35.8241031575467,16.87
2013,860,Hjørring,25.43,2.57,3.67,5.6,10.3,6.016666666666667,21.0214247928055,79.9,19334.0,11080.0,30414.0,63.569408824883276,36.430591175116724,17.21
2014,860,Hjørring,25.37,2.62,3.71,6.0,11.0,5.341666666666666,21.47467067456458,80.4,19172.0,11169.0,30341.0,63.188424903595795,36.811575096404205,17.18
2015,860,Hjørring,25.73,2.64,3.76,6.2,11.3,4.9,22.025237714387274,80.7,19063.0,11479.0,30542.0,62.41568986968764,37.58431013031236,17.44
2016,860,Hjørring,26.14,2.72,3.86,7.0,12.3,4.3500000000000005,22.57385854968666,80.8,18999.0,11719.0,30718.0,61.849729800117196,38.150270199882804,17.7
2017,860,Hjørring,26.6,2.72,3.82,7.0,12.1,4.9750000000000005,22.988350649934784,81.2,18877.0,11973.0,30850.0,61.189627228525126,38.810372771474874,18.04
2018,860,Hjørring,26.31,2.69,3.84,6.9,11.8,4.3,23.380108712956858,81.1,18842.0,12047.0,30889.0,60.99906115445628,39.00093884554372,17.83
2019,860,Hjørring,26.32,2.71,3.79,6.6,12.0,3.9,23.777414677927876,81.1,18690.0,12071.0,30761.0,60.75875296641852,39.24124703358148,17.87
2020,860,Hjørring,26.99,2.72,3.89,6.6,12.5,4.9750000000000005,24.127596301287117,81.3,18593.0,12113.0,30706.0,60.55168371002409,39.4483162899759,18.36
2021,860,Hjørring,26.12,2.72,3.68,6.1,12.8,3.8833333333333333,24.91847889835081,81.5,,,,,,17.94
2022,860,Hjørring,26.51,2.68,3.85,5.9,11.9,2.658333333333333,25.681700849486084,81.2,,,,,,17.97
2023,860,Hjørring,26.42,2.68,3.76,6.1,12.0,2.9166666666666665,26.08254477664771,81.3,18345.0,12599.0,30944.0,59.28451396070321,40.71548603929679,17.99
2024,860,Hjørring,26.49,2.65,3.78,5.9,12.4,2.8000000000000003,26.641918903483724,81.3,18284.0,12694.0,30978.0,59.02253211956873,40.97746788043127,18.02
