BOPOMR;HERKOMST;HFUDD;ALDER;KØN;TID;INDHOLD
000 All Denmark;TOT Total;H40 H40 Short cycle higher education;TOT Age, total;TOT Total;2008 2008;160337
000 All Denmark;TOT Total;H50 H50 Vocational bachelors educations;TOT Age, total;TOT Total;2008 2008;498043
000 All Denmark;TOT Total;H60 H60 Bachelors programs;TOT Age, total;TOT Total;2008 2008;67699
000 All Denmark;TOT Total;H70 H70 Masters programs;TOT Age, total;TOT Total;2008 2008;244124
000 All Denmark;TOT Total;H80 H80 PhD programs;TOT Age, total;TOT Total;2008 2008;15470
000 All Denmark;TOT Total;TOT Total;TOT Age, total;TOT Total;2008 2008;3903627
101 Copenhagen;TOT Total;H40 H40 Short cycle higher education;TOT Age, total;TOT Total;2008 2008;15604
101 Copenhagen;TOT Total;H50 H50 Vocational bachelors educations;TOT Age, total;TOT Total;2008 2008;50114
101 Copenhagen;TOT Total;H60 H60 Bachelors programs;TOT Age, total;TOT Total;2008 2008;23457
101 Copenhagen;TOT Total;H70 H70 Masters programs;TOT Age, total;TOT Total;2008 2008;52215
101 Copenhagen;TOT Total;H80 H80 PhD programs;TOT Age, total;TOT Total;2008 2008;3176
101 Copenhagen;TOT Total;TOT Total;TOT Age, total;TOT Total;2008 2008;401484
147 Frederiksberg;TOT Total;H40 H40 Short cycle higher education;TOT Age, total;TOT Total;2008 2008;2975
147 Frederiksberg;TOT Total;H50 H50 Vocational bachelors educations;TOT Age, total;TOT Total;2008 2008;10197
147 Frederiksberg;TOT Total;H60 H60 Bachelors programs;TOT Age, total;TOT Total;2008 2008;4011
147 Frederiksberg;TOT Total;H70 H70 Masters programs;TOT Age, total;TOT Total;2008 2008;12851
147 Frederiksberg;TOT Total;H80 H80 PhD programs;TOT Age, total;TOT Total;2008 2008;819
147 Frederiksberg;TOT Total;TOT Total;TOT Age, total;TOT Total;2008 2008;70387
151 Ballerup;TOT Total;H40 H40 Short cycle higher education;TOT Age, total;TOT Total;2008 2008;1330
151 Ballerup;TOT Total;H50 H50 Vocational bachelors educations;TOT Age, total;TOT Total;2008 2008;4026
151 Ballerup;TOT Total;H60 H60 Bachelors programs;TOT Age, total;TOT Total;2008 2008;297
151 Ballerup;TOT Total;H70 H70 Masters programs;TOT Age, total;TOT Total;2008 2008;1868
151 Ballerup;TOT Total;H80 H80 PhD programs;TOT Age, total;TOT Total;2008 2008;190
151 Ballerup;TOT Total;TOT Total;TOT Age, total;TOT Total;2008 2008;32815
153 Brøndby;TOT Total;H40 H40 Short cycle higher education;TOT Age, total;TOT Total;2008 2008;908
153 Brøndby;TOT Total;H50 H50 Vocational bachelors educations;TOT Age, total;TOT Total;2008 2008;2082
153 Brøndby;TOT Total;H60 H60 Bachelors programs;TOT Age, total;TOT Total;2008 2008;194
153 Brøndby;TOT Total;H70 H70 Masters programs;TOT Age, total;TOT Total;2008 2008;816
153 Brøndby;TOT Total;H80 H80 PhD programs;TOT Age, total;TOT Total;2008 2008;39
153 Brøndby;TOT Total;TOT Total;TOT Age, total;TOT Total;2008 2008;23519
155 Dragør;TOT Total;H40 H40 Short cycle higher education;TOT Age, total;TOT Total;2008 2008;451
155 Dragør;TOT Total;H50 H50 Vocational bachelors educations;TOT Age, total;TOT Total;2008 2008;1285
155 Dragør;TOT Total;H60 H60 Bachelors programs;TOT Age, total;TOT Total;2008 2008;121
155 Dragør;TOT Total;H70 H70 Masters programs;TOT Age, total;TOT Total;2008 2008;786
155 Dragør;TOT Total;H80 H80 PhD programs;TOT Age, total;TOT Total;2008 2008;45
155 Dragør;TOT Total;TOT Total;TOT Age, total;TOT Total;2008 2008;9129
157 Gentofte;TOT Total;H40 H40 Short cycle higher education;TOT Age, total;TOT Total;2008 2008;2034
157 Gentofte;TOT Total;H50 H50 Vocational bachelors educations;TOT Age, total;TOT Total;2008 2008;7821
157 Gentofte;TOT Total;H60 H60 Bachelors programs;TOT Age, total;TOT Total;2008 2008;1457
157 Gentofte;TOT Total;H70 H70 Masters programs;TOT Age, total;TOT Total;2008 2008;10315
157 Gentofte;TOT Total;H80 H80 PhD programs;TOT Age, total;TOT Total;2008 2008;754
157 Gentofte;TOT Total;TOT Total;TOT Age, total;TOT Total;2008 2008;47235
159 Gladsaxe;TOT Total;H40 H40 Short cycle higher education;TOT Age, total;TOT Total;2008 2008;1891
159 Gladsaxe;TOT Total;H50 H50 Vocational bachelors educations;TOT Age, total;TOT Total;2008 2008;6190
159 Gladsaxe;TOT Total;H60 H60 Bachelors programs;TOT Age, total;TOT Total;2008 2008;768
159 Gladsaxe;TOT Total;H70 H70 Masters programs;TOT Age, total;TOT Total;2008 2008;4346
159 Gladsaxe;TOT Total;H80 H80 PhD programs;TOT Age, total;TOT Total;2008 2008;450
159 Gladsaxe;TOT Total;TOT Total;TOT Age, total;TOT Total;2008 2008;43661
161 Glostrup;TOT Total;H40 H40 Short cycle higher education;TOT Age, total;TOT Total;2008 2008;660
161 Glostrup;TOT Total;H50 H50 Vocational bachelors educations;TOT Age, total;TOT Total;2008 2008;1581
161 Glostrup;TOT Total;H60 H60 Bachelors programs;TOT Age, total;TOT Total;2008 2008;151
161 Glostrup;TOT Total;H70 H70 Masters programs;TOT Age, total;TOT Total;2008 2008;621
161 Glostrup;TOT Total;H80 H80 PhD programs;TOT Age, total;TOT Total;2008 2008;26
161 Glostrup;TOT Total;TOT Total;TOT Age, total;TOT Total;2008 2008;14673
163 Herlev;TOT Total;H40 H40 Short cycle higher education;TOT Age, total;TOT Total;2008 2008;739
163 Herlev;TOT Total;H50 H50 Vocational bachelors educations;TOT Age, total;TOT Total;2008 2008;2307
163 Herlev;TOT Total;H60 H60 Bachelors programs;TOT Age, total;TOT Total;2008 2008;193
163 Herlev;TOT Total;H70 H70 Masters programs;TOT Age, total;TOT Total;2008 2008;1009
163 Herlev;TOT Total;H80 H80 PhD programs;TOT Age, total;TOT Total;2008 2008;75
163 Herlev;TOT Total;TOT Total;TOT Age, total;TOT Total;2008 2008;18427
165 Albertslund;TOT Total;H40 H40 Short cycle higher education;TOT Age, total;TOT Total;2008 2008;787
165 Albertslund;TOT Total;H50 H50 Vocational bachelors educations;TOT Age, total;TOT Total;2008 2008;2648
165 Albertslund;TOT Total;H60 H60 Bachelors programs;TOT Age, total;TOT Total;2008 2008;259
165 Albertslund;TOT Total;H70 H70 Masters programs;TOT Age, total;TOT Total;2008 2008;995
165 Albertslund;TOT Total;H80 H80 PhD programs;TOT Age, total;TOT Total;2008 2008;53
165 Albertslund;TOT Total;TOT Total;TOT Age, total;TOT Total;2008 2008;20307
167 Hvidovre;TOT Total;H40 H40 Short cycle higher education;TOT Age, total;TOT Total;2008 2008;1446
167 Hvidovre;TOT Total;H50 H50 Vocational bachelors educations;TOT Age, total;TOT Total;2008 2008;3551
167 Hvidovre;TOT Total;H60 H60 Bachelors programs;TOT Age, total;TOT Total;2008 2008;428
167 Hvidovre;TOT Total;H70 H70 Masters programs;TOT Age, total;TOT Total;2008 2008;1540
167 Hvidovre;TOT Total;H80 H80 PhD programs;TOT Age, total;TOT Total;2008 2008;90
167 Hvidovre;TOT Total;TOT Total;TOT Age, total;TOT Total;2008 2008;34492
169 Høje-Taastrup;TOT Total;H40 H40 Short cycle higher education;TOT Age, total;TOT Total;2008 2008;1523
169 Høje-Taastrup;TOT Total;H50 H50 Vocational bachelors educations;TOT Age, total;TOT Total;2008 2008;3296
169 Høje-Taastrup;TOT Total;H60 H60 Bachelors programs;TOT Age, total;TOT Total;2008 2008;303
169 Høje-Taastrup;TOT Total;H70 H70 Masters programs;TOT Age, total;TOT Total;2008 2008;1433
169 Høje-Taastrup;TOT Total;H80 H80 PhD programs;TOT Age, total;TOT Total;2008 2008;102
169 Høje-Taastrup;TOT Total;TOT Total;TOT Age, total;TOT Total;2008 2008;33993
173 Lyngby-Taarbæk;TOT Total;H40 H40 Short cycle higher education;TOT Age, total;TOT Total;2008 2008;1458
173 Lyngby-Taarbæk;TOT Total;H50 H50 Vocational bachelors educations;TOT Age, total;TOT Total;2008 2008;5642
173 Lyngby-Taarbæk;TOT Total;H60 H60 Bachelors programs;TOT Age, total;TOT Total;2008 2008;972
173 Lyngby-Taarbæk;TOT Total;H70 H70 Masters programs;TOT Age, total;TOT Total;2008 2008;6259
173 Lyngby-Taarbæk;TOT Total;H80 H80 PhD programs;TOT Age, total;TOT Total;2008 2008;594
173 Lyngby-Taarbæk;TOT Total;TOT Total;TOT Age, total;TOT Total;2008 2008;35047
175 Rødovre;TOT Total;H40 H40 Short cycle higher education;TOT Age, total;TOT Total;2008 2008;978
175 Rødovre;TOT Total;H50 H50 Vocational bachelors educations;TOT Age, total;TOT Total;2008 2008;2809
175 Rødovre;TOT Total;H60 H60 Bachelors programs;TOT Age, total;TOT Total;2008 2008;317
175 Rødovre;TOT Total;H70 H70 Masters programs;TOT Age, total;TOT Total;2008 2008;1316
175 Rødovre;TOT Total;H80 H80 PhD programs;TOT Age, total;TOT Total;2008 2008;117
175 Rødovre;TOT Total;TOT Total;TOT Age, total;TOT Total;2008 2008;24809
183 Ishøj;TOT Total;H40 H40 Short cycle higher education;TOT Age, total;TOT Total;2008 2008;524
183 Ishøj;TOT Total;H50 H50 Vocational bachelors educations;TOT Age, total;TOT Total;2008 2008;1140
183 Ishøj;TOT Total;H60 H60 Bachelors programs;TOT Age, total;TOT Total;2008 2008;112
183 Ishøj;TOT Total;H70 H70 Masters programs;TOT Age, total;TOT Total;2008 2008;421
183 Ishøj;TOT Total;H80 H80 PhD programs;TOT Age, total;TOT Total;2008 2008;24
183 Ishøj;TOT Total;TOT Total;TOT Age, total;TOT Total;2008 2008;15280
185 Tårnby;TOT Total;H40 H40 Short cycle higher education;TOT Age, total;TOT Total;2008 2008;1181
185 Tårnby;TOT Total;H50 H50 Vocational bachelors educations;TOT Age, total;TOT Total;2008 2008;2419
185 Tårnby;TOT Total;H60 H60 Bachelors programs;TOT Age, total;TOT Total;2008 2008;251
185 Tårnby;TOT Total;H70 H70 Masters programs;TOT Age, total;TOT Total;2008 2008;956
185 Tårnby;TOT Total;H80 H80 PhD programs;TOT Age, total;TOT Total;2008 2008;50
185 Tårnby;TOT Total;TOT Total;TOT Age, total;TOT Total;2008 2008;27941
187 Vallensbæk;TOT Total;H40 H40 Short cycle higher education;TOT Age, total;TOT Total;2008 2008;509
187 Vallensbæk;TOT Total;H50 H50 Vocational bachelors educations;TOT Age, total;TOT Total;2008 2008;1178
187 Vallensbæk;TOT Total;H60 H60 Bachelors programs;TOT Age, total;TOT Total;2008 2008;99
187 Vallensbæk;TOT Total;H70 H70 Masters programs;TOT Age, total;TOT Total;2008 2008;529
187 Vallensbæk;TOT Total;H80 H80 PhD programs;TOT Age, total;TOT Total;2008 2008;32
187 Vallensbæk;TOT Total;TOT Total;TOT Age, total;TOT Total;2008 2008;9480
190 Furesø;TOT Total;H40 H40 Short cycle higher education;TOT Age, total;TOT Total;2008 2008;1160
190 Furesø;TOT Total;H50 H50 Vocational bachelors educations;TOT Age, total;TOT Total;2008 2008;4684
190 Furesø;TOT Total;H60 H60 Bachelors programs;TOT Age, total;TOT Total;2008 2008;378
190 Furesø;TOT Total;H70 H70 Masters programs;TOT Age, total;TOT Total;2008 2008;3710
190 Furesø;TOT Total;H80 H80 PhD programs;TOT Age, total;TOT Total;2008 2008;387
190 Furesø;TOT Total;TOT Total;TOT Age, total;TOT Total;2008 2008;25381
201 Allerød;TOT Total;H40 H40 Short cycle higher education;TOT Age, total;TOT Total;2008 2008;897
201 Allerød;TOT Total;H50 H50 Vocational bachelors educations;TOT Age, total;TOT Total;2008 2008;2806
201 Allerød;TOT Total;H60 H60 Bachelors programs;TOT Age, total;TOT Total;2008 2008;227
201 Allerød;TOT Total;H70 H70 Masters programs;TOT Age, total;TOT Total;2008 2008;2095
201 Allerød;TOT Total;H80 H80 PhD programs;TOT Age, total;TOT Total;2008 2008;226
201 Allerød;TOT Total;TOT Total;TOT Age, total;TOT Total;2008 2008;16150
210 Fredensborg;TOT Total;H40 H40 Short cycle higher education;TOT Age, total;TOT Total;2008 2008;1263
210 Fredensborg;TOT Total;H50 H50 Vocational bachelors educations;TOT Age, total;TOT Total;2008 2008;4338
210 Fredensborg;TOT Total;H60 H60 Bachelors programs;TOT Age, total;TOT Total;2008 2008;414
210 Fredensborg;TOT Total;H70 H70 Masters programs;TOT Age, total;TOT Total;2008 2008;2812
210 Fredensborg;TOT Total;H80 H80 PhD programs;TOT Age, total;TOT Total;2008 2008;220
210 Fredensborg;TOT Total;TOT Total;TOT Age, total;TOT Total;2008 2008;27423
217 Helsingør;TOT Total;H40 H40 Short cycle higher education;TOT Age, total;TOT Total;2008 2008;1829
217 Helsingør;TOT Total;H50 H50 Vocational bachelors educations;TOT Age, total;TOT Total;2008 2008;6201
217 Helsingør;TOT Total;H60 H60 Bachelors programs;TOT Age, total;TOT Total;2008 2008;494
217 Helsingør;TOT Total;H70 H70 Masters programs;TOT Age, total;TOT Total;2008 2008;2838
217 Helsingør;TOT Total;H80 H80 PhD programs;TOT Age, total;TOT Total;2008 2008;156
217 Helsingør;TOT Total;TOT Total;TOT Age, total;TOT Total;2008 2008;42187
219 Hillerød;TOT Total;H40 H40 Short cycle higher education;TOT Age, total;TOT Total;2008 2008;1657
219 Hillerød;TOT Total;H50 H50 Vocational bachelors educations;TOT Age, total;TOT Total;2008 2008;5377
219 Hillerød;TOT Total;H60 H60 Bachelors programs;TOT Age, total;TOT Total;2008 2008;360
219 Hillerød;TOT Total;H70 H70 Masters programs;TOT Age, total;TOT Total;2008 2008;2881
219 Hillerød;TOT Total;H80 H80 PhD programs;TOT Age, total;TOT Total;2008 2008;240
219 Hillerød;TOT Total;TOT Total;TOT Age, total;TOT Total;2008 2008;32200
223 Hørsholm;TOT Total;H40 H40 Short cycle higher education;TOT Age, total;TOT Total;2008 2008;785
223 Hørsholm;TOT Total;H50 H50 Vocational bachelors educations;TOT Age, total;TOT Total;2008 2008;2692
223 Hørsholm;TOT Total;H60 H60 Bachelors programs;TOT Age, total;TOT Total;2008 2008;321
223 Hørsholm;TOT Total;H70 H70 Masters programs;TOT Age, total;TOT Total;2008 2008;2795
223 Hørsholm;TOT Total;H80 H80 PhD programs;TOT Age, total;TOT Total;2008 2008;187
223 Hørsholm;TOT Total;TOT Total;TOT Age, total;TOT Total;2008 2008;16066
230 Rudersdal;TOT Total;H40 H40 Short cycle higher education;TOT Age, total;TOT Total;2008 2008;1545
230 Rudersdal;TOT Total;H50 H50 Vocational bachelors educations;TOT Age, total;TOT Total;2008 2008;6057
230 Rudersdal;TOT Total;H60 H60 Bachelors programs;TOT Age, total;TOT Total;2008 2008;930
230 Rudersdal;TOT Total;H70 H70 Masters programs;TOT Age, total;TOT Total;2008 2008;7007
230 Rudersdal;TOT Total;H80 H80 PhD programs;TOT Age, total;TOT Total;2008 2008;626
230 Rudersdal;TOT Total;TOT Total;TOT Age, total;TOT Total;2008 2008;35565
240 Egedal;TOT Total;H40 H40 Short cycle higher education;TOT Age, total;TOT Total;2008 2008;1686
240 Egedal;TOT Total;H50 H50 Vocational bachelors educations;TOT Age, total;TOT Total;2008 2008;4020
240 Egedal;TOT Total;H60 H60 Bachelors programs;TOT Age, total;TOT Total;2008 2008;265
240 Egedal;TOT Total;H70 H70 Masters programs;TOT Age, total;TOT Total;2008 2008;1822
240 Egedal;TOT Total;H80 H80 PhD programs;TOT Age, total;TOT Total;2008 2008;168
240 Egedal;TOT Total;TOT Total;TOT Age, total;TOT Total;2008 2008;28729
250 Frederikssund;TOT Total;H40 H40 Short cycle higher education;TOT Age, total;TOT Total;2008 2008;1421
250 Frederikssund;TOT Total;H50 H50 Vocational bachelors educations;TOT Age, total;TOT Total;2008 2008;4197
250 Frederikssund;TOT Total;H60 H60 Bachelors programs;TOT Age, total;TOT Total;2008 2008;214
250 Frederikssund;TOT Total;H70 H70 Masters programs;TOT Age, total;TOT Total;2008 2008;1311
250 Frederikssund;TOT Total;H80 H80 PhD programs;TOT Age, total;TOT Total;2008 2008;100
250 Frederikssund;TOT Total;TOT Total;TOT Age, total;TOT Total;2008 2008;30878
253 Greve;TOT Total;H40 H40 Short cycle higher education;TOT Age, total;TOT Total;2008 2008;1698
253 Greve;TOT Total;H50 H50 Vocational bachelors educations;TOT Age, total;TOT Total;2008 2008;3716
253 Greve;TOT Total;H60 H60 Bachelors programs;TOT Age, total;TOT Total;2008 2008;292
253 Greve;TOT Total;H70 H70 Masters programs;TOT Age, total;TOT Total;2008 2008;1563
253 Greve;TOT Total;H80 H80 PhD programs;TOT Age, total;TOT Total;2008 2008;77
253 Greve;TOT Total;TOT Total;TOT Age, total;TOT Total;2008 2008;34142
259 Køge;TOT Total;H40 H40 Short cycle higher education;TOT Age, total;TOT Total;2008 2008;1829
259 Køge;TOT Total;H50 H50 Vocational bachelors educations;TOT Age, total;TOT Total;2008 2008;4354
259 Køge;TOT Total;H60 H60 Bachelors programs;TOT Age, total;TOT Total;2008 2008;288
259 Køge;TOT Total;H70 H70 Masters programs;TOT Age, total;TOT Total;2008 2008;1544
259 Køge;TOT Total;H80 H80 PhD programs;TOT Age, total;TOT Total;2008 2008;85
259 Køge;TOT Total;TOT Total;TOT Age, total;TOT Total;2008 2008;39836
260 Halsnæs;TOT Total;H40 H40 Short cycle higher education;TOT Age, total;TOT Total;2008 2008;818
260 Halsnæs;TOT Total;H50 H50 Vocational bachelors educations;TOT Age, total;TOT Total;2008 2008;2646
260 Halsnæs;TOT Total;H60 H60 Bachelors programs;TOT Age, total;TOT Total;2008 2008;127
260 Halsnæs;TOT Total;H70 H70 Masters programs;TOT Age, total;TOT Total;2008 2008;658
260 Halsnæs;TOT Total;H80 H80 PhD programs;TOT Age, total;TOT Total;2008 2008;38
260 Halsnæs;TOT Total;TOT Total;TOT Age, total;TOT Total;2008 2008;21827
265 Roskilde;TOT Total;H40 H40 Short cycle higher education;TOT Age, total;TOT Total;2008 2008;2948
265 Roskilde;TOT Total;H50 H50 Vocational bachelors educations;TOT Age, total;TOT Total;2008 2008;8460
265 Roskilde;TOT Total;H60 H60 Bachelors programs;TOT Age, total;TOT Total;2008 2008;835
265 Roskilde;TOT Total;H70 H70 Masters programs;TOT Age, total;TOT Total;2008 2008;4849
265 Roskilde;TOT Total;H80 H80 PhD programs;TOT Age, total;TOT Total;2008 2008;443
265 Roskilde;TOT Total;TOT Total;TOT Age, total;TOT Total;2008 2008;57411
269 Solrød;TOT Total;H40 H40 Short cycle higher education;TOT Age, total;TOT Total;2008 2008;825
269 Solrød;TOT Total;H50 H50 Vocational bachelors educations;TOT Age, total;TOT Total;2008 2008;1786
269 Solrød;TOT Total;H60 H60 Bachelors programs;TOT Age, total;TOT Total;2008 2008;134
269 Solrød;TOT Total;H70 H70 Masters programs;TOT Age, total;TOT Total;2008 2008;768
269 Solrød;TOT Total;H80 H80 PhD programs;TOT Age, total;TOT Total;2008 2008;32
269 Solrød;TOT Total;TOT Total;TOT Age, total;TOT Total;2008 2008;14645
270 Gribskov;TOT Total;H40 H40 Short cycle higher education;TOT Age, total;TOT Total;2008 2008;1177
270 Gribskov;TOT Total;H50 H50 Vocational bachelors educations;TOT Age, total;TOT Total;2008 2008;3914
270 Gribskov;TOT Total;H60 H60 Bachelors programs;TOT Age, total;TOT Total;2008 2008;257
270 Gribskov;TOT Total;H70 H70 Masters programs;TOT Age, total;TOT Total;2008 2008;1322
270 Gribskov;TOT Total;H80 H80 PhD programs;TOT Age, total;TOT Total;2008 2008;83
270 Gribskov;TOT Total;TOT Total;TOT Age, total;TOT Total;2008 2008;28651
306 Odsherred;TOT Total;H40 H40 Short cycle higher education;TOT Age, total;TOT Total;2008 2008;691
306 Odsherred;TOT Total;H50 H50 Vocational bachelors educations;TOT Age, total;TOT Total;2008 2008;2519
306 Odsherred;TOT Total;H60 H60 Bachelors programs;TOT Age, total;TOT Total;2008 2008;96
306 Odsherred;TOT Total;H70 H70 Masters programs;TOT Age, total;TOT Total;2008 2008;590
306 Odsherred;TOT Total;H80 H80 PhD programs;TOT Age, total;TOT Total;2008 2008;16
306 Odsherred;TOT Total;TOT Total;TOT Age, total;TOT Total;2008 2008;23208
316 Holbæk;TOT Total;H40 H40 Short cycle higher education;TOT Age, total;TOT Total;2008 2008;1982
316 Holbæk;TOT Total;H50 H50 Vocational bachelors educations;TOT Age, total;TOT Total;2008 2008;6657
316 Holbæk;TOT Total;H60 H60 Bachelors programs;TOT Age, total;TOT Total;2008 2008;283
316 Holbæk;TOT Total;H70 H70 Masters programs;TOT Age, total;TOT Total;2008 2008;1836
316 Holbæk;TOT Total;H80 H80 PhD programs;TOT Age, total;TOT Total;2008 2008;89
316 Holbæk;TOT Total;TOT Total;TOT Age, total;TOT Total;2008 2008;48911
320 Faxe;TOT Total;H40 H40 Short cycle higher education;TOT Age, total;TOT Total;2008 2008;996
320 Faxe;TOT Total;H50 H50 Vocational bachelors educations;TOT Age, total;TOT Total;2008 2008;2886
320 Faxe;TOT Total;H60 H60 Bachelors programs;TOT Age, total;TOT Total;2008 2008;112
320 Faxe;TOT Total;H70 H70 Masters programs;TOT Age, total;TOT Total;2008 2008;697
320 Faxe;TOT Total;H80 H80 PhD programs;TOT Age, total;TOT Total;2008 2008;28
320 Faxe;TOT Total;TOT Total;TOT Age, total;TOT Total;2008 2008;24925
326 Kalundborg;TOT Total;H40 H40 Short cycle higher education;TOT Age, total;TOT Total;2008 2008;1384
326 Kalundborg;TOT Total;H50 H50 Vocational bachelors educations;TOT Age, total;TOT Total;2008 2008;3736
326 Kalundborg;TOT Total;H60 H60 Bachelors programs;TOT Age, total;TOT Total;2008 2008;128
326 Kalundborg;TOT Total;H70 H70 Masters programs;TOT Age, total;TOT Total;2008 2008;839
326 Kalundborg;TOT Total;H80 H80 PhD programs;TOT Age, total;TOT Total;2008 2008;32
326 Kalundborg;TOT Total;TOT Total;TOT Age, total;TOT Total;2008 2008;34757
329 Ringsted;TOT Total;H40 H40 Short cycle higher education;TOT Age, total;TOT Total;2008 2008;1005
329 Ringsted;TOT Total;H50 H50 Vocational bachelors educations;TOT Age, total;TOT Total;2008 2008;2477
329 Ringsted;TOT Total;H60 H60 Bachelors programs;TOT Age, total;TOT Total;2008 2008;186
329 Ringsted;TOT Total;H70 H70 Masters programs;TOT Age, total;TOT Total;2008 2008;884
329 Ringsted;TOT Total;H80 H80 PhD programs;TOT Age, total;TOT Total;2008 2008;62
329 Ringsted;TOT Total;TOT Total;TOT Age, total;TOT Total;2008 2008;22741
330 Slagelse;TOT Total;H40 H40 Short cycle higher education;TOT Age, total;TOT Total;2008 2008;2222
330 Slagelse;TOT Total;H50 H50 Vocational bachelors educations;TOT Age, total;TOT Total;2008 2008;6509
330 Slagelse;TOT Total;H60 H60 Bachelors programs;TOT Age, total;TOT Total;2008 2008;376
330 Slagelse;TOT Total;H70 H70 Masters programs;TOT Age, total;TOT Total;2008 2008;1427
330 Slagelse;TOT Total;H80 H80 PhD programs;TOT Age, total;TOT Total;2008 2008;49
330 Slagelse;TOT Total;TOT Total;TOT Age, total;TOT Total;2008 2008;54729
336 Stevns;TOT Total;H40 H40 Short cycle higher education;TOT Age, total;TOT Total;2008 2008;600
336 Stevns;TOT Total;H50 H50 Vocational bachelors educations;TOT Age, total;TOT Total;2008 2008;1765
336 Stevns;TOT Total;H60 H60 Bachelors programs;TOT Age, total;TOT Total;2008 2008;84
336 Stevns;TOT Total;H70 H70 Masters programs;TOT Age, total;TOT Total;2008 2008;505
336 Stevns;TOT Total;H80 H80 PhD programs;TOT Age, total;TOT Total;2008 2008;40
336 Stevns;TOT Total;TOT Total;TOT Age, total;TOT Total;2008 2008;15401
340 Sorø;TOT Total;H40 H40 Short cycle higher education;TOT Age, total;TOT Total;2008 2008;793
340 Sorø;TOT Total;H50 H50 Vocational bachelors educations;TOT Age, total;TOT Total;2008 2008;2528
340 Sorø;TOT Total;H60 H60 Bachelors programs;TOT Age, total;TOT Total;2008 2008;150
340 Sorø;TOT Total;H70 H70 Masters programs;TOT Age, total;TOT Total;2008 2008;999
340 Sorø;TOT Total;H80 H80 PhD programs;TOT Age, total;TOT Total;2008 2008;55
340 Sorø;TOT Total;TOT Total;TOT Age, total;TOT Total;2008 2008;20362
350 Lejre;TOT Total;H40 H40 Short cycle higher education;TOT Age, total;TOT Total;2008 2008;991
350 Lejre;TOT Total;H50 H50 Vocational bachelors educations;TOT Age, total;TOT Total;2008 2008;2580
350 Lejre;TOT Total;H60 H60 Bachelors programs;TOT Age, total;TOT Total;2008 2008;166
350 Lejre;TOT Total;H70 H70 Masters programs;TOT Age, total;TOT Total;2008 2008;1246
350 Lejre;TOT Total;H80 H80 PhD programs;TOT Age, total;TOT Total;2008 2008;118
350 Lejre;TOT Total;TOT Total;TOT Age, total;TOT Total;2008 2008;18596
360 Lolland;TOT Total;H40 H40 Short cycle higher education;TOT Age, total;TOT Total;2008 2008;821
360 Lolland;TOT Total;H50 H50 Vocational bachelors educations;TOT Age, total;TOT Total;2008 2008;3078
360 Lolland;TOT Total;H60 H60 Bachelors programs;TOT Age, total;TOT Total;2008 2008;101
360 Lolland;TOT Total;H70 H70 Masters programs;TOT Age, total;TOT Total;2008 2008;567
360 Lolland;TOT Total;H80 H80 PhD programs;TOT Age, total;TOT Total;2008 2008;19
360 Lolland;TOT Total;TOT Total;TOT Age, total;TOT Total;2008 2008;33330
370 Næstved;TOT Total;H40 H40 Short cycle higher education;TOT Age, total;TOT Total;2008 2008;2312
370 Næstved;TOT Total;H50 H50 Vocational bachelors educations;TOT Age, total;TOT Total;2008 2008;7535
370 Næstved;TOT Total;H60 H60 Bachelors programs;TOT Age, total;TOT Total;2008 2008;317
370 Næstved;TOT Total;H70 H70 Masters programs;TOT Age, total;TOT Total;2008 2008;1794
370 Næstved;TOT Total;H80 H80 PhD programs;TOT Age, total;TOT Total;2008 2008;57
370 Næstved;TOT Total;TOT Total;TOT Age, total;TOT Total;2008 2008;57303
376 Guldborgsund;TOT Total;H40 H40 Short cycle higher education;TOT Age, total;TOT Total;2008 2008;1423
376 Guldborgsund;TOT Total;H50 H50 Vocational bachelors educations;TOT Age, total;TOT Total;2008 2008;5193
376 Guldborgsund;TOT Total;H60 H60 Bachelors programs;TOT Age, total;TOT Total;2008 2008;209
376 Guldborgsund;TOT Total;H70 H70 Masters programs;TOT Age, total;TOT Total;2008 2008;1137
376 Guldborgsund;TOT Total;H80 H80 PhD programs;TOT Age, total;TOT Total;2008 2008;28
376 Guldborgsund;TOT Total;TOT Total;TOT Age, total;TOT Total;2008 2008;44236
390 Vordingborg;TOT Total;H40 H40 Short cycle higher education;TOT Age, total;TOT Total;2008 2008;1047
390 Vordingborg;TOT Total;H50 H50 Vocational bachelors educations;TOT Age, total;TOT Total;2008 2008;4143
390 Vordingborg;TOT Total;H60 H60 Bachelors programs;TOT Age, total;TOT Total;2008 2008;183
390 Vordingborg;TOT Total;H70 H70 Masters programs;TOT Age, total;TOT Total;2008 2008;1064
390 Vordingborg;TOT Total;H80 H80 PhD programs;TOT Age, total;TOT Total;2008 2008;44
390 Vordingborg;TOT Total;TOT Total;TOT Age, total;TOT Total;2008 2008;32402
400 Bornholm;TOT Total;H40 H40 Short cycle higher education;TOT Age, total;TOT Total;2008 2008;889
400 Bornholm;TOT Total;H50 H50 Vocational bachelors educations;TOT Age, total;TOT Total;2008 2008;3410
400 Bornholm;TOT Total;H60 H60 Bachelors programs;TOT Age, total;TOT Total;2008 2008;155
400 Bornholm;TOT Total;H70 H70 Masters programs;TOT Age, total;TOT Total;2008 2008;788
400 Bornholm;TOT Total;H80 H80 PhD programs;TOT Age, total;TOT Total;2008 2008;19
400 Bornholm;TOT Total;TOT Total;TOT Age, total;TOT Total;2008 2008;29629
410 Middelfart;TOT Total;H40 H40 Short cycle higher education;TOT Age, total;TOT Total;2008 2008;1086
410 Middelfart;TOT Total;H50 H50 Vocational bachelors educations;TOT Age, total;TOT Total;2008 2008;3559
410 Middelfart;TOT Total;H60 H60 Bachelors programs;TOT Age, total;TOT Total;2008 2008;180
410 Middelfart;TOT Total;H70 H70 Masters programs;TOT Age, total;TOT Total;2008 2008;1005
410 Middelfart;TOT Total;H80 H80 PhD programs;TOT Age, total;TOT Total;2008 2008;34
410 Middelfart;TOT Total;TOT Total;TOT Age, total;TOT Total;2008 2008;25837
420 Assens;TOT Total;H40 H40 Short cycle higher education;TOT Age, total;TOT Total;2008 2008;1179
420 Assens;TOT Total;H50 H50 Vocational bachelors educations;TOT Age, total;TOT Total;2008 2008;3526
420 Assens;TOT Total;H60 H60 Bachelors programs;TOT Age, total;TOT Total;2008 2008;166
420 Assens;TOT Total;H70 H70 Masters programs;TOT Age, total;TOT Total;2008 2008;912
420 Assens;TOT Total;H80 H80 PhD programs;TOT Age, total;TOT Total;2008 2008;47
420 Assens;TOT Total;TOT Total;TOT Age, total;TOT Total;2008 2008;28964
430 Faaborg-Midtfyn;TOT Total;H40 H40 Short cycle higher education;TOT Age, total;TOT Total;2008 2008;1545
430 Faaborg-Midtfyn;TOT Total;H50 H50 Vocational bachelors educations;TOT Age, total;TOT Total;2008 2008;4460
430 Faaborg-Midtfyn;TOT Total;H60 H60 Bachelors programs;TOT Age, total;TOT Total;2008 2008;191
430 Faaborg-Midtfyn;TOT Total;H70 H70 Masters programs;TOT Age, total;TOT Total;2008 2008;1104
430 Faaborg-Midtfyn;TOT Total;H80 H80 PhD programs;TOT Age, total;TOT Total;2008 2008;56
430 Faaborg-Midtfyn;TOT Total;TOT Total;TOT Age, total;TOT Total;2008 2008;35712
440 Kerteminde;TOT Total;H40 H40 Short cycle higher education;TOT Age, total;TOT Total;2008 2008;595
440 Kerteminde;TOT Total;H50 H50 Vocational bachelors educations;TOT Age, total;TOT Total;2008 2008;2061
440 Kerteminde;TOT Total;H60 H60 Bachelors programs;TOT Age, total;TOT Total;2008 2008;86
440 Kerteminde;TOT Total;H70 H70 Masters programs;TOT Age, total;TOT Total;2008 2008;494
440 Kerteminde;TOT Total;H80 H80 PhD programs;TOT Age, total;TOT Total;2008 2008;27
440 Kerteminde;TOT Total;TOT Total;TOT Age, total;TOT Total;2008 2008;16319
450 Nyborg;TOT Total;H40 H40 Short cycle higher education;TOT Age, total;TOT Total;2008 2008;873
450 Nyborg;TOT Total;H50 H50 Vocational bachelors educations;TOT Age, total;TOT Total;2008 2008;2782
450 Nyborg;TOT Total;H60 H60 Bachelors programs;TOT Age, total;TOT Total;2008 2008;108
450 Nyborg;TOT Total;H70 H70 Masters programs;TOT Age, total;TOT Total;2008 2008;666
450 Nyborg;TOT Total;H80 H80 PhD programs;TOT Age, total;TOT Total;2008 2008;48
450 Nyborg;TOT Total;TOT Total;TOT Age, total;TOT Total;2008 2008;21834
461 Odense;TOT Total;H40 H40 Short cycle higher education;TOT Age, total;TOT Total;2008 2008;5727
461 Odense;TOT Total;H50 H50 Vocational bachelors educations;TOT Age, total;TOT Total;2008 2008;18648
461 Odense;TOT Total;H60 H60 Bachelors programs;TOT Age, total;TOT Total;2008 2008;3114
461 Odense;TOT Total;H70 H70 Masters programs;TOT Age, total;TOT Total;2008 2008;7821
461 Odense;TOT Total;H80 H80 PhD programs;TOT Age, total;TOT Total;2008 2008;615
461 Odense;TOT Total;TOT Total;TOT Age, total;TOT Total;2008 2008;135825
479 Svendborg;TOT Total;H40 H40 Short cycle higher education;TOT Age, total;TOT Total;2008 2008;1658
479 Svendborg;TOT Total;H50 H50 Vocational bachelors educations;TOT Age, total;TOT Total;2008 2008;7024
479 Svendborg;TOT Total;H60 H60 Bachelors programs;TOT Age, total;TOT Total;2008 2008;233
479 Svendborg;TOT Total;H70 H70 Masters programs;TOT Age, total;TOT Total;2008 2008;1450
479 Svendborg;TOT Total;H80 H80 PhD programs;TOT Age, total;TOT Total;2008 2008;48
479 Svendborg;TOT Total;TOT Total;TOT Age, total;TOT Total;2008 2008;41786
480 Nordfyns;TOT Total;H40 H40 Short cycle higher education;TOT Age, total;TOT Total;2008 2008;807
480 Nordfyns;TOT Total;H50 H50 Vocational bachelors educations;TOT Age, total;TOT Total;2008 2008;2189
480 Nordfyns;TOT Total;H60 H60 Bachelors programs;TOT Age, total;TOT Total;2008 2008;95
480 Nordfyns;TOT Total;H70 H70 Masters programs;TOT Age, total;TOT Total;2008 2008;519
480 Nordfyns;TOT Total;H80 H80 PhD programs;TOT Age, total;TOT Total;2008 2008;31
480 Nordfyns;TOT Total;TOT Total;TOT Age, total;TOT Total;2008 2008;20565
482 Langeland;TOT Total;H40 H40 Short cycle higher education;TOT Age, total;TOT Total;2008 2008;228
482 Langeland;TOT Total;H50 H50 Vocational bachelors educations;TOT Age, total;TOT Total;2008 2008;920
482 Langeland;TOT Total;H60 H60 Bachelors programs;TOT Age, total;TOT Total;2008 2008;34
482 Langeland;TOT Total;H70 H70 Masters programs;TOT Age, total;TOT Total;2008 2008;166
482 Langeland;TOT Total;H80 H80 PhD programs;TOT Age, total;TOT Total;2008 2008;9
482 Langeland;TOT Total;TOT Total;TOT Age, total;TOT Total;2008 2008;9208
492 Ærø;TOT Total;H40 H40 Short cycle higher education;TOT Age, total;TOT Total;2008 2008;210
492 Ærø;TOT Total;H50 H50 Vocational bachelors educations;TOT Age, total;TOT Total;2008 2008;607
492 Ærø;TOT Total;H60 H60 Bachelors programs;TOT Age, total;TOT Total;2008 2008;21
492 Ærø;TOT Total;H70 H70 Masters programs;TOT Age, total;TOT Total;2008 2008;118
492 Ærø;TOT Total;H80 H80 PhD programs;TOT Age, total;TOT Total;2008 2008;5
492 Ærø;TOT Total;TOT Total;TOT Age, total;TOT Total;2008 2008;4520
510 Haderslev;TOT Total;H40 H40 Short cycle higher education;TOT Age, total;TOT Total;2008 2008;1396
510 Haderslev;TOT Total;H50 H50 Vocational bachelors educations;TOT Age, total;TOT Total;2008 2008;4891
510 Haderslev;TOT Total;H60 H60 Bachelors programs;TOT Age, total;TOT Total;2008 2008;206
510 Haderslev;TOT Total;H70 H70 Masters programs;TOT Age, total;TOT Total;2008 2008;1162
510 Haderslev;TOT Total;H80 H80 PhD programs;TOT Age, total;TOT Total;2008 2008;24
510 Haderslev;TOT Total;TOT Total;TOT Age, total;TOT Total;2008 2008;39311
530 Billund;TOT Total;H40 H40 Short cycle higher education;TOT Age, total;TOT Total;2008 2008;740
530 Billund;TOT Total;H50 H50 Vocational bachelors educations;TOT Age, total;TOT Total;2008 2008;1656
530 Billund;TOT Total;H60 H60 Bachelors programs;TOT Age, total;TOT Total;2008 2008;83
530 Billund;TOT Total;H70 H70 Masters programs;TOT Age, total;TOT Total;2008 2008;378
530 Billund;TOT Total;H80 H80 PhD programs;TOT Age, total;TOT Total;2008 2008;7
530 Billund;TOT Total;TOT Total;TOT Age, total;TOT Total;2008 2008;18032
540 Sønderborg;TOT Total;H40 H40 Short cycle higher education;TOT Age, total;TOT Total;2008 2008;2487
540 Sønderborg;TOT Total;H50 H50 Vocational bachelors educations;TOT Age, total;TOT Total;2008 2008;6837
540 Sønderborg;TOT Total;H60 H60 Bachelors programs;TOT Age, total;TOT Total;2008 2008;495
540 Sønderborg;TOT Total;H70 H70 Masters programs;TOT Age, total;TOT Total;2008 2008;2057
540 Sønderborg;TOT Total;H80 H80 PhD programs;TOT Age, total;TOT Total;2008 2008;84
540 Sønderborg;TOT Total;TOT Total;TOT Age, total;TOT Total;2008 2008;52703
550 Tønder;TOT Total;H40 H40 Short cycle higher education;TOT Age, total;TOT Total;2008 2008;930
550 Tønder;TOT Total;H50 H50 Vocational bachelors educations;TOT Age, total;TOT Total;2008 2008;2682
550 Tønder;TOT Total;H60 H60 Bachelors programs;TOT Age, total;TOT Total;2008 2008;85
550 Tønder;TOT Total;H70 H70 Masters programs;TOT Age, total;TOT Total;2008 2008;590
550 Tønder;TOT Total;H80 H80 PhD programs;TOT Age, total;TOT Total;2008 2008;13
550 Tønder;TOT Total;TOT Total;TOT Age, total;TOT Total;2008 2008;27824
561 Esbjerg;TOT Total;H40 H40 Short cycle higher education;TOT Age, total;TOT Total;2008 2008;3247
561 Esbjerg;TOT Total;H50 H50 Vocational bachelors educations;TOT Age, total;TOT Total;2008 2008;11095
561 Esbjerg;TOT Total;H60 H60 Bachelors programs;TOT Age, total;TOT Total;2008 2008;620
561 Esbjerg;TOT Total;H70 H70 Masters programs;TOT Age, total;TOT Total;2008 2008;2433
561 Esbjerg;TOT Total;H80 H80 PhD programs;TOT Age, total;TOT Total;2008 2008;83
561 Esbjerg;TOT Total;TOT Total;TOT Age, total;TOT Total;2008 2008;81972
563 Fanø;TOT Total;H40 H40 Short cycle higher education;TOT Age, total;TOT Total;2008 2008;144
563 Fanø;TOT Total;H50 H50 Vocational bachelors educations;TOT Age, total;TOT Total;2008 2008;575
563 Fanø;TOT Total;H60 H60 Bachelors programs;TOT Age, total;TOT Total;2008 2008;21
563 Fanø;TOT Total;H70 H70 Masters programs;TOT Age, total;TOT Total;2008 2008;112
563 Fanø;TOT Total;H80 H80 PhD programs;TOT Age, total;TOT Total;2008 2008;4
563 Fanø;TOT Total;TOT Total;TOT Age, total;TOT Total;2008 2008;2264
573 Varde;TOT Total;H40 H40 Short cycle higher education;TOT Age, total;TOT Total;2008 2008;1297
573 Varde;TOT Total;H50 H50 Vocational bachelors educations;TOT Age, total;TOT Total;2008 2008;3814
573 Varde;TOT Total;H60 H60 Bachelors programs;TOT Age, total;TOT Total;2008 2008;151
573 Varde;TOT Total;H70 H70 Masters programs;TOT Age, total;TOT Total;2008 2008;811
573 Varde;TOT Total;H80 H80 PhD programs;TOT Age, total;TOT Total;2008 2008;23
573 Varde;TOT Total;TOT Total;TOT Age, total;TOT Total;2008 2008;34428
575 Vejen;TOT Total;H40 H40 Short cycle higher education;TOT Age, total;TOT Total;2008 2008;1127
575 Vejen;TOT Total;H50 H50 Vocational bachelors educations;TOT Age, total;TOT Total;2008 2008;2876
575 Vejen;TOT Total;H60 H60 Bachelors programs;TOT Age, total;TOT Total;2008 2008;133
575 Vejen;TOT Total;H70 H70 Masters programs;TOT Age, total;TOT Total;2008 2008;659
575 Vejen;TOT Total;H80 H80 PhD programs;TOT Age, total;TOT Total;2008 2008;14
575 Vejen;TOT Total;TOT Total;TOT Age, total;TOT Total;2008 2008;29112
580 Aabenraa;TOT Total;H40 H40 Short cycle higher education;TOT Age, total;TOT Total;2008 2008;1519
580 Aabenraa;TOT Total;H50 H50 Vocational bachelors educations;TOT Age, total;TOT Total;2008 2008;4500
580 Aabenraa;TOT Total;H60 H60 Bachelors programs;TOT Age, total;TOT Total;2008 2008;213
580 Aabenraa;TOT Total;H70 H70 Masters programs;TOT Age, total;TOT Total;2008 2008;1222
580 Aabenraa;TOT Total;H80 H80 PhD programs;TOT Age, total;TOT Total;2008 2008;28
580 Aabenraa;TOT Total;TOT Total;TOT Age, total;TOT Total;2008 2008;42218
607 Fredericia;TOT Total;H40 H40 Short cycle higher education;TOT Age, total;TOT Total;2008 2008;1366
607 Fredericia;TOT Total;H50 H50 Vocational bachelors educations;TOT Age, total;TOT Total;2008 2008;4171
607 Fredericia;TOT Total;H60 H60 Bachelors programs;TOT Age, total;TOT Total;2008 2008;262
607 Fredericia;TOT Total;H70 H70 Masters programs;TOT Age, total;TOT Total;2008 2008;1089
607 Fredericia;TOT Total;H80 H80 PhD programs;TOT Age, total;TOT Total;2008 2008;42
607 Fredericia;TOT Total;TOT Total;TOT Age, total;TOT Total;2008 2008;34879
615 Horsens;TOT Total;H40 H40 Short cycle higher education;TOT Age, total;TOT Total;2008 2008;2649
615 Horsens;TOT Total;H50 H50 Vocational bachelors educations;TOT Age, total;TOT Total;2008 2008;7534
615 Horsens;TOT Total;H60 H60 Bachelors programs;TOT Age, total;TOT Total;2008 2008;373
615 Horsens;TOT Total;H70 H70 Masters programs;TOT Age, total;TOT Total;2008 2008;1986
615 Horsens;TOT Total;H80 H80 PhD programs;TOT Age, total;TOT Total;2008 2008;70
615 Horsens;TOT Total;TOT Total;TOT Age, total;TOT Total;2008 2008;57315
621 Kolding;TOT Total;H40 H40 Short cycle higher education;TOT Age, total;TOT Total;2008 2008;2934
621 Kolding;TOT Total;H50 H50 Vocational bachelors educations;TOT Age, total;TOT Total;2008 2008;7925
621 Kolding;TOT Total;H60 H60 Bachelors programs;TOT Age, total;TOT Total;2008 2008;798
621 Kolding;TOT Total;H70 H70 Masters programs;TOT Age, total;TOT Total;2008 2008;2716
621 Kolding;TOT Total;H80 H80 PhD programs;TOT Age, total;TOT Total;2008 2008;86
621 Kolding;TOT Total;TOT Total;TOT Age, total;TOT Total;2008 2008;62409
630 Vejle;TOT Total;H40 H40 Short cycle higher education;TOT Age, total;TOT Total;2008 2008;3305
630 Vejle;TOT Total;H50 H50 Vocational bachelors educations;TOT Age, total;TOT Total;2008 2008;10743
630 Vejle;TOT Total;H60 H60 Bachelors programs;TOT Age, total;TOT Total;2008 2008;589
630 Vejle;TOT Total;H70 H70 Masters programs;TOT Age, total;TOT Total;2008 2008;3271
630 Vejle;TOT Total;H80 H80 PhD programs;TOT Age, total;TOT Total;2008 2008;77
630 Vejle;TOT Total;TOT Total;TOT Age, total;TOT Total;2008 2008;73522
657 Herning;TOT Total;H40 H40 Short cycle higher education;TOT Age, total;TOT Total;2008 2008;2688
657 Herning;TOT Total;H50 H50 Vocational bachelors educations;TOT Age, total;TOT Total;2008 2008;7042
657 Herning;TOT Total;H60 H60 Bachelors programs;TOT Age, total;TOT Total;2008 2008;546
657 Herning;TOT Total;H70 H70 Masters programs;TOT Age, total;TOT Total;2008 2008;1570
657 Herning;TOT Total;H80 H80 PhD programs;TOT Age, total;TOT Total;2008 2008;34
657 Herning;TOT Total;TOT Total;TOT Age, total;TOT Total;2008 2008;59807
661 Holstebro;TOT Total;H40 H40 Short cycle higher education;TOT Age, total;TOT Total;2008 2008;1482
661 Holstebro;TOT Total;H50 H50 Vocational bachelors educations;TOT Age, total;TOT Total;2008 2008;5446
661 Holstebro;TOT Total;H60 H60 Bachelors programs;TOT Age, total;TOT Total;2008 2008;196
661 Holstebro;TOT Total;H70 H70 Masters programs;TOT Age, total;TOT Total;2008 2008;1334
661 Holstebro;TOT Total;H80 H80 PhD programs;TOT Age, total;TOT Total;2008 2008;32
661 Holstebro;TOT Total;TOT Total;TOT Age, total;TOT Total;2008 2008;40016
665 Lemvig;TOT Total;H40 H40 Short cycle higher education;TOT Age, total;TOT Total;2008 2008;389
665 Lemvig;TOT Total;H50 H50 Vocational bachelors educations;TOT Age, total;TOT Total;2008 2008;1700
665 Lemvig;TOT Total;H60 H60 Bachelors programs;TOT Age, total;TOT Total;2008 2008;51
665 Lemvig;TOT Total;H70 H70 Masters programs;TOT Age, total;TOT Total;2008 2008;396
665 Lemvig;TOT Total;H80 H80 PhD programs;TOT Age, total;TOT Total;2008 2008;20
665 Lemvig;TOT Total;TOT Total;TOT Age, total;TOT Total;2008 2008;15031
671 Struer;TOT Total;H40 H40 Short cycle higher education;TOT Age, total;TOT Total;2008 2008;506
671 Struer;TOT Total;H50 H50 Vocational bachelors educations;TOT Age, total;TOT Total;2008 2008;1952
671 Struer;TOT Total;H60 H60 Bachelors programs;TOT Age, total;TOT Total;2008 2008;71
671 Struer;TOT Total;H70 H70 Masters programs;TOT Age, total;TOT Total;2008 2008;444
671 Struer;TOT Total;H80 H80 PhD programs;TOT Age, total;TOT Total;2008 2008;11
671 Struer;TOT Total;TOT Total;TOT Age, total;TOT Total;2008 2008;15755
706 Syddjurs;TOT Total;H40 H40 Short cycle higher education;TOT Age, total;TOT Total;2008 2008;1135
706 Syddjurs;TOT Total;H50 H50 Vocational bachelors educations;TOT Age, total;TOT Total;2008 2008;3723
706 Syddjurs;TOT Total;H60 H60 Bachelors programs;TOT Age, total;TOT Total;2008 2008;244
706 Syddjurs;TOT Total;H70 H70 Masters programs;TOT Age, total;TOT Total;2008 2008;1284
706 Syddjurs;TOT Total;H80 H80 PhD programs;TOT Age, total;TOT Total;2008 2008;68
706 Syddjurs;TOT Total;TOT Total;TOT Age, total;TOT Total;2008 2008;28627
707 Norddjurs;TOT Total;H40 H40 Short cycle higher education;TOT Age, total;TOT Total;2008 2008;805
707 Norddjurs;TOT Total;H50 H50 Vocational bachelors educations;TOT Age, total;TOT Total;2008 2008;2591
707 Norddjurs;TOT Total;H60 H60 Bachelors programs;TOT Age, total;TOT Total;2008 2008;117
707 Norddjurs;TOT Total;H70 H70 Masters programs;TOT Age, total;TOT Total;2008 2008;544
707 Norddjurs;TOT Total;H80 H80 PhD programs;TOT Age, total;TOT Total;2008 2008;19
707 Norddjurs;TOT Total;TOT Total;TOT Age, total;TOT Total;2008 2008;26882
710 Favrskov;TOT Total;H40 H40 Short cycle higher education;TOT Age, total;TOT Total;2008 2008;1571
710 Favrskov;TOT Total;H50 H50 Vocational bachelors educations;TOT Age, total;TOT Total;2008 2008;4115
710 Favrskov;TOT Total;H60 H60 Bachelors programs;TOT Age, total;TOT Total;2008 2008;295
710 Favrskov;TOT Total;H70 H70 Masters programs;TOT Age, total;TOT Total;2008 2008;1694
710 Favrskov;TOT Total;H80 H80 PhD programs;TOT Age, total;TOT Total;2008 2008;143
710 Favrskov;TOT Total;TOT Total;TOT Age, total;TOT Total;2008 2008;31572
727 Odder;TOT Total;H40 H40 Short cycle higher education;TOT Age, total;TOT Total;2008 2008;687
727 Odder;TOT Total;H50 H50 Vocational bachelors educations;TOT Age, total;TOT Total;2008 2008;2158
727 Odder;TOT Total;H60 H60 Bachelors programs;TOT Age, total;TOT Total;2008 2008;118
727 Odder;TOT Total;H70 H70 Masters programs;TOT Age, total;TOT Total;2008 2008;765
727 Odder;TOT Total;H80 H80 PhD programs;TOT Age, total;TOT Total;2008 2008;40
727 Odder;TOT Total;TOT Total;TOT Age, total;TOT Total;2008 2008;14884
730 Randers;TOT Total;H40 H40 Short cycle higher education;TOT Age, total;TOT Total;2008 2008;3141
730 Randers;TOT Total;H50 H50 Vocational bachelors educations;TOT Age, total;TOT Total;2008 2008;7324
730 Randers;TOT Total;H60 H60 Bachelors programs;TOT Age, total;TOT Total;2008 2008;440
730 Randers;TOT Total;H70 H70 Masters programs;TOT Age, total;TOT Total;2008 2008;2077
730 Randers;TOT Total;H80 H80 PhD programs;TOT Age, total;TOT Total;2008 2008;80
730 Randers;TOT Total;TOT Total;TOT Age, total;TOT Total;2008 2008;66171
740 Silkeborg;TOT Total;H40 H40 Short cycle higher education;TOT Age, total;TOT Total;2008 2008;2883
740 Silkeborg;TOT Total;H50 H50 Vocational bachelors educations;TOT Age, total;TOT Total;2008 2008;9002
740 Silkeborg;TOT Total;H60 H60 Bachelors programs;TOT Age, total;TOT Total;2008 2008;499
740 Silkeborg;TOT Total;H70 H70 Masters programs;TOT Age, total;TOT Total;2008 2008;2781
740 Silkeborg;TOT Total;H80 H80 PhD programs;TOT Age, total;TOT Total;2008 2008;118
740 Silkeborg;TOT Total;TOT Total;TOT Age, total;TOT Total;2008 2008;61128
741 Samsø;TOT Total;H40 H40 Short cycle higher education;TOT Age, total;TOT Total;2008 2008;71
741 Samsø;TOT Total;H50 H50 Vocational bachelors educations;TOT Age, total;TOT Total;2008 2008;341
741 Samsø;TOT Total;H60 H60 Bachelors programs;TOT Age, total;TOT Total;2008 2008;27
741 Samsø;TOT Total;H70 H70 Masters programs;TOT Age, total;TOT Total;2008 2008;106
741 Samsø;TOT Total;H80 H80 PhD programs;TOT Age, total;TOT Total;2008 2008;2
741 Samsø;TOT Total;TOT Total;TOT Age, total;TOT Total;2008 2008;2702
746 Skanderborg;TOT Total;H40 H40 Short cycle higher education;TOT Age, total;TOT Total;2008 2008;2112
746 Skanderborg;TOT Total;H50 H50 Vocational bachelors educations;TOT Age, total;TOT Total;2008 2008;5925
746 Skanderborg;TOT Total;H60 H60 Bachelors programs;TOT Age, total;TOT Total;2008 2008;401
746 Skanderborg;TOT Total;H70 H70 Masters programs;TOT Age, total;TOT Total;2008 2008;2653
746 Skanderborg;TOT Total;H80 H80 PhD programs;TOT Age, total;TOT Total;2008 2008;190
746 Skanderborg;TOT Total;TOT Total;TOT Age, total;TOT Total;2008 2008;39066
751 Aarhus;TOT Total;H40 H40 Short cycle higher education;TOT Age, total;TOT Total;2008 2008;9574
751 Aarhus;TOT Total;H50 H50 Vocational bachelors educations;TOT Age, total;TOT Total;2008 2008;32232
751 Aarhus;TOT Total;H60 H60 Bachelors programs;TOT Age, total;TOT Total;2008 2008;9375
751 Aarhus;TOT Total;H70 H70 Masters programs;TOT Age, total;TOT Total;2008 2008;22345
751 Aarhus;TOT Total;H80 H80 PhD programs;TOT Age, total;TOT Total;2008 2008;1804
751 Aarhus;TOT Total;TOT Total;TOT Age, total;TOT Total;2008 2008;225032
756 Ikast-Brande;TOT Total;H40 H40 Short cycle higher education;TOT Age, total;TOT Total;2008 2008;1127
756 Ikast-Brande;TOT Total;H50 H50 Vocational bachelors educations;TOT Age, total;TOT Total;2008 2008;2546
756 Ikast-Brande;TOT Total;H60 H60 Bachelors programs;TOT Age, total;TOT Total;2008 2008;164
756 Ikast-Brande;TOT Total;H70 H70 Masters programs;TOT Age, total;TOT Total;2008 2008;596
756 Ikast-Brande;TOT Total;H80 H80 PhD programs;TOT Age, total;TOT Total;2008 2008;23
756 Ikast-Brande;TOT Total;TOT Total;TOT Age, total;TOT Total;2008 2008;27913
760 Ringkøbing-Skjern;TOT Total;H40 H40 Short cycle higher education;TOT Age, total;TOT Total;2008 2008;1341
760 Ringkøbing-Skjern;TOT Total;H50 H50 Vocational bachelors educations;TOT Age, total;TOT Total;2008 2008;4210
760 Ringkøbing-Skjern;TOT Total;H60 H60 Bachelors programs;TOT Age, total;TOT Total;2008 2008;170
760 Ringkøbing-Skjern;TOT Total;H70 H70 Masters programs;TOT Age, total;TOT Total;2008 2008;1043
760 Ringkøbing-Skjern;TOT Total;H80 H80 PhD programs;TOT Age, total;TOT Total;2008 2008;20
760 Ringkøbing-Skjern;TOT Total;TOT Total;TOT Age, total;TOT Total;2008 2008;40193
766 Hedensted;TOT Total;H40 H40 Short cycle higher education;TOT Age, total;TOT Total;2008 2008;1470
766 Hedensted;TOT Total;H50 H50 Vocational bachelors educations;TOT Age, total;TOT Total;2008 2008;3475
766 Hedensted;TOT Total;H60 H60 Bachelors programs;TOT Age, total;TOT Total;2008 2008;127
766 Hedensted;TOT Total;H70 H70 Masters programs;TOT Age, total;TOT Total;2008 2008;684
766 Hedensted;TOT Total;H80 H80 PhD programs;TOT Age, total;TOT Total;2008 2008;21
766 Hedensted;TOT Total;TOT Total;TOT Age, total;TOT Total;2008 2008;31376
773 Morsø;TOT Total;H40 H40 Short cycle higher education;TOT Age, total;TOT Total;2008 2008;408
773 Morsø;TOT Total;H50 H50 Vocational bachelors educations;TOT Age, total;TOT Total;2008 2008;1429
773 Morsø;TOT Total;H60 H60 Bachelors programs;TOT Age, total;TOT Total;2008 2008;49
773 Morsø;TOT Total;H70 H70 Masters programs;TOT Age, total;TOT Total;2008 2008;315
773 Morsø;TOT Total;H80 H80 PhD programs;TOT Age, total;TOT Total;2008 2008;6
773 Morsø;TOT Total;TOT Total;TOT Age, total;TOT Total;2008 2008;15134
779 Skive;TOT Total;H40 H40 Short cycle higher education;TOT Age, total;TOT Total;2008 2008;1264
779 Skive;TOT Total;H50 H50 Vocational bachelors educations;TOT Age, total;TOT Total;2008 2008;3933
779 Skive;TOT Total;H60 H60 Bachelors programs;TOT Age, total;TOT Total;2008 2008;100
779 Skive;TOT Total;H70 H70 Masters programs;TOT Age, total;TOT Total;2008 2008;861
779 Skive;TOT Total;H80 H80 PhD programs;TOT Age, total;TOT Total;2008 2008;19
779 Skive;TOT Total;TOT Total;TOT Age, total;TOT Total;2008 2008;33471
787 Thisted;TOT Total;H40 H40 Short cycle higher education;TOT Age, total;TOT Total;2008 2008;960
787 Thisted;TOT Total;H50 H50 Vocational bachelors educations;TOT Age, total;TOT Total;2008 2008;3191
787 Thisted;TOT Total;H60 H60 Bachelors programs;TOT Age, total;TOT Total;2008 2008;107
787 Thisted;TOT Total;H70 H70 Masters programs;TOT Age, total;TOT Total;2008 2008;783
787 Thisted;TOT Total;H80 H80 PhD programs;TOT Age, total;TOT Total;2008 2008;16
787 Thisted;TOT Total;TOT Total;TOT Age, total;TOT Total;2008 2008;31633
791 Viborg;TOT Total;H40 H40 Short cycle higher education;TOT Age, total;TOT Total;2008 2008;2706
791 Viborg;TOT Total;H50 H50 Vocational bachelors educations;TOT Age, total;TOT Total;2008 2008;8502
791 Viborg;TOT Total;H60 H60 Bachelors programs;TOT Age, total;TOT Total;2008 2008;344
791 Viborg;TOT Total;H70 H70 Masters programs;TOT Age, total;TOT Total;2008 2008;2913
791 Viborg;TOT Total;H80 H80 PhD programs;TOT Age, total;TOT Total;2008 2008;196
791 Viborg;TOT Total;TOT Total;TOT Age, total;TOT Total;2008 2008;64557
810 Brønderslev;TOT Total;H40 H40 Short cycle higher education;TOT Age, total;TOT Total;2008 2008;853
810 Brønderslev;TOT Total;H50 H50 Vocational bachelors educations;TOT Age, total;TOT Total;2008 2008;3024
810 Brønderslev;TOT Total;H60 H60 Bachelors programs;TOT Age, total;TOT Total;2008 2008;127
810 Brønderslev;TOT Total;H70 H70 Masters programs;TOT Age, total;TOT Total;2008 2008;704
810 Brønderslev;TOT Total;H80 H80 PhD programs;TOT Age, total;TOT Total;2008 2008;34
810 Brønderslev;TOT Total;TOT Total;TOT Age, total;TOT Total;2008 2008;24368
813 Frederikshavn;TOT Total;H40 H40 Short cycle higher education;TOT Age, total;TOT Total;2008 2008;1576
813 Frederikshavn;TOT Total;H50 H50 Vocational bachelors educations;TOT Age, total;TOT Total;2008 2008;4517
813 Frederikshavn;TOT Total;H60 H60 Bachelors programs;TOT Age, total;TOT Total;2008 2008;146
813 Frederikshavn;TOT Total;H70 H70 Masters programs;TOT Age, total;TOT Total;2008 2008;968
813 Frederikshavn;TOT Total;H80 H80 PhD programs;TOT Age, total;TOT Total;2008 2008;19
813 Frederikshavn;TOT Total;TOT Total;TOT Age, total;TOT Total;2008 2008;43931
820 Vesthimmerlands;TOT Total;H40 H40 Short cycle higher education;TOT Age, total;TOT Total;2008 2008;833
820 Vesthimmerlands;TOT Total;H50 H50 Vocational bachelors educations;TOT Age, total;TOT Total;2008 2008;2782
820 Vesthimmerlands;TOT Total;H60 H60 Bachelors programs;TOT Age, total;TOT Total;2008 2008;88
820 Vesthimmerlands;TOT Total;H70 H70 Masters programs;TOT Age, total;TOT Total;2008 2008;550
820 Vesthimmerlands;TOT Total;H80 H80 PhD programs;TOT Age, total;TOT Total;2008 2008;15
820 Vesthimmerlands;TOT Total;TOT Total;TOT Age, total;TOT Total;2008 2008;26522
825 Læsø;TOT Total;H40 H40 Short cycle higher education;TOT Age, total;TOT Total;2008 2008;30
825 Læsø;TOT Total;H50 H50 Vocational bachelors educations;TOT Age, total;TOT Total;2008 2008;139
825 Læsø;TOT Total;H60 H60 Bachelors programs;TOT Age, total;TOT Total;2008 2008;7
825 Læsø;TOT Total;H70 H70 Masters programs;TOT Age, total;TOT Total;2008 2008;29
825 Læsø;TOT Total;TOT Total;TOT Age, total;TOT Total;2008 2008;1334
840 Rebild;TOT Total;H40 H40 Short cycle higher education;TOT Age, total;TOT Total;2008 2008;767
840 Rebild;TOT Total;H50 H50 Vocational bachelors educations;TOT Age, total;TOT Total;2008 2008;2527
840 Rebild;TOT Total;H60 H60 Bachelors programs;TOT Age, total;TOT Total;2008 2008;151
840 Rebild;TOT Total;H70 H70 Masters programs;TOT Age, total;TOT Total;2008 2008;1045
840 Rebild;TOT Total;H80 H80 PhD programs;TOT Age, total;TOT Total;2008 2008;73
840 Rebild;TOT Total;TOT Total;TOT Age, total;TOT Total;2008 2008;19771
846 Mariagerfjord;TOT Total;H40 H40 Short cycle higher education;TOT Age, total;TOT Total;2008 2008;1127
846 Mariagerfjord;TOT Total;H50 H50 Vocational bachelors educations;TOT Age, total;TOT Total;2008 2008;3358
846 Mariagerfjord;TOT Total;H60 H60 Bachelors programs;TOT Age, total;TOT Total;2008 2008;139
846 Mariagerfjord;TOT Total;H70 H70 Masters programs;TOT Age, total;TOT Total;2008 2008;883
846 Mariagerfjord;TOT Total;H80 H80 PhD programs;TOT Age, total;TOT Total;2008 2008;45
846 Mariagerfjord;TOT Total;TOT Total;TOT Age, total;TOT Total;2008 2008;29726
849 Jammerbugt;TOT Total;H40 H40 Short cycle higher education;TOT Age, total;TOT Total;2008 2008;877
849 Jammerbugt;TOT Total;H50 H50 Vocational bachelors educations;TOT Age, total;TOT Total;2008 2008;2878
849 Jammerbugt;TOT Total;H60 H60 Bachelors programs;TOT Age, total;TOT Total;2008 2008;150
849 Jammerbugt;TOT Total;H70 H70 Masters programs;TOT Age, total;TOT Total;2008 2008;661
849 Jammerbugt;TOT Total;H80 H80 PhD programs;TOT Age, total;TOT Total;2008 2008;21
849 Jammerbugt;TOT Total;TOT Total;TOT Age, total;TOT Total;2008 2008;27088
851 Aalborg;TOT Total;H40 H40 Short cycle higher education;TOT Age, total;TOT Total;2008 2008;5691
851 Aalborg;TOT Total;H50 H50 Vocational bachelors educations;TOT Age, total;TOT Total;2008 2008;18550
851 Aalborg;TOT Total;H60 H60 Bachelors programs;TOT Age, total;TOT Total;2008 2008;3497
851 Aalborg;TOT Total;H70 H70 Masters programs;TOT Age, total;TOT Total;2008 2008;9481
851 Aalborg;TOT Total;H80 H80 PhD programs;TOT Age, total;TOT Total;2008 2008;528
851 Aalborg;TOT Total;TOT Total;TOT Age, total;TOT Total;2008 2008;142461
860 Hjørring;TOT Total;H40 H40 Short cycle higher education;TOT Age, total;TOT Total;2008 2008;1522
860 Hjørring;TOT Total;H50 H50 Vocational bachelors educations;TOT Age, total;TOT Total;2008 2008;5792
860 Hjørring;TOT Total;H60 H60 Bachelors programs;TOT Age, total;TOT Total;2008 2008;224
860 Hjørring;TOT Total;H70 H70 Masters programs;TOT Age, total;TOT Total;2008 2008;1244
860 Hjørring;TOT Total;H80 H80 PhD programs;TOT Age, total;TOT Total;2008 2008;38
860 Hjørring;TOT Total;TOT Total;TOT Age, total;TOT Total;2008 2008;46548
000 All Denmark;TOT Total;H40 H40 Short cycle higher education;TOT Age, total;TOT Total;2009 2009;163645
000 All Denmark;TOT Total;H50 H50 Vocational bachelors educations;TOT Age, total;TOT Total;2009 2009;506967
000 All Denmark;TOT Total;H60 H60 Bachelors programs;TOT Age, total;TOT Total;2009 2009;71313
000 All Denmark;TOT Total;H70 H70 Masters programs;TOT Age, total;TOT Total;2009 2009;256039
000 All Denmark;TOT Total;H80 H80 PhD programs;TOT Age, total;TOT Total;2009 2009;16903
000 All Denmark;TOT Total;TOT Total;TOT Age, total;TOT Total;2009 2009;3926254
101 Copenhagen;TOT Total;H40 H40 Short cycle higher education;TOT Age, total;TOT Total;2009 2009;16111
101 Copenhagen;TOT Total;H50 H50 Vocational bachelors educations;TOT Age, total;TOT Total;2009 2009;52044
101 Copenhagen;TOT Total;H60 H60 Bachelors programs;TOT Age, total;TOT Total;2009 2009;24696
101 Copenhagen;TOT Total;H70 H70 Masters programs;TOT Age, total;TOT Total;2009 2009;56031
101 Copenhagen;TOT Total;H80 H80 PhD programs;TOT Age, total;TOT Total;2009 2009;3573
101 Copenhagen;TOT Total;TOT Total;TOT Age, total;TOT Total;2009 2009;410281
147 Frederiksberg;TOT Total;H40 H40 Short cycle higher education;TOT Age, total;TOT Total;2009 2009;3047
147 Frederiksberg;TOT Total;H50 H50 Vocational bachelors educations;TOT Age, total;TOT Total;2009 2009;10494
147 Frederiksberg;TOT Total;H60 H60 Bachelors programs;TOT Age, total;TOT Total;2009 2009;4330
147 Frederiksberg;TOT Total;H70 H70 Masters programs;TOT Age, total;TOT Total;2009 2009;13665
147 Frederiksberg;TOT Total;H80 H80 PhD programs;TOT Age, total;TOT Total;2009 2009;909
147 Frederiksberg;TOT Total;TOT Total;TOT Age, total;TOT Total;2009 2009;71635
151 Ballerup;TOT Total;H40 H40 Short cycle higher education;TOT Age, total;TOT Total;2009 2009;1353
151 Ballerup;TOT Total;H50 H50 Vocational bachelors educations;TOT Age, total;TOT Total;2009 2009;4050
151 Ballerup;TOT Total;H60 H60 Bachelors programs;TOT Age, total;TOT Total;2009 2009;304
151 Ballerup;TOT Total;H70 H70 Masters programs;TOT Age, total;TOT Total;2009 2009;1929
151 Ballerup;TOT Total;H80 H80 PhD programs;TOT Age, total;TOT Total;2009 2009;205
151 Ballerup;TOT Total;TOT Total;TOT Age, total;TOT Total;2009 2009;32954
153 Brøndby;TOT Total;H40 H40 Short cycle higher education;TOT Age, total;TOT Total;2009 2009;939
153 Brøndby;TOT Total;H50 H50 Vocational bachelors educations;TOT Age, total;TOT Total;2009 2009;2125
153 Brøndby;TOT Total;H60 H60 Bachelors programs;TOT Age, total;TOT Total;2009 2009;200
153 Brøndby;TOT Total;H70 H70 Masters programs;TOT Age, total;TOT Total;2009 2009;870
153 Brøndby;TOT Total;H80 H80 PhD programs;TOT Age, total;TOT Total;2009 2009;41
153 Brøndby;TOT Total;TOT Total;TOT Age, total;TOT Total;2009 2009;23661
155 Dragør;TOT Total;H40 H40 Short cycle higher education;TOT Age, total;TOT Total;2009 2009;471
155 Dragør;TOT Total;H50 H50 Vocational bachelors educations;TOT Age, total;TOT Total;2009 2009;1303
155 Dragør;TOT Total;H60 H60 Bachelors programs;TOT Age, total;TOT Total;2009 2009;127
155 Dragør;TOT Total;H70 H70 Masters programs;TOT Age, total;TOT Total;2009 2009;825
155 Dragør;TOT Total;H80 H80 PhD programs;TOT Age, total;TOT Total;2009 2009;48
155 Dragør;TOT Total;TOT Total;TOT Age, total;TOT Total;2009 2009;9172
157 Gentofte;TOT Total;H40 H40 Short cycle higher education;TOT Age, total;TOT Total;2009 2009;2111
157 Gentofte;TOT Total;H50 H50 Vocational bachelors educations;TOT Age, total;TOT Total;2009 2009;7953
157 Gentofte;TOT Total;H60 H60 Bachelors programs;TOT Age, total;TOT Total;2009 2009;1487
157 Gentofte;TOT Total;H70 H70 Masters programs;TOT Age, total;TOT Total;2009 2009;10666
157 Gentofte;TOT Total;H80 H80 PhD programs;TOT Age, total;TOT Total;2009 2009;803
157 Gentofte;TOT Total;TOT Total;TOT Age, total;TOT Total;2009 2009;48359
159 Gladsaxe;TOT Total;H40 H40 Short cycle higher education;TOT Age, total;TOT Total;2009 2009;1953
159 Gladsaxe;TOT Total;H50 H50 Vocational bachelors educations;TOT Age, total;TOT Total;2009 2009;6350
159 Gladsaxe;TOT Total;H60 H60 Bachelors programs;TOT Age, total;TOT Total;2009 2009;853
159 Gladsaxe;TOT Total;H70 H70 Masters programs;TOT Age, total;TOT Total;2009 2009;4574
159 Gladsaxe;TOT Total;H80 H80 PhD programs;TOT Age, total;TOT Total;2009 2009;494
159 Gladsaxe;TOT Total;TOT Total;TOT Age, total;TOT Total;2009 2009;44352
161 Glostrup;TOT Total;H40 H40 Short cycle higher education;TOT Age, total;TOT Total;2009 2009;676
161 Glostrup;TOT Total;H50 H50 Vocational bachelors educations;TOT Age, total;TOT Total;2009 2009;1642
161 Glostrup;TOT Total;H60 H60 Bachelors programs;TOT Age, total;TOT Total;2009 2009;166
161 Glostrup;TOT Total;H70 H70 Masters programs;TOT Age, total;TOT Total;2009 2009;650
161 Glostrup;TOT Total;H80 H80 PhD programs;TOT Age, total;TOT Total;2009 2009;33
161 Glostrup;TOT Total;TOT Total;TOT Age, total;TOT Total;2009 2009;14943
163 Herlev;TOT Total;H40 H40 Short cycle higher education;TOT Age, total;TOT Total;2009 2009;754
163 Herlev;TOT Total;H50 H50 Vocational bachelors educations;TOT Age, total;TOT Total;2009 2009;2347
163 Herlev;TOT Total;H60 H60 Bachelors programs;TOT Age, total;TOT Total;2009 2009;186
163 Herlev;TOT Total;H70 H70 Masters programs;TOT Age, total;TOT Total;2009 2009;1048
163 Herlev;TOT Total;H80 H80 PhD programs;TOT Age, total;TOT Total;2009 2009;81
163 Herlev;TOT Total;TOT Total;TOT Age, total;TOT Total;2009 2009;18369
165 Albertslund;TOT Total;H40 H40 Short cycle higher education;TOT Age, total;TOT Total;2009 2009;792
165 Albertslund;TOT Total;H50 H50 Vocational bachelors educations;TOT Age, total;TOT Total;2009 2009;2650
165 Albertslund;TOT Total;H60 H60 Bachelors programs;TOT Age, total;TOT Total;2009 2009;258
165 Albertslund;TOT Total;H70 H70 Masters programs;TOT Age, total;TOT Total;2009 2009;1047
165 Albertslund;TOT Total;H80 H80 PhD programs;TOT Age, total;TOT Total;2009 2009;56
165 Albertslund;TOT Total;TOT Total;TOT Age, total;TOT Total;2009 2009;20273
167 Hvidovre;TOT Total;H40 H40 Short cycle higher education;TOT Age, total;TOT Total;2009 2009;1473
167 Hvidovre;TOT Total;H50 H50 Vocational bachelors educations;TOT Age, total;TOT Total;2009 2009;3632
167 Hvidovre;TOT Total;H60 H60 Bachelors programs;TOT Age, total;TOT Total;2009 2009;436
167 Hvidovre;TOT Total;H70 H70 Masters programs;TOT Age, total;TOT Total;2009 2009;1605
167 Hvidovre;TOT Total;H80 H80 PhD programs;TOT Age, total;TOT Total;2009 2009;107
167 Hvidovre;TOT Total;TOT Total;TOT Age, total;TOT Total;2009 2009;34717
169 Høje-Taastrup;TOT Total;H40 H40 Short cycle higher education;TOT Age, total;TOT Total;2009 2009;1546
169 Høje-Taastrup;TOT Total;H50 H50 Vocational bachelors educations;TOT Age, total;TOT Total;2009 2009;3340
169 Høje-Taastrup;TOT Total;H60 H60 Bachelors programs;TOT Age, total;TOT Total;2009 2009;319
169 Høje-Taastrup;TOT Total;H70 H70 Masters programs;TOT Age, total;TOT Total;2009 2009;1502
169 Høje-Taastrup;TOT Total;H80 H80 PhD programs;TOT Age, total;TOT Total;2009 2009;114
169 Høje-Taastrup;TOT Total;TOT Total;TOT Age, total;TOT Total;2009 2009;34149
173 Lyngby-Taarbæk;TOT Total;H40 H40 Short cycle higher education;TOT Age, total;TOT Total;2009 2009;1492
173 Lyngby-Taarbæk;TOT Total;H50 H50 Vocational bachelors educations;TOT Age, total;TOT Total;2009 2009;5765
173 Lyngby-Taarbæk;TOT Total;H60 H60 Bachelors programs;TOT Age, total;TOT Total;2009 2009;1135
173 Lyngby-Taarbæk;TOT Total;H70 H70 Masters programs;TOT Age, total;TOT Total;2009 2009;6472
173 Lyngby-Taarbæk;TOT Total;H80 H80 PhD programs;TOT Age, total;TOT Total;2009 2009;636
173 Lyngby-Taarbæk;TOT Total;TOT Total;TOT Age, total;TOT Total;2009 2009;35381
175 Rødovre;TOT Total;H40 H40 Short cycle higher education;TOT Age, total;TOT Total;2009 2009;1004
175 Rødovre;TOT Total;H50 H50 Vocational bachelors educations;TOT Age, total;TOT Total;2009 2009;2874
175 Rødovre;TOT Total;H60 H60 Bachelors programs;TOT Age, total;TOT Total;2009 2009;318
175 Rødovre;TOT Total;H70 H70 Masters programs;TOT Age, total;TOT Total;2009 2009;1361
175 Rødovre;TOT Total;H80 H80 PhD programs;TOT Age, total;TOT Total;2009 2009;119
175 Rødovre;TOT Total;TOT Total;TOT Age, total;TOT Total;2009 2009;24884
183 Ishøj;TOT Total;H40 H40 Short cycle higher education;TOT Age, total;TOT Total;2009 2009;542
183 Ishøj;TOT Total;H50 H50 Vocational bachelors educations;TOT Age, total;TOT Total;2009 2009;1150
183 Ishøj;TOT Total;H60 H60 Bachelors programs;TOT Age, total;TOT Total;2009 2009;109
183 Ishøj;TOT Total;H70 H70 Masters programs;TOT Age, total;TOT Total;2009 2009;465
183 Ishøj;TOT Total;H80 H80 PhD programs;TOT Age, total;TOT Total;2009 2009;26
183 Ishøj;TOT Total;TOT Total;TOT Age, total;TOT Total;2009 2009;15188
185 Tårnby;TOT Total;H40 H40 Short cycle higher education;TOT Age, total;TOT Total;2009 2009;1199
185 Tårnby;TOT Total;H50 H50 Vocational bachelors educations;TOT Age, total;TOT Total;2009 2009;2525
185 Tårnby;TOT Total;H60 H60 Bachelors programs;TOT Age, total;TOT Total;2009 2009;270
185 Tårnby;TOT Total;H70 H70 Masters programs;TOT Age, total;TOT Total;2009 2009;1038
185 Tårnby;TOT Total;H80 H80 PhD programs;TOT Age, total;TOT Total;2009 2009;55
185 Tårnby;TOT Total;TOT Total;TOT Age, total;TOT Total;2009 2009;28146
187 Vallensbæk;TOT Total;H40 H40 Short cycle higher education;TOT Age, total;TOT Total;2009 2009;546
187 Vallensbæk;TOT Total;H50 H50 Vocational bachelors educations;TOT Age, total;TOT Total;2009 2009;1228
187 Vallensbæk;TOT Total;H60 H60 Bachelors programs;TOT Age, total;TOT Total;2009 2009;119
187 Vallensbæk;TOT Total;H70 H70 Masters programs;TOT Age, total;TOT Total;2009 2009;572
187 Vallensbæk;TOT Total;H80 H80 PhD programs;TOT Age, total;TOT Total;2009 2009;29
187 Vallensbæk;TOT Total;TOT Total;TOT Age, total;TOT Total;2009 2009;9878
190 Furesø;TOT Total;H40 H40 Short cycle higher education;TOT Age, total;TOT Total;2009 2009;1176
190 Furesø;TOT Total;H50 H50 Vocational bachelors educations;TOT Age, total;TOT Total;2009 2009;4706
190 Furesø;TOT Total;H60 H60 Bachelors programs;TOT Age, total;TOT Total;2009 2009;378
190 Furesø;TOT Total;H70 H70 Masters programs;TOT Age, total;TOT Total;2009 2009;3790
190 Furesø;TOT Total;H80 H80 PhD programs;TOT Age, total;TOT Total;2009 2009;417
190 Furesø;TOT Total;TOT Total;TOT Age, total;TOT Total;2009 2009;25648
201 Allerød;TOT Total;H40 H40 Short cycle higher education;TOT Age, total;TOT Total;2009 2009;912
201 Allerød;TOT Total;H50 H50 Vocational bachelors educations;TOT Age, total;TOT Total;2009 2009;2867
201 Allerød;TOT Total;H60 H60 Bachelors programs;TOT Age, total;TOT Total;2009 2009;229
201 Allerød;TOT Total;H70 H70 Masters programs;TOT Age, total;TOT Total;2009 2009;2137
201 Allerød;TOT Total;H80 H80 PhD programs;TOT Age, total;TOT Total;2009 2009;241
201 Allerød;TOT Total;TOT Total;TOT Age, total;TOT Total;2009 2009;16311
210 Fredensborg;TOT Total;H40 H40 Short cycle higher education;TOT Age, total;TOT Total;2009 2009;1270
210 Fredensborg;TOT Total;H50 H50 Vocational bachelors educations;TOT Age, total;TOT Total;2009 2009;4328
210 Fredensborg;TOT Total;H60 H60 Bachelors programs;TOT Age, total;TOT Total;2009 2009;419
210 Fredensborg;TOT Total;H70 H70 Masters programs;TOT Age, total;TOT Total;2009 2009;2846
210 Fredensborg;TOT Total;H80 H80 PhD programs;TOT Age, total;TOT Total;2009 2009;235
210 Fredensborg;TOT Total;TOT Total;TOT Age, total;TOT Total;2009 2009;27422
217 Helsingør;TOT Total;H40 H40 Short cycle higher education;TOT Age, total;TOT Total;2009 2009;1857
217 Helsingør;TOT Total;H50 H50 Vocational bachelors educations;TOT Age, total;TOT Total;2009 2009;6273
217 Helsingør;TOT Total;H60 H60 Bachelors programs;TOT Age, total;TOT Total;2009 2009;516
217 Helsingør;TOT Total;H70 H70 Masters programs;TOT Age, total;TOT Total;2009 2009;2915
217 Helsingør;TOT Total;H80 H80 PhD programs;TOT Age, total;TOT Total;2009 2009;172
217 Helsingør;TOT Total;TOT Total;TOT Age, total;TOT Total;2009 2009;42395
219 Hillerød;TOT Total;H40 H40 Short cycle higher education;TOT Age, total;TOT Total;2009 2009;1692
219 Hillerød;TOT Total;H50 H50 Vocational bachelors educations;TOT Age, total;TOT Total;2009 2009;5432
219 Hillerød;TOT Total;H60 H60 Bachelors programs;TOT Age, total;TOT Total;2009 2009;363
219 Hillerød;TOT Total;H70 H70 Masters programs;TOT Age, total;TOT Total;2009 2009;2951
219 Hillerød;TOT Total;H80 H80 PhD programs;TOT Age, total;TOT Total;2009 2009;253
219 Hillerød;TOT Total;TOT Total;TOT Age, total;TOT Total;2009 2009;32500
223 Hørsholm;TOT Total;H40 H40 Short cycle higher education;TOT Age, total;TOT Total;2009 2009;811
223 Hørsholm;TOT Total;H50 H50 Vocational bachelors educations;TOT Age, total;TOT Total;2009 2009;2676
223 Hørsholm;TOT Total;H60 H60 Bachelors programs;TOT Age, total;TOT Total;2009 2009;337
223 Hørsholm;TOT Total;H70 H70 Masters programs;TOT Age, total;TOT Total;2009 2009;2818
223 Hørsholm;TOT Total;H80 H80 PhD programs;TOT Age, total;TOT Total;2009 2009;194
223 Hørsholm;TOT Total;TOT Total;TOT Age, total;TOT Total;2009 2009;16051
230 Rudersdal;TOT Total;H40 H40 Short cycle higher education;TOT Age, total;TOT Total;2009 2009;1536
230 Rudersdal;TOT Total;H50 H50 Vocational bachelors educations;TOT Age, total;TOT Total;2009 2009;6011
230 Rudersdal;TOT Total;H60 H60 Bachelors programs;TOT Age, total;TOT Total;2009 2009;989
230 Rudersdal;TOT Total;H70 H70 Masters programs;TOT Age, total;TOT Total;2009 2009;7145
230 Rudersdal;TOT Total;H80 H80 PhD programs;TOT Age, total;TOT Total;2009 2009;653
230 Rudersdal;TOT Total;TOT Total;TOT Age, total;TOT Total;2009 2009;35740
240 Egedal;TOT Total;H40 H40 Short cycle higher education;TOT Age, total;TOT Total;2009 2009;1722
240 Egedal;TOT Total;H50 H50 Vocational bachelors educations;TOT Age, total;TOT Total;2009 2009;4057
240 Egedal;TOT Total;H60 H60 Bachelors programs;TOT Age, total;TOT Total;2009 2009;271
240 Egedal;TOT Total;H70 H70 Masters programs;TOT Age, total;TOT Total;2009 2009;1895
240 Egedal;TOT Total;H80 H80 PhD programs;TOT Age, total;TOT Total;2009 2009;183
240 Egedal;TOT Total;TOT Total;TOT Age, total;TOT Total;2009 2009;28937
250 Frederikssund;TOT Total;H40 H40 Short cycle higher education;TOT Age, total;TOT Total;2009 2009;1430
250 Frederikssund;TOT Total;H50 H50 Vocational bachelors educations;TOT Age, total;TOT Total;2009 2009;4228
250 Frederikssund;TOT Total;H60 H60 Bachelors programs;TOT Age, total;TOT Total;2009 2009;237
250 Frederikssund;TOT Total;H70 H70 Masters programs;TOT Age, total;TOT Total;2009 2009;1320
250 Frederikssund;TOT Total;H80 H80 PhD programs;TOT Age, total;TOT Total;2009 2009;107
250 Frederikssund;TOT Total;TOT Total;TOT Age, total;TOT Total;2009 2009;30850
253 Greve;TOT Total;H40 H40 Short cycle higher education;TOT Age, total;TOT Total;2009 2009;1707
253 Greve;TOT Total;H50 H50 Vocational bachelors educations;TOT Age, total;TOT Total;2009 2009;3728
253 Greve;TOT Total;H60 H60 Bachelors programs;TOT Age, total;TOT Total;2009 2009;301
253 Greve;TOT Total;H70 H70 Masters programs;TOT Age, total;TOT Total;2009 2009;1608
253 Greve;TOT Total;H80 H80 PhD programs;TOT Age, total;TOT Total;2009 2009;80
253 Greve;TOT Total;TOT Total;TOT Age, total;TOT Total;2009 2009;34067
259 Køge;TOT Total;H40 H40 Short cycle higher education;TOT Age, total;TOT Total;2009 2009;1849
259 Køge;TOT Total;H50 H50 Vocational bachelors educations;TOT Age, total;TOT Total;2009 2009;4424
259 Køge;TOT Total;H60 H60 Bachelors programs;TOT Age, total;TOT Total;2009 2009;310
259 Køge;TOT Total;H70 H70 Masters programs;TOT Age, total;TOT Total;2009 2009;1593
259 Køge;TOT Total;H80 H80 PhD programs;TOT Age, total;TOT Total;2009 2009;95
259 Køge;TOT Total;TOT Total;TOT Age, total;TOT Total;2009 2009;39954
260 Halsnæs;TOT Total;H40 H40 Short cycle higher education;TOT Age, total;TOT Total;2009 2009;835
260 Halsnæs;TOT Total;H50 H50 Vocational bachelors educations;TOT Age, total;TOT Total;2009 2009;2680
260 Halsnæs;TOT Total;H60 H60 Bachelors programs;TOT Age, total;TOT Total;2009 2009;130
260 Halsnæs;TOT Total;H70 H70 Masters programs;TOT Age, total;TOT Total;2009 2009;688
260 Halsnæs;TOT Total;H80 H80 PhD programs;TOT Age, total;TOT Total;2009 2009;41
260 Halsnæs;TOT Total;TOT Total;TOT Age, total;TOT Total;2009 2009;21867
265 Roskilde;TOT Total;H40 H40 Short cycle higher education;TOT Age, total;TOT Total;2009 2009;2967
265 Roskilde;TOT Total;H50 H50 Vocational bachelors educations;TOT Age, total;TOT Total;2009 2009;8610
265 Roskilde;TOT Total;H60 H60 Bachelors programs;TOT Age, total;TOT Total;2009 2009;864
265 Roskilde;TOT Total;H70 H70 Masters programs;TOT Age, total;TOT Total;2009 2009;5046
265 Roskilde;TOT Total;H80 H80 PhD programs;TOT Age, total;TOT Total;2009 2009;470
265 Roskilde;TOT Total;TOT Total;TOT Age, total;TOT Total;2009 2009;57803
269 Solrød;TOT Total;H40 H40 Short cycle higher education;TOT Age, total;TOT Total;2009 2009;848
269 Solrød;TOT Total;H50 H50 Vocational bachelors educations;TOT Age, total;TOT Total;2009 2009;1824
269 Solrød;TOT Total;H60 H60 Bachelors programs;TOT Age, total;TOT Total;2009 2009;135
269 Solrød;TOT Total;H70 H70 Masters programs;TOT Age, total;TOT Total;2009 2009;800
269 Solrød;TOT Total;H80 H80 PhD programs;TOT Age, total;TOT Total;2009 2009;35
269 Solrød;TOT Total;TOT Total;TOT Age, total;TOT Total;2009 2009;14715
270 Gribskov;TOT Total;H40 H40 Short cycle higher education;TOT Age, total;TOT Total;2009 2009;1172
270 Gribskov;TOT Total;H50 H50 Vocational bachelors educations;TOT Age, total;TOT Total;2009 2009;3933
270 Gribskov;TOT Total;H60 H60 Bachelors programs;TOT Age, total;TOT Total;2009 2009;250
270 Gribskov;TOT Total;H70 H70 Masters programs;TOT Age, total;TOT Total;2009 2009;1366
270 Gribskov;TOT Total;H80 H80 PhD programs;TOT Age, total;TOT Total;2009 2009;81
270 Gribskov;TOT Total;TOT Total;TOT Age, total;TOT Total;2009 2009;28703
306 Odsherred;TOT Total;H40 H40 Short cycle higher education;TOT Age, total;TOT Total;2009 2009;711
306 Odsherred;TOT Total;H50 H50 Vocational bachelors educations;TOT Age, total;TOT Total;2009 2009;2531
306 Odsherred;TOT Total;H60 H60 Bachelors programs;TOT Age, total;TOT Total;2009 2009;93
306 Odsherred;TOT Total;H70 H70 Masters programs;TOT Age, total;TOT Total;2009 2009;608
306 Odsherred;TOT Total;H80 H80 PhD programs;TOT Age, total;TOT Total;2009 2009;17
306 Odsherred;TOT Total;TOT Total;TOT Age, total;TOT Total;2009 2009;23090
316 Holbæk;TOT Total;H40 H40 Short cycle higher education;TOT Age, total;TOT Total;2009 2009;2026
316 Holbæk;TOT Total;H50 H50 Vocational bachelors educations;TOT Age, total;TOT Total;2009 2009;6737
316 Holbæk;TOT Total;H60 H60 Bachelors programs;TOT Age, total;TOT Total;2009 2009;312
316 Holbæk;TOT Total;H70 H70 Masters programs;TOT Age, total;TOT Total;2009 2009;1894
316 Holbæk;TOT Total;H80 H80 PhD programs;TOT Age, total;TOT Total;2009 2009;99
316 Holbæk;TOT Total;TOT Total;TOT Age, total;TOT Total;2009 2009;49021
320 Faxe;TOT Total;H40 H40 Short cycle higher education;TOT Age, total;TOT Total;2009 2009;981
320 Faxe;TOT Total;H50 H50 Vocational bachelors educations;TOT Age, total;TOT Total;2009 2009;2917
320 Faxe;TOT Total;H60 H60 Bachelors programs;TOT Age, total;TOT Total;2009 2009;123
320 Faxe;TOT Total;H70 H70 Masters programs;TOT Age, total;TOT Total;2009 2009;705
320 Faxe;TOT Total;H80 H80 PhD programs;TOT Age, total;TOT Total;2009 2009;27
320 Faxe;TOT Total;TOT Total;TOT Age, total;TOT Total;2009 2009;24898
326 Kalundborg;TOT Total;H40 H40 Short cycle higher education;TOT Age, total;TOT Total;2009 2009;1375
326 Kalundborg;TOT Total;H50 H50 Vocational bachelors educations;TOT Age, total;TOT Total;2009 2009;3758
326 Kalundborg;TOT Total;H60 H60 Bachelors programs;TOT Age, total;TOT Total;2009 2009;125
326 Kalundborg;TOT Total;H70 H70 Masters programs;TOT Age, total;TOT Total;2009 2009;835
326 Kalundborg;TOT Total;H80 H80 PhD programs;TOT Age, total;TOT Total;2009 2009;33
326 Kalundborg;TOT Total;TOT Total;TOT Age, total;TOT Total;2009 2009;34508
329 Ringsted;TOT Total;H40 H40 Short cycle higher education;TOT Age, total;TOT Total;2009 2009;1032
329 Ringsted;TOT Total;H50 H50 Vocational bachelors educations;TOT Age, total;TOT Total;2009 2009;2541
329 Ringsted;TOT Total;H60 H60 Bachelors programs;TOT Age, total;TOT Total;2009 2009;184
329 Ringsted;TOT Total;H70 H70 Masters programs;TOT Age, total;TOT Total;2009 2009;914
329 Ringsted;TOT Total;H80 H80 PhD programs;TOT Age, total;TOT Total;2009 2009;64
329 Ringsted;TOT Total;TOT Total;TOT Age, total;TOT Total;2009 2009;22949
330 Slagelse;TOT Total;H40 H40 Short cycle higher education;TOT Age, total;TOT Total;2009 2009;2234
330 Slagelse;TOT Total;H50 H50 Vocational bachelors educations;TOT Age, total;TOT Total;2009 2009;6585
330 Slagelse;TOT Total;H60 H60 Bachelors programs;TOT Age, total;TOT Total;2009 2009;378
330 Slagelse;TOT Total;H70 H70 Masters programs;TOT Age, total;TOT Total;2009 2009;1472
330 Slagelse;TOT Total;H80 H80 PhD programs;TOT Age, total;TOT Total;2009 2009;60
330 Slagelse;TOT Total;TOT Total;TOT Age, total;TOT Total;2009 2009;54722
336 Stevns;TOT Total;H40 H40 Short cycle higher education;TOT Age, total;TOT Total;2009 2009;622
336 Stevns;TOT Total;H50 H50 Vocational bachelors educations;TOT Age, total;TOT Total;2009 2009;1762
336 Stevns;TOT Total;H60 H60 Bachelors programs;TOT Age, total;TOT Total;2009 2009;87
336 Stevns;TOT Total;H70 H70 Masters programs;TOT Age, total;TOT Total;2009 2009;514
336 Stevns;TOT Total;H80 H80 PhD programs;TOT Age, total;TOT Total;2009 2009;44
336 Stevns;TOT Total;TOT Total;TOT Age, total;TOT Total;2009 2009;15389
340 Sorø;TOT Total;H40 H40 Short cycle higher education;TOT Age, total;TOT Total;2009 2009;809
340 Sorø;TOT Total;H50 H50 Vocational bachelors educations;TOT Age, total;TOT Total;2009 2009;2571
340 Sorø;TOT Total;H60 H60 Bachelors programs;TOT Age, total;TOT Total;2009 2009;150
340 Sorø;TOT Total;H70 H70 Masters programs;TOT Age, total;TOT Total;2009 2009;1034
340 Sorø;TOT Total;H80 H80 PhD programs;TOT Age, total;TOT Total;2009 2009;58
340 Sorø;TOT Total;TOT Total;TOT Age, total;TOT Total;2009 2009;20530
350 Lejre;TOT Total;H40 H40 Short cycle higher education;TOT Age, total;TOT Total;2009 2009;995
350 Lejre;TOT Total;H50 H50 Vocational bachelors educations;TOT Age, total;TOT Total;2009 2009;2597
350 Lejre;TOT Total;H60 H60 Bachelors programs;TOT Age, total;TOT Total;2009 2009;176
350 Lejre;TOT Total;H70 H70 Masters programs;TOT Age, total;TOT Total;2009 2009;1269
350 Lejre;TOT Total;H80 H80 PhD programs;TOT Age, total;TOT Total;2009 2009;124
350 Lejre;TOT Total;TOT Total;TOT Age, total;TOT Total;2009 2009;18606
360 Lolland;TOT Total;H40 H40 Short cycle higher education;TOT Age, total;TOT Total;2009 2009;836
360 Lolland;TOT Total;H50 H50 Vocational bachelors educations;TOT Age, total;TOT Total;2009 2009;3071
360 Lolland;TOT Total;H60 H60 Bachelors programs;TOT Age, total;TOT Total;2009 2009;107
360 Lolland;TOT Total;H70 H70 Masters programs;TOT Age, total;TOT Total;2009 2009;572
360 Lolland;TOT Total;H80 H80 PhD programs;TOT Age, total;TOT Total;2009 2009;19
360 Lolland;TOT Total;TOT Total;TOT Age, total;TOT Total;2009 2009;32804
370 Næstved;TOT Total;H40 H40 Short cycle higher education;TOT Age, total;TOT Total;2009 2009;2348
370 Næstved;TOT Total;H50 H50 Vocational bachelors educations;TOT Age, total;TOT Total;2009 2009;7684
370 Næstved;TOT Total;H60 H60 Bachelors programs;TOT Age, total;TOT Total;2009 2009;332
370 Næstved;TOT Total;H70 H70 Masters programs;TOT Age, total;TOT Total;2009 2009;1834
370 Næstved;TOT Total;H80 H80 PhD programs;TOT Age, total;TOT Total;2009 2009;67
370 Næstved;TOT Total;TOT Total;TOT Age, total;TOT Total;2009 2009;57379
376 Guldborgsund;TOT Total;H40 H40 Short cycle higher education;TOT Age, total;TOT Total;2009 2009;1439
376 Guldborgsund;TOT Total;H50 H50 Vocational bachelors educations;TOT Age, total;TOT Total;2009 2009;5256
376 Guldborgsund;TOT Total;H60 H60 Bachelors programs;TOT Age, total;TOT Total;2009 2009;209
376 Guldborgsund;TOT Total;H70 H70 Masters programs;TOT Age, total;TOT Total;2009 2009;1176
376 Guldborgsund;TOT Total;H80 H80 PhD programs;TOT Age, total;TOT Total;2009 2009;31
376 Guldborgsund;TOT Total;TOT Total;TOT Age, total;TOT Total;2009 2009;44027
390 Vordingborg;TOT Total;H40 H40 Short cycle higher education;TOT Age, total;TOT Total;2009 2009;1065
390 Vordingborg;TOT Total;H50 H50 Vocational bachelors educations;TOT Age, total;TOT Total;2009 2009;4204
390 Vordingborg;TOT Total;H60 H60 Bachelors programs;TOT Age, total;TOT Total;2009 2009;180
390 Vordingborg;TOT Total;H70 H70 Masters programs;TOT Age, total;TOT Total;2009 2009;1088
390 Vordingborg;TOT Total;H80 H80 PhD programs;TOT Age, total;TOT Total;2009 2009;46
390 Vordingborg;TOT Total;TOT Total;TOT Age, total;TOT Total;2009 2009;32192
400 Bornholm;TOT Total;H40 H40 Short cycle higher education;TOT Age, total;TOT Total;2009 2009;885
400 Bornholm;TOT Total;H50 H50 Vocational bachelors educations;TOT Age, total;TOT Total;2009 2009;3427
400 Bornholm;TOT Total;H60 H60 Bachelors programs;TOT Age, total;TOT Total;2009 2009;159
400 Bornholm;TOT Total;H70 H70 Masters programs;TOT Age, total;TOT Total;2009 2009;791
400 Bornholm;TOT Total;H80 H80 PhD programs;TOT Age, total;TOT Total;2009 2009;21
400 Bornholm;TOT Total;TOT Total;TOT Age, total;TOT Total;2009 2009;29371
410 Middelfart;TOT Total;H40 H40 Short cycle higher education;TOT Age, total;TOT Total;2009 2009;1094
410 Middelfart;TOT Total;H50 H50 Vocational bachelors educations;TOT Age, total;TOT Total;2009 2009;3642
410 Middelfart;TOT Total;H60 H60 Bachelors programs;TOT Age, total;TOT Total;2009 2009;180
410 Middelfart;TOT Total;H70 H70 Masters programs;TOT Age, total;TOT Total;2009 2009;1074
410 Middelfart;TOT Total;H80 H80 PhD programs;TOT Age, total;TOT Total;2009 2009;40
410 Middelfart;TOT Total;TOT Total;TOT Age, total;TOT Total;2009 2009;25968
420 Assens;TOT Total;H40 H40 Short cycle higher education;TOT Age, total;TOT Total;2009 2009;1195
420 Assens;TOT Total;H50 H50 Vocational bachelors educations;TOT Age, total;TOT Total;2009 2009;3538
420 Assens;TOT Total;H60 H60 Bachelors programs;TOT Age, total;TOT Total;2009 2009;162
420 Assens;TOT Total;H70 H70 Masters programs;TOT Age, total;TOT Total;2009 2009;952
420 Assens;TOT Total;H80 H80 PhD programs;TOT Age, total;TOT Total;2009 2009;47
420 Assens;TOT Total;TOT Total;TOT Age, total;TOT Total;2009 2009;28876
430 Faaborg-Midtfyn;TOT Total;H40 H40 Short cycle higher education;TOT Age, total;TOT Total;2009 2009;1553
430 Faaborg-Midtfyn;TOT Total;H50 H50 Vocational bachelors educations;TOT Age, total;TOT Total;2009 2009;4546
430 Faaborg-Midtfyn;TOT Total;H60 H60 Bachelors programs;TOT Age, total;TOT Total;2009 2009;199
430 Faaborg-Midtfyn;TOT Total;H70 H70 Masters programs;TOT Age, total;TOT Total;2009 2009;1158
430 Faaborg-Midtfyn;TOT Total;H80 H80 PhD programs;TOT Age, total;TOT Total;2009 2009;66
430 Faaborg-Midtfyn;TOT Total;TOT Total;TOT Age, total;TOT Total;2009 2009;35756
440 Kerteminde;TOT Total;H40 H40 Short cycle higher education;TOT Age, total;TOT Total;2009 2009;608
440 Kerteminde;TOT Total;H50 H50 Vocational bachelors educations;TOT Age, total;TOT Total;2009 2009;2079
440 Kerteminde;TOT Total;H60 H60 Bachelors programs;TOT Age, total;TOT Total;2009 2009;93
440 Kerteminde;TOT Total;H70 H70 Masters programs;TOT Age, total;TOT Total;2009 2009;517
440 Kerteminde;TOT Total;H80 H80 PhD programs;TOT Age, total;TOT Total;2009 2009;31
440 Kerteminde;TOT Total;TOT Total;TOT Age, total;TOT Total;2009 2009;16328
450 Nyborg;TOT Total;H40 H40 Short cycle higher education;TOT Age, total;TOT Total;2009 2009;880
450 Nyborg;TOT Total;H50 H50 Vocational bachelors educations;TOT Age, total;TOT Total;2009 2009;2814
450 Nyborg;TOT Total;H60 H60 Bachelors programs;TOT Age, total;TOT Total;2009 2009;114
450 Nyborg;TOT Total;H70 H70 Masters programs;TOT Age, total;TOT Total;2009 2009;701
450 Nyborg;TOT Total;H80 H80 PhD programs;TOT Age, total;TOT Total;2009 2009;51
450 Nyborg;TOT Total;TOT Total;TOT Age, total;TOT Total;2009 2009;21864
461 Odense;TOT Total;H40 H40 Short cycle higher education;TOT Age, total;TOT Total;2009 2009;5834
461 Odense;TOT Total;H50 H50 Vocational bachelors educations;TOT Age, total;TOT Total;2009 2009;19004
461 Odense;TOT Total;H60 H60 Bachelors programs;TOT Age, total;TOT Total;2009 2009;3379
461 Odense;TOT Total;H70 H70 Masters programs;TOT Age, total;TOT Total;2009 2009;8233
461 Odense;TOT Total;H80 H80 PhD programs;TOT Age, total;TOT Total;2009 2009;678
461 Odense;TOT Total;TOT Total;TOT Age, total;TOT Total;2009 2009;136726
479 Svendborg;TOT Total;H40 H40 Short cycle higher education;TOT Age, total;TOT Total;2009 2009;1664
479 Svendborg;TOT Total;H50 H50 Vocational bachelors educations;TOT Age, total;TOT Total;2009 2009;7076
479 Svendborg;TOT Total;H60 H60 Bachelors programs;TOT Age, total;TOT Total;2009 2009;247
479 Svendborg;TOT Total;H70 H70 Masters programs;TOT Age, total;TOT Total;2009 2009;1477
479 Svendborg;TOT Total;H80 H80 PhD programs;TOT Age, total;TOT Total;2009 2009;58
479 Svendborg;TOT Total;TOT Total;TOT Age, total;TOT Total;2009 2009;41683
480 Nordfyns;TOT Total;H40 H40 Short cycle higher education;TOT Age, total;TOT Total;2009 2009;808
480 Nordfyns;TOT Total;H50 H50 Vocational bachelors educations;TOT Age, total;TOT Total;2009 2009;2223
480 Nordfyns;TOT Total;H60 H60 Bachelors programs;TOT Age, total;TOT Total;2009 2009;103
480 Nordfyns;TOT Total;H70 H70 Masters programs;TOT Age, total;TOT Total;2009 2009;521
480 Nordfyns;TOT Total;H80 H80 PhD programs;TOT Age, total;TOT Total;2009 2009;35
480 Nordfyns;TOT Total;TOT Total;TOT Age, total;TOT Total;2009 2009;20505
482 Langeland;TOT Total;H40 H40 Short cycle higher education;TOT Age, total;TOT Total;2009 2009;235
482 Langeland;TOT Total;H50 H50 Vocational bachelors educations;TOT Age, total;TOT Total;2009 2009;932
482 Langeland;TOT Total;H60 H60 Bachelors programs;TOT Age, total;TOT Total;2009 2009;37
482 Langeland;TOT Total;H70 H70 Masters programs;TOT Age, total;TOT Total;2009 2009;163
482 Langeland;TOT Total;H80 H80 PhD programs;TOT Age, total;TOT Total;2009 2009;9
482 Langeland;TOT Total;TOT Total;TOT Age, total;TOT Total;2009 2009;9169
492 Ærø;TOT Total;H40 H40 Short cycle higher education;TOT Age, total;TOT Total;2009 2009;205
492 Ærø;TOT Total;H50 H50 Vocational bachelors educations;TOT Age, total;TOT Total;2009 2009;617
492 Ærø;TOT Total;H60 H60 Bachelors programs;TOT Age, total;TOT Total;2009 2009;23
492 Ærø;TOT Total;H70 H70 Masters programs;TOT Age, total;TOT Total;2009 2009;128
492 Ærø;TOT Total;H80 H80 PhD programs;TOT Age, total;TOT Total;2009 2009;5
492 Ærø;TOT Total;TOT Total;TOT Age, total;TOT Total;2009 2009;4519
510 Haderslev;TOT Total;H40 H40 Short cycle higher education;TOT Age, total;TOT Total;2009 2009;1431
510 Haderslev;TOT Total;H50 H50 Vocational bachelors educations;TOT Age, total;TOT Total;2009 2009;4964
510 Haderslev;TOT Total;H60 H60 Bachelors programs;TOT Age, total;TOT Total;2009 2009;213
510 Haderslev;TOT Total;H70 H70 Masters programs;TOT Age, total;TOT Total;2009 2009;1187
510 Haderslev;TOT Total;H80 H80 PhD programs;TOT Age, total;TOT Total;2009 2009;27
510 Haderslev;TOT Total;TOT Total;TOT Age, total;TOT Total;2009 2009;39238
530 Billund;TOT Total;H40 H40 Short cycle higher education;TOT Age, total;TOT Total;2009 2009;740
530 Billund;TOT Total;H50 H50 Vocational bachelors educations;TOT Age, total;TOT Total;2009 2009;1695
530 Billund;TOT Total;H60 H60 Bachelors programs;TOT Age, total;TOT Total;2009 2009;90
530 Billund;TOT Total;H70 H70 Masters programs;TOT Age, total;TOT Total;2009 2009;391
530 Billund;TOT Total;H80 H80 PhD programs;TOT Age, total;TOT Total;2009 2009;7
530 Billund;TOT Total;TOT Total;TOT Age, total;TOT Total;2009 2009;18131
540 Sønderborg;TOT Total;H40 H40 Short cycle higher education;TOT Age, total;TOT Total;2009 2009;2464
540 Sønderborg;TOT Total;H50 H50 Vocational bachelors educations;TOT Age, total;TOT Total;2009 2009;6901
540 Sønderborg;TOT Total;H60 H60 Bachelors programs;TOT Age, total;TOT Total;2009 2009;494
540 Sønderborg;TOT Total;H70 H70 Masters programs;TOT Age, total;TOT Total;2009 2009;2107
540 Sønderborg;TOT Total;H80 H80 PhD programs;TOT Age, total;TOT Total;2009 2009;98
540 Sønderborg;TOT Total;TOT Total;TOT Age, total;TOT Total;2009 2009;52540
550 Tønder;TOT Total;H40 H40 Short cycle higher education;TOT Age, total;TOT Total;2009 2009;927
550 Tønder;TOT Total;H50 H50 Vocational bachelors educations;TOT Age, total;TOT Total;2009 2009;2694
550 Tønder;TOT Total;H60 H60 Bachelors programs;TOT Age, total;TOT Total;2009 2009;83
550 Tønder;TOT Total;H70 H70 Masters programs;TOT Age, total;TOT Total;2009 2009;608
550 Tønder;TOT Total;H80 H80 PhD programs;TOT Age, total;TOT Total;2009 2009;13
550 Tønder;TOT Total;TOT Total;TOT Age, total;TOT Total;2009 2009;27561
561 Esbjerg;TOT Total;H40 H40 Short cycle higher education;TOT Age, total;TOT Total;2009 2009;3297
561 Esbjerg;TOT Total;H50 H50 Vocational bachelors educations;TOT Age, total;TOT Total;2009 2009;11270
561 Esbjerg;TOT Total;H60 H60 Bachelors programs;TOT Age, total;TOT Total;2009 2009;670
561 Esbjerg;TOT Total;H70 H70 Masters programs;TOT Age, total;TOT Total;2009 2009;2543
561 Esbjerg;TOT Total;H80 H80 PhD programs;TOT Age, total;TOT Total;2009 2009;101
561 Esbjerg;TOT Total;TOT Total;TOT Age, total;TOT Total;2009 2009;82348
563 Fanø;TOT Total;H40 H40 Short cycle higher education;TOT Age, total;TOT Total;2009 2009;142
563 Fanø;TOT Total;H50 H50 Vocational bachelors educations;TOT Age, total;TOT Total;2009 2009;574
563 Fanø;TOT Total;H60 H60 Bachelors programs;TOT Age, total;TOT Total;2009 2009;22
563 Fanø;TOT Total;H70 H70 Masters programs;TOT Age, total;TOT Total;2009 2009;116
563 Fanø;TOT Total;H80 H80 PhD programs;TOT Age, total;TOT Total;2009 2009;5
563 Fanø;TOT Total;TOT Total;TOT Age, total;TOT Total;2009 2009;2276
573 Varde;TOT Total;H40 H40 Short cycle higher education;TOT Age, total;TOT Total;2009 2009;1331
573 Varde;TOT Total;H50 H50 Vocational bachelors educations;TOT Age, total;TOT Total;2009 2009;3847
573 Varde;TOT Total;H60 H60 Bachelors programs;TOT Age, total;TOT Total;2009 2009;149
573 Varde;TOT Total;H70 H70 Masters programs;TOT Age, total;TOT Total;2009 2009;838
573 Varde;TOT Total;H80 H80 PhD programs;TOT Age, total;TOT Total;2009 2009;23
573 Varde;TOT Total;TOT Total;TOT Age, total;TOT Total;2009 2009;34518
575 Vejen;TOT Total;H40 H40 Short cycle higher education;TOT Age, total;TOT Total;2009 2009;1136
575 Vejen;TOT Total;H50 H50 Vocational bachelors educations;TOT Age, total;TOT Total;2009 2009;2912
575 Vejen;TOT Total;H60 H60 Bachelors programs;TOT Age, total;TOT Total;2009 2009;150
575 Vejen;TOT Total;H70 H70 Masters programs;TOT Age, total;TOT Total;2009 2009;678
575 Vejen;TOT Total;H80 H80 PhD programs;TOT Age, total;TOT Total;2009 2009;14
575 Vejen;TOT Total;TOT Total;TOT Age, total;TOT Total;2009 2009;29068
580 Aabenraa;TOT Total;H40 H40 Short cycle higher education;TOT Age, total;TOT Total;2009 2009;1538
580 Aabenraa;TOT Total;H50 H50 Vocational bachelors educations;TOT Age, total;TOT Total;2009 2009;4520
580 Aabenraa;TOT Total;H60 H60 Bachelors programs;TOT Age, total;TOT Total;2009 2009;198
580 Aabenraa;TOT Total;H70 H70 Masters programs;TOT Age, total;TOT Total;2009 2009;1234
580 Aabenraa;TOT Total;H80 H80 PhD programs;TOT Age, total;TOT Total;2009 2009;33
580 Aabenraa;TOT Total;TOT Total;TOT Age, total;TOT Total;2009 2009;41926
607 Fredericia;TOT Total;H40 H40 Short cycle higher education;TOT Age, total;TOT Total;2009 2009;1375
607 Fredericia;TOT Total;H50 H50 Vocational bachelors educations;TOT Age, total;TOT Total;2009 2009;4268
607 Fredericia;TOT Total;H60 H60 Bachelors programs;TOT Age, total;TOT Total;2009 2009;255
607 Fredericia;TOT Total;H70 H70 Masters programs;TOT Age, total;TOT Total;2009 2009;1152
607 Fredericia;TOT Total;H80 H80 PhD programs;TOT Age, total;TOT Total;2009 2009;44
607 Fredericia;TOT Total;TOT Total;TOT Age, total;TOT Total;2009 2009;35004
615 Horsens;TOT Total;H40 H40 Short cycle higher education;TOT Age, total;TOT Total;2009 2009;2742
615 Horsens;TOT Total;H50 H50 Vocational bachelors educations;TOT Age, total;TOT Total;2009 2009;7720
615 Horsens;TOT Total;H60 H60 Bachelors programs;TOT Age, total;TOT Total;2009 2009;371
615 Horsens;TOT Total;H70 H70 Masters programs;TOT Age, total;TOT Total;2009 2009;2082
615 Horsens;TOT Total;H80 H80 PhD programs;TOT Age, total;TOT Total;2009 2009;76
615 Horsens;TOT Total;TOT Total;TOT Age, total;TOT Total;2009 2009;57760
621 Kolding;TOT Total;H40 H40 Short cycle higher education;TOT Age, total;TOT Total;2009 2009;2990
621 Kolding;TOT Total;H50 H50 Vocational bachelors educations;TOT Age, total;TOT Total;2009 2009;8074
621 Kolding;TOT Total;H60 H60 Bachelors programs;TOT Age, total;TOT Total;2009 2009;816
621 Kolding;TOT Total;H70 H70 Masters programs;TOT Age, total;TOT Total;2009 2009;2883
621 Kolding;TOT Total;H80 H80 PhD programs;TOT Age, total;TOT Total;2009 2009;92
621 Kolding;TOT Total;TOT Total;TOT Age, total;TOT Total;2009 2009;62769
630 Vejle;TOT Total;H40 H40 Short cycle higher education;TOT Age, total;TOT Total;2009 2009;3388
630 Vejle;TOT Total;H50 H50 Vocational bachelors educations;TOT Age, total;TOT Total;2009 2009;10957
630 Vejle;TOT Total;H60 H60 Bachelors programs;TOT Age, total;TOT Total;2009 2009;570
630 Vejle;TOT Total;H70 H70 Masters programs;TOT Age, total;TOT Total;2009 2009;3410
630 Vejle;TOT Total;H80 H80 PhD programs;TOT Age, total;TOT Total;2009 2009;97
630 Vejle;TOT Total;TOT Total;TOT Age, total;TOT Total;2009 2009;74075
657 Herning;TOT Total;H40 H40 Short cycle higher education;TOT Age, total;TOT Total;2009 2009;2814
657 Herning;TOT Total;H50 H50 Vocational bachelors educations;TOT Age, total;TOT Total;2009 2009;7125
657 Herning;TOT Total;H60 H60 Bachelors programs;TOT Age, total;TOT Total;2009 2009;559
657 Herning;TOT Total;H70 H70 Masters programs;TOT Age, total;TOT Total;2009 2009;1627
657 Herning;TOT Total;H80 H80 PhD programs;TOT Age, total;TOT Total;2009 2009;42
657 Herning;TOT Total;TOT Total;TOT Age, total;TOT Total;2009 2009;59984
661 Holstebro;TOT Total;H40 H40 Short cycle higher education;TOT Age, total;TOT Total;2009 2009;1521
661 Holstebro;TOT Total;H50 H50 Vocational bachelors educations;TOT Age, total;TOT Total;2009 2009;5554
661 Holstebro;TOT Total;H60 H60 Bachelors programs;TOT Age, total;TOT Total;2009 2009;201
661 Holstebro;TOT Total;H70 H70 Masters programs;TOT Age, total;TOT Total;2009 2009;1374
661 Holstebro;TOT Total;H80 H80 PhD programs;TOT Age, total;TOT Total;2009 2009;37
661 Holstebro;TOT Total;TOT Total;TOT Age, total;TOT Total;2009 2009;39945
665 Lemvig;TOT Total;H40 H40 Short cycle higher education;TOT Age, total;TOT Total;2009 2009;399
665 Lemvig;TOT Total;H50 H50 Vocational bachelors educations;TOT Age, total;TOT Total;2009 2009;1717
665 Lemvig;TOT Total;H60 H60 Bachelors programs;TOT Age, total;TOT Total;2009 2009;57
665 Lemvig;TOT Total;H70 H70 Masters programs;TOT Age, total;TOT Total;2009 2009;408
665 Lemvig;TOT Total;H80 H80 PhD programs;TOT Age, total;TOT Total;2009 2009;22
665 Lemvig;TOT Total;TOT Total;TOT Age, total;TOT Total;2009 2009;15001
671 Struer;TOT Total;H40 H40 Short cycle higher education;TOT Age, total;TOT Total;2009 2009;495
671 Struer;TOT Total;H50 H50 Vocational bachelors educations;TOT Age, total;TOT Total;2009 2009;1961
671 Struer;TOT Total;H60 H60 Bachelors programs;TOT Age, total;TOT Total;2009 2009;76
671 Struer;TOT Total;H70 H70 Masters programs;TOT Age, total;TOT Total;2009 2009;447
671 Struer;TOT Total;H80 H80 PhD programs;TOT Age, total;TOT Total;2009 2009;12
671 Struer;TOT Total;TOT Total;TOT Age, total;TOT Total;2009 2009;15619
706 Syddjurs;TOT Total;H40 H40 Short cycle higher education;TOT Age, total;TOT Total;2009 2009;1149
706 Syddjurs;TOT Total;H50 H50 Vocational bachelors educations;TOT Age, total;TOT Total;2009 2009;3791
706 Syddjurs;TOT Total;H60 H60 Bachelors programs;TOT Age, total;TOT Total;2009 2009;263
706 Syddjurs;TOT Total;H70 H70 Masters programs;TOT Age, total;TOT Total;2009 2009;1335
706 Syddjurs;TOT Total;H80 H80 PhD programs;TOT Age, total;TOT Total;2009 2009;67
706 Syddjurs;TOT Total;TOT Total;TOT Age, total;TOT Total;2009 2009;28619
707 Norddjurs;TOT Total;H40 H40 Short cycle higher education;TOT Age, total;TOT Total;2009 2009;835
707 Norddjurs;TOT Total;H50 H50 Vocational bachelors educations;TOT Age, total;TOT Total;2009 2009;2582
707 Norddjurs;TOT Total;H60 H60 Bachelors programs;TOT Age, total;TOT Total;2009 2009;121
707 Norddjurs;TOT Total;H70 H70 Masters programs;TOT Age, total;TOT Total;2009 2009;561
707 Norddjurs;TOT Total;H80 H80 PhD programs;TOT Age, total;TOT Total;2009 2009;20
707 Norddjurs;TOT Total;TOT Total;TOT Age, total;TOT Total;2009 2009;26748
710 Favrskov;TOT Total;H40 H40 Short cycle higher education;TOT Age, total;TOT Total;2009 2009;1582
710 Favrskov;TOT Total;H50 H50 Vocational bachelors educations;TOT Age, total;TOT Total;2009 2009;4199
710 Favrskov;TOT Total;H60 H60 Bachelors programs;TOT Age, total;TOT Total;2009 2009;302
710 Favrskov;TOT Total;H70 H70 Masters programs;TOT Age, total;TOT Total;2009 2009;1780
710 Favrskov;TOT Total;H80 H80 PhD programs;TOT Age, total;TOT Total;2009 2009;158
710 Favrskov;TOT Total;TOT Total;TOT Age, total;TOT Total;2009 2009;31869
727 Odder;TOT Total;H40 H40 Short cycle higher education;TOT Age, total;TOT Total;2009 2009;692
727 Odder;TOT Total;H50 H50 Vocational bachelors educations;TOT Age, total;TOT Total;2009 2009;2210
727 Odder;TOT Total;H60 H60 Bachelors programs;TOT Age, total;TOT Total;2009 2009;129
727 Odder;TOT Total;H70 H70 Masters programs;TOT Age, total;TOT Total;2009 2009;777
727 Odder;TOT Total;H80 H80 PhD programs;TOT Age, total;TOT Total;2009 2009;43
727 Odder;TOT Total;TOT Total;TOT Age, total;TOT Total;2009 2009;14928
730 Randers;TOT Total;H40 H40 Short cycle higher education;TOT Age, total;TOT Total;2009 2009;3243
730 Randers;TOT Total;H50 H50 Vocational bachelors educations;TOT Age, total;TOT Total;2009 2009;7453
730 Randers;TOT Total;H60 H60 Bachelors programs;TOT Age, total;TOT Total;2009 2009;448
730 Randers;TOT Total;H70 H70 Masters programs;TOT Age, total;TOT Total;2009 2009;2192
730 Randers;TOT Total;H80 H80 PhD programs;TOT Age, total;TOT Total;2009 2009;94
730 Randers;TOT Total;TOT Total;TOT Age, total;TOT Total;2009 2009;66629
740 Silkeborg;TOT Total;H40 H40 Short cycle higher education;TOT Age, total;TOT Total;2009 2009;2955
740 Silkeborg;TOT Total;H50 H50 Vocational bachelors educations;TOT Age, total;TOT Total;2009 2009;9101
740 Silkeborg;TOT Total;H60 H60 Bachelors programs;TOT Age, total;TOT Total;2009 2009;515
740 Silkeborg;TOT Total;H70 H70 Masters programs;TOT Age, total;TOT Total;2009 2009;2925
740 Silkeborg;TOT Total;H80 H80 PhD programs;TOT Age, total;TOT Total;2009 2009;127
740 Silkeborg;TOT Total;TOT Total;TOT Age, total;TOT Total;2009 2009;61491
741 Samsø;TOT Total;H40 H40 Short cycle higher education;TOT Age, total;TOT Total;2009 2009;77
741 Samsø;TOT Total;H50 H50 Vocational bachelors educations;TOT Age, total;TOT Total;2009 2009;353
741 Samsø;TOT Total;H60 H60 Bachelors programs;TOT Age, total;TOT Total;2009 2009;28
741 Samsø;TOT Total;H70 H70 Masters programs;TOT Age, total;TOT Total;2009 2009;99
741 Samsø;TOT Total;H80 H80 PhD programs;TOT Age, total;TOT Total;2009 2009;3
741 Samsø;TOT Total;TOT Total;TOT Age, total;TOT Total;2009 2009;2693
746 Skanderborg;TOT Total;H40 H40 Short cycle higher education;TOT Age, total;TOT Total;2009 2009;2214
746 Skanderborg;TOT Total;H50 H50 Vocational bachelors educations;TOT Age, total;TOT Total;2009 2009;6049
746 Skanderborg;TOT Total;H60 H60 Bachelors programs;TOT Age, total;TOT Total;2009 2009;398
746 Skanderborg;TOT Total;H70 H70 Masters programs;TOT Age, total;TOT Total;2009 2009;2798
746 Skanderborg;TOT Total;H80 H80 PhD programs;TOT Age, total;TOT Total;2009 2009;202
746 Skanderborg;TOT Total;TOT Total;TOT Age, total;TOT Total;2009 2009;39564
751 Aarhus;TOT Total;H40 H40 Short cycle higher education;TOT Age, total;TOT Total;2009 2009;9900
751 Aarhus;TOT Total;H50 H50 Vocational bachelors educations;TOT Age, total;TOT Total;2009 2009;33002
751 Aarhus;TOT Total;H60 H60 Bachelors programs;TOT Age, total;TOT Total;2009 2009;10177
751 Aarhus;TOT Total;H70 H70 Masters programs;TOT Age, total;TOT Total;2009 2009;23902
751 Aarhus;TOT Total;H80 H80 PhD programs;TOT Age, total;TOT Total;2009 2009;1961
751 Aarhus;TOT Total;TOT Total;TOT Age, total;TOT Total;2009 2009;229500
756 Ikast-Brande;TOT Total;H40 H40 Short cycle higher education;TOT Age, total;TOT Total;2009 2009;1151
756 Ikast-Brande;TOT Total;H50 H50 Vocational bachelors educations;TOT Age, total;TOT Total;2009 2009;2665
756 Ikast-Brande;TOT Total;H60 H60 Bachelors programs;TOT Age, total;TOT Total;2009 2009;171
756 Ikast-Brande;TOT Total;H70 H70 Masters programs;TOT Age, total;TOT Total;2009 2009;640
756 Ikast-Brande;TOT Total;H80 H80 PhD programs;TOT Age, total;TOT Total;2009 2009;24
756 Ikast-Brande;TOT Total;TOT Total;TOT Age, total;TOT Total;2009 2009;27995
760 Ringkøbing-Skjern;TOT Total;H40 H40 Short cycle higher education;TOT Age, total;TOT Total;2009 2009;1370
760 Ringkøbing-Skjern;TOT Total;H50 H50 Vocational bachelors educations;TOT Age, total;TOT Total;2009 2009;4310
760 Ringkøbing-Skjern;TOT Total;H60 H60 Bachelors programs;TOT Age, total;TOT Total;2009 2009;175
760 Ringkøbing-Skjern;TOT Total;H70 H70 Masters programs;TOT Age, total;TOT Total;2009 2009;1060
760 Ringkøbing-Skjern;TOT Total;H80 H80 PhD programs;TOT Age, total;TOT Total;2009 2009;29
760 Ringkøbing-Skjern;TOT Total;TOT Total;TOT Age, total;TOT Total;2009 2009;40173
766 Hedensted;TOT Total;H40 H40 Short cycle higher education;TOT Age, total;TOT Total;2009 2009;1487
766 Hedensted;TOT Total;H50 H50 Vocational bachelors educations;TOT Age, total;TOT Total;2009 2009;3523
766 Hedensted;TOT Total;H60 H60 Bachelors programs;TOT Age, total;TOT Total;2009 2009;137
766 Hedensted;TOT Total;H70 H70 Masters programs;TOT Age, total;TOT Total;2009 2009;711
766 Hedensted;TOT Total;H80 H80 PhD programs;TOT Age, total;TOT Total;2009 2009;26
766 Hedensted;TOT Total;TOT Total;TOT Age, total;TOT Total;2009 2009;31398
773 Morsø;TOT Total;H40 H40 Short cycle higher education;TOT Age, total;TOT Total;2009 2009;420
773 Morsø;TOT Total;H50 H50 Vocational bachelors educations;TOT Age, total;TOT Total;2009 2009;1438
773 Morsø;TOT Total;H60 H60 Bachelors programs;TOT Age, total;TOT Total;2009 2009;50
773 Morsø;TOT Total;H70 H70 Masters programs;TOT Age, total;TOT Total;2009 2009;311
773 Morsø;TOT Total;H80 H80 PhD programs;TOT Age, total;TOT Total;2009 2009;6
773 Morsø;TOT Total;TOT Total;TOT Age, total;TOT Total;2009 2009;15029
779 Skive;TOT Total;H40 H40 Short cycle higher education;TOT Age, total;TOT Total;2009 2009;1280
779 Skive;TOT Total;H50 H50 Vocational bachelors educations;TOT Age, total;TOT Total;2009 2009;3999
779 Skive;TOT Total;H60 H60 Bachelors programs;TOT Age, total;TOT Total;2009 2009;107
779 Skive;TOT Total;H70 H70 Masters programs;TOT Age, total;TOT Total;2009 2009;865
779 Skive;TOT Total;H80 H80 PhD programs;TOT Age, total;TOT Total;2009 2009;21
779 Skive;TOT Total;TOT Total;TOT Age, total;TOT Total;2009 2009;33367
787 Thisted;TOT Total;H40 H40 Short cycle higher education;TOT Age, total;TOT Total;2009 2009;979
787 Thisted;TOT Total;H50 H50 Vocational bachelors educations;TOT Age, total;TOT Total;2009 2009;3223
787 Thisted;TOT Total;H60 H60 Bachelors programs;TOT Age, total;TOT Total;2009 2009;110
787 Thisted;TOT Total;H70 H70 Masters programs;TOT Age, total;TOT Total;2009 2009;810
787 Thisted;TOT Total;H80 H80 PhD programs;TOT Age, total;TOT Total;2009 2009;15
787 Thisted;TOT Total;TOT Total;TOT Age, total;TOT Total;2009 2009;31505
791 Viborg;TOT Total;H40 H40 Short cycle higher education;TOT Age, total;TOT Total;2009 2009;2762
791 Viborg;TOT Total;H50 H50 Vocational bachelors educations;TOT Age, total;TOT Total;2009 2009;8643
791 Viborg;TOT Total;H60 H60 Bachelors programs;TOT Age, total;TOT Total;2009 2009;325
791 Viborg;TOT Total;H70 H70 Masters programs;TOT Age, total;TOT Total;2009 2009;3032
791 Viborg;TOT Total;H80 H80 PhD programs;TOT Age, total;TOT Total;2009 2009;206
791 Viborg;TOT Total;TOT Total;TOT Age, total;TOT Total;2009 2009;64937
810 Brønderslev;TOT Total;H40 H40 Short cycle higher education;TOT Age, total;TOT Total;2009 2009;880
810 Brønderslev;TOT Total;H50 H50 Vocational bachelors educations;TOT Age, total;TOT Total;2009 2009;3058
810 Brønderslev;TOT Total;H60 H60 Bachelors programs;TOT Age, total;TOT Total;2009 2009;131
810 Brønderslev;TOT Total;H70 H70 Masters programs;TOT Age, total;TOT Total;2009 2009;754
810 Brønderslev;TOT Total;H80 H80 PhD programs;TOT Age, total;TOT Total;2009 2009;39
810 Brønderslev;TOT Total;TOT Total;TOT Age, total;TOT Total;2009 2009;24427
813 Frederikshavn;TOT Total;H40 H40 Short cycle higher education;TOT Age, total;TOT Total;2009 2009;1591
813 Frederikshavn;TOT Total;H50 H50 Vocational bachelors educations;TOT Age, total;TOT Total;2009 2009;4608
813 Frederikshavn;TOT Total;H60 H60 Bachelors programs;TOT Age, total;TOT Total;2009 2009;148
813 Frederikshavn;TOT Total;H70 H70 Masters programs;TOT Age, total;TOT Total;2009 2009;1007
813 Frederikshavn;TOT Total;H80 H80 PhD programs;TOT Age, total;TOT Total;2009 2009;23
813 Frederikshavn;TOT Total;TOT Total;TOT Age, total;TOT Total;2009 2009;43563
820 Vesthimmerlands;TOT Total;H40 H40 Short cycle higher education;TOT Age, total;TOT Total;2009 2009;855
820 Vesthimmerlands;TOT Total;H50 H50 Vocational bachelors educations;TOT Age, total;TOT Total;2009 2009;2782
820 Vesthimmerlands;TOT Total;H60 H60 Bachelors programs;TOT Age, total;TOT Total;2009 2009;92
820 Vesthimmerlands;TOT Total;H70 H70 Masters programs;TOT Age, total;TOT Total;2009 2009;578
820 Vesthimmerlands;TOT Total;H80 H80 PhD programs;TOT Age, total;TOT Total;2009 2009;13
820 Vesthimmerlands;TOT Total;TOT Total;TOT Age, total;TOT Total;2009 2009;26257
825 Læsø;TOT Total;H40 H40 Short cycle higher education;TOT Age, total;TOT Total;2009 2009;32
825 Læsø;TOT Total;H50 H50 Vocational bachelors educations;TOT Age, total;TOT Total;2009 2009;133
825 Læsø;TOT Total;H60 H60 Bachelors programs;TOT Age, total;TOT Total;2009 2009;8
825 Læsø;TOT Total;H70 H70 Masters programs;TOT Age, total;TOT Total;2009 2009;39
825 Læsø;TOT Total;TOT Total;TOT Age, total;TOT Total;2009 2009;1341
840 Rebild;TOT Total;H40 H40 Short cycle higher education;TOT Age, total;TOT Total;2009 2009;791
840 Rebild;TOT Total;H50 H50 Vocational bachelors educations;TOT Age, total;TOT Total;2009 2009;2548
840 Rebild;TOT Total;H60 H60 Bachelors programs;TOT Age, total;TOT Total;2009 2009;158
840 Rebild;TOT Total;H70 H70 Masters programs;TOT Age, total;TOT Total;2009 2009;1083
840 Rebild;TOT Total;H80 H80 PhD programs;TOT Age, total;TOT Total;2009 2009;70
840 Rebild;TOT Total;TOT Total;TOT Age, total;TOT Total;2009 2009;19742
846 Mariagerfjord;TOT Total;H40 H40 Short cycle higher education;TOT Age, total;TOT Total;2009 2009;1151
846 Mariagerfjord;TOT Total;H50 H50 Vocational bachelors educations;TOT Age, total;TOT Total;2009 2009;3399
846 Mariagerfjord;TOT Total;H60 H60 Bachelors programs;TOT Age, total;TOT Total;2009 2009;145
846 Mariagerfjord;TOT Total;H70 H70 Masters programs;TOT Age, total;TOT Total;2009 2009;909
846 Mariagerfjord;TOT Total;H80 H80 PhD programs;TOT Age, total;TOT Total;2009 2009;46
846 Mariagerfjord;TOT Total;TOT Total;TOT Age, total;TOT Total;2009 2009;29702
849 Jammerbugt;TOT Total;H40 H40 Short cycle higher education;TOT Age, total;TOT Total;2009 2009;874
849 Jammerbugt;TOT Total;H50 H50 Vocational bachelors educations;TOT Age, total;TOT Total;2009 2009;2939
849 Jammerbugt;TOT Total;H60 H60 Bachelors programs;TOT Age, total;TOT Total;2009 2009;141
849 Jammerbugt;TOT Total;H70 H70 Masters programs;TOT Age, total;TOT Total;2009 2009;677
849 Jammerbugt;TOT Total;H80 H80 PhD programs;TOT Age, total;TOT Total;2009 2009;21
849 Jammerbugt;TOT Total;TOT Total;TOT Age, total;TOT Total;2009 2009;27067
851 Aalborg;TOT Total;H40 H40 Short cycle higher education;TOT Age, total;TOT Total;2009 2009;5869
851 Aalborg;TOT Total;H50 H50 Vocational bachelors educations;TOT Age, total;TOT Total;2009 2009;18916
851 Aalborg;TOT Total;H60 H60 Bachelors programs;TOT Age, total;TOT Total;2009 2009;3646
851 Aalborg;TOT Total;H70 H70 Masters programs;TOT Age, total;TOT Total;2009 2009;9953
851 Aalborg;TOT Total;H80 H80 PhD programs;TOT Age, total;TOT Total;2009 2009;587
851 Aalborg;TOT Total;TOT Total;TOT Age, total;TOT Total;2009 2009;143297
860 Hjørring;TOT Total;H40 H40 Short cycle higher education;TOT Age, total;TOT Total;2009 2009;1549
860 Hjørring;TOT Total;H50 H50 Vocational bachelors educations;TOT Age, total;TOT Total;2009 2009;5913
860 Hjørring;TOT Total;H60 H60 Bachelors programs;TOT Age, total;TOT Total;2009 2009;220
860 Hjørring;TOT Total;H70 H70 Masters programs;TOT Age, total;TOT Total;2009 2009;1282
860 Hjørring;TOT Total;H80 H80 PhD programs;TOT Age, total;TOT Total;2009 2009;43
860 Hjørring;TOT Total;TOT Total;TOT Age, total;TOT Total;2009 2009;46392
000 All Denmark;TOT Total;H40 H40 Short cycle higher education;TOT Age, total;TOT Total;2010 2010;167230
000 All Denmark;TOT Total;H50 H50 Vocational bachelors educations;TOT Age, total;TOT Total;2010 2010;515879
000 All Denmark;TOT Total;H60 H60 Bachelors programs;TOT Age, total;TOT Total;2010 2010;75918
000 All Denmark;TOT Total;H70 H70 Masters programs;TOT Age, total;TOT Total;2010 2010;267342
000 All Denmark;TOT Total;H80 H80 PhD programs;TOT Age, total;TOT Total;2010 2010;18597
000 All Denmark;TOT Total;TOT Total;TOT Age, total;TOT Total;2010 2010;3947812
101 Copenhagen;TOT Total;H40 H40 Short cycle higher education;TOT Age, total;TOT Total;2010 2010;16753
101 Copenhagen;TOT Total;H50 H50 Vocational bachelors educations;TOT Age, total;TOT Total;2010 2010;54066
101 Copenhagen;TOT Total;H60 H60 Bachelors programs;TOT Age, total;TOT Total;2010 2010;26195
101 Copenhagen;TOT Total;H70 H70 Masters programs;TOT Age, total;TOT Total;2010 2010;59693
101 Copenhagen;TOT Total;H80 H80 PhD programs;TOT Age, total;TOT Total;2010 2010;4060
101 Copenhagen;TOT Total;TOT Total;TOT Age, total;TOT Total;2010 2010;419851
147 Frederiksberg;TOT Total;H40 H40 Short cycle higher education;TOT Age, total;TOT Total;2010 2010;3116
147 Frederiksberg;TOT Total;H50 H50 Vocational bachelors educations;TOT Age, total;TOT Total;2010 2010;10746
147 Frederiksberg;TOT Total;H60 H60 Bachelors programs;TOT Age, total;TOT Total;2010 2010;4723
147 Frederiksberg;TOT Total;H70 H70 Masters programs;TOT Age, total;TOT Total;2010 2010;14445
147 Frederiksberg;TOT Total;H80 H80 PhD programs;TOT Age, total;TOT Total;2010 2010;1016
147 Frederiksberg;TOT Total;TOT Total;TOT Age, total;TOT Total;2010 2010;73346
151 Ballerup;TOT Total;H40 H40 Short cycle higher education;TOT Age, total;TOT Total;2010 2010;1372
151 Ballerup;TOT Total;H50 H50 Vocational bachelors educations;TOT Age, total;TOT Total;2010 2010;4115
151 Ballerup;TOT Total;H60 H60 Bachelors programs;TOT Age, total;TOT Total;2010 2010;321
151 Ballerup;TOT Total;H70 H70 Masters programs;TOT Age, total;TOT Total;2010 2010;2007
151 Ballerup;TOT Total;H80 H80 PhD programs;TOT Age, total;TOT Total;2010 2010;221
151 Ballerup;TOT Total;TOT Total;TOT Age, total;TOT Total;2010 2010;32969
153 Brøndby;TOT Total;H40 H40 Short cycle higher education;TOT Age, total;TOT Total;2010 2010;972
153 Brøndby;TOT Total;H50 H50 Vocational bachelors educations;TOT Age, total;TOT Total;2010 2010;2157
153 Brøndby;TOT Total;H60 H60 Bachelors programs;TOT Age, total;TOT Total;2010 2010;222
153 Brøndby;TOT Total;H70 H70 Masters programs;TOT Age, total;TOT Total;2010 2010;914
153 Brøndby;TOT Total;H80 H80 PhD programs;TOT Age, total;TOT Total;2010 2010;43
153 Brøndby;TOT Total;TOT Total;TOT Age, total;TOT Total;2010 2010;23781
155 Dragør;TOT Total;H40 H40 Short cycle higher education;TOT Age, total;TOT Total;2010 2010;479
155 Dragør;TOT Total;H50 H50 Vocational bachelors educations;TOT Age, total;TOT Total;2010 2010;1328
155 Dragør;TOT Total;H60 H60 Bachelors programs;TOT Age, total;TOT Total;2010 2010;126
155 Dragør;TOT Total;H70 H70 Masters programs;TOT Age, total;TOT Total;2010 2010;856
155 Dragør;TOT Total;H80 H80 PhD programs;TOT Age, total;TOT Total;2010 2010;51
155 Dragør;TOT Total;TOT Total;TOT Age, total;TOT Total;2010 2010;9239
157 Gentofte;TOT Total;H40 H40 Short cycle higher education;TOT Age, total;TOT Total;2010 2010;2178
157 Gentofte;TOT Total;H50 H50 Vocational bachelors educations;TOT Age, total;TOT Total;2010 2010;8019
157 Gentofte;TOT Total;H60 H60 Bachelors programs;TOT Age, total;TOT Total;2010 2010;1532
157 Gentofte;TOT Total;H70 H70 Masters programs;TOT Age, total;TOT Total;2010 2010;11036
157 Gentofte;TOT Total;H80 H80 PhD programs;TOT Age, total;TOT Total;2010 2010;873
157 Gentofte;TOT Total;TOT Total;TOT Age, total;TOT Total;2010 2010;49151
159 Gladsaxe;TOT Total;H40 H40 Short cycle higher education;TOT Age, total;TOT Total;2010 2010;2034
159 Gladsaxe;TOT Total;H50 H50 Vocational bachelors educations;TOT Age, total;TOT Total;2010 2010;6505
159 Gladsaxe;TOT Total;H60 H60 Bachelors programs;TOT Age, total;TOT Total;2010 2010;924
159 Gladsaxe;TOT Total;H70 H70 Masters programs;TOT Age, total;TOT Total;2010 2010;4719
159 Gladsaxe;TOT Total;H80 H80 PhD programs;TOT Age, total;TOT Total;2010 2010;538
159 Gladsaxe;TOT Total;TOT Total;TOT Age, total;TOT Total;2010 2010;45205
161 Glostrup;TOT Total;H40 H40 Short cycle higher education;TOT Age, total;TOT Total;2010 2010;689
161 Glostrup;TOT Total;H50 H50 Vocational bachelors educations;TOT Age, total;TOT Total;2010 2010;1667
161 Glostrup;TOT Total;H60 H60 Bachelors programs;TOT Age, total;TOT Total;2010 2010;163
161 Glostrup;TOT Total;H70 H70 Masters programs;TOT Age, total;TOT Total;2010 2010;685
161 Glostrup;TOT Total;H80 H80 PhD programs;TOT Age, total;TOT Total;2010 2010;40
161 Glostrup;TOT Total;TOT Total;TOT Age, total;TOT Total;2010 2010;15052
163 Herlev;TOT Total;H40 H40 Short cycle higher education;TOT Age, total;TOT Total;2010 2010;784
163 Herlev;TOT Total;H50 H50 Vocational bachelors educations;TOT Age, total;TOT Total;2010 2010;2416
163 Herlev;TOT Total;H60 H60 Bachelors programs;TOT Age, total;TOT Total;2010 2010;201
163 Herlev;TOT Total;H70 H70 Masters programs;TOT Age, total;TOT Total;2010 2010;1091
163 Herlev;TOT Total;H80 H80 PhD programs;TOT Age, total;TOT Total;2010 2010;93
163 Herlev;TOT Total;TOT Total;TOT Age, total;TOT Total;2010 2010;18388
165 Albertslund;TOT Total;H40 H40 Short cycle higher education;TOT Age, total;TOT Total;2010 2010;800
165 Albertslund;TOT Total;H50 H50 Vocational bachelors educations;TOT Age, total;TOT Total;2010 2010;2664
165 Albertslund;TOT Total;H60 H60 Bachelors programs;TOT Age, total;TOT Total;2010 2010;275
165 Albertslund;TOT Total;H70 H70 Masters programs;TOT Age, total;TOT Total;2010 2010;1058
165 Albertslund;TOT Total;H80 H80 PhD programs;TOT Age, total;TOT Total;2010 2010;58
165 Albertslund;TOT Total;TOT Total;TOT Age, total;TOT Total;2010 2010;20040
167 Hvidovre;TOT Total;H40 H40 Short cycle higher education;TOT Age, total;TOT Total;2010 2010;1522
167 Hvidovre;TOT Total;H50 H50 Vocational bachelors educations;TOT Age, total;TOT Total;2010 2010;3755
167 Hvidovre;TOT Total;H60 H60 Bachelors programs;TOT Age, total;TOT Total;2010 2010;481
167 Hvidovre;TOT Total;H70 H70 Masters programs;TOT Age, total;TOT Total;2010 2010;1709
167 Hvidovre;TOT Total;H80 H80 PhD programs;TOT Age, total;TOT Total;2010 2010;123
167 Hvidovre;TOT Total;TOT Total;TOT Age, total;TOT Total;2010 2010;35149
169 Høje-Taastrup;TOT Total;H40 H40 Short cycle higher education;TOT Age, total;TOT Total;2010 2010;1561
169 Høje-Taastrup;TOT Total;H50 H50 Vocational bachelors educations;TOT Age, total;TOT Total;2010 2010;3402
169 Høje-Taastrup;TOT Total;H60 H60 Bachelors programs;TOT Age, total;TOT Total;2010 2010;313
169 Høje-Taastrup;TOT Total;H70 H70 Masters programs;TOT Age, total;TOT Total;2010 2010;1536
169 Høje-Taastrup;TOT Total;H80 H80 PhD programs;TOT Age, total;TOT Total;2010 2010;132
169 Høje-Taastrup;TOT Total;TOT Total;TOT Age, total;TOT Total;2010 2010;34003
173 Lyngby-Taarbæk;TOT Total;H40 H40 Short cycle higher education;TOT Age, total;TOT Total;2010 2010;1553
173 Lyngby-Taarbæk;TOT Total;H50 H50 Vocational bachelors educations;TOT Age, total;TOT Total;2010 2010;5846
173 Lyngby-Taarbæk;TOT Total;H60 H60 Bachelors programs;TOT Age, total;TOT Total;2010 2010;1257
173 Lyngby-Taarbæk;TOT Total;H70 H70 Masters programs;TOT Age, total;TOT Total;2010 2010;6826
173 Lyngby-Taarbæk;TOT Total;H80 H80 PhD programs;TOT Age, total;TOT Total;2010 2010;679
173 Lyngby-Taarbæk;TOT Total;TOT Total;TOT Age, total;TOT Total;2010 2010;35942
175 Rødovre;TOT Total;H40 H40 Short cycle higher education;TOT Age, total;TOT Total;2010 2010;1028
175 Rødovre;TOT Total;H50 H50 Vocational bachelors educations;TOT Age, total;TOT Total;2010 2010;2949
175 Rødovre;TOT Total;H60 H60 Bachelors programs;TOT Age, total;TOT Total;2010 2010;352
175 Rødovre;TOT Total;H70 H70 Masters programs;TOT Age, total;TOT Total;2010 2010;1427
175 Rødovre;TOT Total;H80 H80 PhD programs;TOT Age, total;TOT Total;2010 2010;125
175 Rødovre;TOT Total;TOT Total;TOT Age, total;TOT Total;2010 2010;25131
183 Ishøj;TOT Total;H40 H40 Short cycle higher education;TOT Age, total;TOT Total;2010 2010;563
183 Ishøj;TOT Total;H50 H50 Vocational bachelors educations;TOT Age, total;TOT Total;2010 2010;1176
183 Ishøj;TOT Total;H60 H60 Bachelors programs;TOT Age, total;TOT Total;2010 2010;114
183 Ishøj;TOT Total;H70 H70 Masters programs;TOT Age, total;TOT Total;2010 2010;477
183 Ishøj;TOT Total;H80 H80 PhD programs;TOT Age, total;TOT Total;2010 2010;29
183 Ishøj;TOT Total;TOT Total;TOT Age, total;TOT Total;2010 2010;15187
185 Tårnby;TOT Total;H40 H40 Short cycle higher education;TOT Age, total;TOT Total;2010 2010;1241
185 Tårnby;TOT Total;H50 H50 Vocational bachelors educations;TOT Age, total;TOT Total;2010 2010;2579
185 Tårnby;TOT Total;H60 H60 Bachelors programs;TOT Age, total;TOT Total;2010 2010;294
185 Tårnby;TOT Total;H70 H70 Masters programs;TOT Age, total;TOT Total;2010 2010;1120
185 Tårnby;TOT Total;H80 H80 PhD programs;TOT Age, total;TOT Total;2010 2010;63
185 Tårnby;TOT Total;TOT Total;TOT Age, total;TOT Total;2010 2010;28398
187 Vallensbæk;TOT Total;H40 H40 Short cycle higher education;TOT Age, total;TOT Total;2010 2010;550
187 Vallensbæk;TOT Total;H50 H50 Vocational bachelors educations;TOT Age, total;TOT Total;2010 2010;1277
187 Vallensbæk;TOT Total;H60 H60 Bachelors programs;TOT Age, total;TOT Total;2010 2010;127
187 Vallensbæk;TOT Total;H70 H70 Masters programs;TOT Age, total;TOT Total;2010 2010;631
187 Vallensbæk;TOT Total;H80 H80 PhD programs;TOT Age, total;TOT Total;2010 2010;34
187 Vallensbæk;TOT Total;TOT Total;TOT Age, total;TOT Total;2010 2010;10158
190 Furesø;TOT Total;H40 H40 Short cycle higher education;TOT Age, total;TOT Total;2010 2010;1192
190 Furesø;TOT Total;H50 H50 Vocational bachelors educations;TOT Age, total;TOT Total;2010 2010;4719
190 Furesø;TOT Total;H60 H60 Bachelors programs;TOT Age, total;TOT Total;2010 2010;411
190 Furesø;TOT Total;H70 H70 Masters programs;TOT Age, total;TOT Total;2010 2010;3887
190 Furesø;TOT Total;H80 H80 PhD programs;TOT Age, total;TOT Total;2010 2010;438
190 Furesø;TOT Total;TOT Total;TOT Age, total;TOT Total;2010 2010;25672
201 Allerød;TOT Total;H40 H40 Short cycle higher education;TOT Age, total;TOT Total;2010 2010;928
201 Allerød;TOT Total;H50 H50 Vocational bachelors educations;TOT Age, total;TOT Total;2010 2010;2858
201 Allerød;TOT Total;H60 H60 Bachelors programs;TOT Age, total;TOT Total;2010 2010;238
201 Allerød;TOT Total;H70 H70 Masters programs;TOT Age, total;TOT Total;2010 2010;2197
201 Allerød;TOT Total;H80 H80 PhD programs;TOT Age, total;TOT Total;2010 2010;251
201 Allerød;TOT Total;TOT Total;TOT Age, total;TOT Total;2010 2010;16268
210 Fredensborg;TOT Total;H40 H40 Short cycle higher education;TOT Age, total;TOT Total;2010 2010;1307
210 Fredensborg;TOT Total;H50 H50 Vocational bachelors educations;TOT Age, total;TOT Total;2010 2010;4348
210 Fredensborg;TOT Total;H60 H60 Bachelors programs;TOT Age, total;TOT Total;2010 2010;441
210 Fredensborg;TOT Total;H70 H70 Masters programs;TOT Age, total;TOT Total;2010 2010;2901
210 Fredensborg;TOT Total;H80 H80 PhD programs;TOT Age, total;TOT Total;2010 2010;253
210 Fredensborg;TOT Total;TOT Total;TOT Age, total;TOT Total;2010 2010;27515
217 Helsingør;TOT Total;H40 H40 Short cycle higher education;TOT Age, total;TOT Total;2010 2010;1903
217 Helsingør;TOT Total;H50 H50 Vocational bachelors educations;TOT Age, total;TOT Total;2010 2010;6358
217 Helsingør;TOT Total;H60 H60 Bachelors programs;TOT Age, total;TOT Total;2010 2010;511
217 Helsingør;TOT Total;H70 H70 Masters programs;TOT Age, total;TOT Total;2010 2010;2977
217 Helsingør;TOT Total;H80 H80 PhD programs;TOT Age, total;TOT Total;2010 2010;183
217 Helsingør;TOT Total;TOT Total;TOT Age, total;TOT Total;2010 2010;42462
219 Hillerød;TOT Total;H40 H40 Short cycle higher education;TOT Age, total;TOT Total;2010 2010;1709
219 Hillerød;TOT Total;H50 H50 Vocational bachelors educations;TOT Age, total;TOT Total;2010 2010;5479
219 Hillerød;TOT Total;H60 H60 Bachelors programs;TOT Age, total;TOT Total;2010 2010;369
219 Hillerød;TOT Total;H70 H70 Masters programs;TOT Age, total;TOT Total;2010 2010;3030
219 Hillerød;TOT Total;H80 H80 PhD programs;TOT Age, total;TOT Total;2010 2010;276
219 Hillerød;TOT Total;TOT Total;TOT Age, total;TOT Total;2010 2010;32857
223 Hørsholm;TOT Total;H40 H40 Short cycle higher education;TOT Age, total;TOT Total;2010 2010;798
223 Hørsholm;TOT Total;H50 H50 Vocational bachelors educations;TOT Age, total;TOT Total;2010 2010;2677
223 Hørsholm;TOT Total;H60 H60 Bachelors programs;TOT Age, total;TOT Total;2010 2010;346
223 Hørsholm;TOT Total;H70 H70 Masters programs;TOT Age, total;TOT Total;2010 2010;2837
223 Hørsholm;TOT Total;H80 H80 PhD programs;TOT Age, total;TOT Total;2010 2010;211
223 Hørsholm;TOT Total;TOT Total;TOT Age, total;TOT Total;2010 2010;16081
230 Rudersdal;TOT Total;H40 H40 Short cycle higher education;TOT Age, total;TOT Total;2010 2010;1545
230 Rudersdal;TOT Total;H50 H50 Vocational bachelors educations;TOT Age, total;TOT Total;2010 2010;5997
230 Rudersdal;TOT Total;H60 H60 Bachelors programs;TOT Age, total;TOT Total;2010 2010;1028
230 Rudersdal;TOT Total;H70 H70 Masters programs;TOT Age, total;TOT Total;2010 2010;7327
230 Rudersdal;TOT Total;H80 H80 PhD programs;TOT Age, total;TOT Total;2010 2010;693
230 Rudersdal;TOT Total;TOT Total;TOT Age, total;TOT Total;2010 2010;36053
240 Egedal;TOT Total;H40 H40 Short cycle higher education;TOT Age, total;TOT Total;2010 2010;1723
240 Egedal;TOT Total;H50 H50 Vocational bachelors educations;TOT Age, total;TOT Total;2010 2010;4070
240 Egedal;TOT Total;H60 H60 Bachelors programs;TOT Age, total;TOT Total;2010 2010;293
240 Egedal;TOT Total;H70 H70 Masters programs;TOT Age, total;TOT Total;2010 2010;1965
240 Egedal;TOT Total;H80 H80 PhD programs;TOT Age, total;TOT Total;2010 2010;197
240 Egedal;TOT Total;TOT Total;TOT Age, total;TOT Total;2010 2010;28921
250 Frederikssund;TOT Total;H40 H40 Short cycle higher education;TOT Age, total;TOT Total;2010 2010;1452
250 Frederikssund;TOT Total;H50 H50 Vocational bachelors educations;TOT Age, total;TOT Total;2010 2010;4277
250 Frederikssund;TOT Total;H60 H60 Bachelors programs;TOT Age, total;TOT Total;2010 2010;237
250 Frederikssund;TOT Total;H70 H70 Masters programs;TOT Age, total;TOT Total;2010 2010;1392
250 Frederikssund;TOT Total;H80 H80 PhD programs;TOT Age, total;TOT Total;2010 2010;106
250 Frederikssund;TOT Total;TOT Total;TOT Age, total;TOT Total;2010 2010;30896
253 Greve;TOT Total;H40 H40 Short cycle higher education;TOT Age, total;TOT Total;2010 2010;1705
253 Greve;TOT Total;H50 H50 Vocational bachelors educations;TOT Age, total;TOT Total;2010 2010;3796
253 Greve;TOT Total;H60 H60 Bachelors programs;TOT Age, total;TOT Total;2010 2010;310
253 Greve;TOT Total;H70 H70 Masters programs;TOT Age, total;TOT Total;2010 2010;1647
253 Greve;TOT Total;H80 H80 PhD programs;TOT Age, total;TOT Total;2010 2010;90
253 Greve;TOT Total;TOT Total;TOT Age, total;TOT Total;2010 2010;34043
259 Køge;TOT Total;H40 H40 Short cycle higher education;TOT Age, total;TOT Total;2010 2010;1889
259 Køge;TOT Total;H50 H50 Vocational bachelors educations;TOT Age, total;TOT Total;2010 2010;4513
259 Køge;TOT Total;H60 H60 Bachelors programs;TOT Age, total;TOT Total;2010 2010;309
259 Køge;TOT Total;H70 H70 Masters programs;TOT Age, total;TOT Total;2010 2010;1660
259 Køge;TOT Total;H80 H80 PhD programs;TOT Age, total;TOT Total;2010 2010;99
259 Køge;TOT Total;TOT Total;TOT Age, total;TOT Total;2010 2010;40192
260 Halsnæs;TOT Total;H40 H40 Short cycle higher education;TOT Age, total;TOT Total;2010 2010;847
260 Halsnæs;TOT Total;H50 H50 Vocational bachelors educations;TOT Age, total;TOT Total;2010 2010;2727
260 Halsnæs;TOT Total;H60 H60 Bachelors programs;TOT Age, total;TOT Total;2010 2010;143
260 Halsnæs;TOT Total;H70 H70 Masters programs;TOT Age, total;TOT Total;2010 2010;690
260 Halsnæs;TOT Total;H80 H80 PhD programs;TOT Age, total;TOT Total;2010 2010;46
260 Halsnæs;TOT Total;TOT Total;TOT Age, total;TOT Total;2010 2010;21794
265 Roskilde;TOT Total;H40 H40 Short cycle higher education;TOT Age, total;TOT Total;2010 2010;2983
265 Roskilde;TOT Total;H50 H50 Vocational bachelors educations;TOT Age, total;TOT Total;2010 2010;8748
265 Roskilde;TOT Total;H60 H60 Bachelors programs;TOT Age, total;TOT Total;2010 2010;889
265 Roskilde;TOT Total;H70 H70 Masters programs;TOT Age, total;TOT Total;2010 2010;5227
265 Roskilde;TOT Total;H80 H80 PhD programs;TOT Age, total;TOT Total;2010 2010;511
265 Roskilde;TOT Total;TOT Total;TOT Age, total;TOT Total;2010 2010;58264
269 Solrød;TOT Total;H40 H40 Short cycle higher education;TOT Age, total;TOT Total;2010 2010;840
269 Solrød;TOT Total;H50 H50 Vocational bachelors educations;TOT Age, total;TOT Total;2010 2010;1866
269 Solrød;TOT Total;H60 H60 Bachelors programs;TOT Age, total;TOT Total;2010 2010;139
269 Solrød;TOT Total;H70 H70 Masters programs;TOT Age, total;TOT Total;2010 2010;819
269 Solrød;TOT Total;H80 H80 PhD programs;TOT Age, total;TOT Total;2010 2010;38
269 Solrød;TOT Total;TOT Total;TOT Age, total;TOT Total;2010 2010;14786
270 Gribskov;TOT Total;H40 H40 Short cycle higher education;TOT Age, total;TOT Total;2010 2010;1193
270 Gribskov;TOT Total;H50 H50 Vocational bachelors educations;TOT Age, total;TOT Total;2010 2010;3978
270 Gribskov;TOT Total;H60 H60 Bachelors programs;TOT Age, total;TOT Total;2010 2010;253
270 Gribskov;TOT Total;H70 H70 Masters programs;TOT Age, total;TOT Total;2010 2010;1399
270 Gribskov;TOT Total;H80 H80 PhD programs;TOT Age, total;TOT Total;2010 2010;87
270 Gribskov;TOT Total;TOT Total;TOT Age, total;TOT Total;2010 2010;28629
306 Odsherred;TOT Total;H40 H40 Short cycle higher education;TOT Age, total;TOT Total;2010 2010;717
306 Odsherred;TOT Total;H50 H50 Vocational bachelors educations;TOT Age, total;TOT Total;2010 2010;2556
306 Odsherred;TOT Total;H60 H60 Bachelors programs;TOT Age, total;TOT Total;2010 2010;98
306 Odsherred;TOT Total;H70 H70 Masters programs;TOT Age, total;TOT Total;2010 2010;611
306 Odsherred;TOT Total;H80 H80 PhD programs;TOT Age, total;TOT Total;2010 2010;21
306 Odsherred;TOT Total;TOT Total;TOT Age, total;TOT Total;2010 2010;22958
316 Holbæk;TOT Total;H40 H40 Short cycle higher education;TOT Age, total;TOT Total;2010 2010;2046
316 Holbæk;TOT Total;H50 H50 Vocational bachelors educations;TOT Age, total;TOT Total;2010 2010;6822
316 Holbæk;TOT Total;H60 H60 Bachelors programs;TOT Age, total;TOT Total;2010 2010;320
316 Holbæk;TOT Total;H70 H70 Masters programs;TOT Age, total;TOT Total;2010 2010;1915
316 Holbæk;TOT Total;H80 H80 PhD programs;TOT Age, total;TOT Total;2010 2010;102
316 Holbæk;TOT Total;TOT Total;TOT Age, total;TOT Total;2010 2010;49134
320 Faxe;TOT Total;H40 H40 Short cycle higher education;TOT Age, total;TOT Total;2010 2010;982
320 Faxe;TOT Total;H50 H50 Vocational bachelors educations;TOT Age, total;TOT Total;2010 2010;2939
320 Faxe;TOT Total;H60 H60 Bachelors programs;TOT Age, total;TOT Total;2010 2010;116
320 Faxe;TOT Total;H70 H70 Masters programs;TOT Age, total;TOT Total;2010 2010;725
320 Faxe;TOT Total;H80 H80 PhD programs;TOT Age, total;TOT Total;2010 2010;27
320 Faxe;TOT Total;TOT Total;TOT Age, total;TOT Total;2010 2010;24851
326 Kalundborg;TOT Total;H40 H40 Short cycle higher education;TOT Age, total;TOT Total;2010 2010;1407
326 Kalundborg;TOT Total;H50 H50 Vocational bachelors educations;TOT Age, total;TOT Total;2010 2010;3757
326 Kalundborg;TOT Total;H60 H60 Bachelors programs;TOT Age, total;TOT Total;2010 2010;119
326 Kalundborg;TOT Total;H70 H70 Masters programs;TOT Age, total;TOT Total;2010 2010;843
326 Kalundborg;TOT Total;H80 H80 PhD programs;TOT Age, total;TOT Total;2010 2010;32
326 Kalundborg;TOT Total;TOT Total;TOT Age, total;TOT Total;2010 2010;34350
329 Ringsted;TOT Total;H40 H40 Short cycle higher education;TOT Age, total;TOT Total;2010 2010;1037
329 Ringsted;TOT Total;H50 H50 Vocational bachelors educations;TOT Age, total;TOT Total;2010 2010;2612
329 Ringsted;TOT Total;H60 H60 Bachelors programs;TOT Age, total;TOT Total;2010 2010;183
329 Ringsted;TOT Total;H70 H70 Masters programs;TOT Age, total;TOT Total;2010 2010;932
329 Ringsted;TOT Total;H80 H80 PhD programs;TOT Age, total;TOT Total;2010 2010;69
329 Ringsted;TOT Total;TOT Total;TOT Age, total;TOT Total;2010 2010;23115
330 Slagelse;TOT Total;H40 H40 Short cycle higher education;TOT Age, total;TOT Total;2010 2010;2265
330 Slagelse;TOT Total;H50 H50 Vocational bachelors educations;TOT Age, total;TOT Total;2010 2010;6676
330 Slagelse;TOT Total;H60 H60 Bachelors programs;TOT Age, total;TOT Total;2010 2010;408
330 Slagelse;TOT Total;H70 H70 Masters programs;TOT Age, total;TOT Total;2010 2010;1498
330 Slagelse;TOT Total;H80 H80 PhD programs;TOT Age, total;TOT Total;2010 2010;66
330 Slagelse;TOT Total;TOT Total;TOT Age, total;TOT Total;2010 2010;54834
336 Stevns;TOT Total;H40 H40 Short cycle higher education;TOT Age, total;TOT Total;2010 2010;626
336 Stevns;TOT Total;H50 H50 Vocational bachelors educations;TOT Age, total;TOT Total;2010 2010;1776
336 Stevns;TOT Total;H60 H60 Bachelors programs;TOT Age, total;TOT Total;2010 2010;90
336 Stevns;TOT Total;H70 H70 Masters programs;TOT Age, total;TOT Total;2010 2010;522
336 Stevns;TOT Total;H80 H80 PhD programs;TOT Age, total;TOT Total;2010 2010;44
336 Stevns;TOT Total;TOT Total;TOT Age, total;TOT Total;2010 2010;15348
340 Sorø;TOT Total;H40 H40 Short cycle higher education;TOT Age, total;TOT Total;2010 2010;815
340 Sorø;TOT Total;H50 H50 Vocational bachelors educations;TOT Age, total;TOT Total;2010 2010;2593
340 Sorø;TOT Total;H60 H60 Bachelors programs;TOT Age, total;TOT Total;2010 2010;159
340 Sorø;TOT Total;H70 H70 Masters programs;TOT Age, total;TOT Total;2010 2010;1046
340 Sorø;TOT Total;H80 H80 PhD programs;TOT Age, total;TOT Total;2010 2010;62
340 Sorø;TOT Total;TOT Total;TOT Age, total;TOT Total;2010 2010;20542
350 Lejre;TOT Total;H40 H40 Short cycle higher education;TOT Age, total;TOT Total;2010 2010;1003
350 Lejre;TOT Total;H50 H50 Vocational bachelors educations;TOT Age, total;TOT Total;2010 2010;2619
350 Lejre;TOT Total;H60 H60 Bachelors programs;TOT Age, total;TOT Total;2010 2010;171
350 Lejre;TOT Total;H70 H70 Masters programs;TOT Age, total;TOT Total;2010 2010;1343
350 Lejre;TOT Total;H80 H80 PhD programs;TOT Age, total;TOT Total;2010 2010;129
350 Lejre;TOT Total;TOT Total;TOT Age, total;TOT Total;2010 2010;18620
360 Lolland;TOT Total;H40 H40 Short cycle higher education;TOT Age, total;TOT Total;2010 2010;822
360 Lolland;TOT Total;H50 H50 Vocational bachelors educations;TOT Age, total;TOT Total;2010 2010;3075
360 Lolland;TOT Total;H60 H60 Bachelors programs;TOT Age, total;TOT Total;2010 2010;112
360 Lolland;TOT Total;H70 H70 Masters programs;TOT Age, total;TOT Total;2010 2010;572
360 Lolland;TOT Total;H80 H80 PhD programs;TOT Age, total;TOT Total;2010 2010;19
360 Lolland;TOT Total;TOT Total;TOT Age, total;TOT Total;2010 2010;32213
370 Næstved;TOT Total;H40 H40 Short cycle higher education;TOT Age, total;TOT Total;2010 2010;2397
370 Næstved;TOT Total;H50 H50 Vocational bachelors educations;TOT Age, total;TOT Total;2010 2010;7739
370 Næstved;TOT Total;H60 H60 Bachelors programs;TOT Age, total;TOT Total;2010 2010;340
370 Næstved;TOT Total;H70 H70 Masters programs;TOT Age, total;TOT Total;2010 2010;1856
370 Næstved;TOT Total;H80 H80 PhD programs;TOT Age, total;TOT Total;2010 2010;76
370 Næstved;TOT Total;TOT Total;TOT Age, total;TOT Total;2010 2010;57320
376 Guldborgsund;TOT Total;H40 H40 Short cycle higher education;TOT Age, total;TOT Total;2010 2010;1471
376 Guldborgsund;TOT Total;H50 H50 Vocational bachelors educations;TOT Age, total;TOT Total;2010 2010;5330
376 Guldborgsund;TOT Total;H60 H60 Bachelors programs;TOT Age, total;TOT Total;2010 2010;211
376 Guldborgsund;TOT Total;H70 H70 Masters programs;TOT Age, total;TOT Total;2010 2010;1202
376 Guldborgsund;TOT Total;H80 H80 PhD programs;TOT Age, total;TOT Total;2010 2010;31
376 Guldborgsund;TOT Total;TOT Total;TOT Age, total;TOT Total;2010 2010;43879
390 Vordingborg;TOT Total;H40 H40 Short cycle higher education;TOT Age, total;TOT Total;2010 2010;1093
390 Vordingborg;TOT Total;H50 H50 Vocational bachelors educations;TOT Age, total;TOT Total;2010 2010;4245
390 Vordingborg;TOT Total;H60 H60 Bachelors programs;TOT Age, total;TOT Total;2010 2010;181
390 Vordingborg;TOT Total;H70 H70 Masters programs;TOT Age, total;TOT Total;2010 2010;1107
390 Vordingborg;TOT Total;H80 H80 PhD programs;TOT Age, total;TOT Total;2010 2010;50
390 Vordingborg;TOT Total;TOT Total;TOT Age, total;TOT Total;2010 2010;32136
400 Bornholm;TOT Total;H40 H40 Short cycle higher education;TOT Age, total;TOT Total;2010 2010;881
400 Bornholm;TOT Total;H50 H50 Vocational bachelors educations;TOT Age, total;TOT Total;2010 2010;3461
400 Bornholm;TOT Total;H60 H60 Bachelors programs;TOT Age, total;TOT Total;2010 2010;167
400 Bornholm;TOT Total;H70 H70 Masters programs;TOT Age, total;TOT Total;2010 2010;801
400 Bornholm;TOT Total;H80 H80 PhD programs;TOT Age, total;TOT Total;2010 2010;24
400 Bornholm;TOT Total;TOT Total;TOT Age, total;TOT Total;2010 2010;29149
410 Middelfart;TOT Total;H40 H40 Short cycle higher education;TOT Age, total;TOT Total;2010 2010;1092
410 Middelfart;TOT Total;H50 H50 Vocational bachelors educations;TOT Age, total;TOT Total;2010 2010;3729
410 Middelfart;TOT Total;H60 H60 Bachelors programs;TOT Age, total;TOT Total;2010 2010;173
410 Middelfart;TOT Total;H70 H70 Masters programs;TOT Age, total;TOT Total;2010 2010;1139
410 Middelfart;TOT Total;H80 H80 PhD programs;TOT Age, total;TOT Total;2010 2010;47
410 Middelfart;TOT Total;TOT Total;TOT Age, total;TOT Total;2010 2010;25828
420 Assens;TOT Total;H40 H40 Short cycle higher education;TOT Age, total;TOT Total;2010 2010;1219
420 Assens;TOT Total;H50 H50 Vocational bachelors educations;TOT Age, total;TOT Total;2010 2010;3571
420 Assens;TOT Total;H60 H60 Bachelors programs;TOT Age, total;TOT Total;2010 2010;170
420 Assens;TOT Total;H70 H70 Masters programs;TOT Age, total;TOT Total;2010 2010;960
420 Assens;TOT Total;H80 H80 PhD programs;TOT Age, total;TOT Total;2010 2010;49
420 Assens;TOT Total;TOT Total;TOT Age, total;TOT Total;2010 2010;28716
430 Faaborg-Midtfyn;TOT Total;H40 H40 Short cycle higher education;TOT Age, total;TOT Total;2010 2010;1573
430 Faaborg-Midtfyn;TOT Total;H50 H50 Vocational bachelors educations;TOT Age, total;TOT Total;2010 2010;4560
430 Faaborg-Midtfyn;TOT Total;H60 H60 Bachelors programs;TOT Age, total;TOT Total;2010 2010;220
430 Faaborg-Midtfyn;TOT Total;H70 H70 Masters programs;TOT Age, total;TOT Total;2010 2010;1179
430 Faaborg-Midtfyn;TOT Total;H80 H80 PhD programs;TOT Age, total;TOT Total;2010 2010;65
430 Faaborg-Midtfyn;TOT Total;TOT Total;TOT Age, total;TOT Total;2010 2010;35504
440 Kerteminde;TOT Total;H40 H40 Short cycle higher education;TOT Age, total;TOT Total;2010 2010;605
440 Kerteminde;TOT Total;H50 H50 Vocational bachelors educations;TOT Age, total;TOT Total;2010 2010;2106
440 Kerteminde;TOT Total;H60 H60 Bachelors programs;TOT Age, total;TOT Total;2010 2010;96
440 Kerteminde;TOT Total;H70 H70 Masters programs;TOT Age, total;TOT Total;2010 2010;535
440 Kerteminde;TOT Total;H80 H80 PhD programs;TOT Age, total;TOT Total;2010 2010;33
440 Kerteminde;TOT Total;TOT Total;TOT Age, total;TOT Total;2010 2010;16301
450 Nyborg;TOT Total;H40 H40 Short cycle higher education;TOT Age, total;TOT Total;2010 2010;906
450 Nyborg;TOT Total;H50 H50 Vocational bachelors educations;TOT Age, total;TOT Total;2010 2010;2787
450 Nyborg;TOT Total;H60 H60 Bachelors programs;TOT Age, total;TOT Total;2010 2010;119
450 Nyborg;TOT Total;H70 H70 Masters programs;TOT Age, total;TOT Total;2010 2010;726
450 Nyborg;TOT Total;H80 H80 PhD programs;TOT Age, total;TOT Total;2010 2010;55
450 Nyborg;TOT Total;TOT Total;TOT Age, total;TOT Total;2010 2010;21810
461 Odense;TOT Total;H40 H40 Short cycle higher education;TOT Age, total;TOT Total;2010 2010;5975
461 Odense;TOT Total;H50 H50 Vocational bachelors educations;TOT Age, total;TOT Total;2010 2010;19388
461 Odense;TOT Total;H60 H60 Bachelors programs;TOT Age, total;TOT Total;2010 2010;3740
461 Odense;TOT Total;H70 H70 Masters programs;TOT Age, total;TOT Total;2010 2010;8601
461 Odense;TOT Total;H80 H80 PhD programs;TOT Age, total;TOT Total;2010 2010;751
461 Odense;TOT Total;TOT Total;TOT Age, total;TOT Total;2010 2010;137951
479 Svendborg;TOT Total;H40 H40 Short cycle higher education;TOT Age, total;TOT Total;2010 2010;1651
479 Svendborg;TOT Total;H50 H50 Vocational bachelors educations;TOT Age, total;TOT Total;2010 2010;7155
479 Svendborg;TOT Total;H60 H60 Bachelors programs;TOT Age, total;TOT Total;2010 2010;259
479 Svendborg;TOT Total;H70 H70 Masters programs;TOT Age, total;TOT Total;2010 2010;1467
479 Svendborg;TOT Total;H80 H80 PhD programs;TOT Age, total;TOT Total;2010 2010;65
479 Svendborg;TOT Total;TOT Total;TOT Age, total;TOT Total;2010 2010;41384
480 Nordfyns;TOT Total;H40 H40 Short cycle higher education;TOT Age, total;TOT Total;2010 2010;834
480 Nordfyns;TOT Total;H50 H50 Vocational bachelors educations;TOT Age, total;TOT Total;2010 2010;2265
480 Nordfyns;TOT Total;H60 H60 Bachelors programs;TOT Age, total;TOT Total;2010 2010;113
480 Nordfyns;TOT Total;H70 H70 Masters programs;TOT Age, total;TOT Total;2010 2010;540
480 Nordfyns;TOT Total;H80 H80 PhD programs;TOT Age, total;TOT Total;2010 2010;35
480 Nordfyns;TOT Total;TOT Total;TOT Age, total;TOT Total;2010 2010;20511
482 Langeland;TOT Total;H40 H40 Short cycle higher education;TOT Age, total;TOT Total;2010 2010;239
482 Langeland;TOT Total;H50 H50 Vocational bachelors educations;TOT Age, total;TOT Total;2010 2010;956
482 Langeland;TOT Total;H60 H60 Bachelors programs;TOT Age, total;TOT Total;2010 2010;39
482 Langeland;TOT Total;H70 H70 Masters programs;TOT Age, total;TOT Total;2010 2010;166
482 Langeland;TOT Total;H80 H80 PhD programs;TOT Age, total;TOT Total;2010 2010;9
482 Langeland;TOT Total;TOT Total;TOT Age, total;TOT Total;2010 2010;9077
492 Ærø;TOT Total;H40 H40 Short cycle higher education;TOT Age, total;TOT Total;2010 2010;202
492 Ærø;TOT Total;H50 H50 Vocational bachelors educations;TOT Age, total;TOT Total;2010 2010;625
492 Ærø;TOT Total;H60 H60 Bachelors programs;TOT Age, total;TOT Total;2010 2010;22
492 Ærø;TOT Total;H70 H70 Masters programs;TOT Age, total;TOT Total;2010 2010;142
492 Ærø;TOT Total;H80 H80 PhD programs;TOT Age, total;TOT Total;2010 2010;4
492 Ærø;TOT Total;TOT Total;TOT Age, total;TOT Total;2010 2010;4499
510 Haderslev;TOT Total;H40 H40 Short cycle higher education;TOT Age, total;TOT Total;2010 2010;1461
510 Haderslev;TOT Total;H50 H50 Vocational bachelors educations;TOT Age, total;TOT Total;2010 2010;5040
510 Haderslev;TOT Total;H60 H60 Bachelors programs;TOT Age, total;TOT Total;2010 2010;224
510 Haderslev;TOT Total;H70 H70 Masters programs;TOT Age, total;TOT Total;2010 2010;1210
510 Haderslev;TOT Total;H80 H80 PhD programs;TOT Age, total;TOT Total;2010 2010;32
510 Haderslev;TOT Total;TOT Total;TOT Age, total;TOT Total;2010 2010;39205
530 Billund;TOT Total;H40 H40 Short cycle higher education;TOT Age, total;TOT Total;2010 2010;754
530 Billund;TOT Total;H50 H50 Vocational bachelors educations;TOT Age, total;TOT Total;2010 2010;1734
530 Billund;TOT Total;H60 H60 Bachelors programs;TOT Age, total;TOT Total;2010 2010;93
530 Billund;TOT Total;H70 H70 Masters programs;TOT Age, total;TOT Total;2010 2010;411
530 Billund;TOT Total;H80 H80 PhD programs;TOT Age, total;TOT Total;2010 2010;10
530 Billund;TOT Total;TOT Total;TOT Age, total;TOT Total;2010 2010;18074
540 Sønderborg;TOT Total;H40 H40 Short cycle higher education;TOT Age, total;TOT Total;2010 2010;2464
540 Sønderborg;TOT Total;H50 H50 Vocational bachelors educations;TOT Age, total;TOT Total;2010 2010;6888
540 Sønderborg;TOT Total;H60 H60 Bachelors programs;TOT Age, total;TOT Total;2010 2010;539
540 Sønderborg;TOT Total;H70 H70 Masters programs;TOT Age, total;TOT Total;2010 2010;2147
540 Sønderborg;TOT Total;H80 H80 PhD programs;TOT Age, total;TOT Total;2010 2010;104
540 Sønderborg;TOT Total;TOT Total;TOT Age, total;TOT Total;2010 2010;52190
550 Tønder;TOT Total;H40 H40 Short cycle higher education;TOT Age, total;TOT Total;2010 2010;930
550 Tønder;TOT Total;H50 H50 Vocational bachelors educations;TOT Age, total;TOT Total;2010 2010;2721
550 Tønder;TOT Total;H60 H60 Bachelors programs;TOT Age, total;TOT Total;2010 2010;82
550 Tønder;TOT Total;H70 H70 Masters programs;TOT Age, total;TOT Total;2010 2010;630
550 Tønder;TOT Total;H80 H80 PhD programs;TOT Age, total;TOT Total;2010 2010;17
550 Tønder;TOT Total;TOT Total;TOT Age, total;TOT Total;2010 2010;27473
561 Esbjerg;TOT Total;H40 H40 Short cycle higher education;TOT Age, total;TOT Total;2010 2010;3367
561 Esbjerg;TOT Total;H50 H50 Vocational bachelors educations;TOT Age, total;TOT Total;2010 2010;11521
561 Esbjerg;TOT Total;H60 H60 Bachelors programs;TOT Age, total;TOT Total;2010 2010;743
561 Esbjerg;TOT Total;H70 H70 Masters programs;TOT Age, total;TOT Total;2010 2010;2657
561 Esbjerg;TOT Total;H80 H80 PhD programs;TOT Age, total;TOT Total;2010 2010;107
561 Esbjerg;TOT Total;TOT Total;TOT Age, total;TOT Total;2010 2010;82627
563 Fanø;TOT Total;H40 H40 Short cycle higher education;TOT Age, total;TOT Total;2010 2010;141
563 Fanø;TOT Total;H50 H50 Vocational bachelors educations;TOT Age, total;TOT Total;2010 2010;566
563 Fanø;TOT Total;H60 H60 Bachelors programs;TOT Age, total;TOT Total;2010 2010;21
563 Fanø;TOT Total;H70 H70 Masters programs;TOT Age, total;TOT Total;2010 2010;123
563 Fanø;TOT Total;H80 H80 PhD programs;TOT Age, total;TOT Total;2010 2010;5
563 Fanø;TOT Total;TOT Total;TOT Age, total;TOT Total;2010 2010;2269
573 Varde;TOT Total;H40 H40 Short cycle higher education;TOT Age, total;TOT Total;2010 2010;1369
573 Varde;TOT Total;H50 H50 Vocational bachelors educations;TOT Age, total;TOT Total;2010 2010;3888
573 Varde;TOT Total;H60 H60 Bachelors programs;TOT Age, total;TOT Total;2010 2010;159
573 Varde;TOT Total;H70 H70 Masters programs;TOT Age, total;TOT Total;2010 2010;861
573 Varde;TOT Total;H80 H80 PhD programs;TOT Age, total;TOT Total;2010 2010;26
573 Varde;TOT Total;TOT Total;TOT Age, total;TOT Total;2010 2010;34529
575 Vejen;TOT Total;H40 H40 Short cycle higher education;TOT Age, total;TOT Total;2010 2010;1151
575 Vejen;TOT Total;H50 H50 Vocational bachelors educations;TOT Age, total;TOT Total;2010 2010;2973
575 Vejen;TOT Total;H60 H60 Bachelors programs;TOT Age, total;TOT Total;2010 2010;145
575 Vejen;TOT Total;H70 H70 Masters programs;TOT Age, total;TOT Total;2010 2010;695
575 Vejen;TOT Total;H80 H80 PhD programs;TOT Age, total;TOT Total;2010 2010;18
575 Vejen;TOT Total;TOT Total;TOT Age, total;TOT Total;2010 2010;29043
580 Aabenraa;TOT Total;H40 H40 Short cycle higher education;TOT Age, total;TOT Total;2010 2010;1547
580 Aabenraa;TOT Total;H50 H50 Vocational bachelors educations;TOT Age, total;TOT Total;2010 2010;4579
580 Aabenraa;TOT Total;H60 H60 Bachelors programs;TOT Age, total;TOT Total;2010 2010;209
580 Aabenraa;TOT Total;H70 H70 Masters programs;TOT Age, total;TOT Total;2010 2010;1259
580 Aabenraa;TOT Total;H80 H80 PhD programs;TOT Age, total;TOT Total;2010 2010;36
580 Aabenraa;TOT Total;TOT Total;TOT Age, total;TOT Total;2010 2010;41689
607 Fredericia;TOT Total;H40 H40 Short cycle higher education;TOT Age, total;TOT Total;2010 2010;1426
607 Fredericia;TOT Total;H50 H50 Vocational bachelors educations;TOT Age, total;TOT Total;2010 2010;4344
607 Fredericia;TOT Total;H60 H60 Bachelors programs;TOT Age, total;TOT Total;2010 2010;275
607 Fredericia;TOT Total;H70 H70 Masters programs;TOT Age, total;TOT Total;2010 2010;1192
607 Fredericia;TOT Total;H80 H80 PhD programs;TOT Age, total;TOT Total;2010 2010;49
607 Fredericia;TOT Total;TOT Total;TOT Age, total;TOT Total;2010 2010;35226
615 Horsens;TOT Total;H40 H40 Short cycle higher education;TOT Age, total;TOT Total;2010 2010;2873
615 Horsens;TOT Total;H50 H50 Vocational bachelors educations;TOT Age, total;TOT Total;2010 2010;7870
615 Horsens;TOT Total;H60 H60 Bachelors programs;TOT Age, total;TOT Total;2010 2010;386
615 Horsens;TOT Total;H70 H70 Masters programs;TOT Age, total;TOT Total;2010 2010;2203
615 Horsens;TOT Total;H80 H80 PhD programs;TOT Age, total;TOT Total;2010 2010;88
615 Horsens;TOT Total;TOT Total;TOT Age, total;TOT Total;2010 2010;58592
621 Kolding;TOT Total;H40 H40 Short cycle higher education;TOT Age, total;TOT Total;2010 2010;3050
621 Kolding;TOT Total;H50 H50 Vocational bachelors educations;TOT Age, total;TOT Total;2010 2010;8186
621 Kolding;TOT Total;H60 H60 Bachelors programs;TOT Age, total;TOT Total;2010 2010;808
621 Kolding;TOT Total;H70 H70 Masters programs;TOT Age, total;TOT Total;2010 2010;2979
621 Kolding;TOT Total;H80 H80 PhD programs;TOT Age, total;TOT Total;2010 2010;105
621 Kolding;TOT Total;TOT Total;TOT Age, total;TOT Total;2010 2010;62750
630 Vejle;TOT Total;H40 H40 Short cycle higher education;TOT Age, total;TOT Total;2010 2010;3464
630 Vejle;TOT Total;H50 H50 Vocational bachelors educations;TOT Age, total;TOT Total;2010 2010;11089
630 Vejle;TOT Total;H60 H60 Bachelors programs;TOT Age, total;TOT Total;2010 2010;572
630 Vejle;TOT Total;H70 H70 Masters programs;TOT Age, total;TOT Total;2010 2010;3615
630 Vejle;TOT Total;H80 H80 PhD programs;TOT Age, total;TOT Total;2010 2010;119
630 Vejle;TOT Total;TOT Total;TOT Age, total;TOT Total;2010 2010;74562
657 Herning;TOT Total;H40 H40 Short cycle higher education;TOT Age, total;TOT Total;2010 2010;2908
657 Herning;TOT Total;H50 H50 Vocational bachelors educations;TOT Age, total;TOT Total;2010 2010;7304
657 Herning;TOT Total;H60 H60 Bachelors programs;TOT Age, total;TOT Total;2010 2010;637
657 Herning;TOT Total;H70 H70 Masters programs;TOT Age, total;TOT Total;2010 2010;1688
657 Herning;TOT Total;H80 H80 PhD programs;TOT Age, total;TOT Total;2010 2010;50
657 Herning;TOT Total;TOT Total;TOT Age, total;TOT Total;2010 2010;60277
661 Holstebro;TOT Total;H40 H40 Short cycle higher education;TOT Age, total;TOT Total;2010 2010;1564
661 Holstebro;TOT Total;H50 H50 Vocational bachelors educations;TOT Age, total;TOT Total;2010 2010;5672
661 Holstebro;TOT Total;H60 H60 Bachelors programs;TOT Age, total;TOT Total;2010 2010;207
661 Holstebro;TOT Total;H70 H70 Masters programs;TOT Age, total;TOT Total;2010 2010;1404
661 Holstebro;TOT Total;H80 H80 PhD programs;TOT Age, total;TOT Total;2010 2010;42
661 Holstebro;TOT Total;TOT Total;TOT Age, total;TOT Total;2010 2010;39988
665 Lemvig;TOT Total;H40 H40 Short cycle higher education;TOT Age, total;TOT Total;2010 2010;400
665 Lemvig;TOT Total;H50 H50 Vocational bachelors educations;TOT Age, total;TOT Total;2010 2010;1743
665 Lemvig;TOT Total;H60 H60 Bachelors programs;TOT Age, total;TOT Total;2010 2010;54
665 Lemvig;TOT Total;H70 H70 Masters programs;TOT Age, total;TOT Total;2010 2010;408
665 Lemvig;TOT Total;H80 H80 PhD programs;TOT Age, total;TOT Total;2010 2010;26
665 Lemvig;TOT Total;TOT Total;TOT Age, total;TOT Total;2010 2010;14867
671 Struer;TOT Total;H40 H40 Short cycle higher education;TOT Age, total;TOT Total;2010 2010;500
671 Struer;TOT Total;H50 H50 Vocational bachelors educations;TOT Age, total;TOT Total;2010 2010;1952
671 Struer;TOT Total;H60 H60 Bachelors programs;TOT Age, total;TOT Total;2010 2010;69
671 Struer;TOT Total;H70 H70 Masters programs;TOT Age, total;TOT Total;2010 2010;431
671 Struer;TOT Total;H80 H80 PhD programs;TOT Age, total;TOT Total;2010 2010;13
671 Struer;TOT Total;TOT Total;TOT Age, total;TOT Total;2010 2010;15416
706 Syddjurs;TOT Total;H40 H40 Short cycle higher education;TOT Age, total;TOT Total;2010 2010;1166
706 Syddjurs;TOT Total;H50 H50 Vocational bachelors educations;TOT Age, total;TOT Total;2010 2010;3836
706 Syddjurs;TOT Total;H60 H60 Bachelors programs;TOT Age, total;TOT Total;2010 2010;271
706 Syddjurs;TOT Total;H70 H70 Masters programs;TOT Age, total;TOT Total;2010 2010;1352
706 Syddjurs;TOT Total;H80 H80 PhD programs;TOT Age, total;TOT Total;2010 2010;73
706 Syddjurs;TOT Total;TOT Total;TOT Age, total;TOT Total;2010 2010;28790
707 Norddjurs;TOT Total;H40 H40 Short cycle higher education;TOT Age, total;TOT Total;2010 2010;849
707 Norddjurs;TOT Total;H50 H50 Vocational bachelors educations;TOT Age, total;TOT Total;2010 2010;2581
707 Norddjurs;TOT Total;H60 H60 Bachelors programs;TOT Age, total;TOT Total;2010 2010;121
707 Norddjurs;TOT Total;H70 H70 Masters programs;TOT Age, total;TOT Total;2010 2010;572
707 Norddjurs;TOT Total;H80 H80 PhD programs;TOT Age, total;TOT Total;2010 2010;24
707 Norddjurs;TOT Total;TOT Total;TOT Age, total;TOT Total;2010 2010;26725
710 Favrskov;TOT Total;H40 H40 Short cycle higher education;TOT Age, total;TOT Total;2010 2010;1593
710 Favrskov;TOT Total;H50 H50 Vocational bachelors educations;TOT Age, total;TOT Total;2010 2010;4313
710 Favrskov;TOT Total;H60 H60 Bachelors programs;TOT Age, total;TOT Total;2010 2010;320
710 Favrskov;TOT Total;H70 H70 Masters programs;TOT Age, total;TOT Total;2010 2010;1852
710 Favrskov;TOT Total;H80 H80 PhD programs;TOT Age, total;TOT Total;2010 2010;167
710 Favrskov;TOT Total;TOT Total;TOT Age, total;TOT Total;2010 2010;32119
727 Odder;TOT Total;H40 H40 Short cycle higher education;TOT Age, total;TOT Total;2010 2010;709
727 Odder;TOT Total;H50 H50 Vocational bachelors educations;TOT Age, total;TOT Total;2010 2010;2262
727 Odder;TOT Total;H60 H60 Bachelors programs;TOT Age, total;TOT Total;2010 2010;137
727 Odder;TOT Total;H70 H70 Masters programs;TOT Age, total;TOT Total;2010 2010;783
727 Odder;TOT Total;H80 H80 PhD programs;TOT Age, total;TOT Total;2010 2010;46
727 Odder;TOT Total;TOT Total;TOT Age, total;TOT Total;2010 2010;15050
730 Randers;TOT Total;H40 H40 Short cycle higher education;TOT Age, total;TOT Total;2010 2010;3354
730 Randers;TOT Total;H50 H50 Vocational bachelors educations;TOT Age, total;TOT Total;2010 2010;7601
730 Randers;TOT Total;H60 H60 Bachelors programs;TOT Age, total;TOT Total;2010 2010;450
730 Randers;TOT Total;H70 H70 Masters programs;TOT Age, total;TOT Total;2010 2010;2300
730 Randers;TOT Total;H80 H80 PhD programs;TOT Age, total;TOT Total;2010 2010;103
730 Randers;TOT Total;TOT Total;TOT Age, total;TOT Total;2010 2010;67119
740 Silkeborg;TOT Total;H40 H40 Short cycle higher education;TOT Age, total;TOT Total;2010 2010;3015
740 Silkeborg;TOT Total;H50 H50 Vocational bachelors educations;TOT Age, total;TOT Total;2010 2010;9286
740 Silkeborg;TOT Total;H60 H60 Bachelors programs;TOT Age, total;TOT Total;2010 2010;525
740 Silkeborg;TOT Total;H70 H70 Masters programs;TOT Age, total;TOT Total;2010 2010;3063
740 Silkeborg;TOT Total;H80 H80 PhD programs;TOT Age, total;TOT Total;2010 2010;140
740 Silkeborg;TOT Total;TOT Total;TOT Age, total;TOT Total;2010 2010;61821
741 Samsø;TOT Total;H40 H40 Short cycle higher education;TOT Age, total;TOT Total;2010 2010;80
741 Samsø;TOT Total;H50 H50 Vocational bachelors educations;TOT Age, total;TOT Total;2010 2010;346
741 Samsø;TOT Total;H60 H60 Bachelors programs;TOT Age, total;TOT Total;2010 2010;26
741 Samsø;TOT Total;H70 H70 Masters programs;TOT Age, total;TOT Total;2010 2010;96
741 Samsø;TOT Total;H80 H80 PhD programs;TOT Age, total;TOT Total;2010 2010;3
741 Samsø;TOT Total;TOT Total;TOT Age, total;TOT Total;2010 2010;2618
746 Skanderborg;TOT Total;H40 H40 Short cycle higher education;TOT Age, total;TOT Total;2010 2010;2234
746 Skanderborg;TOT Total;H50 H50 Vocational bachelors educations;TOT Age, total;TOT Total;2010 2010;6151
746 Skanderborg;TOT Total;H60 H60 Bachelors programs;TOT Age, total;TOT Total;2010 2010;418
746 Skanderborg;TOT Total;H70 H70 Masters programs;TOT Age, total;TOT Total;2010 2010;2943
746 Skanderborg;TOT Total;H80 H80 PhD programs;TOT Age, total;TOT Total;2010 2010;219
746 Skanderborg;TOT Total;TOT Total;TOT Age, total;TOT Total;2010 2010;39802
751 Aarhus;TOT Total;H40 H40 Short cycle higher education;TOT Age, total;TOT Total;2010 2010;10212
751 Aarhus;TOT Total;H50 H50 Vocational bachelors educations;TOT Age, total;TOT Total;2010 2010;33822
751 Aarhus;TOT Total;H60 H60 Bachelors programs;TOT Age, total;TOT Total;2010 2010;11051
751 Aarhus;TOT Total;H70 H70 Masters programs;TOT Age, total;TOT Total;2010 2010;25174
751 Aarhus;TOT Total;H80 H80 PhD programs;TOT Age, total;TOT Total;2010 2010;2173
751 Aarhus;TOT Total;TOT Total;TOT Age, total;TOT Total;2010 2010;232787
756 Ikast-Brande;TOT Total;H40 H40 Short cycle higher education;TOT Age, total;TOT Total;2010 2010;1171
756 Ikast-Brande;TOT Total;H50 H50 Vocational bachelors educations;TOT Age, total;TOT Total;2010 2010;2713
756 Ikast-Brande;TOT Total;H60 H60 Bachelors programs;TOT Age, total;TOT Total;2010 2010;176
756 Ikast-Brande;TOT Total;H70 H70 Masters programs;TOT Age, total;TOT Total;2010 2010;686
756 Ikast-Brande;TOT Total;H80 H80 PhD programs;TOT Age, total;TOT Total;2010 2010;27
756 Ikast-Brande;TOT Total;TOT Total;TOT Age, total;TOT Total;2010 2010;28198
760 Ringkøbing-Skjern;TOT Total;H40 H40 Short cycle higher education;TOT Age, total;TOT Total;2010 2010;1407
760 Ringkøbing-Skjern;TOT Total;H50 H50 Vocational bachelors educations;TOT Age, total;TOT Total;2010 2010;4355
760 Ringkøbing-Skjern;TOT Total;H60 H60 Bachelors programs;TOT Age, total;TOT Total;2010 2010;183
760 Ringkøbing-Skjern;TOT Total;H70 H70 Masters programs;TOT Age, total;TOT Total;2010 2010;1110
760 Ringkøbing-Skjern;TOT Total;H80 H80 PhD programs;TOT Age, total;TOT Total;2010 2010;27
760 Ringkøbing-Skjern;TOT Total;TOT Total;TOT Age, total;TOT Total;2010 2010;39826
766 Hedensted;TOT Total;H40 H40 Short cycle higher education;TOT Age, total;TOT Total;2010 2010;1519
766 Hedensted;TOT Total;H50 H50 Vocational bachelors educations;TOT Age, total;TOT Total;2010 2010;3629
766 Hedensted;TOT Total;H60 H60 Bachelors programs;TOT Age, total;TOT Total;2010 2010;145
766 Hedensted;TOT Total;H70 H70 Masters programs;TOT Age, total;TOT Total;2010 2010;737
766 Hedensted;TOT Total;H80 H80 PhD programs;TOT Age, total;TOT Total;2010 2010;25
766 Hedensted;TOT Total;TOT Total;TOT Age, total;TOT Total;2010 2010;31420
773 Morsø;TOT Total;H40 H40 Short cycle higher education;TOT Age, total;TOT Total;2010 2010;430
773 Morsø;TOT Total;H50 H50 Vocational bachelors educations;TOT Age, total;TOT Total;2010 2010;1442
773 Morsø;TOT Total;H60 H60 Bachelors programs;TOT Age, total;TOT Total;2010 2010;43
773 Morsø;TOT Total;H70 H70 Masters programs;TOT Age, total;TOT Total;2010 2010;315
773 Morsø;TOT Total;H80 H80 PhD programs;TOT Age, total;TOT Total;2010 2010;8
773 Morsø;TOT Total;TOT Total;TOT Age, total;TOT Total;2010 2010;14914
779 Skive;TOT Total;H40 H40 Short cycle higher education;TOT Age, total;TOT Total;2010 2010;1274
779 Skive;TOT Total;H50 H50 Vocational bachelors educations;TOT Age, total;TOT Total;2010 2010;4050
779 Skive;TOT Total;H60 H60 Bachelors programs;TOT Age, total;TOT Total;2010 2010;113
779 Skive;TOT Total;H70 H70 Masters programs;TOT Age, total;TOT Total;2010 2010;877
779 Skive;TOT Total;H80 H80 PhD programs;TOT Age, total;TOT Total;2010 2010;23
779 Skive;TOT Total;TOT Total;TOT Age, total;TOT Total;2010 2010;33289
787 Thisted;TOT Total;H40 H40 Short cycle higher education;TOT Age, total;TOT Total;2010 2010;988
787 Thisted;TOT Total;H50 H50 Vocational bachelors educations;TOT Age, total;TOT Total;2010 2010;3251
787 Thisted;TOT Total;H60 H60 Bachelors programs;TOT Age, total;TOT Total;2010 2010;115
787 Thisted;TOT Total;H70 H70 Masters programs;TOT Age, total;TOT Total;2010 2010;828
787 Thisted;TOT Total;H80 H80 PhD programs;TOT Age, total;TOT Total;2010 2010;16
787 Thisted;TOT Total;TOT Total;TOT Age, total;TOT Total;2010 2010;31380
791 Viborg;TOT Total;H40 H40 Short cycle higher education;TOT Age, total;TOT Total;2010 2010;2832
791 Viborg;TOT Total;H50 H50 Vocational bachelors educations;TOT Age, total;TOT Total;2010 2010;8763
791 Viborg;TOT Total;H60 H60 Bachelors programs;TOT Age, total;TOT Total;2010 2010;341
791 Viborg;TOT Total;H70 H70 Masters programs;TOT Age, total;TOT Total;2010 2010;3169
791 Viborg;TOT Total;H80 H80 PhD programs;TOT Age, total;TOT Total;2010 2010;227
791 Viborg;TOT Total;TOT Total;TOT Age, total;TOT Total;2010 2010;65193
810 Brønderslev;TOT Total;H40 H40 Short cycle higher education;TOT Age, total;TOT Total;2010 2010;887
810 Brønderslev;TOT Total;H50 H50 Vocational bachelors educations;TOT Age, total;TOT Total;2010 2010;3104
810 Brønderslev;TOT Total;H60 H60 Bachelors programs;TOT Age, total;TOT Total;2010 2010;139
810 Brønderslev;TOT Total;H70 H70 Masters programs;TOT Age, total;TOT Total;2010 2010;764
810 Brønderslev;TOT Total;H80 H80 PhD programs;TOT Age, total;TOT Total;2010 2010;40
810 Brønderslev;TOT Total;TOT Total;TOT Age, total;TOT Total;2010 2010;24418
813 Frederikshavn;TOT Total;H40 H40 Short cycle higher education;TOT Age, total;TOT Total;2010 2010;1615
813 Frederikshavn;TOT Total;H50 H50 Vocational bachelors educations;TOT Age, total;TOT Total;2010 2010;4679
813 Frederikshavn;TOT Total;H60 H60 Bachelors programs;TOT Age, total;TOT Total;2010 2010;171
813 Frederikshavn;TOT Total;H70 H70 Masters programs;TOT Age, total;TOT Total;2010 2010;1011
813 Frederikshavn;TOT Total;H80 H80 PhD programs;TOT Age, total;TOT Total;2010 2010;25
813 Frederikshavn;TOT Total;TOT Total;TOT Age, total;TOT Total;2010 2010;43229
820 Vesthimmerlands;TOT Total;H40 H40 Short cycle higher education;TOT Age, total;TOT Total;2010 2010;860
820 Vesthimmerlands;TOT Total;H50 H50 Vocational bachelors educations;TOT Age, total;TOT Total;2010 2010;2789
820 Vesthimmerlands;TOT Total;H60 H60 Bachelors programs;TOT Age, total;TOT Total;2010 2010;86
820 Vesthimmerlands;TOT Total;H70 H70 Masters programs;TOT Age, total;TOT Total;2010 2010;585
820 Vesthimmerlands;TOT Total;H80 H80 PhD programs;TOT Age, total;TOT Total;2010 2010;15
820 Vesthimmerlands;TOT Total;TOT Total;TOT Age, total;TOT Total;2010 2010;26085
825 Læsø;TOT Total;H40 H40 Short cycle higher education;TOT Age, total;TOT Total;2010 2010;31
825 Læsø;TOT Total;H50 H50 Vocational bachelors educations;TOT Age, total;TOT Total;2010 2010;133
825 Læsø;TOT Total;H60 H60 Bachelors programs;TOT Age, total;TOT Total;2010 2010;9
825 Læsø;TOT Total;H70 H70 Masters programs;TOT Age, total;TOT Total;2010 2010;36
825 Læsø;TOT Total;TOT Total;TOT Age, total;TOT Total;2010 2010;1331
840 Rebild;TOT Total;H40 H40 Short cycle higher education;TOT Age, total;TOT Total;2010 2010;804
840 Rebild;TOT Total;H50 H50 Vocational bachelors educations;TOT Age, total;TOT Total;2010 2010;2612
840 Rebild;TOT Total;H60 H60 Bachelors programs;TOT Age, total;TOT Total;2010 2010;160
840 Rebild;TOT Total;H70 H70 Masters programs;TOT Age, total;TOT Total;2010 2010;1141
840 Rebild;TOT Total;H80 H80 PhD programs;TOT Age, total;TOT Total;2010 2010;77
840 Rebild;TOT Total;TOT Total;TOT Age, total;TOT Total;2010 2010;19808
846 Mariagerfjord;TOT Total;H40 H40 Short cycle higher education;TOT Age, total;TOT Total;2010 2010;1174
846 Mariagerfjord;TOT Total;H50 H50 Vocational bachelors educations;TOT Age, total;TOT Total;2010 2010;3435
846 Mariagerfjord;TOT Total;H60 H60 Bachelors programs;TOT Age, total;TOT Total;2010 2010;150
846 Mariagerfjord;TOT Total;H70 H70 Masters programs;TOT Age, total;TOT Total;2010 2010;937
846 Mariagerfjord;TOT Total;H80 H80 PhD programs;TOT Age, total;TOT Total;2010 2010;46
846 Mariagerfjord;TOT Total;TOT Total;TOT Age, total;TOT Total;2010 2010;29711
849 Jammerbugt;TOT Total;H40 H40 Short cycle higher education;TOT Age, total;TOT Total;2010 2010;900
849 Jammerbugt;TOT Total;H50 H50 Vocational bachelors educations;TOT Age, total;TOT Total;2010 2010;2966
849 Jammerbugt;TOT Total;H60 H60 Bachelors programs;TOT Age, total;TOT Total;2010 2010;155
849 Jammerbugt;TOT Total;H70 H70 Masters programs;TOT Age, total;TOT Total;2010 2010;706
849 Jammerbugt;TOT Total;H80 H80 PhD programs;TOT Age, total;TOT Total;2010 2010;27
849 Jammerbugt;TOT Total;TOT Total;TOT Age, total;TOT Total;2010 2010;26960
851 Aalborg;TOT Total;H40 H40 Short cycle higher education;TOT Age, total;TOT Total;2010 2010;6131
851 Aalborg;TOT Total;H50 H50 Vocational bachelors educations;TOT Age, total;TOT Total;2010 2010;19291
851 Aalborg;TOT Total;H60 H60 Bachelors programs;TOT Age, total;TOT Total;2010 2010;4001
851 Aalborg;TOT Total;H70 H70 Masters programs;TOT Age, total;TOT Total;2010 2010;10469
851 Aalborg;TOT Total;H80 H80 PhD programs;TOT Age, total;TOT Total;2010 2010;655
851 Aalborg;TOT Total;TOT Total;TOT Age, total;TOT Total;2010 2010;144662
860 Hjørring;TOT Total;H40 H40 Short cycle higher education;TOT Age, total;TOT Total;2010 2010;1559
860 Hjørring;TOT Total;H50 H50 Vocational bachelors educations;TOT Age, total;TOT Total;2010 2010;5964
860 Hjørring;TOT Total;H60 H60 Bachelors programs;TOT Age, total;TOT Total;2010 2010;226
860 Hjørring;TOT Total;H70 H70 Masters programs;TOT Age, total;TOT Total;2010 2010;1304
860 Hjørring;TOT Total;H80 H80 PhD programs;TOT Age, total;TOT Total;2010 2010;42
860 Hjørring;TOT Total;TOT Total;TOT Age, total;TOT Total;2010 2010;46261
000 All Denmark;TOT Total;H40 H40 Short cycle higher education;TOT Age, total;TOT Total;2011 2011;170779
000 All Denmark;TOT Total;H50 H50 Vocational bachelors educations;TOT Age, total;TOT Total;2011 2011;524512
000 All Denmark;TOT Total;H60 H60 Bachelors programs;TOT Age, total;TOT Total;2011 2011;79371
000 All Denmark;TOT Total;H70 H70 Masters programs;TOT Age, total;TOT Total;2011 2011;279024
000 All Denmark;TOT Total;H80 H80 PhD programs;TOT Age, total;TOT Total;2011 2011;20417
000 All Denmark;TOT Total;TOT Total;TOT Age, total;TOT Total;2011 2011;3964178
101 Copenhagen;TOT Total;H40 H40 Short cycle higher education;TOT Age, total;TOT Total;2011 2011;17390
101 Copenhagen;TOT Total;H50 H50 Vocational bachelors educations;TOT Age, total;TOT Total;2011 2011;56303
101 Copenhagen;TOT Total;H60 H60 Bachelors programs;TOT Age, total;TOT Total;2011 2011;27478
101 Copenhagen;TOT Total;H70 H70 Masters programs;TOT Age, total;TOT Total;2011 2011;63557
101 Copenhagen;TOT Total;H80 H80 PhD programs;TOT Age, total;TOT Total;2011 2011;4608
101 Copenhagen;TOT Total;TOT Total;TOT Age, total;TOT Total;2011 2011;428002
147 Frederiksberg;TOT Total;H40 H40 Short cycle higher education;TOT Age, total;TOT Total;2011 2011;3203
147 Frederiksberg;TOT Total;H50 H50 Vocational bachelors educations;TOT Age, total;TOT Total;2011 2011;10961
147 Frederiksberg;TOT Total;H60 H60 Bachelors programs;TOT Age, total;TOT Total;2011 2011;4973
147 Frederiksberg;TOT Total;H70 H70 Masters programs;TOT Age, total;TOT Total;2011 2011;15165
147 Frederiksberg;TOT Total;H80 H80 PhD programs;TOT Age, total;TOT Total;2011 2011;1100
147 Frederiksberg;TOT Total;TOT Total;TOT Age, total;TOT Total;2011 2011;74486
151 Ballerup;TOT Total;H40 H40 Short cycle higher education;TOT Age, total;TOT Total;2011 2011;1416
151 Ballerup;TOT Total;H50 H50 Vocational bachelors educations;TOT Age, total;TOT Total;2011 2011;4159
151 Ballerup;TOT Total;H60 H60 Bachelors programs;TOT Age, total;TOT Total;2011 2011;339
151 Ballerup;TOT Total;H70 H70 Masters programs;TOT Age, total;TOT Total;2011 2011;2091
151 Ballerup;TOT Total;H80 H80 PhD programs;TOT Age, total;TOT Total;2011 2011;244
151 Ballerup;TOT Total;TOT Total;TOT Age, total;TOT Total;2011 2011;33027
153 Brøndby;TOT Total;H40 H40 Short cycle higher education;TOT Age, total;TOT Total;2011 2011;992
153 Brøndby;TOT Total;H50 H50 Vocational bachelors educations;TOT Age, total;TOT Total;2011 2011;2193
153 Brøndby;TOT Total;H60 H60 Bachelors programs;TOT Age, total;TOT Total;2011 2011;209
153 Brøndby;TOT Total;H70 H70 Masters programs;TOT Age, total;TOT Total;2011 2011;948
153 Brøndby;TOT Total;H80 H80 PhD programs;TOT Age, total;TOT Total;2011 2011;52
153 Brøndby;TOT Total;TOT Total;TOT Age, total;TOT Total;2011 2011;23874
155 Dragør;TOT Total;H40 H40 Short cycle higher education;TOT Age, total;TOT Total;2011 2011;479
155 Dragør;TOT Total;H50 H50 Vocational bachelors educations;TOT Age, total;TOT Total;2011 2011;1345
155 Dragør;TOT Total;H60 H60 Bachelors programs;TOT Age, total;TOT Total;2011 2011;138
155 Dragør;TOT Total;H70 H70 Masters programs;TOT Age, total;TOT Total;2011 2011;890
155 Dragør;TOT Total;H80 H80 PhD programs;TOT Age, total;TOT Total;2011 2011;57
155 Dragør;TOT Total;TOT Total;TOT Age, total;TOT Total;2011 2011;9225
157 Gentofte;TOT Total;H40 H40 Short cycle higher education;TOT Age, total;TOT Total;2011 2011;2221
157 Gentofte;TOT Total;H50 H50 Vocational bachelors educations;TOT Age, total;TOT Total;2011 2011;8130
157 Gentofte;TOT Total;H60 H60 Bachelors programs;TOT Age, total;TOT Total;2011 2011;1567
157 Gentofte;TOT Total;H70 H70 Masters programs;TOT Age, total;TOT Total;2011 2011;11391
157 Gentofte;TOT Total;H80 H80 PhD programs;TOT Age, total;TOT Total;2011 2011;929
157 Gentofte;TOT Total;TOT Total;TOT Age, total;TOT Total;2011 2011;49851
159 Gladsaxe;TOT Total;H40 H40 Short cycle higher education;TOT Age, total;TOT Total;2011 2011;2072
159 Gladsaxe;TOT Total;H50 H50 Vocational bachelors educations;TOT Age, total;TOT Total;2011 2011;6621
159 Gladsaxe;TOT Total;H60 H60 Bachelors programs;TOT Age, total;TOT Total;2011 2011;952
159 Gladsaxe;TOT Total;H70 H70 Masters programs;TOT Age, total;TOT Total;2011 2011;5010
159 Gladsaxe;TOT Total;H80 H80 PhD programs;TOT Age, total;TOT Total;2011 2011;584
159 Gladsaxe;TOT Total;TOT Total;TOT Age, total;TOT Total;2011 2011;45525
161 Glostrup;TOT Total;H40 H40 Short cycle higher education;TOT Age, total;TOT Total;2011 2011;680
161 Glostrup;TOT Total;H50 H50 Vocational bachelors educations;TOT Age, total;TOT Total;2011 2011;1707
161 Glostrup;TOT Total;H60 H60 Bachelors programs;TOT Age, total;TOT Total;2011 2011;182
161 Glostrup;TOT Total;H70 H70 Masters programs;TOT Age, total;TOT Total;2011 2011;738
161 Glostrup;TOT Total;H80 H80 PhD programs;TOT Age, total;TOT Total;2011 2011;45
161 Glostrup;TOT Total;TOT Total;TOT Age, total;TOT Total;2011 2011;15168
163 Herlev;TOT Total;H40 H40 Short cycle higher education;TOT Age, total;TOT Total;2011 2011;796
163 Herlev;TOT Total;H50 H50 Vocational bachelors educations;TOT Age, total;TOT Total;2011 2011;2431
163 Herlev;TOT Total;H60 H60 Bachelors programs;TOT Age, total;TOT Total;2011 2011;193
163 Herlev;TOT Total;H70 H70 Masters programs;TOT Age, total;TOT Total;2011 2011;1132
163 Herlev;TOT Total;H80 H80 PhD programs;TOT Age, total;TOT Total;2011 2011;101
163 Herlev;TOT Total;TOT Total;TOT Age, total;TOT Total;2011 2011;18376
165 Albertslund;TOT Total;H40 H40 Short cycle higher education;TOT Age, total;TOT Total;2011 2011;830
165 Albertslund;TOT Total;H50 H50 Vocational bachelors educations;TOT Age, total;TOT Total;2011 2011;2663
165 Albertslund;TOT Total;H60 H60 Bachelors programs;TOT Age, total;TOT Total;2011 2011;284
165 Albertslund;TOT Total;H70 H70 Masters programs;TOT Age, total;TOT Total;2011 2011;1146
165 Albertslund;TOT Total;H80 H80 PhD programs;TOT Age, total;TOT Total;2011 2011;73
165 Albertslund;TOT Total;TOT Total;TOT Age, total;TOT Total;2011 2011;19985
167 Hvidovre;TOT Total;H40 H40 Short cycle higher education;TOT Age, total;TOT Total;2011 2011;1561
167 Hvidovre;TOT Total;H50 H50 Vocational bachelors educations;TOT Age, total;TOT Total;2011 2011;3910
167 Hvidovre;TOT Total;H60 H60 Bachelors programs;TOT Age, total;TOT Total;2011 2011;502
167 Hvidovre;TOT Total;H70 H70 Masters programs;TOT Age, total;TOT Total;2011 2011;1839
167 Hvidovre;TOT Total;H80 H80 PhD programs;TOT Age, total;TOT Total;2011 2011;142
167 Hvidovre;TOT Total;TOT Total;TOT Age, total;TOT Total;2011 2011;35460
169 Høje-Taastrup;TOT Total;H40 H40 Short cycle higher education;TOT Age, total;TOT Total;2011 2011;1579
169 Høje-Taastrup;TOT Total;H50 H50 Vocational bachelors educations;TOT Age, total;TOT Total;2011 2011;3482
169 Høje-Taastrup;TOT Total;H60 H60 Bachelors programs;TOT Age, total;TOT Total;2011 2011;341
169 Høje-Taastrup;TOT Total;H70 H70 Masters programs;TOT Age, total;TOT Total;2011 2011;1602
169 Høje-Taastrup;TOT Total;H80 H80 PhD programs;TOT Age, total;TOT Total;2011 2011;140
169 Høje-Taastrup;TOT Total;TOT Total;TOT Age, total;TOT Total;2011 2011;34263
173 Lyngby-Taarbæk;TOT Total;H40 H40 Short cycle higher education;TOT Age, total;TOT Total;2011 2011;1578
173 Lyngby-Taarbæk;TOT Total;H50 H50 Vocational bachelors educations;TOT Age, total;TOT Total;2011 2011;5884
173 Lyngby-Taarbæk;TOT Total;H60 H60 Bachelors programs;TOT Age, total;TOT Total;2011 2011;1253
173 Lyngby-Taarbæk;TOT Total;H70 H70 Masters programs;TOT Age, total;TOT Total;2011 2011;7071
173 Lyngby-Taarbæk;TOT Total;H80 H80 PhD programs;TOT Age, total;TOT Total;2011 2011;745
173 Lyngby-Taarbæk;TOT Total;TOT Total;TOT Age, total;TOT Total;2011 2011;36247
175 Rødovre;TOT Total;H40 H40 Short cycle higher education;TOT Age, total;TOT Total;2011 2011;1055
175 Rødovre;TOT Total;H50 H50 Vocational bachelors educations;TOT Age, total;TOT Total;2011 2011;3034
175 Rødovre;TOT Total;H60 H60 Bachelors programs;TOT Age, total;TOT Total;2011 2011;377
175 Rødovre;TOT Total;H70 H70 Masters programs;TOT Age, total;TOT Total;2011 2011;1537
175 Rødovre;TOT Total;H80 H80 PhD programs;TOT Age, total;TOT Total;2011 2011;143
175 Rødovre;TOT Total;TOT Total;TOT Age, total;TOT Total;2011 2011;25440
183 Ishøj;TOT Total;H40 H40 Short cycle higher education;TOT Age, total;TOT Total;2011 2011;571
183 Ishøj;TOT Total;H50 H50 Vocational bachelors educations;TOT Age, total;TOT Total;2011 2011;1241
183 Ishøj;TOT Total;H60 H60 Bachelors programs;TOT Age, total;TOT Total;2011 2011;118
183 Ishøj;TOT Total;H70 H70 Masters programs;TOT Age, total;TOT Total;2011 2011;513
183 Ishøj;TOT Total;H80 H80 PhD programs;TOT Age, total;TOT Total;2011 2011;33
183 Ishøj;TOT Total;TOT Total;TOT Age, total;TOT Total;2011 2011;15389
185 Tårnby;TOT Total;H40 H40 Short cycle higher education;TOT Age, total;TOT Total;2011 2011;1292
185 Tårnby;TOT Total;H50 H50 Vocational bachelors educations;TOT Age, total;TOT Total;2011 2011;2697
185 Tårnby;TOT Total;H60 H60 Bachelors programs;TOT Age, total;TOT Total;2011 2011;322
185 Tårnby;TOT Total;H70 H70 Masters programs;TOT Age, total;TOT Total;2011 2011;1234
185 Tårnby;TOT Total;H80 H80 PhD programs;TOT Age, total;TOT Total;2011 2011;82
185 Tårnby;TOT Total;TOT Total;TOT Age, total;TOT Total;2011 2011;28716
187 Vallensbæk;TOT Total;H40 H40 Short cycle higher education;TOT Age, total;TOT Total;2011 2011;566
187 Vallensbæk;TOT Total;H50 H50 Vocational bachelors educations;TOT Age, total;TOT Total;2011 2011;1310
187 Vallensbæk;TOT Total;H60 H60 Bachelors programs;TOT Age, total;TOT Total;2011 2011;135
187 Vallensbæk;TOT Total;H70 H70 Masters programs;TOT Age, total;TOT Total;2011 2011;668
187 Vallensbæk;TOT Total;H80 H80 PhD programs;TOT Age, total;TOT Total;2011 2011;40
187 Vallensbæk;TOT Total;TOT Total;TOT Age, total;TOT Total;2011 2011;10229
190 Furesø;TOT Total;H40 H40 Short cycle higher education;TOT Age, total;TOT Total;2011 2011;1193
190 Furesø;TOT Total;H50 H50 Vocational bachelors educations;TOT Age, total;TOT Total;2011 2011;4699
190 Furesø;TOT Total;H60 H60 Bachelors programs;TOT Age, total;TOT Total;2011 2011;428
190 Furesø;TOT Total;H70 H70 Masters programs;TOT Age, total;TOT Total;2011 2011;3960
190 Furesø;TOT Total;H80 H80 PhD programs;TOT Age, total;TOT Total;2011 2011;452
190 Furesø;TOT Total;TOT Total;TOT Age, total;TOT Total;2011 2011;25612
201 Allerød;TOT Total;H40 H40 Short cycle higher education;TOT Age, total;TOT Total;2011 2011;915
201 Allerød;TOT Total;H50 H50 Vocational bachelors educations;TOT Age, total;TOT Total;2011 2011;2847
201 Allerød;TOT Total;H60 H60 Bachelors programs;TOT Age, total;TOT Total;2011 2011;231
201 Allerød;TOT Total;H70 H70 Masters programs;TOT Age, total;TOT Total;2011 2011;2272
201 Allerød;TOT Total;H80 H80 PhD programs;TOT Age, total;TOT Total;2011 2011;268
201 Allerød;TOT Total;TOT Total;TOT Age, total;TOT Total;2011 2011;16191
210 Fredensborg;TOT Total;H40 H40 Short cycle higher education;TOT Age, total;TOT Total;2011 2011;1327
210 Fredensborg;TOT Total;H50 H50 Vocational bachelors educations;TOT Age, total;TOT Total;2011 2011;4409
210 Fredensborg;TOT Total;H60 H60 Bachelors programs;TOT Age, total;TOT Total;2011 2011;465
210 Fredensborg;TOT Total;H70 H70 Masters programs;TOT Age, total;TOT Total;2011 2011;2953
210 Fredensborg;TOT Total;H80 H80 PhD programs;TOT Age, total;TOT Total;2011 2011;268
210 Fredensborg;TOT Total;TOT Total;TOT Age, total;TOT Total;2011 2011;27642
217 Helsingør;TOT Total;H40 H40 Short cycle higher education;TOT Age, total;TOT Total;2011 2011;1937
217 Helsingør;TOT Total;H50 H50 Vocational bachelors educations;TOT Age, total;TOT Total;2011 2011;6392
217 Helsingør;TOT Total;H60 H60 Bachelors programs;TOT Age, total;TOT Total;2011 2011;511
217 Helsingør;TOT Total;H70 H70 Masters programs;TOT Age, total;TOT Total;2011 2011;3036
217 Helsingør;TOT Total;H80 H80 PhD programs;TOT Age, total;TOT Total;2011 2011;196
217 Helsingør;TOT Total;TOT Total;TOT Age, total;TOT Total;2011 2011;42476
219 Hillerød;TOT Total;H40 H40 Short cycle higher education;TOT Age, total;TOT Total;2011 2011;1723
219 Hillerød;TOT Total;H50 H50 Vocational bachelors educations;TOT Age, total;TOT Total;2011 2011;5551
219 Hillerød;TOT Total;H60 H60 Bachelors programs;TOT Age, total;TOT Total;2011 2011;398
219 Hillerød;TOT Total;H70 H70 Masters programs;TOT Age, total;TOT Total;2011 2011;3130
219 Hillerød;TOT Total;H80 H80 PhD programs;TOT Age, total;TOT Total;2011 2011;286
219 Hillerød;TOT Total;TOT Total;TOT Age, total;TOT Total;2011 2011;33263
223 Hørsholm;TOT Total;H40 H40 Short cycle higher education;TOT Age, total;TOT Total;2011 2011;810
223 Hørsholm;TOT Total;H50 H50 Vocational bachelors educations;TOT Age, total;TOT Total;2011 2011;2657
223 Hørsholm;TOT Total;H60 H60 Bachelors programs;TOT Age, total;TOT Total;2011 2011;342
223 Hørsholm;TOT Total;H70 H70 Masters programs;TOT Age, total;TOT Total;2011 2011;2864
223 Hørsholm;TOT Total;H80 H80 PhD programs;TOT Age, total;TOT Total;2011 2011;208
223 Hørsholm;TOT Total;TOT Total;TOT Age, total;TOT Total;2011 2011;15976
230 Rudersdal;TOT Total;H40 H40 Short cycle higher education;TOT Age, total;TOT Total;2011 2011;1559
230 Rudersdal;TOT Total;H50 H50 Vocational bachelors educations;TOT Age, total;TOT Total;2011 2011;5963
230 Rudersdal;TOT Total;H60 H60 Bachelors programs;TOT Age, total;TOT Total;2011 2011;1052
230 Rudersdal;TOT Total;H70 H70 Masters programs;TOT Age, total;TOT Total;2011 2011;7489
230 Rudersdal;TOT Total;H80 H80 PhD programs;TOT Age, total;TOT Total;2011 2011;742
230 Rudersdal;TOT Total;TOT Total;TOT Age, total;TOT Total;2011 2011;35980
240 Egedal;TOT Total;H40 H40 Short cycle higher education;TOT Age, total;TOT Total;2011 2011;1751
240 Egedal;TOT Total;H50 H50 Vocational bachelors educations;TOT Age, total;TOT Total;2011 2011;4104
240 Egedal;TOT Total;H60 H60 Bachelors programs;TOT Age, total;TOT Total;2011 2011;293
240 Egedal;TOT Total;H70 H70 Masters programs;TOT Age, total;TOT Total;2011 2011;2035
240 Egedal;TOT Total;H80 H80 PhD programs;TOT Age, total;TOT Total;2011 2011;217
240 Egedal;TOT Total;TOT Total;TOT Age, total;TOT Total;2011 2011;28981
250 Frederikssund;TOT Total;H40 H40 Short cycle higher education;TOT Age, total;TOT Total;2011 2011;1458
250 Frederikssund;TOT Total;H50 H50 Vocational bachelors educations;TOT Age, total;TOT Total;2011 2011;4291
250 Frederikssund;TOT Total;H60 H60 Bachelors programs;TOT Age, total;TOT Total;2011 2011;234
250 Frederikssund;TOT Total;H70 H70 Masters programs;TOT Age, total;TOT Total;2011 2011;1427
250 Frederikssund;TOT Total;H80 H80 PhD programs;TOT Age, total;TOT Total;2011 2011;108
250 Frederikssund;TOT Total;TOT Total;TOT Age, total;TOT Total;2011 2011;30731
253 Greve;TOT Total;H40 H40 Short cycle higher education;TOT Age, total;TOT Total;2011 2011;1708
253 Greve;TOT Total;H50 H50 Vocational bachelors educations;TOT Age, total;TOT Total;2011 2011;3816
253 Greve;TOT Total;H60 H60 Bachelors programs;TOT Age, total;TOT Total;2011 2011;318
253 Greve;TOT Total;H70 H70 Masters programs;TOT Age, total;TOT Total;2011 2011;1723
253 Greve;TOT Total;H80 H80 PhD programs;TOT Age, total;TOT Total;2011 2011;97
253 Greve;TOT Total;TOT Total;TOT Age, total;TOT Total;2011 2011;33888
259 Køge;TOT Total;H40 H40 Short cycle higher education;TOT Age, total;TOT Total;2011 2011;1926
259 Køge;TOT Total;H50 H50 Vocational bachelors educations;TOT Age, total;TOT Total;2011 2011;4585
259 Køge;TOT Total;H60 H60 Bachelors programs;TOT Age, total;TOT Total;2011 2011;325
259 Køge;TOT Total;H70 H70 Masters programs;TOT Age, total;TOT Total;2011 2011;1697
259 Køge;TOT Total;H80 H80 PhD programs;TOT Age, total;TOT Total;2011 2011;106
259 Køge;TOT Total;TOT Total;TOT Age, total;TOT Total;2011 2011;40162
260 Halsnæs;TOT Total;H40 H40 Short cycle higher education;TOT Age, total;TOT Total;2011 2011;852
260 Halsnæs;TOT Total;H50 H50 Vocational bachelors educations;TOT Age, total;TOT Total;2011 2011;2731
260 Halsnæs;TOT Total;H60 H60 Bachelors programs;TOT Age, total;TOT Total;2011 2011;148
260 Halsnæs;TOT Total;H70 H70 Masters programs;TOT Age, total;TOT Total;2011 2011;705
260 Halsnæs;TOT Total;H80 H80 PhD programs;TOT Age, total;TOT Total;2011 2011;49
260 Halsnæs;TOT Total;TOT Total;TOT Age, total;TOT Total;2011 2011;21768
265 Roskilde;TOT Total;H40 H40 Short cycle higher education;TOT Age, total;TOT Total;2011 2011;3061
265 Roskilde;TOT Total;H50 H50 Vocational bachelors educations;TOT Age, total;TOT Total;2011 2011;8835
265 Roskilde;TOT Total;H60 H60 Bachelors programs;TOT Age, total;TOT Total;2011 2011;879
265 Roskilde;TOT Total;H70 H70 Masters programs;TOT Age, total;TOT Total;2011 2011;5423
265 Roskilde;TOT Total;H80 H80 PhD programs;TOT Age, total;TOT Total;2011 2011;555
265 Roskilde;TOT Total;TOT Total;TOT Age, total;TOT Total;2011 2011;58690
269 Solrød;TOT Total;H40 H40 Short cycle higher education;TOT Age, total;TOT Total;2011 2011;855
269 Solrød;TOT Total;H50 H50 Vocational bachelors educations;TOT Age, total;TOT Total;2011 2011;1886
269 Solrød;TOT Total;H60 H60 Bachelors programs;TOT Age, total;TOT Total;2011 2011;153
269 Solrød;TOT Total;H70 H70 Masters programs;TOT Age, total;TOT Total;2011 2011;860
269 Solrød;TOT Total;H80 H80 PhD programs;TOT Age, total;TOT Total;2011 2011;44
269 Solrød;TOT Total;TOT Total;TOT Age, total;TOT Total;2011 2011;14847
270 Gribskov;TOT Total;H40 H40 Short cycle higher education;TOT Age, total;TOT Total;2011 2011;1199
270 Gribskov;TOT Total;H50 H50 Vocational bachelors educations;TOT Age, total;TOT Total;2011 2011;4025
270 Gribskov;TOT Total;H60 H60 Bachelors programs;TOT Age, total;TOT Total;2011 2011;264
270 Gribskov;TOT Total;H70 H70 Masters programs;TOT Age, total;TOT Total;2011 2011;1425
270 Gribskov;TOT Total;H80 H80 PhD programs;TOT Age, total;TOT Total;2011 2011;94
270 Gribskov;TOT Total;TOT Total;TOT Age, total;TOT Total;2011 2011;28450
306 Odsherred;TOT Total;H40 H40 Short cycle higher education;TOT Age, total;TOT Total;2011 2011;709
306 Odsherred;TOT Total;H50 H50 Vocational bachelors educations;TOT Age, total;TOT Total;2011 2011;2569
306 Odsherred;TOT Total;H60 H60 Bachelors programs;TOT Age, total;TOT Total;2011 2011;105
306 Odsherred;TOT Total;H70 H70 Masters programs;TOT Age, total;TOT Total;2011 2011;615
306 Odsherred;TOT Total;H80 H80 PhD programs;TOT Age, total;TOT Total;2011 2011;19
306 Odsherred;TOT Total;TOT Total;TOT Age, total;TOT Total;2011 2011;22754
316 Holbæk;TOT Total;H40 H40 Short cycle higher education;TOT Age, total;TOT Total;2011 2011;2072
316 Holbæk;TOT Total;H50 H50 Vocational bachelors educations;TOT Age, total;TOT Total;2011 2011;6872
316 Holbæk;TOT Total;H60 H60 Bachelors programs;TOT Age, total;TOT Total;2011 2011;336
316 Holbæk;TOT Total;H70 H70 Masters programs;TOT Age, total;TOT Total;2011 2011;1954
316 Holbæk;TOT Total;H80 H80 PhD programs;TOT Age, total;TOT Total;2011 2011;109
316 Holbæk;TOT Total;TOT Total;TOT Age, total;TOT Total;2011 2011;48996
320 Faxe;TOT Total;H40 H40 Short cycle higher education;TOT Age, total;TOT Total;2011 2011;993
320 Faxe;TOT Total;H50 H50 Vocational bachelors educations;TOT Age, total;TOT Total;2011 2011;2971
320 Faxe;TOT Total;H60 H60 Bachelors programs;TOT Age, total;TOT Total;2011 2011;122
320 Faxe;TOT Total;H70 H70 Masters programs;TOT Age, total;TOT Total;2011 2011;735
320 Faxe;TOT Total;H80 H80 PhD programs;TOT Age, total;TOT Total;2011 2011;27
320 Faxe;TOT Total;TOT Total;TOT Age, total;TOT Total;2011 2011;24834
326 Kalundborg;TOT Total;H40 H40 Short cycle higher education;TOT Age, total;TOT Total;2011 2011;1415
326 Kalundborg;TOT Total;H50 H50 Vocational bachelors educations;TOT Age, total;TOT Total;2011 2011;3778
326 Kalundborg;TOT Total;H60 H60 Bachelors programs;TOT Age, total;TOT Total;2011 2011;133
326 Kalundborg;TOT Total;H70 H70 Masters programs;TOT Age, total;TOT Total;2011 2011;834
326 Kalundborg;TOT Total;H80 H80 PhD programs;TOT Age, total;TOT Total;2011 2011;37
326 Kalundborg;TOT Total;TOT Total;TOT Age, total;TOT Total;2011 2011;34098
329 Ringsted;TOT Total;H40 H40 Short cycle higher education;TOT Age, total;TOT Total;2011 2011;1078
329 Ringsted;TOT Total;H50 H50 Vocational bachelors educations;TOT Age, total;TOT Total;2011 2011;2674
329 Ringsted;TOT Total;H60 H60 Bachelors programs;TOT Age, total;TOT Total;2011 2011;204
329 Ringsted;TOT Total;H70 H70 Masters programs;TOT Age, total;TOT Total;2011 2011;961
329 Ringsted;TOT Total;H80 H80 PhD programs;TOT Age, total;TOT Total;2011 2011;78
329 Ringsted;TOT Total;TOT Total;TOT Age, total;TOT Total;2011 2011;23368
330 Slagelse;TOT Total;H40 H40 Short cycle higher education;TOT Age, total;TOT Total;2011 2011;2288
330 Slagelse;TOT Total;H50 H50 Vocational bachelors educations;TOT Age, total;TOT Total;2011 2011;6718
330 Slagelse;TOT Total;H60 H60 Bachelors programs;TOT Age, total;TOT Total;2011 2011;415
330 Slagelse;TOT Total;H70 H70 Masters programs;TOT Age, total;TOT Total;2011 2011;1549
330 Slagelse;TOT Total;H80 H80 PhD programs;TOT Age, total;TOT Total;2011 2011;73
330 Slagelse;TOT Total;TOT Total;TOT Age, total;TOT Total;2011 2011;54832
336 Stevns;TOT Total;H40 H40 Short cycle higher education;TOT Age, total;TOT Total;2011 2011;635
336 Stevns;TOT Total;H50 H50 Vocational bachelors educations;TOT Age, total;TOT Total;2011 2011;1785
336 Stevns;TOT Total;H60 H60 Bachelors programs;TOT Age, total;TOT Total;2011 2011;90
336 Stevns;TOT Total;H70 H70 Masters programs;TOT Age, total;TOT Total;2011 2011;548
336 Stevns;TOT Total;H80 H80 PhD programs;TOT Age, total;TOT Total;2011 2011;45
336 Stevns;TOT Total;TOT Total;TOT Age, total;TOT Total;2011 2011;15322
340 Sorø;TOT Total;H40 H40 Short cycle higher education;TOT Age, total;TOT Total;2011 2011;834
340 Sorø;TOT Total;H50 H50 Vocational bachelors educations;TOT Age, total;TOT Total;2011 2011;2609
340 Sorø;TOT Total;H60 H60 Bachelors programs;TOT Age, total;TOT Total;2011 2011;160
340 Sorø;TOT Total;H70 H70 Masters programs;TOT Age, total;TOT Total;2011 2011;1052
340 Sorø;TOT Total;H80 H80 PhD programs;TOT Age, total;TOT Total;2011 2011;68
340 Sorø;TOT Total;TOT Total;TOT Age, total;TOT Total;2011 2011;20495
350 Lejre;TOT Total;H40 H40 Short cycle higher education;TOT Age, total;TOT Total;2011 2011;1014
350 Lejre;TOT Total;H50 H50 Vocational bachelors educations;TOT Age, total;TOT Total;2011 2011;2657
350 Lejre;TOT Total;H60 H60 Bachelors programs;TOT Age, total;TOT Total;2011 2011;191
350 Lejre;TOT Total;H70 H70 Masters programs;TOT Age, total;TOT Total;2011 2011;1358
350 Lejre;TOT Total;H80 H80 PhD programs;TOT Age, total;TOT Total;2011 2011;132
350 Lejre;TOT Total;TOT Total;TOT Age, total;TOT Total;2011 2011;18675
360 Lolland;TOT Total;H40 H40 Short cycle higher education;TOT Age, total;TOT Total;2011 2011;813
360 Lolland;TOT Total;H50 H50 Vocational bachelors educations;TOT Age, total;TOT Total;2011 2011;3047
360 Lolland;TOT Total;H60 H60 Bachelors programs;TOT Age, total;TOT Total;2011 2011;104
360 Lolland;TOT Total;H70 H70 Masters programs;TOT Age, total;TOT Total;2011 2011;567
360 Lolland;TOT Total;H80 H80 PhD programs;TOT Age, total;TOT Total;2011 2011;20
360 Lolland;TOT Total;TOT Total;TOT Age, total;TOT Total;2011 2011;31617
370 Næstved;TOT Total;H40 H40 Short cycle higher education;TOT Age, total;TOT Total;2011 2011;2410
370 Næstved;TOT Total;H50 H50 Vocational bachelors educations;TOT Age, total;TOT Total;2011 2011;7771
370 Næstved;TOT Total;H60 H60 Bachelors programs;TOT Age, total;TOT Total;2011 2011;353
370 Næstved;TOT Total;H70 H70 Masters programs;TOT Age, total;TOT Total;2011 2011;1892
370 Næstved;TOT Total;H80 H80 PhD programs;TOT Age, total;TOT Total;2011 2011;84
370 Næstved;TOT Total;TOT Total;TOT Age, total;TOT Total;2011 2011;57190
376 Guldborgsund;TOT Total;H40 H40 Short cycle higher education;TOT Age, total;TOT Total;2011 2011;1476
376 Guldborgsund;TOT Total;H50 H50 Vocational bachelors educations;TOT Age, total;TOT Total;2011 2011;5361
376 Guldborgsund;TOT Total;H60 H60 Bachelors programs;TOT Age, total;TOT Total;2011 2011;199
376 Guldborgsund;TOT Total;H70 H70 Masters programs;TOT Age, total;TOT Total;2011 2011;1201
376 Guldborgsund;TOT Total;H80 H80 PhD programs;TOT Age, total;TOT Total;2011 2011;32
376 Guldborgsund;TOT Total;TOT Total;TOT Age, total;TOT Total;2011 2011;43317
390 Vordingborg;TOT Total;H40 H40 Short cycle higher education;TOT Age, total;TOT Total;2011 2011;1111
390 Vordingborg;TOT Total;H50 H50 Vocational bachelors educations;TOT Age, total;TOT Total;2011 2011;4247
390 Vordingborg;TOT Total;H60 H60 Bachelors programs;TOT Age, total;TOT Total;2011 2011;182
390 Vordingborg;TOT Total;H70 H70 Masters programs;TOT Age, total;TOT Total;2011 2011;1120
390 Vordingborg;TOT Total;H80 H80 PhD programs;TOT Age, total;TOT Total;2011 2011;48
390 Vordingborg;TOT Total;TOT Total;TOT Age, total;TOT Total;2011 2011;31872
400 Bornholm;TOT Total;H40 H40 Short cycle higher education;TOT Age, total;TOT Total;2011 2011;882
400 Bornholm;TOT Total;H50 H50 Vocational bachelors educations;TOT Age, total;TOT Total;2011 2011;3474
400 Bornholm;TOT Total;H60 H60 Bachelors programs;TOT Age, total;TOT Total;2011 2011;157
400 Bornholm;TOT Total;H70 H70 Masters programs;TOT Age, total;TOT Total;2011 2011;834
400 Bornholm;TOT Total;H80 H80 PhD programs;TOT Age, total;TOT Total;2011 2011;25
400 Bornholm;TOT Total;TOT Total;TOT Age, total;TOT Total;2011 2011;28823
410 Middelfart;TOT Total;H40 H40 Short cycle higher education;TOT Age, total;TOT Total;2011 2011;1116
410 Middelfart;TOT Total;H50 H50 Vocational bachelors educations;TOT Age, total;TOT Total;2011 2011;3796
410 Middelfart;TOT Total;H60 H60 Bachelors programs;TOT Age, total;TOT Total;2011 2011;170
410 Middelfart;TOT Total;H70 H70 Masters programs;TOT Age, total;TOT Total;2011 2011;1183
410 Middelfart;TOT Total;H80 H80 PhD programs;TOT Age, total;TOT Total;2011 2011;48
410 Middelfart;TOT Total;TOT Total;TOT Age, total;TOT Total;2011 2011;25775
420 Assens;TOT Total;H40 H40 Short cycle higher education;TOT Age, total;TOT Total;2011 2011;1220
420 Assens;TOT Total;H50 H50 Vocational bachelors educations;TOT Age, total;TOT Total;2011 2011;3570
420 Assens;TOT Total;H60 H60 Bachelors programs;TOT Age, total;TOT Total;2011 2011;174
420 Assens;TOT Total;H70 H70 Masters programs;TOT Age, total;TOT Total;2011 2011;985
420 Assens;TOT Total;H80 H80 PhD programs;TOT Age, total;TOT Total;2011 2011;51
420 Assens;TOT Total;TOT Total;TOT Age, total;TOT Total;2011 2011;28544
430 Faaborg-Midtfyn;TOT Total;H40 H40 Short cycle higher education;TOT Age, total;TOT Total;2011 2011;1600
430 Faaborg-Midtfyn;TOT Total;H50 H50 Vocational bachelors educations;TOT Age, total;TOT Total;2011 2011;4605
430 Faaborg-Midtfyn;TOT Total;H60 H60 Bachelors programs;TOT Age, total;TOT Total;2011 2011;226
430 Faaborg-Midtfyn;TOT Total;H70 H70 Masters programs;TOT Age, total;TOT Total;2011 2011;1202
430 Faaborg-Midtfyn;TOT Total;H80 H80 PhD programs;TOT Age, total;TOT Total;2011 2011;71
430 Faaborg-Midtfyn;TOT Total;TOT Total;TOT Age, total;TOT Total;2011 2011;35486
440 Kerteminde;TOT Total;H40 H40 Short cycle higher education;TOT Age, total;TOT Total;2011 2011;607
440 Kerteminde;TOT Total;H50 H50 Vocational bachelors educations;TOT Age, total;TOT Total;2011 2011;2129
440 Kerteminde;TOT Total;H60 H60 Bachelors programs;TOT Age, total;TOT Total;2011 2011;101
440 Kerteminde;TOT Total;H70 H70 Masters programs;TOT Age, total;TOT Total;2011 2011;546
440 Kerteminde;TOT Total;H80 H80 PhD programs;TOT Age, total;TOT Total;2011 2011;32
440 Kerteminde;TOT Total;TOT Total;TOT Age, total;TOT Total;2011 2011;16296
450 Nyborg;TOT Total;H40 H40 Short cycle higher education;TOT Age, total;TOT Total;2011 2011;930
450 Nyborg;TOT Total;H50 H50 Vocational bachelors educations;TOT Age, total;TOT Total;2011 2011;2811
450 Nyborg;TOT Total;H60 H60 Bachelors programs;TOT Age, total;TOT Total;2011 2011;124
450 Nyborg;TOT Total;H70 H70 Masters programs;TOT Age, total;TOT Total;2011 2011;761
450 Nyborg;TOT Total;H80 H80 PhD programs;TOT Age, total;TOT Total;2011 2011;59
450 Nyborg;TOT Total;TOT Total;TOT Age, total;TOT Total;2011 2011;21742
461 Odense;TOT Total;H40 H40 Short cycle higher education;TOT Age, total;TOT Total;2011 2011;6091
461 Odense;TOT Total;H50 H50 Vocational bachelors educations;TOT Age, total;TOT Total;2011 2011;19829
461 Odense;TOT Total;H60 H60 Bachelors programs;TOT Age, total;TOT Total;2011 2011;3989
461 Odense;TOT Total;H70 H70 Masters programs;TOT Age, total;TOT Total;2011 2011;8943
461 Odense;TOT Total;H80 H80 PhD programs;TOT Age, total;TOT Total;2011 2011;836
461 Odense;TOT Total;TOT Total;TOT Age, total;TOT Total;2011 2011;139092
479 Svendborg;TOT Total;H40 H40 Short cycle higher education;TOT Age, total;TOT Total;2011 2011;1654
479 Svendborg;TOT Total;H50 H50 Vocational bachelors educations;TOT Age, total;TOT Total;2011 2011;7163
479 Svendborg;TOT Total;H60 H60 Bachelors programs;TOT Age, total;TOT Total;2011 2011;281
479 Svendborg;TOT Total;H70 H70 Masters programs;TOT Age, total;TOT Total;2011 2011;1519
479 Svendborg;TOT Total;H80 H80 PhD programs;TOT Age, total;TOT Total;2011 2011;70
479 Svendborg;TOT Total;TOT Total;TOT Age, total;TOT Total;2011 2011;41127
480 Nordfyns;TOT Total;H40 H40 Short cycle higher education;TOT Age, total;TOT Total;2011 2011;841
480 Nordfyns;TOT Total;H50 H50 Vocational bachelors educations;TOT Age, total;TOT Total;2011 2011;2280
480 Nordfyns;TOT Total;H60 H60 Bachelors programs;TOT Age, total;TOT Total;2011 2011;120
480 Nordfyns;TOT Total;H70 H70 Masters programs;TOT Age, total;TOT Total;2011 2011;553
480 Nordfyns;TOT Total;H80 H80 PhD programs;TOT Age, total;TOT Total;2011 2011;36
480 Nordfyns;TOT Total;TOT Total;TOT Age, total;TOT Total;2011 2011;20437
482 Langeland;TOT Total;H40 H40 Short cycle higher education;TOT Age, total;TOT Total;2011 2011;239
482 Langeland;TOT Total;H50 H50 Vocational bachelors educations;TOT Age, total;TOT Total;2011 2011;956
482 Langeland;TOT Total;H60 H60 Bachelors programs;TOT Age, total;TOT Total;2011 2011;39
482 Langeland;TOT Total;H70 H70 Masters programs;TOT Age, total;TOT Total;2011 2011;169
482 Langeland;TOT Total;H80 H80 PhD programs;TOT Age, total;TOT Total;2011 2011;11
482 Langeland;TOT Total;TOT Total;TOT Age, total;TOT Total;2011 2011;8951
492 Ærø;TOT Total;H40 H40 Short cycle higher education;TOT Age, total;TOT Total;2011 2011;191
492 Ærø;TOT Total;H50 H50 Vocational bachelors educations;TOT Age, total;TOT Total;2011 2011;621
492 Ærø;TOT Total;H60 H60 Bachelors programs;TOT Age, total;TOT Total;2011 2011;26
492 Ærø;TOT Total;H70 H70 Masters programs;TOT Age, total;TOT Total;2011 2011;140
492 Ærø;TOT Total;H80 H80 PhD programs;TOT Age, total;TOT Total;2011 2011;4
492 Ærø;TOT Total;TOT Total;TOT Age, total;TOT Total;2011 2011;4480
510 Haderslev;TOT Total;H40 H40 Short cycle higher education;TOT Age, total;TOT Total;2011 2011;1495
510 Haderslev;TOT Total;H50 H50 Vocational bachelors educations;TOT Age, total;TOT Total;2011 2011;5090
510 Haderslev;TOT Total;H60 H60 Bachelors programs;TOT Age, total;TOT Total;2011 2011;234
510 Haderslev;TOT Total;H70 H70 Masters programs;TOT Age, total;TOT Total;2011 2011;1239
510 Haderslev;TOT Total;H80 H80 PhD programs;TOT Age, total;TOT Total;2011 2011;34
510 Haderslev;TOT Total;TOT Total;TOT Age, total;TOT Total;2011 2011;39055
530 Billund;TOT Total;H40 H40 Short cycle higher education;TOT Age, total;TOT Total;2011 2011;768
530 Billund;TOT Total;H50 H50 Vocational bachelors educations;TOT Age, total;TOT Total;2011 2011;1777
530 Billund;TOT Total;H60 H60 Bachelors programs;TOT Age, total;TOT Total;2011 2011;98
530 Billund;TOT Total;H70 H70 Masters programs;TOT Age, total;TOT Total;2011 2011;430
530 Billund;TOT Total;H80 H80 PhD programs;TOT Age, total;TOT Total;2011 2011;12
530 Billund;TOT Total;TOT Total;TOT Age, total;TOT Total;2011 2011;18125
540 Sønderborg;TOT Total;H40 H40 Short cycle higher education;TOT Age, total;TOT Total;2011 2011;2495
540 Sønderborg;TOT Total;H50 H50 Vocational bachelors educations;TOT Age, total;TOT Total;2011 2011;6947
540 Sønderborg;TOT Total;H60 H60 Bachelors programs;TOT Age, total;TOT Total;2011 2011;543
540 Sønderborg;TOT Total;H70 H70 Masters programs;TOT Age, total;TOT Total;2011 2011;2255
540 Sønderborg;TOT Total;H80 H80 PhD programs;TOT Age, total;TOT Total;2011 2011;118
540 Sønderborg;TOT Total;TOT Total;TOT Age, total;TOT Total;2011 2011;52244
550 Tønder;TOT Total;H40 H40 Short cycle higher education;TOT Age, total;TOT Total;2011 2011;941
550 Tønder;TOT Total;H50 H50 Vocational bachelors educations;TOT Age, total;TOT Total;2011 2011;2754
550 Tønder;TOT Total;H60 H60 Bachelors programs;TOT Age, total;TOT Total;2011 2011;88
550 Tønder;TOT Total;H70 H70 Masters programs;TOT Age, total;TOT Total;2011 2011;651
550 Tønder;TOT Total;H80 H80 PhD programs;TOT Age, total;TOT Total;2011 2011;18
550 Tønder;TOT Total;TOT Total;TOT Age, total;TOT Total;2011 2011;27164
561 Esbjerg;TOT Total;H40 H40 Short cycle higher education;TOT Age, total;TOT Total;2011 2011;3422
561 Esbjerg;TOT Total;H50 H50 Vocational bachelors educations;TOT Age, total;TOT Total;2011 2011;11681
561 Esbjerg;TOT Total;H60 H60 Bachelors programs;TOT Age, total;TOT Total;2011 2011;762
561 Esbjerg;TOT Total;H70 H70 Masters programs;TOT Age, total;TOT Total;2011 2011;2779
561 Esbjerg;TOT Total;H80 H80 PhD programs;TOT Age, total;TOT Total;2011 2011;124
561 Esbjerg;TOT Total;TOT Total;TOT Age, total;TOT Total;2011 2011;82583
563 Fanø;TOT Total;H40 H40 Short cycle higher education;TOT Age, total;TOT Total;2011 2011;138
563 Fanø;TOT Total;H50 H50 Vocational bachelors educations;TOT Age, total;TOT Total;2011 2011;565
563 Fanø;TOT Total;H60 H60 Bachelors programs;TOT Age, total;TOT Total;2011 2011;26
563 Fanø;TOT Total;H70 H70 Masters programs;TOT Age, total;TOT Total;2011 2011;127
563 Fanø;TOT Total;H80 H80 PhD programs;TOT Age, total;TOT Total;2011 2011;6
563 Fanø;TOT Total;TOT Total;TOT Age, total;TOT Total;2011 2011;2275
573 Varde;TOT Total;H40 H40 Short cycle higher education;TOT Age, total;TOT Total;2011 2011;1392
573 Varde;TOT Total;H50 H50 Vocational bachelors educations;TOT Age, total;TOT Total;2011 2011;3929
573 Varde;TOT Total;H60 H60 Bachelors programs;TOT Age, total;TOT Total;2011 2011;160
573 Varde;TOT Total;H70 H70 Masters programs;TOT Age, total;TOT Total;2011 2011;899
573 Varde;TOT Total;H80 H80 PhD programs;TOT Age, total;TOT Total;2011 2011;29
573 Varde;TOT Total;TOT Total;TOT Age, total;TOT Total;2011 2011;34387
575 Vejen;TOT Total;H40 H40 Short cycle higher education;TOT Age, total;TOT Total;2011 2011;1164
575 Vejen;TOT Total;H50 H50 Vocational bachelors educations;TOT Age, total;TOT Total;2011 2011;3043
575 Vejen;TOT Total;H60 H60 Bachelors programs;TOT Age, total;TOT Total;2011 2011;161
575 Vejen;TOT Total;H70 H70 Masters programs;TOT Age, total;TOT Total;2011 2011;747
575 Vejen;TOT Total;H80 H80 PhD programs;TOT Age, total;TOT Total;2011 2011;21
575 Vejen;TOT Total;TOT Total;TOT Age, total;TOT Total;2011 2011;29090
580 Aabenraa;TOT Total;H40 H40 Short cycle higher education;TOT Age, total;TOT Total;2011 2011;1575
580 Aabenraa;TOT Total;H50 H50 Vocational bachelors educations;TOT Age, total;TOT Total;2011 2011;4647
580 Aabenraa;TOT Total;H60 H60 Bachelors programs;TOT Age, total;TOT Total;2011 2011;211
580 Aabenraa;TOT Total;H70 H70 Masters programs;TOT Age, total;TOT Total;2011 2011;1299
580 Aabenraa;TOT Total;H80 H80 PhD programs;TOT Age, total;TOT Total;2011 2011;38
580 Aabenraa;TOT Total;TOT Total;TOT Age, total;TOT Total;2011 2011;41590
607 Fredericia;TOT Total;H40 H40 Short cycle higher education;TOT Age, total;TOT Total;2011 2011;1446
607 Fredericia;TOT Total;H50 H50 Vocational bachelors educations;TOT Age, total;TOT Total;2011 2011;4429
607 Fredericia;TOT Total;H60 H60 Bachelors programs;TOT Age, total;TOT Total;2011 2011;286
607 Fredericia;TOT Total;H70 H70 Masters programs;TOT Age, total;TOT Total;2011 2011;1240
607 Fredericia;TOT Total;H80 H80 PhD programs;TOT Age, total;TOT Total;2011 2011;58
607 Fredericia;TOT Total;TOT Total;TOT Age, total;TOT Total;2011 2011;35266
615 Horsens;TOT Total;H40 H40 Short cycle higher education;TOT Age, total;TOT Total;2011 2011;2968
615 Horsens;TOT Total;H50 H50 Vocational bachelors educations;TOT Age, total;TOT Total;2011 2011;8078
615 Horsens;TOT Total;H60 H60 Bachelors programs;TOT Age, total;TOT Total;2011 2011;423
615 Horsens;TOT Total;H70 H70 Masters programs;TOT Age, total;TOT Total;2011 2011;2283
615 Horsens;TOT Total;H80 H80 PhD programs;TOT Age, total;TOT Total;2011 2011;98
615 Horsens;TOT Total;TOT Total;TOT Age, total;TOT Total;2011 2011;59063
621 Kolding;TOT Total;H40 H40 Short cycle higher education;TOT Age, total;TOT Total;2011 2011;3138
621 Kolding;TOT Total;H50 H50 Vocational bachelors educations;TOT Age, total;TOT Total;2011 2011;8298
621 Kolding;TOT Total;H60 H60 Bachelors programs;TOT Age, total;TOT Total;2011 2011;862
621 Kolding;TOT Total;H70 H70 Masters programs;TOT Age, total;TOT Total;2011 2011;3099
621 Kolding;TOT Total;H80 H80 PhD programs;TOT Age, total;TOT Total;2011 2011;108
621 Kolding;TOT Total;TOT Total;TOT Age, total;TOT Total;2011 2011;62963
630 Vejle;TOT Total;H40 H40 Short cycle higher education;TOT Age, total;TOT Total;2011 2011;3528
630 Vejle;TOT Total;H50 H50 Vocational bachelors educations;TOT Age, total;TOT Total;2011 2011;11296
630 Vejle;TOT Total;H60 H60 Bachelors programs;TOT Age, total;TOT Total;2011 2011;603
630 Vejle;TOT Total;H70 H70 Masters programs;TOT Age, total;TOT Total;2011 2011;3784
630 Vejle;TOT Total;H80 H80 PhD programs;TOT Age, total;TOT Total;2011 2011;129
630 Vejle;TOT Total;TOT Total;TOT Age, total;TOT Total;2011 2011;75172
657 Herning;TOT Total;H40 H40 Short cycle higher education;TOT Age, total;TOT Total;2011 2011;3042
657 Herning;TOT Total;H50 H50 Vocational bachelors educations;TOT Age, total;TOT Total;2011 2011;7425
657 Herning;TOT Total;H60 H60 Bachelors programs;TOT Age, total;TOT Total;2011 2011;670
657 Herning;TOT Total;H70 H70 Masters programs;TOT Age, total;TOT Total;2011 2011;1803
657 Herning;TOT Total;H80 H80 PhD programs;TOT Age, total;TOT Total;2011 2011;58
657 Herning;TOT Total;TOT Total;TOT Age, total;TOT Total;2011 2011;60701
661 Holstebro;TOT Total;H40 H40 Short cycle higher education;TOT Age, total;TOT Total;2011 2011;1610
661 Holstebro;TOT Total;H50 H50 Vocational bachelors educations;TOT Age, total;TOT Total;2011 2011;5776
661 Holstebro;TOT Total;H60 H60 Bachelors programs;TOT Age, total;TOT Total;2011 2011;210
661 Holstebro;TOT Total;H70 H70 Masters programs;TOT Age, total;TOT Total;2011 2011;1410
661 Holstebro;TOT Total;H80 H80 PhD programs;TOT Age, total;TOT Total;2011 2011;38
661 Holstebro;TOT Total;TOT Total;TOT Age, total;TOT Total;2011 2011;39798
665 Lemvig;TOT Total;H40 H40 Short cycle higher education;TOT Age, total;TOT Total;2011 2011;402
665 Lemvig;TOT Total;H50 H50 Vocational bachelors educations;TOT Age, total;TOT Total;2011 2011;1762
665 Lemvig;TOT Total;H60 H60 Bachelors programs;TOT Age, total;TOT Total;2011 2011;59
665 Lemvig;TOT Total;H70 H70 Masters programs;TOT Age, total;TOT Total;2011 2011;415
665 Lemvig;TOT Total;H80 H80 PhD programs;TOT Age, total;TOT Total;2011 2011;30
665 Lemvig;TOT Total;TOT Total;TOT Age, total;TOT Total;2011 2011;14735
671 Struer;TOT Total;H40 H40 Short cycle higher education;TOT Age, total;TOT Total;2011 2011;516
671 Struer;TOT Total;H50 H50 Vocational bachelors educations;TOT Age, total;TOT Total;2011 2011;1958
671 Struer;TOT Total;H60 H60 Bachelors programs;TOT Age, total;TOT Total;2011 2011;74
671 Struer;TOT Total;H70 H70 Masters programs;TOT Age, total;TOT Total;2011 2011;442
671 Struer;TOT Total;H80 H80 PhD programs;TOT Age, total;TOT Total;2011 2011;13
671 Struer;TOT Total;TOT Total;TOT Age, total;TOT Total;2011 2011;15300
706 Syddjurs;TOT Total;H40 H40 Short cycle higher education;TOT Age, total;TOT Total;2011 2011;1201
706 Syddjurs;TOT Total;H50 H50 Vocational bachelors educations;TOT Age, total;TOT Total;2011 2011;3917
706 Syddjurs;TOT Total;H60 H60 Bachelors programs;TOT Age, total;TOT Total;2011 2011;278
706 Syddjurs;TOT Total;H70 H70 Masters programs;TOT Age, total;TOT Total;2011 2011;1418
706 Syddjurs;TOT Total;H80 H80 PhD programs;TOT Age, total;TOT Total;2011 2011;86
706 Syddjurs;TOT Total;TOT Total;TOT Age, total;TOT Total;2011 2011;28973
707 Norddjurs;TOT Total;H40 H40 Short cycle higher education;TOT Age, total;TOT Total;2011 2011;839
707 Norddjurs;TOT Total;H50 H50 Vocational bachelors educations;TOT Age, total;TOT Total;2011 2011;2600
707 Norddjurs;TOT Total;H60 H60 Bachelors programs;TOT Age, total;TOT Total;2011 2011;122
707 Norddjurs;TOT Total;H70 H70 Masters programs;TOT Age, total;TOT Total;2011 2011;588
707 Norddjurs;TOT Total;H80 H80 PhD programs;TOT Age, total;TOT Total;2011 2011;27
707 Norddjurs;TOT Total;TOT Total;TOT Age, total;TOT Total;2011 2011;26653
710 Favrskov;TOT Total;H40 H40 Short cycle higher education;TOT Age, total;TOT Total;2011 2011;1657
710 Favrskov;TOT Total;H50 H50 Vocational bachelors educations;TOT Age, total;TOT Total;2011 2011;4421
710 Favrskov;TOT Total;H60 H60 Bachelors programs;TOT Age, total;TOT Total;2011 2011;314
710 Favrskov;TOT Total;H70 H70 Masters programs;TOT Age, total;TOT Total;2011 2011;1961
710 Favrskov;TOT Total;H80 H80 PhD programs;TOT Age, total;TOT Total;2011 2011;177
710 Favrskov;TOT Total;TOT Total;TOT Age, total;TOT Total;2011 2011;32323
727 Odder;TOT Total;H40 H40 Short cycle higher education;TOT Age, total;TOT Total;2011 2011;720
727 Odder;TOT Total;H50 H50 Vocational bachelors educations;TOT Age, total;TOT Total;2011 2011;2266
727 Odder;TOT Total;H60 H60 Bachelors programs;TOT Age, total;TOT Total;2011 2011;154
727 Odder;TOT Total;H70 H70 Masters programs;TOT Age, total;TOT Total;2011 2011;818
727 Odder;TOT Total;H80 H80 PhD programs;TOT Age, total;TOT Total;2011 2011;49
727 Odder;TOT Total;TOT Total;TOT Age, total;TOT Total;2011 2011;15041
730 Randers;TOT Total;H40 H40 Short cycle higher education;TOT Age, total;TOT Total;2011 2011;3380
730 Randers;TOT Total;H50 H50 Vocational bachelors educations;TOT Age, total;TOT Total;2011 2011;7774
730 Randers;TOT Total;H60 H60 Bachelors programs;TOT Age, total;TOT Total;2011 2011;466
730 Randers;TOT Total;H70 H70 Masters programs;TOT Age, total;TOT Total;2011 2011;2384
730 Randers;TOT Total;H80 H80 PhD programs;TOT Age, total;TOT Total;2011 2011;118
730 Randers;TOT Total;TOT Total;TOT Age, total;TOT Total;2011 2011;67403
740 Silkeborg;TOT Total;H40 H40 Short cycle higher education;TOT Age, total;TOT Total;2011 2011;3115
740 Silkeborg;TOT Total;H50 H50 Vocational bachelors educations;TOT Age, total;TOT Total;2011 2011;9408
740 Silkeborg;TOT Total;H60 H60 Bachelors programs;TOT Age, total;TOT Total;2011 2011;532
740 Silkeborg;TOT Total;H70 H70 Masters programs;TOT Age, total;TOT Total;2011 2011;3201
740 Silkeborg;TOT Total;H80 H80 PhD programs;TOT Age, total;TOT Total;2011 2011;153
740 Silkeborg;TOT Total;TOT Total;TOT Age, total;TOT Total;2011 2011;62188
741 Samsø;TOT Total;H40 H40 Short cycle higher education;TOT Age, total;TOT Total;2011 2011;81
741 Samsø;TOT Total;H50 H50 Vocational bachelors educations;TOT Age, total;TOT Total;2011 2011;359
741 Samsø;TOT Total;H60 H60 Bachelors programs;TOT Age, total;TOT Total;2011 2011;27
741 Samsø;TOT Total;H70 H70 Masters programs;TOT Age, total;TOT Total;2011 2011;101
741 Samsø;TOT Total;H80 H80 PhD programs;TOT Age, total;TOT Total;2011 2011;2
741 Samsø;TOT Total;TOT Total;TOT Age, total;TOT Total;2011 2011;2599
746 Skanderborg;TOT Total;H40 H40 Short cycle higher education;TOT Age, total;TOT Total;2011 2011;2292
746 Skanderborg;TOT Total;H50 H50 Vocational bachelors educations;TOT Age, total;TOT Total;2011 2011;6235
746 Skanderborg;TOT Total;H60 H60 Bachelors programs;TOT Age, total;TOT Total;2011 2011;416
746 Skanderborg;TOT Total;H70 H70 Masters programs;TOT Age, total;TOT Total;2011 2011;3128
746 Skanderborg;TOT Total;H80 H80 PhD programs;TOT Age, total;TOT Total;2011 2011;229
746 Skanderborg;TOT Total;TOT Total;TOT Age, total;TOT Total;2011 2011;40081
751 Aarhus;TOT Total;H40 H40 Short cycle higher education;TOT Age, total;TOT Total;2011 2011;10389
751 Aarhus;TOT Total;H50 H50 Vocational bachelors educations;TOT Age, total;TOT Total;2011 2011;34540
751 Aarhus;TOT Total;H60 H60 Bachelors programs;TOT Age, total;TOT Total;2011 2011;11623
751 Aarhus;TOT Total;H70 H70 Masters programs;TOT Age, total;TOT Total;2011 2011;26224
751 Aarhus;TOT Total;H80 H80 PhD programs;TOT Age, total;TOT Total;2011 2011;2399
751 Aarhus;TOT Total;TOT Total;TOT Age, total;TOT Total;2011 2011;235788
756 Ikast-Brande;TOT Total;H40 H40 Short cycle higher education;TOT Age, total;TOT Total;2011 2011;1195
756 Ikast-Brande;TOT Total;H50 H50 Vocational bachelors educations;TOT Age, total;TOT Total;2011 2011;2807
756 Ikast-Brande;TOT Total;H60 H60 Bachelors programs;TOT Age, total;TOT Total;2011 2011;182
756 Ikast-Brande;TOT Total;H70 H70 Masters programs;TOT Age, total;TOT Total;2011 2011;754
756 Ikast-Brande;TOT Total;H80 H80 PhD programs;TOT Age, total;TOT Total;2011 2011;37
756 Ikast-Brande;TOT Total;TOT Total;TOT Age, total;TOT Total;2011 2011;28212
760 Ringkøbing-Skjern;TOT Total;H40 H40 Short cycle higher education;TOT Age, total;TOT Total;2011 2011;1452
760 Ringkøbing-Skjern;TOT Total;H50 H50 Vocational bachelors educations;TOT Age, total;TOT Total;2011 2011;4425
760 Ringkøbing-Skjern;TOT Total;H60 H60 Bachelors programs;TOT Age, total;TOT Total;2011 2011;184
760 Ringkøbing-Skjern;TOT Total;H70 H70 Masters programs;TOT Age, total;TOT Total;2011 2011;1100
760 Ringkøbing-Skjern;TOT Total;H80 H80 PhD programs;TOT Age, total;TOT Total;2011 2011;31
760 Ringkøbing-Skjern;TOT Total;TOT Total;TOT Age, total;TOT Total;2011 2011;39570
766 Hedensted;TOT Total;H40 H40 Short cycle higher education;TOT Age, total;TOT Total;2011 2011;1564
766 Hedensted;TOT Total;H50 H50 Vocational bachelors educations;TOT Age, total;TOT Total;2011 2011;3700
766 Hedensted;TOT Total;H60 H60 Bachelors programs;TOT Age, total;TOT Total;2011 2011;154
766 Hedensted;TOT Total;H70 H70 Masters programs;TOT Age, total;TOT Total;2011 2011;762
766 Hedensted;TOT Total;H80 H80 PhD programs;TOT Age, total;TOT Total;2011 2011;27
766 Hedensted;TOT Total;TOT Total;TOT Age, total;TOT Total;2011 2011;31534
773 Morsø;TOT Total;H40 H40 Short cycle higher education;TOT Age, total;TOT Total;2011 2011;435
773 Morsø;TOT Total;H50 H50 Vocational bachelors educations;TOT Age, total;TOT Total;2011 2011;1461
773 Morsø;TOT Total;H60 H60 Bachelors programs;TOT Age, total;TOT Total;2011 2011;49
773 Morsø;TOT Total;H70 H70 Masters programs;TOT Age, total;TOT Total;2011 2011;324
773 Morsø;TOT Total;H80 H80 PhD programs;TOT Age, total;TOT Total;2011 2011;9
773 Morsø;TOT Total;TOT Total;TOT Age, total;TOT Total;2011 2011;14720
779 Skive;TOT Total;H40 H40 Short cycle higher education;TOT Age, total;TOT Total;2011 2011;1320
779 Skive;TOT Total;H50 H50 Vocational bachelors educations;TOT Age, total;TOT Total;2011 2011;4099
779 Skive;TOT Total;H60 H60 Bachelors programs;TOT Age, total;TOT Total;2011 2011;115
779 Skive;TOT Total;H70 H70 Masters programs;TOT Age, total;TOT Total;2011 2011;884
779 Skive;TOT Total;H80 H80 PhD programs;TOT Age, total;TOT Total;2011 2011;24
779 Skive;TOT Total;TOT Total;TOT Age, total;TOT Total;2011 2011;33003
787 Thisted;TOT Total;H40 H40 Short cycle higher education;TOT Age, total;TOT Total;2011 2011;1024
787 Thisted;TOT Total;H50 H50 Vocational bachelors educations;TOT Age, total;TOT Total;2011 2011;3303
787 Thisted;TOT Total;H60 H60 Bachelors programs;TOT Age, total;TOT Total;2011 2011;127
787 Thisted;TOT Total;H70 H70 Masters programs;TOT Age, total;TOT Total;2011 2011;846
787 Thisted;TOT Total;H80 H80 PhD programs;TOT Age, total;TOT Total;2011 2011;20
787 Thisted;TOT Total;TOT Total;TOT Age, total;TOT Total;2011 2011;31299
791 Viborg;TOT Total;H40 H40 Short cycle higher education;TOT Age, total;TOT Total;2011 2011;2912
791 Viborg;TOT Total;H50 H50 Vocational bachelors educations;TOT Age, total;TOT Total;2011 2011;8896
791 Viborg;TOT Total;H60 H60 Bachelors programs;TOT Age, total;TOT Total;2011 2011;342
791 Viborg;TOT Total;H70 H70 Masters programs;TOT Age, total;TOT Total;2011 2011;3251
791 Viborg;TOT Total;H80 H80 PhD programs;TOT Age, total;TOT Total;2011 2011;248
791 Viborg;TOT Total;TOT Total;TOT Age, total;TOT Total;2011 2011;65290
810 Brønderslev;TOT Total;H40 H40 Short cycle higher education;TOT Age, total;TOT Total;2011 2011;911
810 Brønderslev;TOT Total;H50 H50 Vocational bachelors educations;TOT Age, total;TOT Total;2011 2011;3135
810 Brønderslev;TOT Total;H60 H60 Bachelors programs;TOT Age, total;TOT Total;2011 2011;139
810 Brønderslev;TOT Total;H70 H70 Masters programs;TOT Age, total;TOT Total;2011 2011;795
810 Brønderslev;TOT Total;H80 H80 PhD programs;TOT Age, total;TOT Total;2011 2011;41
810 Brønderslev;TOT Total;TOT Total;TOT Age, total;TOT Total;2011 2011;24328
813 Frederikshavn;TOT Total;H40 H40 Short cycle higher education;TOT Age, total;TOT Total;2011 2011;1663
813 Frederikshavn;TOT Total;H50 H50 Vocational bachelors educations;TOT Age, total;TOT Total;2011 2011;4749
813 Frederikshavn;TOT Total;H60 H60 Bachelors programs;TOT Age, total;TOT Total;2011 2011;175
813 Frederikshavn;TOT Total;H70 H70 Masters programs;TOT Age, total;TOT Total;2011 2011;1005
813 Frederikshavn;TOT Total;H80 H80 PhD programs;TOT Age, total;TOT Total;2011 2011;32
813 Frederikshavn;TOT Total;TOT Total;TOT Age, total;TOT Total;2011 2011;42916
820 Vesthimmerlands;TOT Total;H40 H40 Short cycle higher education;TOT Age, total;TOT Total;2011 2011;900
820 Vesthimmerlands;TOT Total;H50 H50 Vocational bachelors educations;TOT Age, total;TOT Total;2011 2011;2838
820 Vesthimmerlands;TOT Total;H60 H60 Bachelors programs;TOT Age, total;TOT Total;2011 2011;92
820 Vesthimmerlands;TOT Total;H70 H70 Masters programs;TOT Age, total;TOT Total;2011 2011;590
820 Vesthimmerlands;TOT Total;H80 H80 PhD programs;TOT Age, total;TOT Total;2011 2011;17
820 Vesthimmerlands;TOT Total;TOT Total;TOT Age, total;TOT Total;2011 2011;25925
825 Læsø;TOT Total;H40 H40 Short cycle higher education;TOT Age, total;TOT Total;2011 2011;31
825 Læsø;TOT Total;H50 H50 Vocational bachelors educations;TOT Age, total;TOT Total;2011 2011;133
825 Læsø;TOT Total;H60 H60 Bachelors programs;TOT Age, total;TOT Total;2011 2011;7
825 Læsø;TOT Total;H70 H70 Masters programs;TOT Age, total;TOT Total;2011 2011;35
825 Læsø;TOT Total;TOT Total;TOT Age, total;TOT Total;2011 2011;1306
840 Rebild;TOT Total;H40 H40 Short cycle higher education;TOT Age, total;TOT Total;2011 2011;821
840 Rebild;TOT Total;H50 H50 Vocational bachelors educations;TOT Age, total;TOT Total;2011 2011;2679
840 Rebild;TOT Total;H60 H60 Bachelors programs;TOT Age, total;TOT Total;2011 2011;158
840 Rebild;TOT Total;H70 H70 Masters programs;TOT Age, total;TOT Total;2011 2011;1165
840 Rebild;TOT Total;H80 H80 PhD programs;TOT Age, total;TOT Total;2011 2011;81
840 Rebild;TOT Total;TOT Total;TOT Age, total;TOT Total;2011 2011;19862
846 Mariagerfjord;TOT Total;H40 H40 Short cycle higher education;TOT Age, total;TOT Total;2011 2011;1217
846 Mariagerfjord;TOT Total;H50 H50 Vocational bachelors educations;TOT Age, total;TOT Total;2011 2011;3487
846 Mariagerfjord;TOT Total;H60 H60 Bachelors programs;TOT Age, total;TOT Total;2011 2011;154
846 Mariagerfjord;TOT Total;H70 H70 Masters programs;TOT Age, total;TOT Total;2011 2011;969
846 Mariagerfjord;TOT Total;H80 H80 PhD programs;TOT Age, total;TOT Total;2011 2011;46
846 Mariagerfjord;TOT Total;TOT Total;TOT Age, total;TOT Total;2011 2011;29795
849 Jammerbugt;TOT Total;H40 H40 Short cycle higher education;TOT Age, total;TOT Total;2011 2011;940
849 Jammerbugt;TOT Total;H50 H50 Vocational bachelors educations;TOT Age, total;TOT Total;2011 2011;2988
849 Jammerbugt;TOT Total;H60 H60 Bachelors programs;TOT Age, total;TOT Total;2011 2011;165
849 Jammerbugt;TOT Total;H70 H70 Masters programs;TOT Age, total;TOT Total;2011 2011;731
849 Jammerbugt;TOT Total;H80 H80 PhD programs;TOT Age, total;TOT Total;2011 2011;25
849 Jammerbugt;TOT Total;TOT Total;TOT Age, total;TOT Total;2011 2011;26848
851 Aalborg;TOT Total;H40 H40 Short cycle higher education;TOT Age, total;TOT Total;2011 2011;6316
851 Aalborg;TOT Total;H50 H50 Vocational bachelors educations;TOT Age, total;TOT Total;2011 2011;19616
851 Aalborg;TOT Total;H60 H60 Bachelors programs;TOT Age, total;TOT Total;2011 2011;4293
851 Aalborg;TOT Total;H70 H70 Masters programs;TOT Age, total;TOT Total;2011 2011;10993
851 Aalborg;TOT Total;H80 H80 PhD programs;TOT Age, total;TOT Total;2011 2011;734
851 Aalborg;TOT Total;TOT Total;TOT Age, total;TOT Total;2011 2011;146765
860 Hjørring;TOT Total;H40 H40 Short cycle higher education;TOT Age, total;TOT Total;2011 2011;1590
860 Hjørring;TOT Total;H50 H50 Vocational bachelors educations;TOT Age, total;TOT Total;2011 2011;6048
860 Hjørring;TOT Total;H60 H60 Bachelors programs;TOT Age, total;TOT Total;2011 2011;228
860 Hjørring;TOT Total;H70 H70 Masters programs;TOT Age, total;TOT Total;2011 2011;1337
860 Hjørring;TOT Total;H80 H80 PhD programs;TOT Age, total;TOT Total;2011 2011;50
860 Hjørring;TOT Total;TOT Total;TOT Age, total;TOT Total;2011 2011;46130
000 All Denmark;TOT Total;H40 H40 Short cycle higher education;TOT Age, total;TOT Total;2012 2012;174455
000 All Denmark;TOT Total;H50 H50 Vocational bachelors educations;TOT Age, total;TOT Total;2012 2012;532317
000 All Denmark;TOT Total;H60 H60 Bachelors programs;TOT Age, total;TOT Total;2012 2012;82700
000 All Denmark;TOT Total;H70 H70 Masters programs;TOT Age, total;TOT Total;2012 2012;291215
000 All Denmark;TOT Total;H80 H80 PhD programs;TOT Age, total;TOT Total;2012 2012;22326
000 All Denmark;TOT Total;TOT Total;TOT Age, total;TOT Total;2012 2012;3977036
101 Copenhagen;TOT Total;H40 H40 Short cycle higher education;TOT Age, total;TOT Total;2012 2012;17915
101 Copenhagen;TOT Total;H50 H50 Vocational bachelors educations;TOT Age, total;TOT Total;2012 2012;58111
101 Copenhagen;TOT Total;H60 H60 Bachelors programs;TOT Age, total;TOT Total;2012 2012;29186
101 Copenhagen;TOT Total;H70 H70 Masters programs;TOT Age, total;TOT Total;2012 2012;67662
101 Copenhagen;TOT Total;H80 H80 PhD programs;TOT Age, total;TOT Total;2012 2012;5234
101 Copenhagen;TOT Total;TOT Total;TOT Age, total;TOT Total;2012 2012;435601
147 Frederiksberg;TOT Total;H40 H40 Short cycle higher education;TOT Age, total;TOT Total;2012 2012;3258
147 Frederiksberg;TOT Total;H50 H50 Vocational bachelors educations;TOT Age, total;TOT Total;2012 2012;11140
147 Frederiksberg;TOT Total;H60 H60 Bachelors programs;TOT Age, total;TOT Total;2012 2012;5227
147 Frederiksberg;TOT Total;H70 H70 Masters programs;TOT Age, total;TOT Total;2012 2012;15942
147 Frederiksberg;TOT Total;H80 H80 PhD programs;TOT Age, total;TOT Total;2012 2012;1230
147 Frederiksberg;TOT Total;TOT Total;TOT Age, total;TOT Total;2012 2012;75686
151 Ballerup;TOT Total;H40 H40 Short cycle higher education;TOT Age, total;TOT Total;2012 2012;1419
151 Ballerup;TOT Total;H50 H50 Vocational bachelors educations;TOT Age, total;TOT Total;2012 2012;4186
151 Ballerup;TOT Total;H60 H60 Bachelors programs;TOT Age, total;TOT Total;2012 2012;323
151 Ballerup;TOT Total;H70 H70 Masters programs;TOT Age, total;TOT Total;2012 2012;2161
151 Ballerup;TOT Total;H80 H80 PhD programs;TOT Age, total;TOT Total;2012 2012;261
151 Ballerup;TOT Total;TOT Total;TOT Age, total;TOT Total;2012 2012;32977
153 Brøndby;TOT Total;H40 H40 Short cycle higher education;TOT Age, total;TOT Total;2012 2012;1017
153 Brøndby;TOT Total;H50 H50 Vocational bachelors educations;TOT Age, total;TOT Total;2012 2012;2215
153 Brøndby;TOT Total;H60 H60 Bachelors programs;TOT Age, total;TOT Total;2012 2012;231
153 Brøndby;TOT Total;H70 H70 Masters programs;TOT Age, total;TOT Total;2012 2012;974
153 Brøndby;TOT Total;H80 H80 PhD programs;TOT Age, total;TOT Total;2012 2012;51
153 Brøndby;TOT Total;TOT Total;TOT Age, total;TOT Total;2012 2012;23993
155 Dragør;TOT Total;H40 H40 Short cycle higher education;TOT Age, total;TOT Total;2012 2012;492
155 Dragør;TOT Total;H50 H50 Vocational bachelors educations;TOT Age, total;TOT Total;2012 2012;1359
155 Dragør;TOT Total;H60 H60 Bachelors programs;TOT Age, total;TOT Total;2012 2012;149
155 Dragør;TOT Total;H70 H70 Masters programs;TOT Age, total;TOT Total;2012 2012;912
155 Dragør;TOT Total;H80 H80 PhD programs;TOT Age, total;TOT Total;2012 2012;61
155 Dragør;TOT Total;TOT Total;TOT Age, total;TOT Total;2012 2012;9239
157 Gentofte;TOT Total;H40 H40 Short cycle higher education;TOT Age, total;TOT Total;2012 2012;2262
157 Gentofte;TOT Total;H50 H50 Vocational bachelors educations;TOT Age, total;TOT Total;2012 2012;8146
157 Gentofte;TOT Total;H60 H60 Bachelors programs;TOT Age, total;TOT Total;2012 2012;1655
157 Gentofte;TOT Total;H70 H70 Masters programs;TOT Age, total;TOT Total;2012 2012;11703
157 Gentofte;TOT Total;H80 H80 PhD programs;TOT Age, total;TOT Total;2012 2012;1021
157 Gentofte;TOT Total;TOT Total;TOT Age, total;TOT Total;2012 2012;50158
159 Gladsaxe;TOT Total;H40 H40 Short cycle higher education;TOT Age, total;TOT Total;2012 2012;2129
159 Gladsaxe;TOT Total;H50 H50 Vocational bachelors educations;TOT Age, total;TOT Total;2012 2012;6733
159 Gladsaxe;TOT Total;H60 H60 Bachelors programs;TOT Age, total;TOT Total;2012 2012;975
159 Gladsaxe;TOT Total;H70 H70 Masters programs;TOT Age, total;TOT Total;2012 2012;5275
159 Gladsaxe;TOT Total;H80 H80 PhD programs;TOT Age, total;TOT Total;2012 2012;619
159 Gladsaxe;TOT Total;TOT Total;TOT Age, total;TOT Total;2012 2012;46105
161 Glostrup;TOT Total;H40 H40 Short cycle higher education;TOT Age, total;TOT Total;2012 2012;716
161 Glostrup;TOT Total;H50 H50 Vocational bachelors educations;TOT Age, total;TOT Total;2012 2012;1752
161 Glostrup;TOT Total;H60 H60 Bachelors programs;TOT Age, total;TOT Total;2012 2012;174
161 Glostrup;TOT Total;H70 H70 Masters programs;TOT Age, total;TOT Total;2012 2012;777
161 Glostrup;TOT Total;H80 H80 PhD programs;TOT Age, total;TOT Total;2012 2012;51
161 Glostrup;TOT Total;TOT Total;TOT Age, total;TOT Total;2012 2012;15355
163 Herlev;TOT Total;H40 H40 Short cycle higher education;TOT Age, total;TOT Total;2012 2012;816
163 Herlev;TOT Total;H50 H50 Vocational bachelors educations;TOT Age, total;TOT Total;2012 2012;2484
163 Herlev;TOT Total;H60 H60 Bachelors programs;TOT Age, total;TOT Total;2012 2012;206
163 Herlev;TOT Total;H70 H70 Masters programs;TOT Age, total;TOT Total;2012 2012;1207
163 Herlev;TOT Total;H80 H80 PhD programs;TOT Age, total;TOT Total;2012 2012;110
163 Herlev;TOT Total;TOT Total;TOT Age, total;TOT Total;2012 2012;18506
165 Albertslund;TOT Total;H40 H40 Short cycle higher education;TOT Age, total;TOT Total;2012 2012;822
165 Albertslund;TOT Total;H50 H50 Vocational bachelors educations;TOT Age, total;TOT Total;2012 2012;2680
165 Albertslund;TOT Total;H60 H60 Bachelors programs;TOT Age, total;TOT Total;2012 2012;274
165 Albertslund;TOT Total;H70 H70 Masters programs;TOT Age, total;TOT Total;2012 2012;1184
165 Albertslund;TOT Total;H80 H80 PhD programs;TOT Age, total;TOT Total;2012 2012;70
165 Albertslund;TOT Total;TOT Total;TOT Age, total;TOT Total;2012 2012;19959
167 Hvidovre;TOT Total;H40 H40 Short cycle higher education;TOT Age, total;TOT Total;2012 2012;1616
167 Hvidovre;TOT Total;H50 H50 Vocational bachelors educations;TOT Age, total;TOT Total;2012 2012;4081
167 Hvidovre;TOT Total;H60 H60 Bachelors programs;TOT Age, total;TOT Total;2012 2012;534
167 Hvidovre;TOT Total;H70 H70 Masters programs;TOT Age, total;TOT Total;2012 2012;1965
167 Hvidovre;TOT Total;H80 H80 PhD programs;TOT Age, total;TOT Total;2012 2012;154
167 Hvidovre;TOT Total;TOT Total;TOT Age, total;TOT Total;2012 2012;36074
169 Høje-Taastrup;TOT Total;H40 H40 Short cycle higher education;TOT Age, total;TOT Total;2012 2012;1616
169 Høje-Taastrup;TOT Total;H50 H50 Vocational bachelors educations;TOT Age, total;TOT Total;2012 2012;3543
169 Høje-Taastrup;TOT Total;H60 H60 Bachelors programs;TOT Age, total;TOT Total;2012 2012;361
169 Høje-Taastrup;TOT Total;H70 H70 Masters programs;TOT Age, total;TOT Total;2012 2012;1637
169 Høje-Taastrup;TOT Total;H80 H80 PhD programs;TOT Age, total;TOT Total;2012 2012;151
169 Høje-Taastrup;TOT Total;TOT Total;TOT Age, total;TOT Total;2012 2012;34281
173 Lyngby-Taarbæk;TOT Total;H40 H40 Short cycle higher education;TOT Age, total;TOT Total;2012 2012;1594
173 Lyngby-Taarbæk;TOT Total;H50 H50 Vocational bachelors educations;TOT Age, total;TOT Total;2012 2012;6001
173 Lyngby-Taarbæk;TOT Total;H60 H60 Bachelors programs;TOT Age, total;TOT Total;2012 2012;1286
173 Lyngby-Taarbæk;TOT Total;H70 H70 Masters programs;TOT Age, total;TOT Total;2012 2012;7321
173 Lyngby-Taarbæk;TOT Total;H80 H80 PhD programs;TOT Age, total;TOT Total;2012 2012;833
173 Lyngby-Taarbæk;TOT Total;TOT Total;TOT Age, total;TOT Total;2012 2012;36745
175 Rødovre;TOT Total;H40 H40 Short cycle higher education;TOT Age, total;TOT Total;2012 2012;1117
175 Rødovre;TOT Total;H50 H50 Vocational bachelors educations;TOT Age, total;TOT Total;2012 2012;3138
175 Rødovre;TOT Total;H60 H60 Bachelors programs;TOT Age, total;TOT Total;2012 2012;392
175 Rødovre;TOT Total;H70 H70 Masters programs;TOT Age, total;TOT Total;2012 2012;1674
175 Rødovre;TOT Total;H80 H80 PhD programs;TOT Age, total;TOT Total;2012 2012;154
175 Rødovre;TOT Total;TOT Total;TOT Age, total;TOT Total;2012 2012;25827
183 Ishøj;TOT Total;H40 H40 Short cycle higher education;TOT Age, total;TOT Total;2012 2012;565
183 Ishøj;TOT Total;H50 H50 Vocational bachelors educations;TOT Age, total;TOT Total;2012 2012;1270
183 Ishøj;TOT Total;H60 H60 Bachelors programs;TOT Age, total;TOT Total;2012 2012;140
183 Ishøj;TOT Total;H70 H70 Masters programs;TOT Age, total;TOT Total;2012 2012;543
183 Ishøj;TOT Total;H80 H80 PhD programs;TOT Age, total;TOT Total;2012 2012;35
183 Ishøj;TOT Total;TOT Total;TOT Age, total;TOT Total;2012 2012;15311
185 Tårnby;TOT Total;H40 H40 Short cycle higher education;TOT Age, total;TOT Total;2012 2012;1313
185 Tårnby;TOT Total;H50 H50 Vocational bachelors educations;TOT Age, total;TOT Total;2012 2012;2794
185 Tårnby;TOT Total;H60 H60 Bachelors programs;TOT Age, total;TOT Total;2012 2012;342
185 Tårnby;TOT Total;H70 H70 Masters programs;TOT Age, total;TOT Total;2012 2012;1326
185 Tårnby;TOT Total;H80 H80 PhD programs;TOT Age, total;TOT Total;2012 2012;90
185 Tårnby;TOT Total;TOT Total;TOT Age, total;TOT Total;2012 2012;28825
187 Vallensbæk;TOT Total;H40 H40 Short cycle higher education;TOT Age, total;TOT Total;2012 2012;576
187 Vallensbæk;TOT Total;H50 H50 Vocational bachelors educations;TOT Age, total;TOT Total;2012 2012;1315
187 Vallensbæk;TOT Total;H60 H60 Bachelors programs;TOT Age, total;TOT Total;2012 2012;141
187 Vallensbæk;TOT Total;H70 H70 Masters programs;TOT Age, total;TOT Total;2012 2012;701
187 Vallensbæk;TOT Total;H80 H80 PhD programs;TOT Age, total;TOT Total;2012 2012;46
187 Vallensbæk;TOT Total;TOT Total;TOT Age, total;TOT Total;2012 2012;10204
190 Furesø;TOT Total;H40 H40 Short cycle higher education;TOT Age, total;TOT Total;2012 2012;1207
190 Furesø;TOT Total;H50 H50 Vocational bachelors educations;TOT Age, total;TOT Total;2012 2012;4693
190 Furesø;TOT Total;H60 H60 Bachelors programs;TOT Age, total;TOT Total;2012 2012;428
190 Furesø;TOT Total;H70 H70 Masters programs;TOT Age, total;TOT Total;2012 2012;4049
190 Furesø;TOT Total;H80 H80 PhD programs;TOT Age, total;TOT Total;2012 2012;493
190 Furesø;TOT Total;TOT Total;TOT Age, total;TOT Total;2012 2012;25488
201 Allerød;TOT Total;H40 H40 Short cycle higher education;TOT Age, total;TOT Total;2012 2012;901
201 Allerød;TOT Total;H50 H50 Vocational bachelors educations;TOT Age, total;TOT Total;2012 2012;2809
201 Allerød;TOT Total;H60 H60 Bachelors programs;TOT Age, total;TOT Total;2012 2012;247
201 Allerød;TOT Total;H70 H70 Masters programs;TOT Age, total;TOT Total;2012 2012;2336
201 Allerød;TOT Total;H80 H80 PhD programs;TOT Age, total;TOT Total;2012 2012;273
201 Allerød;TOT Total;TOT Total;TOT Age, total;TOT Total;2012 2012;16235
210 Fredensborg;TOT Total;H40 H40 Short cycle higher education;TOT Age, total;TOT Total;2012 2012;1312
210 Fredensborg;TOT Total;H50 H50 Vocational bachelors educations;TOT Age, total;TOT Total;2012 2012;4363
210 Fredensborg;TOT Total;H60 H60 Bachelors programs;TOT Age, total;TOT Total;2012 2012;512
210 Fredensborg;TOT Total;H70 H70 Masters programs;TOT Age, total;TOT Total;2012 2012;3014
210 Fredensborg;TOT Total;H80 H80 PhD programs;TOT Age, total;TOT Total;2012 2012;282
210 Fredensborg;TOT Total;TOT Total;TOT Age, total;TOT Total;2012 2012;27533
217 Helsingør;TOT Total;H40 H40 Short cycle higher education;TOT Age, total;TOT Total;2012 2012;1963
217 Helsingør;TOT Total;H50 H50 Vocational bachelors educations;TOT Age, total;TOT Total;2012 2012;6446
217 Helsingør;TOT Total;H60 H60 Bachelors programs;TOT Age, total;TOT Total;2012 2012;530
217 Helsingør;TOT Total;H70 H70 Masters programs;TOT Age, total;TOT Total;2012 2012;3103
217 Helsingør;TOT Total;H80 H80 PhD programs;TOT Age, total;TOT Total;2012 2012;196
217 Helsingør;TOT Total;TOT Total;TOT Age, total;TOT Total;2012 2012;42590
219 Hillerød;TOT Total;H40 H40 Short cycle higher education;TOT Age, total;TOT Total;2012 2012;1773
219 Hillerød;TOT Total;H50 H50 Vocational bachelors educations;TOT Age, total;TOT Total;2012 2012;5612
219 Hillerød;TOT Total;H60 H60 Bachelors programs;TOT Age, total;TOT Total;2012 2012;413
219 Hillerød;TOT Total;H70 H70 Masters programs;TOT Age, total;TOT Total;2012 2012;3159
219 Hillerød;TOT Total;H80 H80 PhD programs;TOT Age, total;TOT Total;2012 2012;299
219 Hillerød;TOT Total;TOT Total;TOT Age, total;TOT Total;2012 2012;33315
223 Hørsholm;TOT Total;H40 H40 Short cycle higher education;TOT Age, total;TOT Total;2012 2012;835
223 Hørsholm;TOT Total;H50 H50 Vocational bachelors educations;TOT Age, total;TOT Total;2012 2012;2634
223 Hørsholm;TOT Total;H60 H60 Bachelors programs;TOT Age, total;TOT Total;2012 2012;344
223 Hørsholm;TOT Total;H70 H70 Masters programs;TOT Age, total;TOT Total;2012 2012;2922
223 Hørsholm;TOT Total;H80 H80 PhD programs;TOT Age, total;TOT Total;2012 2012;211
223 Hørsholm;TOT Total;TOT Total;TOT Age, total;TOT Total;2012 2012;15992
230 Rudersdal;TOT Total;H40 H40 Short cycle higher education;TOT Age, total;TOT Total;2012 2012;1577
230 Rudersdal;TOT Total;H50 H50 Vocational bachelors educations;TOT Age, total;TOT Total;2012 2012;5886
230 Rudersdal;TOT Total;H60 H60 Bachelors programs;TOT Age, total;TOT Total;2012 2012;1068
230 Rudersdal;TOT Total;H70 H70 Masters programs;TOT Age, total;TOT Total;2012 2012;7644
230 Rudersdal;TOT Total;H80 H80 PhD programs;TOT Age, total;TOT Total;2012 2012;774
230 Rudersdal;TOT Total;TOT Total;TOT Age, total;TOT Total;2012 2012;35974
240 Egedal;TOT Total;H40 H40 Short cycle higher education;TOT Age, total;TOT Total;2012 2012;1758
240 Egedal;TOT Total;H50 H50 Vocational bachelors educations;TOT Age, total;TOT Total;2012 2012;4175
240 Egedal;TOT Total;H60 H60 Bachelors programs;TOT Age, total;TOT Total;2012 2012;298
240 Egedal;TOT Total;H70 H70 Masters programs;TOT Age, total;TOT Total;2012 2012;2084
240 Egedal;TOT Total;H80 H80 PhD programs;TOT Age, total;TOT Total;2012 2012;229
240 Egedal;TOT Total;TOT Total;TOT Age, total;TOT Total;2012 2012;29040
250 Frederikssund;TOT Total;H40 H40 Short cycle higher education;TOT Age, total;TOT Total;2012 2012;1489
250 Frederikssund;TOT Total;H50 H50 Vocational bachelors educations;TOT Age, total;TOT Total;2012 2012;4289
250 Frederikssund;TOT Total;H60 H60 Bachelors programs;TOT Age, total;TOT Total;2012 2012;248
250 Frederikssund;TOT Total;H70 H70 Masters programs;TOT Age, total;TOT Total;2012 2012;1457
250 Frederikssund;TOT Total;H80 H80 PhD programs;TOT Age, total;TOT Total;2012 2012;113
250 Frederikssund;TOT Total;TOT Total;TOT Age, total;TOT Total;2012 2012;30681
253 Greve;TOT Total;H40 H40 Short cycle higher education;TOT Age, total;TOT Total;2012 2012;1717
253 Greve;TOT Total;H50 H50 Vocational bachelors educations;TOT Age, total;TOT Total;2012 2012;3820
253 Greve;TOT Total;H60 H60 Bachelors programs;TOT Age, total;TOT Total;2012 2012;351
253 Greve;TOT Total;H70 H70 Masters programs;TOT Age, total;TOT Total;2012 2012;1762
253 Greve;TOT Total;H80 H80 PhD programs;TOT Age, total;TOT Total;2012 2012;103
253 Greve;TOT Total;TOT Total;TOT Age, total;TOT Total;2012 2012;33776
259 Køge;TOT Total;H40 H40 Short cycle higher education;TOT Age, total;TOT Total;2012 2012;1967
259 Køge;TOT Total;H50 H50 Vocational bachelors educations;TOT Age, total;TOT Total;2012 2012;4723
259 Køge;TOT Total;H60 H60 Bachelors programs;TOT Age, total;TOT Total;2012 2012;345
259 Køge;TOT Total;H70 H70 Masters programs;TOT Age, total;TOT Total;2012 2012;1796
259 Køge;TOT Total;H80 H80 PhD programs;TOT Age, total;TOT Total;2012 2012;110
259 Køge;TOT Total;TOT Total;TOT Age, total;TOT Total;2012 2012;40541
260 Halsnæs;TOT Total;H40 H40 Short cycle higher education;TOT Age, total;TOT Total;2012 2012;869
260 Halsnæs;TOT Total;H50 H50 Vocational bachelors educations;TOT Age, total;TOT Total;2012 2012;2763
260 Halsnæs;TOT Total;H60 H60 Bachelors programs;TOT Age, total;TOT Total;2012 2012;147
260 Halsnæs;TOT Total;H70 H70 Masters programs;TOT Age, total;TOT Total;2012 2012;721
260 Halsnæs;TOT Total;H80 H80 PhD programs;TOT Age, total;TOT Total;2012 2012;55
260 Halsnæs;TOT Total;TOT Total;TOT Age, total;TOT Total;2012 2012;21553
265 Roskilde;TOT Total;H40 H40 Short cycle higher education;TOT Age, total;TOT Total;2012 2012;3138
265 Roskilde;TOT Total;H50 H50 Vocational bachelors educations;TOT Age, total;TOT Total;2012 2012;8911
265 Roskilde;TOT Total;H60 H60 Bachelors programs;TOT Age, total;TOT Total;2012 2012;903
265 Roskilde;TOT Total;H70 H70 Masters programs;TOT Age, total;TOT Total;2012 2012;5566
265 Roskilde;TOT Total;H80 H80 PhD programs;TOT Age, total;TOT Total;2012 2012;585
265 Roskilde;TOT Total;TOT Total;TOT Age, total;TOT Total;2012 2012;58931
269 Solrød;TOT Total;H40 H40 Short cycle higher education;TOT Age, total;TOT Total;2012 2012;870
269 Solrød;TOT Total;H50 H50 Vocational bachelors educations;TOT Age, total;TOT Total;2012 2012;1891
269 Solrød;TOT Total;H60 H60 Bachelors programs;TOT Age, total;TOT Total;2012 2012;157
269 Solrød;TOT Total;H70 H70 Masters programs;TOT Age, total;TOT Total;2012 2012;894
269 Solrød;TOT Total;H80 H80 PhD programs;TOT Age, total;TOT Total;2012 2012;48
269 Solrød;TOT Total;TOT Total;TOT Age, total;TOT Total;2012 2012;14786
270 Gribskov;TOT Total;H40 H40 Short cycle higher education;TOT Age, total;TOT Total;2012 2012;1206
270 Gribskov;TOT Total;H50 H50 Vocational bachelors educations;TOT Age, total;TOT Total;2012 2012;4033
270 Gribskov;TOT Total;H60 H60 Bachelors programs;TOT Age, total;TOT Total;2012 2012;266
270 Gribskov;TOT Total;H70 H70 Masters programs;TOT Age, total;TOT Total;2012 2012;1442
270 Gribskov;TOT Total;H80 H80 PhD programs;TOT Age, total;TOT Total;2012 2012;104
270 Gribskov;TOT Total;TOT Total;TOT Age, total;TOT Total;2012 2012;28375
306 Odsherred;TOT Total;H40 H40 Short cycle higher education;TOT Age, total;TOT Total;2012 2012;718
306 Odsherred;TOT Total;H50 H50 Vocational bachelors educations;TOT Age, total;TOT Total;2012 2012;2595
306 Odsherred;TOT Total;H60 H60 Bachelors programs;TOT Age, total;TOT Total;2012 2012;109
306 Odsherred;TOT Total;H70 H70 Masters programs;TOT Age, total;TOT Total;2012 2012;607
306 Odsherred;TOT Total;H80 H80 PhD programs;TOT Age, total;TOT Total;2012 2012;22
306 Odsherred;TOT Total;TOT Total;TOT Age, total;TOT Total;2012 2012;22580
316 Holbæk;TOT Total;H40 H40 Short cycle higher education;TOT Age, total;TOT Total;2012 2012;2089
316 Holbæk;TOT Total;H50 H50 Vocational bachelors educations;TOT Age, total;TOT Total;2012 2012;6916
316 Holbæk;TOT Total;H60 H60 Bachelors programs;TOT Age, total;TOT Total;2012 2012;338
316 Holbæk;TOT Total;H70 H70 Masters programs;TOT Age, total;TOT Total;2012 2012;1999
316 Holbæk;TOT Total;H80 H80 PhD programs;TOT Age, total;TOT Total;2012 2012;111
316 Holbæk;TOT Total;TOT Total;TOT Age, total;TOT Total;2012 2012;48848
320 Faxe;TOT Total;H40 H40 Short cycle higher education;TOT Age, total;TOT Total;2012 2012;1007
320 Faxe;TOT Total;H50 H50 Vocational bachelors educations;TOT Age, total;TOT Total;2012 2012;2935
320 Faxe;TOT Total;H60 H60 Bachelors programs;TOT Age, total;TOT Total;2012 2012;117
320 Faxe;TOT Total;H70 H70 Masters programs;TOT Age, total;TOT Total;2012 2012;738
320 Faxe;TOT Total;H80 H80 PhD programs;TOT Age, total;TOT Total;2012 2012;30
320 Faxe;TOT Total;TOT Total;TOT Age, total;TOT Total;2012 2012;24766
326 Kalundborg;TOT Total;H40 H40 Short cycle higher education;TOT Age, total;TOT Total;2012 2012;1403
326 Kalundborg;TOT Total;H50 H50 Vocational bachelors educations;TOT Age, total;TOT Total;2012 2012;3761
326 Kalundborg;TOT Total;H60 H60 Bachelors programs;TOT Age, total;TOT Total;2012 2012;131
326 Kalundborg;TOT Total;H70 H70 Masters programs;TOT Age, total;TOT Total;2012 2012;878
326 Kalundborg;TOT Total;H80 H80 PhD programs;TOT Age, total;TOT Total;2012 2012;43
326 Kalundborg;TOT Total;TOT Total;TOT Age, total;TOT Total;2012 2012;33796
329 Ringsted;TOT Total;H40 H40 Short cycle higher education;TOT Age, total;TOT Total;2012 2012;1126
329 Ringsted;TOT Total;H50 H50 Vocational bachelors educations;TOT Age, total;TOT Total;2012 2012;2724
329 Ringsted;TOT Total;H60 H60 Bachelors programs;TOT Age, total;TOT Total;2012 2012;197
329 Ringsted;TOT Total;H70 H70 Masters programs;TOT Age, total;TOT Total;2012 2012;977
329 Ringsted;TOT Total;H80 H80 PhD programs;TOT Age, total;TOT Total;2012 2012;79
329 Ringsted;TOT Total;TOT Total;TOT Age, total;TOT Total;2012 2012;23471
330 Slagelse;TOT Total;H40 H40 Short cycle higher education;TOT Age, total;TOT Total;2012 2012;2320
330 Slagelse;TOT Total;H50 H50 Vocational bachelors educations;TOT Age, total;TOT Total;2012 2012;6796
330 Slagelse;TOT Total;H60 H60 Bachelors programs;TOT Age, total;TOT Total;2012 2012;434
330 Slagelse;TOT Total;H70 H70 Masters programs;TOT Age, total;TOT Total;2012 2012;1577
330 Slagelse;TOT Total;H80 H80 PhD programs;TOT Age, total;TOT Total;2012 2012;76
330 Slagelse;TOT Total;TOT Total;TOT Age, total;TOT Total;2012 2012;54736
336 Stevns;TOT Total;H40 H40 Short cycle higher education;TOT Age, total;TOT Total;2012 2012;650
336 Stevns;TOT Total;H50 H50 Vocational bachelors educations;TOT Age, total;TOT Total;2012 2012;1775
336 Stevns;TOT Total;H60 H60 Bachelors programs;TOT Age, total;TOT Total;2012 2012;84
336 Stevns;TOT Total;H70 H70 Masters programs;TOT Age, total;TOT Total;2012 2012;542
336 Stevns;TOT Total;H80 H80 PhD programs;TOT Age, total;TOT Total;2012 2012;44
336 Stevns;TOT Total;TOT Total;TOT Age, total;TOT Total;2012 2012;15214
340 Sorø;TOT Total;H40 H40 Short cycle higher education;TOT Age, total;TOT Total;2012 2012;818
340 Sorø;TOT Total;H50 H50 Vocational bachelors educations;TOT Age, total;TOT Total;2012 2012;2605
340 Sorø;TOT Total;H60 H60 Bachelors programs;TOT Age, total;TOT Total;2012 2012;163
340 Sorø;TOT Total;H70 H70 Masters programs;TOT Age, total;TOT Total;2012 2012;1087
340 Sorø;TOT Total;H80 H80 PhD programs;TOT Age, total;TOT Total;2012 2012;70
340 Sorø;TOT Total;TOT Total;TOT Age, total;TOT Total;2012 2012;20428
350 Lejre;TOT Total;H40 H40 Short cycle higher education;TOT Age, total;TOT Total;2012 2012;1019
350 Lejre;TOT Total;H50 H50 Vocational bachelors educations;TOT Age, total;TOT Total;2012 2012;2661
350 Lejre;TOT Total;H60 H60 Bachelors programs;TOT Age, total;TOT Total;2012 2012;198
350 Lejre;TOT Total;H70 H70 Masters programs;TOT Age, total;TOT Total;2012 2012;1376
350 Lejre;TOT Total;H80 H80 PhD programs;TOT Age, total;TOT Total;2012 2012;137
350 Lejre;TOT Total;TOT Total;TOT Age, total;TOT Total;2012 2012;18582
360 Lolland;TOT Total;H40 H40 Short cycle higher education;TOT Age, total;TOT Total;2012 2012;817
360 Lolland;TOT Total;H50 H50 Vocational bachelors educations;TOT Age, total;TOT Total;2012 2012;3042
360 Lolland;TOT Total;H60 H60 Bachelors programs;TOT Age, total;TOT Total;2012 2012;104
360 Lolland;TOT Total;H70 H70 Masters programs;TOT Age, total;TOT Total;2012 2012;564
360 Lolland;TOT Total;H80 H80 PhD programs;TOT Age, total;TOT Total;2012 2012;20
360 Lolland;TOT Total;TOT Total;TOT Age, total;TOT Total;2012 2012;30870
370 Næstved;TOT Total;H40 H40 Short cycle higher education;TOT Age, total;TOT Total;2012 2012;2476
370 Næstved;TOT Total;H50 H50 Vocational bachelors educations;TOT Age, total;TOT Total;2012 2012;7946
370 Næstved;TOT Total;H60 H60 Bachelors programs;TOT Age, total;TOT Total;2012 2012;370
370 Næstved;TOT Total;H70 H70 Masters programs;TOT Age, total;TOT Total;2012 2012;1908
370 Næstved;TOT Total;H80 H80 PhD programs;TOT Age, total;TOT Total;2012 2012;85
370 Næstved;TOT Total;TOT Total;TOT Age, total;TOT Total;2012 2012;57326
376 Guldborgsund;TOT Total;H40 H40 Short cycle higher education;TOT Age, total;TOT Total;2012 2012;1475
376 Guldborgsund;TOT Total;H50 H50 Vocational bachelors educations;TOT Age, total;TOT Total;2012 2012;5383
376 Guldborgsund;TOT Total;H60 H60 Bachelors programs;TOT Age, total;TOT Total;2012 2012;207
376 Guldborgsund;TOT Total;H70 H70 Masters programs;TOT Age, total;TOT Total;2012 2012;1221
376 Guldborgsund;TOT Total;H80 H80 PhD programs;TOT Age, total;TOT Total;2012 2012;32
376 Guldborgsund;TOT Total;TOT Total;TOT Age, total;TOT Total;2012 2012;42918
390 Vordingborg;TOT Total;H40 H40 Short cycle higher education;TOT Age, total;TOT Total;2012 2012;1124
390 Vordingborg;TOT Total;H50 H50 Vocational bachelors educations;TOT Age, total;TOT Total;2012 2012;4259
390 Vordingborg;TOT Total;H60 H60 Bachelors programs;TOT Age, total;TOT Total;2012 2012;178
390 Vordingborg;TOT Total;H70 H70 Masters programs;TOT Age, total;TOT Total;2012 2012;1140
390 Vordingborg;TOT Total;H80 H80 PhD programs;TOT Age, total;TOT Total;2012 2012;51
390 Vordingborg;TOT Total;TOT Total;TOT Age, total;TOT Total;2012 2012;31489
400 Bornholm;TOT Total;H40 H40 Short cycle higher education;TOT Age, total;TOT Total;2012 2012;884
400 Bornholm;TOT Total;H50 H50 Vocational bachelors educations;TOT Age, total;TOT Total;2012 2012;3485
400 Bornholm;TOT Total;H60 H60 Bachelors programs;TOT Age, total;TOT Total;2012 2012;170
400 Bornholm;TOT Total;H70 H70 Masters programs;TOT Age, total;TOT Total;2012 2012;870
400 Bornholm;TOT Total;H80 H80 PhD programs;TOT Age, total;TOT Total;2012 2012;30
400 Bornholm;TOT Total;TOT Total;TOT Age, total;TOT Total;2012 2012;28412
410 Middelfart;TOT Total;H40 H40 Short cycle higher education;TOT Age, total;TOT Total;2012 2012;1142
410 Middelfart;TOT Total;H50 H50 Vocational bachelors educations;TOT Age, total;TOT Total;2012 2012;3825
410 Middelfart;TOT Total;H60 H60 Bachelors programs;TOT Age, total;TOT Total;2012 2012;180
410 Middelfart;TOT Total;H70 H70 Masters programs;TOT Age, total;TOT Total;2012 2012;1236
410 Middelfart;TOT Total;H80 H80 PhD programs;TOT Age, total;TOT Total;2012 2012;57
410 Middelfart;TOT Total;TOT Total;TOT Age, total;TOT Total;2012 2012;25906
420 Assens;TOT Total;H40 H40 Short cycle higher education;TOT Age, total;TOT Total;2012 2012;1236
420 Assens;TOT Total;H50 H50 Vocational bachelors educations;TOT Age, total;TOT Total;2012 2012;3610
420 Assens;TOT Total;H60 H60 Bachelors programs;TOT Age, total;TOT Total;2012 2012;181
420 Assens;TOT Total;H70 H70 Masters programs;TOT Age, total;TOT Total;2012 2012;1022
420 Assens;TOT Total;H80 H80 PhD programs;TOT Age, total;TOT Total;2012 2012;54
420 Assens;TOT Total;TOT Total;TOT Age, total;TOT Total;2012 2012;28460
430 Faaborg-Midtfyn;TOT Total;H40 H40 Short cycle higher education;TOT Age, total;TOT Total;2012 2012;1623
430 Faaborg-Midtfyn;TOT Total;H50 H50 Vocational bachelors educations;TOT Age, total;TOT Total;2012 2012;4625
430 Faaborg-Midtfyn;TOT Total;H60 H60 Bachelors programs;TOT Age, total;TOT Total;2012 2012;225
430 Faaborg-Midtfyn;TOT Total;H70 H70 Masters programs;TOT Age, total;TOT Total;2012 2012;1188
430 Faaborg-Midtfyn;TOT Total;H80 H80 PhD programs;TOT Age, total;TOT Total;2012 2012;76
430 Faaborg-Midtfyn;TOT Total;TOT Total;TOT Age, total;TOT Total;2012 2012;35198
440 Kerteminde;TOT Total;H40 H40 Short cycle higher education;TOT Age, total;TOT Total;2012 2012;612
440 Kerteminde;TOT Total;H50 H50 Vocational bachelors educations;TOT Age, total;TOT Total;2012 2012;2146
440 Kerteminde;TOT Total;H60 H60 Bachelors programs;TOT Age, total;TOT Total;2012 2012;105
440 Kerteminde;TOT Total;H70 H70 Masters programs;TOT Age, total;TOT Total;2012 2012;570
440 Kerteminde;TOT Total;H80 H80 PhD programs;TOT Age, total;TOT Total;2012 2012;37
440 Kerteminde;TOT Total;TOT Total;TOT Age, total;TOT Total;2012 2012;16321
450 Nyborg;TOT Total;H40 H40 Short cycle higher education;TOT Age, total;TOT Total;2012 2012;923
450 Nyborg;TOT Total;H50 H50 Vocational bachelors educations;TOT Age, total;TOT Total;2012 2012;2812
450 Nyborg;TOT Total;H60 H60 Bachelors programs;TOT Age, total;TOT Total;2012 2012;133
450 Nyborg;TOT Total;H70 H70 Masters programs;TOT Age, total;TOT Total;2012 2012;787
450 Nyborg;TOT Total;H80 H80 PhD programs;TOT Age, total;TOT Total;2012 2012;58
450 Nyborg;TOT Total;TOT Total;TOT Age, total;TOT Total;2012 2012;21625
461 Odense;TOT Total;H40 H40 Short cycle higher education;TOT Age, total;TOT Total;2012 2012;6255
461 Odense;TOT Total;H50 H50 Vocational bachelors educations;TOT Age, total;TOT Total;2012 2012;20394
461 Odense;TOT Total;H60 H60 Bachelors programs;TOT Age, total;TOT Total;2012 2012;4218
461 Odense;TOT Total;H70 H70 Masters programs;TOT Age, total;TOT Total;2012 2012;9338
461 Odense;TOT Total;H80 H80 PhD programs;TOT Age, total;TOT Total;2012 2012;917
461 Odense;TOT Total;TOT Total;TOT Age, total;TOT Total;2012 2012;140538
479 Svendborg;TOT Total;H40 H40 Short cycle higher education;TOT Age, total;TOT Total;2012 2012;1676
479 Svendborg;TOT Total;H50 H50 Vocational bachelors educations;TOT Age, total;TOT Total;2012 2012;7180
479 Svendborg;TOT Total;H60 H60 Bachelors programs;TOT Age, total;TOT Total;2012 2012;295
479 Svendborg;TOT Total;H70 H70 Masters programs;TOT Age, total;TOT Total;2012 2012;1594
479 Svendborg;TOT Total;H80 H80 PhD programs;TOT Age, total;TOT Total;2012 2012;71
479 Svendborg;TOT Total;TOT Total;TOT Age, total;TOT Total;2012 2012;40843
480 Nordfyns;TOT Total;H40 H40 Short cycle higher education;TOT Age, total;TOT Total;2012 2012;866
480 Nordfyns;TOT Total;H50 H50 Vocational bachelors educations;TOT Age, total;TOT Total;2012 2012;2308
480 Nordfyns;TOT Total;H60 H60 Bachelors programs;TOT Age, total;TOT Total;2012 2012;121
480 Nordfyns;TOT Total;H70 H70 Masters programs;TOT Age, total;TOT Total;2012 2012;555
480 Nordfyns;TOT Total;H80 H80 PhD programs;TOT Age, total;TOT Total;2012 2012;38
480 Nordfyns;TOT Total;TOT Total;TOT Age, total;TOT Total;2012 2012;20222
482 Langeland;TOT Total;H40 H40 Short cycle higher education;TOT Age, total;TOT Total;2012 2012;239
482 Langeland;TOT Total;H50 H50 Vocational bachelors educations;TOT Age, total;TOT Total;2012 2012;954
482 Langeland;TOT Total;H60 H60 Bachelors programs;TOT Age, total;TOT Total;2012 2012;42
482 Langeland;TOT Total;H70 H70 Masters programs;TOT Age, total;TOT Total;2012 2012;170
482 Langeland;TOT Total;H80 H80 PhD programs;TOT Age, total;TOT Total;2012 2012;10
482 Langeland;TOT Total;TOT Total;TOT Age, total;TOT Total;2012 2012;8824
492 Ærø;TOT Total;H40 H40 Short cycle higher education;TOT Age, total;TOT Total;2012 2012;198
492 Ærø;TOT Total;H50 H50 Vocational bachelors educations;TOT Age, total;TOT Total;2012 2012;613
492 Ærø;TOT Total;H60 H60 Bachelors programs;TOT Age, total;TOT Total;2012 2012;24
492 Ærø;TOT Total;H70 H70 Masters programs;TOT Age, total;TOT Total;2012 2012;149
492 Ærø;TOT Total;H80 H80 PhD programs;TOT Age, total;TOT Total;2012 2012;5
492 Ærø;TOT Total;TOT Total;TOT Age, total;TOT Total;2012 2012;4379
510 Haderslev;TOT Total;H40 H40 Short cycle higher education;TOT Age, total;TOT Total;2012 2012;1504
510 Haderslev;TOT Total;H50 H50 Vocational bachelors educations;TOT Age, total;TOT Total;2012 2012;5136
510 Haderslev;TOT Total;H60 H60 Bachelors programs;TOT Age, total;TOT Total;2012 2012;235
510 Haderslev;TOT Total;H70 H70 Masters programs;TOT Age, total;TOT Total;2012 2012;1282
510 Haderslev;TOT Total;H80 H80 PhD programs;TOT Age, total;TOT Total;2012 2012;40
510 Haderslev;TOT Total;TOT Total;TOT Age, total;TOT Total;2012 2012;39102
530 Billund;TOT Total;H40 H40 Short cycle higher education;TOT Age, total;TOT Total;2012 2012;777
530 Billund;TOT Total;H50 H50 Vocational bachelors educations;TOT Age, total;TOT Total;2012 2012;1820
530 Billund;TOT Total;H60 H60 Bachelors programs;TOT Age, total;TOT Total;2012 2012;95
530 Billund;TOT Total;H70 H70 Masters programs;TOT Age, total;TOT Total;2012 2012;451
530 Billund;TOT Total;H80 H80 PhD programs;TOT Age, total;TOT Total;2012 2012;10
530 Billund;TOT Total;TOT Total;TOT Age, total;TOT Total;2012 2012;18213
540 Sønderborg;TOT Total;H40 H40 Short cycle higher education;TOT Age, total;TOT Total;2012 2012;2529
540 Sønderborg;TOT Total;H50 H50 Vocational bachelors educations;TOT Age, total;TOT Total;2012 2012;6961
540 Sønderborg;TOT Total;H60 H60 Bachelors programs;TOT Age, total;TOT Total;2012 2012;558
540 Sønderborg;TOT Total;H70 H70 Masters programs;TOT Age, total;TOT Total;2012 2012;2293
540 Sønderborg;TOT Total;H80 H80 PhD programs;TOT Age, total;TOT Total;2012 2012;132
540 Sønderborg;TOT Total;TOT Total;TOT Age, total;TOT Total;2012 2012;51825
550 Tønder;TOT Total;H40 H40 Short cycle higher education;TOT Age, total;TOT Total;2012 2012;956
550 Tønder;TOT Total;H50 H50 Vocational bachelors educations;TOT Age, total;TOT Total;2012 2012;2783
550 Tønder;TOT Total;H60 H60 Bachelors programs;TOT Age, total;TOT Total;2012 2012;101
550 Tønder;TOT Total;H70 H70 Masters programs;TOT Age, total;TOT Total;2012 2012;668
550 Tønder;TOT Total;H80 H80 PhD programs;TOT Age, total;TOT Total;2012 2012;17
550 Tønder;TOT Total;TOT Total;TOT Age, total;TOT Total;2012 2012;26940
561 Esbjerg;TOT Total;H40 H40 Short cycle higher education;TOT Age, total;TOT Total;2012 2012;3490
561 Esbjerg;TOT Total;H50 H50 Vocational bachelors educations;TOT Age, total;TOT Total;2012 2012;11901
561 Esbjerg;TOT Total;H60 H60 Bachelors programs;TOT Age, total;TOT Total;2012 2012;811
561 Esbjerg;TOT Total;H70 H70 Masters programs;TOT Age, total;TOT Total;2012 2012;2867
561 Esbjerg;TOT Total;H80 H80 PhD programs;TOT Age, total;TOT Total;2012 2012;138
561 Esbjerg;TOT Total;TOT Total;TOT Age, total;TOT Total;2012 2012;82368
563 Fanø;TOT Total;H40 H40 Short cycle higher education;TOT Age, total;TOT Total;2012 2012;132
563 Fanø;TOT Total;H50 H50 Vocational bachelors educations;TOT Age, total;TOT Total;2012 2012;564
563 Fanø;TOT Total;H60 H60 Bachelors programs;TOT Age, total;TOT Total;2012 2012;21
563 Fanø;TOT Total;H70 H70 Masters programs;TOT Age, total;TOT Total;2012 2012;137
563 Fanø;TOT Total;H80 H80 PhD programs;TOT Age, total;TOT Total;2012 2012;6
563 Fanø;TOT Total;TOT Total;TOT Age, total;TOT Total;2012 2012;2268
573 Varde;TOT Total;H40 H40 Short cycle higher education;TOT Age, total;TOT Total;2012 2012;1416
573 Varde;TOT Total;H50 H50 Vocational bachelors educations;TOT Age, total;TOT Total;2012 2012;4012
573 Varde;TOT Total;H60 H60 Bachelors programs;TOT Age, total;TOT Total;2012 2012;155
573 Varde;TOT Total;H70 H70 Masters programs;TOT Age, total;TOT Total;2012 2012;920
573 Varde;TOT Total;H80 H80 PhD programs;TOT Age, total;TOT Total;2012 2012;34
573 Varde;TOT Total;TOT Total;TOT Age, total;TOT Total;2012 2012;34288
575 Vejen;TOT Total;H40 H40 Short cycle higher education;TOT Age, total;TOT Total;2012 2012;1188
575 Vejen;TOT Total;H50 H50 Vocational bachelors educations;TOT Age, total;TOT Total;2012 2012;3114
575 Vejen;TOT Total;H60 H60 Bachelors programs;TOT Age, total;TOT Total;2012 2012;163
575 Vejen;TOT Total;H70 H70 Masters programs;TOT Age, total;TOT Total;2012 2012;778
575 Vejen;TOT Total;H80 H80 PhD programs;TOT Age, total;TOT Total;2012 2012;24
575 Vejen;TOT Total;TOT Total;TOT Age, total;TOT Total;2012 2012;29106
580 Aabenraa;TOT Total;H40 H40 Short cycle higher education;TOT Age, total;TOT Total;2012 2012;1590
580 Aabenraa;TOT Total;H50 H50 Vocational bachelors educations;TOT Age, total;TOT Total;2012 2012;4695
580 Aabenraa;TOT Total;H60 H60 Bachelors programs;TOT Age, total;TOT Total;2012 2012;223
580 Aabenraa;TOT Total;H70 H70 Masters programs;TOT Age, total;TOT Total;2012 2012;1326
580 Aabenraa;TOT Total;H80 H80 PhD programs;TOT Age, total;TOT Total;2012 2012;41
580 Aabenraa;TOT Total;TOT Total;TOT Age, total;TOT Total;2012 2012;41238
607 Fredericia;TOT Total;H40 H40 Short cycle higher education;TOT Age, total;TOT Total;2012 2012;1461
607 Fredericia;TOT Total;H50 H50 Vocational bachelors educations;TOT Age, total;TOT Total;2012 2012;4528
607 Fredericia;TOT Total;H60 H60 Bachelors programs;TOT Age, total;TOT Total;2012 2012;302
607 Fredericia;TOT Total;H70 H70 Masters programs;TOT Age, total;TOT Total;2012 2012;1291
607 Fredericia;TOT Total;H80 H80 PhD programs;TOT Age, total;TOT Total;2012 2012;65
607 Fredericia;TOT Total;TOT Total;TOT Age, total;TOT Total;2012 2012;35243
615 Horsens;TOT Total;H40 H40 Short cycle higher education;TOT Age, total;TOT Total;2012 2012;3089
615 Horsens;TOT Total;H50 H50 Vocational bachelors educations;TOT Age, total;TOT Total;2012 2012;8366
615 Horsens;TOT Total;H60 H60 Bachelors programs;TOT Age, total;TOT Total;2012 2012;435
615 Horsens;TOT Total;H70 H70 Masters programs;TOT Age, total;TOT Total;2012 2012;2387
615 Horsens;TOT Total;H80 H80 PhD programs;TOT Age, total;TOT Total;2012 2012;113
615 Horsens;TOT Total;TOT Total;TOT Age, total;TOT Total;2012 2012;59735
621 Kolding;TOT Total;H40 H40 Short cycle higher education;TOT Age, total;TOT Total;2012 2012;3232
621 Kolding;TOT Total;H50 H50 Vocational bachelors educations;TOT Age, total;TOT Total;2012 2012;8475
621 Kolding;TOT Total;H60 H60 Bachelors programs;TOT Age, total;TOT Total;2012 2012;884
621 Kolding;TOT Total;H70 H70 Masters programs;TOT Age, total;TOT Total;2012 2012;3261
621 Kolding;TOT Total;H80 H80 PhD programs;TOT Age, total;TOT Total;2012 2012;115
621 Kolding;TOT Total;TOT Total;TOT Age, total;TOT Total;2012 2012;62964
630 Vejle;TOT Total;H40 H40 Short cycle higher education;TOT Age, total;TOT Total;2012 2012;3621
630 Vejle;TOT Total;H50 H50 Vocational bachelors educations;TOT Age, total;TOT Total;2012 2012;11415
630 Vejle;TOT Total;H60 H60 Bachelors programs;TOT Age, total;TOT Total;2012 2012;655
630 Vejle;TOT Total;H70 H70 Masters programs;TOT Age, total;TOT Total;2012 2012;3940
630 Vejle;TOT Total;H80 H80 PhD programs;TOT Age, total;TOT Total;2012 2012;147
630 Vejle;TOT Total;TOT Total;TOT Age, total;TOT Total;2012 2012;75685
657 Herning;TOT Total;H40 H40 Short cycle higher education;TOT Age, total;TOT Total;2012 2012;3149
657 Herning;TOT Total;H50 H50 Vocational bachelors educations;TOT Age, total;TOT Total;2012 2012;7614
657 Herning;TOT Total;H60 H60 Bachelors programs;TOT Age, total;TOT Total;2012 2012;695
657 Herning;TOT Total;H70 H70 Masters programs;TOT Age, total;TOT Total;2012 2012;1888
657 Herning;TOT Total;H80 H80 PhD programs;TOT Age, total;TOT Total;2012 2012;69
657 Herning;TOT Total;TOT Total;TOT Age, total;TOT Total;2012 2012;60798
661 Holstebro;TOT Total;H40 H40 Short cycle higher education;TOT Age, total;TOT Total;2012 2012;1664
661 Holstebro;TOT Total;H50 H50 Vocational bachelors educations;TOT Age, total;TOT Total;2012 2012;5823
661 Holstebro;TOT Total;H60 H60 Bachelors programs;TOT Age, total;TOT Total;2012 2012;220
661 Holstebro;TOT Total;H70 H70 Masters programs;TOT Age, total;TOT Total;2012 2012;1449
661 Holstebro;TOT Total;H80 H80 PhD programs;TOT Age, total;TOT Total;2012 2012;43
661 Holstebro;TOT Total;TOT Total;TOT Age, total;TOT Total;2012 2012;39911
665 Lemvig;TOT Total;H40 H40 Short cycle higher education;TOT Age, total;TOT Total;2012 2012;420
665 Lemvig;TOT Total;H50 H50 Vocational bachelors educations;TOT Age, total;TOT Total;2012 2012;1756
665 Lemvig;TOT Total;H60 H60 Bachelors programs;TOT Age, total;TOT Total;2012 2012;61
665 Lemvig;TOT Total;H70 H70 Masters programs;TOT Age, total;TOT Total;2012 2012;425
665 Lemvig;TOT Total;H80 H80 PhD programs;TOT Age, total;TOT Total;2012 2012;34
665 Lemvig;TOT Total;TOT Total;TOT Age, total;TOT Total;2012 2012;14616
671 Struer;TOT Total;H40 H40 Short cycle higher education;TOT Age, total;TOT Total;2012 2012;519
671 Struer;TOT Total;H50 H50 Vocational bachelors educations;TOT Age, total;TOT Total;2012 2012;1976
671 Struer;TOT Total;H60 H60 Bachelors programs;TOT Age, total;TOT Total;2012 2012;73
671 Struer;TOT Total;H70 H70 Masters programs;TOT Age, total;TOT Total;2012 2012;446
671 Struer;TOT Total;H80 H80 PhD programs;TOT Age, total;TOT Total;2012 2012;12
671 Struer;TOT Total;TOT Total;TOT Age, total;TOT Total;2012 2012;15124
706 Syddjurs;TOT Total;H40 H40 Short cycle higher education;TOT Age, total;TOT Total;2012 2012;1232
706 Syddjurs;TOT Total;H50 H50 Vocational bachelors educations;TOT Age, total;TOT Total;2012 2012;3940
706 Syddjurs;TOT Total;H60 H60 Bachelors programs;TOT Age, total;TOT Total;2012 2012;290
706 Syddjurs;TOT Total;H70 H70 Masters programs;TOT Age, total;TOT Total;2012 2012;1445
706 Syddjurs;TOT Total;H80 H80 PhD programs;TOT Age, total;TOT Total;2012 2012;90
706 Syddjurs;TOT Total;TOT Total;TOT Age, total;TOT Total;2012 2012;28955
707 Norddjurs;TOT Total;H40 H40 Short cycle higher education;TOT Age, total;TOT Total;2012 2012;880
707 Norddjurs;TOT Total;H50 H50 Vocational bachelors educations;TOT Age, total;TOT Total;2012 2012;2595
707 Norddjurs;TOT Total;H60 H60 Bachelors programs;TOT Age, total;TOT Total;2012 2012;128
707 Norddjurs;TOT Total;H70 H70 Masters programs;TOT Age, total;TOT Total;2012 2012;609
707 Norddjurs;TOT Total;H80 H80 PhD programs;TOT Age, total;TOT Total;2012 2012;26
707 Norddjurs;TOT Total;TOT Total;TOT Age, total;TOT Total;2012 2012;26892
710 Favrskov;TOT Total;H40 H40 Short cycle higher education;TOT Age, total;TOT Total;2012 2012;1706
710 Favrskov;TOT Total;H50 H50 Vocational bachelors educations;TOT Age, total;TOT Total;2012 2012;4466
710 Favrskov;TOT Total;H60 H60 Bachelors programs;TOT Age, total;TOT Total;2012 2012;302
710 Favrskov;TOT Total;H70 H70 Masters programs;TOT Age, total;TOT Total;2012 2012;2062
710 Favrskov;TOT Total;H80 H80 PhD programs;TOT Age, total;TOT Total;2012 2012;187
710 Favrskov;TOT Total;TOT Total;TOT Age, total;TOT Total;2012 2012;32299
727 Odder;TOT Total;H40 H40 Short cycle higher education;TOT Age, total;TOT Total;2012 2012;735
727 Odder;TOT Total;H50 H50 Vocational bachelors educations;TOT Age, total;TOT Total;2012 2012;2273
727 Odder;TOT Total;H60 H60 Bachelors programs;TOT Age, total;TOT Total;2012 2012;155
727 Odder;TOT Total;H70 H70 Masters programs;TOT Age, total;TOT Total;2012 2012;849
727 Odder;TOT Total;H80 H80 PhD programs;TOT Age, total;TOT Total;2012 2012;52
727 Odder;TOT Total;TOT Total;TOT Age, total;TOT Total;2012 2012;15014
730 Randers;TOT Total;H40 H40 Short cycle higher education;TOT Age, total;TOT Total;2012 2012;3496
730 Randers;TOT Total;H50 H50 Vocational bachelors educations;TOT Age, total;TOT Total;2012 2012;7932
730 Randers;TOT Total;H60 H60 Bachelors programs;TOT Age, total;TOT Total;2012 2012;492
730 Randers;TOT Total;H70 H70 Masters programs;TOT Age, total;TOT Total;2012 2012;2446
730 Randers;TOT Total;H80 H80 PhD programs;TOT Age, total;TOT Total;2012 2012;129
730 Randers;TOT Total;TOT Total;TOT Age, total;TOT Total;2012 2012;67615
740 Silkeborg;TOT Total;H40 H40 Short cycle higher education;TOT Age, total;TOT Total;2012 2012;3180
740 Silkeborg;TOT Total;H50 H50 Vocational bachelors educations;TOT Age, total;TOT Total;2012 2012;9466
740 Silkeborg;TOT Total;H60 H60 Bachelors programs;TOT Age, total;TOT Total;2012 2012;531
740 Silkeborg;TOT Total;H70 H70 Masters programs;TOT Age, total;TOT Total;2012 2012;3301
740 Silkeborg;TOT Total;H80 H80 PhD programs;TOT Age, total;TOT Total;2012 2012;161
740 Silkeborg;TOT Total;TOT Total;TOT Age, total;TOT Total;2012 2012;62134
741 Samsø;TOT Total;H40 H40 Short cycle higher education;TOT Age, total;TOT Total;2012 2012;82
741 Samsø;TOT Total;H50 H50 Vocational bachelors educations;TOT Age, total;TOT Total;2012 2012;361
741 Samsø;TOT Total;H60 H60 Bachelors programs;TOT Age, total;TOT Total;2012 2012;31
741 Samsø;TOT Total;H70 H70 Masters programs;TOT Age, total;TOT Total;2012 2012;115
741 Samsø;TOT Total;H80 H80 PhD programs;TOT Age, total;TOT Total;2012 2012;2
741 Samsø;TOT Total;TOT Total;TOT Age, total;TOT Total;2012 2012;2539
746 Skanderborg;TOT Total;H40 H40 Short cycle higher education;TOT Age, total;TOT Total;2012 2012;2303
746 Skanderborg;TOT Total;H50 H50 Vocational bachelors educations;TOT Age, total;TOT Total;2012 2012;6298
746 Skanderborg;TOT Total;H60 H60 Bachelors programs;TOT Age, total;TOT Total;2012 2012;421
746 Skanderborg;TOT Total;H70 H70 Masters programs;TOT Age, total;TOT Total;2012 2012;3223
746 Skanderborg;TOT Total;H80 H80 PhD programs;TOT Age, total;TOT Total;2012 2012;236
746 Skanderborg;TOT Total;TOT Total;TOT Age, total;TOT Total;2012 2012;39967
751 Aarhus;TOT Total;H40 H40 Short cycle higher education;TOT Age, total;TOT Total;2012 2012;10752
751 Aarhus;TOT Total;H50 H50 Vocational bachelors educations;TOT Age, total;TOT Total;2012 2012;35540
751 Aarhus;TOT Total;H60 H60 Bachelors programs;TOT Age, total;TOT Total;2012 2012;11738
751 Aarhus;TOT Total;H70 H70 Masters programs;TOT Age, total;TOT Total;2012 2012;27619
751 Aarhus;TOT Total;H80 H80 PhD programs;TOT Age, total;TOT Total;2012 2012;2645
751 Aarhus;TOT Total;TOT Total;TOT Age, total;TOT Total;2012 2012;239638
756 Ikast-Brande;TOT Total;H40 H40 Short cycle higher education;TOT Age, total;TOT Total;2012 2012;1234
756 Ikast-Brande;TOT Total;H50 H50 Vocational bachelors educations;TOT Age, total;TOT Total;2012 2012;2841
756 Ikast-Brande;TOT Total;H60 H60 Bachelors programs;TOT Age, total;TOT Total;2012 2012;180
756 Ikast-Brande;TOT Total;H70 H70 Masters programs;TOT Age, total;TOT Total;2012 2012;784
756 Ikast-Brande;TOT Total;H80 H80 PhD programs;TOT Age, total;TOT Total;2012 2012;43
756 Ikast-Brande;TOT Total;TOT Total;TOT Age, total;TOT Total;2012 2012;28105
760 Ringkøbing-Skjern;TOT Total;H40 H40 Short cycle higher education;TOT Age, total;TOT Total;2012 2012;1490
760 Ringkøbing-Skjern;TOT Total;H50 H50 Vocational bachelors educations;TOT Age, total;TOT Total;2012 2012;4458
760 Ringkøbing-Skjern;TOT Total;H60 H60 Bachelors programs;TOT Age, total;TOT Total;2012 2012;185
760 Ringkøbing-Skjern;TOT Total;H70 H70 Masters programs;TOT Age, total;TOT Total;2012 2012;1153
760 Ringkøbing-Skjern;TOT Total;H80 H80 PhD programs;TOT Age, total;TOT Total;2012 2012;37
760 Ringkøbing-Skjern;TOT Total;TOT Total;TOT Age, total;TOT Total;2012 2012;39389
766 Hedensted;TOT Total;H40 H40 Short cycle higher education;TOT Age, total;TOT Total;2012 2012;1605
766 Hedensted;TOT Total;H50 H50 Vocational bachelors educations;TOT Age, total;TOT Total;2012 2012;3733
766 Hedensted;TOT Total;H60 H60 Bachelors programs;TOT Age, total;TOT Total;2012 2012;165
766 Hedensted;TOT Total;H70 H70 Masters programs;TOT Age, total;TOT Total;2012 2012;800
766 Hedensted;TOT Total;H80 H80 PhD programs;TOT Age, total;TOT Total;2012 2012;30
766 Hedensted;TOT Total;TOT Total;TOT Age, total;TOT Total;2012 2012;31487
773 Morsø;TOT Total;H40 H40 Short cycle higher education;TOT Age, total;TOT Total;2012 2012;439
773 Morsø;TOT Total;H50 H50 Vocational bachelors educations;TOT Age, total;TOT Total;2012 2012;1451
773 Morsø;TOT Total;H60 H60 Bachelors programs;TOT Age, total;TOT Total;2012 2012;47
773 Morsø;TOT Total;H70 H70 Masters programs;TOT Age, total;TOT Total;2012 2012;319
773 Morsø;TOT Total;H80 H80 PhD programs;TOT Age, total;TOT Total;2012 2012;10
773 Morsø;TOT Total;TOT Total;TOT Age, total;TOT Total;2012 2012;14547
779 Skive;TOT Total;H40 H40 Short cycle higher education;TOT Age, total;TOT Total;2012 2012;1330
779 Skive;TOT Total;H50 H50 Vocational bachelors educations;TOT Age, total;TOT Total;2012 2012;4109
779 Skive;TOT Total;H60 H60 Bachelors programs;TOT Age, total;TOT Total;2012 2012;129
779 Skive;TOT Total;H70 H70 Masters programs;TOT Age, total;TOT Total;2012 2012;901
779 Skive;TOT Total;H80 H80 PhD programs;TOT Age, total;TOT Total;2012 2012;27
779 Skive;TOT Total;TOT Total;TOT Age, total;TOT Total;2012 2012;32736
787 Thisted;TOT Total;H40 H40 Short cycle higher education;TOT Age, total;TOT Total;2012 2012;1058
787 Thisted;TOT Total;H50 H50 Vocational bachelors educations;TOT Age, total;TOT Total;2012 2012;3346
787 Thisted;TOT Total;H60 H60 Bachelors programs;TOT Age, total;TOT Total;2012 2012;129
787 Thisted;TOT Total;H70 H70 Masters programs;TOT Age, total;TOT Total;2012 2012;854
787 Thisted;TOT Total;H80 H80 PhD programs;TOT Age, total;TOT Total;2012 2012;20
787 Thisted;TOT Total;TOT Total;TOT Age, total;TOT Total;2012 2012;30960
791 Viborg;TOT Total;H40 H40 Short cycle higher education;TOT Age, total;TOT Total;2012 2012;3012
791 Viborg;TOT Total;H50 H50 Vocational bachelors educations;TOT Age, total;TOT Total;2012 2012;8969
791 Viborg;TOT Total;H60 H60 Bachelors programs;TOT Age, total;TOT Total;2012 2012;352
791 Viborg;TOT Total;H70 H70 Masters programs;TOT Age, total;TOT Total;2012 2012;3340
791 Viborg;TOT Total;H80 H80 PhD programs;TOT Age, total;TOT Total;2012 2012;257
791 Viborg;TOT Total;TOT Total;TOT Age, total;TOT Total;2012 2012;65478
810 Brønderslev;TOT Total;H40 H40 Short cycle higher education;TOT Age, total;TOT Total;2012 2012;933
810 Brønderslev;TOT Total;H50 H50 Vocational bachelors educations;TOT Age, total;TOT Total;2012 2012;3147
810 Brønderslev;TOT Total;H60 H60 Bachelors programs;TOT Age, total;TOT Total;2012 2012;141
810 Brønderslev;TOT Total;H70 H70 Masters programs;TOT Age, total;TOT Total;2012 2012;819
810 Brønderslev;TOT Total;H80 H80 PhD programs;TOT Age, total;TOT Total;2012 2012;42
810 Brønderslev;TOT Total;TOT Total;TOT Age, total;TOT Total;2012 2012;24190
813 Frederikshavn;TOT Total;H40 H40 Short cycle higher education;TOT Age, total;TOT Total;2012 2012;1677
813 Frederikshavn;TOT Total;H50 H50 Vocational bachelors educations;TOT Age, total;TOT Total;2012 2012;4802
813 Frederikshavn;TOT Total;H60 H60 Bachelors programs;TOT Age, total;TOT Total;2012 2012;170
813 Frederikshavn;TOT Total;H70 H70 Masters programs;TOT Age, total;TOT Total;2012 2012;1043
813 Frederikshavn;TOT Total;H80 H80 PhD programs;TOT Age, total;TOT Total;2012 2012;39
813 Frederikshavn;TOT Total;TOT Total;TOT Age, total;TOT Total;2012 2012;42552
820 Vesthimmerlands;TOT Total;H40 H40 Short cycle higher education;TOT Age, total;TOT Total;2012 2012;921
820 Vesthimmerlands;TOT Total;H50 H50 Vocational bachelors educations;TOT Age, total;TOT Total;2012 2012;2868
820 Vesthimmerlands;TOT Total;H60 H60 Bachelors programs;TOT Age, total;TOT Total;2012 2012;90
820 Vesthimmerlands;TOT Total;H70 H70 Masters programs;TOT Age, total;TOT Total;2012 2012;612
820 Vesthimmerlands;TOT Total;H80 H80 PhD programs;TOT Age, total;TOT Total;2012 2012;18
820 Vesthimmerlands;TOT Total;TOT Total;TOT Age, total;TOT Total;2012 2012;25945
825 Læsø;TOT Total;H40 H40 Short cycle higher education;TOT Age, total;TOT Total;2012 2012;31
825 Læsø;TOT Total;H50 H50 Vocational bachelors educations;TOT Age, total;TOT Total;2012 2012;125
825 Læsø;TOT Total;H60 H60 Bachelors programs;TOT Age, total;TOT Total;2012 2012;9
825 Læsø;TOT Total;H70 H70 Masters programs;TOT Age, total;TOT Total;2012 2012;35
825 Læsø;TOT Total;TOT Total;TOT Age, total;TOT Total;2012 2012;1250
840 Rebild;TOT Total;H40 H40 Short cycle higher education;TOT Age, total;TOT Total;2012 2012;843
840 Rebild;TOT Total;H50 H50 Vocational bachelors educations;TOT Age, total;TOT Total;2012 2012;2710
840 Rebild;TOT Total;H60 H60 Bachelors programs;TOT Age, total;TOT Total;2012 2012;166
840 Rebild;TOT Total;H70 H70 Masters programs;TOT Age, total;TOT Total;2012 2012;1218
840 Rebild;TOT Total;H80 H80 PhD programs;TOT Age, total;TOT Total;2012 2012;91
840 Rebild;TOT Total;TOT Total;TOT Age, total;TOT Total;2012 2012;19781
846 Mariagerfjord;TOT Total;H40 H40 Short cycle higher education;TOT Age, total;TOT Total;2012 2012;1226
846 Mariagerfjord;TOT Total;H50 H50 Vocational bachelors educations;TOT Age, total;TOT Total;2012 2012;3542
846 Mariagerfjord;TOT Total;H60 H60 Bachelors programs;TOT Age, total;TOT Total;2012 2012;167
846 Mariagerfjord;TOT Total;H70 H70 Masters programs;TOT Age, total;TOT Total;2012 2012;998
846 Mariagerfjord;TOT Total;H80 H80 PhD programs;TOT Age, total;TOT Total;2012 2012;52
846 Mariagerfjord;TOT Total;TOT Total;TOT Age, total;TOT Total;2012 2012;29613
849 Jammerbugt;TOT Total;H40 H40 Short cycle higher education;TOT Age, total;TOT Total;2012 2012;966
849 Jammerbugt;TOT Total;H50 H50 Vocational bachelors educations;TOT Age, total;TOT Total;2012 2012;3006
849 Jammerbugt;TOT Total;H60 H60 Bachelors programs;TOT Age, total;TOT Total;2012 2012;178
849 Jammerbugt;TOT Total;H70 H70 Masters programs;TOT Age, total;TOT Total;2012 2012;766
849 Jammerbugt;TOT Total;H80 H80 PhD programs;TOT Age, total;TOT Total;2012 2012;26
849 Jammerbugt;TOT Total;TOT Total;TOT Age, total;TOT Total;2012 2012;26830
851 Aalborg;TOT Total;H40 H40 Short cycle higher education;TOT Age, total;TOT Total;2012 2012;6464
851 Aalborg;TOT Total;H50 H50 Vocational bachelors educations;TOT Age, total;TOT Total;2012 2012;19942
851 Aalborg;TOT Total;H60 H60 Bachelors programs;TOT Age, total;TOT Total;2012 2012;4414
851 Aalborg;TOT Total;H70 H70 Masters programs;TOT Age, total;TOT Total;2012 2012;11719
851 Aalborg;TOT Total;H80 H80 PhD programs;TOT Age, total;TOT Total;2012 2012;813
851 Aalborg;TOT Total;TOT Total;TOT Age, total;TOT Total;2012 2012;148482
860 Hjørring;TOT Total;H40 H40 Short cycle higher education;TOT Age, total;TOT Total;2012 2012;1602
860 Hjørring;TOT Total;H50 H50 Vocational bachelors educations;TOT Age, total;TOT Total;2012 2012;6093
860 Hjørring;TOT Total;H60 H60 Bachelors programs;TOT Age, total;TOT Total;2012 2012;226
860 Hjørring;TOT Total;H70 H70 Masters programs;TOT Age, total;TOT Total;2012 2012;1365
860 Hjørring;TOT Total;H80 H80 PhD programs;TOT Age, total;TOT Total;2012 2012;54
860 Hjørring;TOT Total;TOT Total;TOT Age, total;TOT Total;2012 2012;45737
000 All Denmark;TOT Total;H40 H40 Short cycle higher education;TOT Age, total;TOT Total;2013 2013;178640
000 All Denmark;TOT Total;H50 H50 Vocational bachelors educations;TOT Age, total;TOT Total;2013 2013;542155
000 All Denmark;TOT Total;H60 H60 Bachelors programs;TOT Age, total;TOT Total;2013 2013;87028
000 All Denmark;TOT Total;H70 H70 Masters programs;TOT Age, total;TOT Total;2013 2013;305016
000 All Denmark;TOT Total;H80 H80 PhD programs;TOT Age, total;TOT Total;2013 2013;24627
000 All Denmark;TOT Total;TOT Total;TOT Age, total;TOT Total;2013 2013;3988102
101 Copenhagen;TOT Total;H40 H40 Short cycle higher education;TOT Age, total;TOT Total;2013 2013;18589
101 Copenhagen;TOT Total;H50 H50 Vocational bachelors educations;TOT Age, total;TOT Total;2013 2013;60510
101 Copenhagen;TOT Total;H60 H60 Bachelors programs;TOT Age, total;TOT Total;2013 2013;31078
101 Copenhagen;TOT Total;H70 H70 Masters programs;TOT Age, total;TOT Total;2013 2013;72830
101 Copenhagen;TOT Total;H80 H80 PhD programs;TOT Age, total;TOT Total;2013 2013;5882
101 Copenhagen;TOT Total;TOT Total;TOT Age, total;TOT Total;2013 2013;444369
147 Frederiksberg;TOT Total;H40 H40 Short cycle higher education;TOT Age, total;TOT Total;2013 2013;3353
147 Frederiksberg;TOT Total;H50 H50 Vocational bachelors educations;TOT Age, total;TOT Total;2013 2013;11305
147 Frederiksberg;TOT Total;H60 H60 Bachelors programs;TOT Age, total;TOT Total;2013 2013;5417
147 Frederiksberg;TOT Total;H70 H70 Masters programs;TOT Age, total;TOT Total;2013 2013;16769
147 Frederiksberg;TOT Total;H80 H80 PhD programs;TOT Age, total;TOT Total;2013 2013;1379
147 Frederiksberg;TOT Total;TOT Total;TOT Age, total;TOT Total;2013 2013;75858
151 Ballerup;TOT Total;H40 H40 Short cycle higher education;TOT Age, total;TOT Total;2013 2013;1488
151 Ballerup;TOT Total;H50 H50 Vocational bachelors educations;TOT Age, total;TOT Total;2013 2013;4227
151 Ballerup;TOT Total;H60 H60 Bachelors programs;TOT Age, total;TOT Total;2013 2013;356
151 Ballerup;TOT Total;H70 H70 Masters programs;TOT Age, total;TOT Total;2013 2013;2225
151 Ballerup;TOT Total;H80 H80 PhD programs;TOT Age, total;TOT Total;2013 2013;291
151 Ballerup;TOT Total;TOT Total;TOT Age, total;TOT Total;2013 2013;32975
153 Brøndby;TOT Total;H40 H40 Short cycle higher education;TOT Age, total;TOT Total;2013 2013;1069
153 Brøndby;TOT Total;H50 H50 Vocational bachelors educations;TOT Age, total;TOT Total;2013 2013;2279
153 Brøndby;TOT Total;H60 H60 Bachelors programs;TOT Age, total;TOT Total;2013 2013;255
153 Brøndby;TOT Total;H70 H70 Masters programs;TOT Age, total;TOT Total;2013 2013;1038
153 Brøndby;TOT Total;H80 H80 PhD programs;TOT Age, total;TOT Total;2013 2013;60
153 Brøndby;TOT Total;TOT Total;TOT Age, total;TOT Total;2013 2013;24099
155 Dragør;TOT Total;H40 H40 Short cycle higher education;TOT Age, total;TOT Total;2013 2013;505
155 Dragør;TOT Total;H50 H50 Vocational bachelors educations;TOT Age, total;TOT Total;2013 2013;1355
155 Dragør;TOT Total;H60 H60 Bachelors programs;TOT Age, total;TOT Total;2013 2013;148
155 Dragør;TOT Total;H70 H70 Masters programs;TOT Age, total;TOT Total;2013 2013;953
155 Dragør;TOT Total;H80 H80 PhD programs;TOT Age, total;TOT Total;2013 2013;68
155 Dragør;TOT Total;TOT Total;TOT Age, total;TOT Total;2013 2013;9224
157 Gentofte;TOT Total;H40 H40 Short cycle higher education;TOT Age, total;TOT Total;2013 2013;2353
157 Gentofte;TOT Total;H50 H50 Vocational bachelors educations;TOT Age, total;TOT Total;2013 2013;8229
157 Gentofte;TOT Total;H60 H60 Bachelors programs;TOT Age, total;TOT Total;2013 2013;1649
157 Gentofte;TOT Total;H70 H70 Masters programs;TOT Age, total;TOT Total;2013 2013;12136
157 Gentofte;TOT Total;H80 H80 PhD programs;TOT Age, total;TOT Total;2013 2013;1107
157 Gentofte;TOT Total;TOT Total;TOT Age, total;TOT Total;2013 2013;50777
159 Gladsaxe;TOT Total;H40 H40 Short cycle higher education;TOT Age, total;TOT Total;2013 2013;2165
159 Gladsaxe;TOT Total;H50 H50 Vocational bachelors educations;TOT Age, total;TOT Total;2013 2013;6934
159 Gladsaxe;TOT Total;H60 H60 Bachelors programs;TOT Age, total;TOT Total;2013 2013;1033
159 Gladsaxe;TOT Total;H70 H70 Masters programs;TOT Age, total;TOT Total;2013 2013;5485
159 Gladsaxe;TOT Total;H80 H80 PhD programs;TOT Age, total;TOT Total;2013 2013;681
159 Gladsaxe;TOT Total;TOT Total;TOT Age, total;TOT Total;2013 2013;46404
161 Glostrup;TOT Total;H40 H40 Short cycle higher education;TOT Age, total;TOT Total;2013 2013;768
161 Glostrup;TOT Total;H50 H50 Vocational bachelors educations;TOT Age, total;TOT Total;2013 2013;1782
161 Glostrup;TOT Total;H60 H60 Bachelors programs;TOT Age, total;TOT Total;2013 2013;205
161 Glostrup;TOT Total;H70 H70 Masters programs;TOT Age, total;TOT Total;2013 2013;835
161 Glostrup;TOT Total;H80 H80 PhD programs;TOT Age, total;TOT Total;2013 2013;68
161 Glostrup;TOT Total;TOT Total;TOT Age, total;TOT Total;2013 2013;15475
163 Herlev;TOT Total;H40 H40 Short cycle higher education;TOT Age, total;TOT Total;2013 2013;859
163 Herlev;TOT Total;H50 H50 Vocational bachelors educations;TOT Age, total;TOT Total;2013 2013;2535
163 Herlev;TOT Total;H60 H60 Bachelors programs;TOT Age, total;TOT Total;2013 2013;218
163 Herlev;TOT Total;H70 H70 Masters programs;TOT Age, total;TOT Total;2013 2013;1277
163 Herlev;TOT Total;H80 H80 PhD programs;TOT Age, total;TOT Total;2013 2013;128
163 Herlev;TOT Total;TOT Total;TOT Age, total;TOT Total;2013 2013;18876
165 Albertslund;TOT Total;H40 H40 Short cycle higher education;TOT Age, total;TOT Total;2013 2013;834
165 Albertslund;TOT Total;H50 H50 Vocational bachelors educations;TOT Age, total;TOT Total;2013 2013;2695
165 Albertslund;TOT Total;H60 H60 Bachelors programs;TOT Age, total;TOT Total;2013 2013;293
165 Albertslund;TOT Total;H70 H70 Masters programs;TOT Age, total;TOT Total;2013 2013;1185
165 Albertslund;TOT Total;H80 H80 PhD programs;TOT Age, total;TOT Total;2013 2013;78
165 Albertslund;TOT Total;TOT Total;TOT Age, total;TOT Total;2013 2013;19808
167 Hvidovre;TOT Total;H40 H40 Short cycle higher education;TOT Age, total;TOT Total;2013 2013;1665
167 Hvidovre;TOT Total;H50 H50 Vocational bachelors educations;TOT Age, total;TOT Total;2013 2013;4236
167 Hvidovre;TOT Total;H60 H60 Bachelors programs;TOT Age, total;TOT Total;2013 2013;559
167 Hvidovre;TOT Total;H70 H70 Masters programs;TOT Age, total;TOT Total;2013 2013;2123
167 Hvidovre;TOT Total;H80 H80 PhD programs;TOT Age, total;TOT Total;2013 2013;166
167 Hvidovre;TOT Total;TOT Total;TOT Age, total;TOT Total;2013 2013;36370
169 Høje-Taastrup;TOT Total;H40 H40 Short cycle higher education;TOT Age, total;TOT Total;2013 2013;1668
169 Høje-Taastrup;TOT Total;H50 H50 Vocational bachelors educations;TOT Age, total;TOT Total;2013 2013;3635
169 Høje-Taastrup;TOT Total;H60 H60 Bachelors programs;TOT Age, total;TOT Total;2013 2013;363
169 Høje-Taastrup;TOT Total;H70 H70 Masters programs;TOT Age, total;TOT Total;2013 2013;1741
169 Høje-Taastrup;TOT Total;H80 H80 PhD programs;TOT Age, total;TOT Total;2013 2013;169
169 Høje-Taastrup;TOT Total;TOT Total;TOT Age, total;TOT Total;2013 2013;34446
173 Lyngby-Taarbæk;TOT Total;H40 H40 Short cycle higher education;TOT Age, total;TOT Total;2013 2013;1626
173 Lyngby-Taarbæk;TOT Total;H50 H50 Vocational bachelors educations;TOT Age, total;TOT Total;2013 2013;6057
173 Lyngby-Taarbæk;TOT Total;H60 H60 Bachelors programs;TOT Age, total;TOT Total;2013 2013;1303
173 Lyngby-Taarbæk;TOT Total;H70 H70 Masters programs;TOT Age, total;TOT Total;2013 2013;7553
173 Lyngby-Taarbæk;TOT Total;H80 H80 PhD programs;TOT Age, total;TOT Total;2013 2013;912
173 Lyngby-Taarbæk;TOT Total;TOT Total;TOT Age, total;TOT Total;2013 2013;37175
175 Rødovre;TOT Total;H40 H40 Short cycle higher education;TOT Age, total;TOT Total;2013 2013;1158
175 Rødovre;TOT Total;H50 H50 Vocational bachelors educations;TOT Age, total;TOT Total;2013 2013;3210
175 Rødovre;TOT Total;H60 H60 Bachelors programs;TOT Age, total;TOT Total;2013 2013;409
175 Rødovre;TOT Total;H70 H70 Masters programs;TOT Age, total;TOT Total;2013 2013;1772
175 Rødovre;TOT Total;H80 H80 PhD programs;TOT Age, total;TOT Total;2013 2013;166
175 Rødovre;TOT Total;TOT Total;TOT Age, total;TOT Total;2013 2013;25895
183 Ishøj;TOT Total;H40 H40 Short cycle higher education;TOT Age, total;TOT Total;2013 2013;592
183 Ishøj;TOT Total;H50 H50 Vocational bachelors educations;TOT Age, total;TOT Total;2013 2013;1323
183 Ishøj;TOT Total;H60 H60 Bachelors programs;TOT Age, total;TOT Total;2013 2013;156
183 Ishøj;TOT Total;H70 H70 Masters programs;TOT Age, total;TOT Total;2013 2013;582
183 Ishøj;TOT Total;H80 H80 PhD programs;TOT Age, total;TOT Total;2013 2013;46
183 Ishøj;TOT Total;TOT Total;TOT Age, total;TOT Total;2013 2013;15551
185 Tårnby;TOT Total;H40 H40 Short cycle higher education;TOT Age, total;TOT Total;2013 2013;1355
185 Tårnby;TOT Total;H50 H50 Vocational bachelors educations;TOT Age, total;TOT Total;2013 2013;2881
185 Tårnby;TOT Total;H60 H60 Bachelors programs;TOT Age, total;TOT Total;2013 2013;341
185 Tårnby;TOT Total;H70 H70 Masters programs;TOT Age, total;TOT Total;2013 2013;1429
185 Tårnby;TOT Total;H80 H80 PhD programs;TOT Age, total;TOT Total;2013 2013;115
185 Tårnby;TOT Total;TOT Total;TOT Age, total;TOT Total;2013 2013;29094
187 Vallensbæk;TOT Total;H40 H40 Short cycle higher education;TOT Age, total;TOT Total;2013 2013;604
187 Vallensbæk;TOT Total;H50 H50 Vocational bachelors educations;TOT Age, total;TOT Total;2013 2013;1352
187 Vallensbæk;TOT Total;H60 H60 Bachelors programs;TOT Age, total;TOT Total;2013 2013;152
187 Vallensbæk;TOT Total;H70 H70 Masters programs;TOT Age, total;TOT Total;2013 2013;734
187 Vallensbæk;TOT Total;H80 H80 PhD programs;TOT Age, total;TOT Total;2013 2013;54
187 Vallensbæk;TOT Total;TOT Total;TOT Age, total;TOT Total;2013 2013;10329
190 Furesø;TOT Total;H40 H40 Short cycle higher education;TOT Age, total;TOT Total;2013 2013;1237
190 Furesø;TOT Total;H50 H50 Vocational bachelors educations;TOT Age, total;TOT Total;2013 2013;4665
190 Furesø;TOT Total;H60 H60 Bachelors programs;TOT Age, total;TOT Total;2013 2013;443
190 Furesø;TOT Total;H70 H70 Masters programs;TOT Age, total;TOT Total;2013 2013;4160
190 Furesø;TOT Total;H80 H80 PhD programs;TOT Age, total;TOT Total;2013 2013;528
190 Furesø;TOT Total;TOT Total;TOT Age, total;TOT Total;2013 2013;25485
201 Allerød;TOT Total;H40 H40 Short cycle higher education;TOT Age, total;TOT Total;2013 2013;912
201 Allerød;TOT Total;H50 H50 Vocational bachelors educations;TOT Age, total;TOT Total;2013 2013;2800
201 Allerød;TOT Total;H60 H60 Bachelors programs;TOT Age, total;TOT Total;2013 2013;246
201 Allerød;TOT Total;H70 H70 Masters programs;TOT Age, total;TOT Total;2013 2013;2402
201 Allerød;TOT Total;H80 H80 PhD programs;TOT Age, total;TOT Total;2013 2013;276
201 Allerød;TOT Total;TOT Total;TOT Age, total;TOT Total;2013 2013;16139
210 Fredensborg;TOT Total;H40 H40 Short cycle higher education;TOT Age, total;TOT Total;2013 2013;1295
210 Fredensborg;TOT Total;H50 H50 Vocational bachelors educations;TOT Age, total;TOT Total;2013 2013;4353
210 Fredensborg;TOT Total;H60 H60 Bachelors programs;TOT Age, total;TOT Total;2013 2013;517
210 Fredensborg;TOT Total;H70 H70 Masters programs;TOT Age, total;TOT Total;2013 2013;3085
210 Fredensborg;TOT Total;H80 H80 PhD programs;TOT Age, total;TOT Total;2013 2013;300
210 Fredensborg;TOT Total;TOT Total;TOT Age, total;TOT Total;2013 2013;27456
217 Helsingør;TOT Total;H40 H40 Short cycle higher education;TOT Age, total;TOT Total;2013 2013;1994
217 Helsingør;TOT Total;H50 H50 Vocational bachelors educations;TOT Age, total;TOT Total;2013 2013;6449
217 Helsingør;TOT Total;H60 H60 Bachelors programs;TOT Age, total;TOT Total;2013 2013;571
217 Helsingør;TOT Total;H70 H70 Masters programs;TOT Age, total;TOT Total;2013 2013;3190
217 Helsingør;TOT Total;H80 H80 PhD programs;TOT Age, total;TOT Total;2013 2013;212
217 Helsingør;TOT Total;TOT Total;TOT Age, total;TOT Total;2013 2013;42495
219 Hillerød;TOT Total;H40 H40 Short cycle higher education;TOT Age, total;TOT Total;2013 2013;1794
219 Hillerød;TOT Total;H50 H50 Vocational bachelors educations;TOT Age, total;TOT Total;2013 2013;5664
219 Hillerød;TOT Total;H60 H60 Bachelors programs;TOT Age, total;TOT Total;2013 2013;412
219 Hillerød;TOT Total;H70 H70 Masters programs;TOT Age, total;TOT Total;2013 2013;3221
219 Hillerød;TOT Total;H80 H80 PhD programs;TOT Age, total;TOT Total;2013 2013;310
219 Hillerød;TOT Total;TOT Total;TOT Age, total;TOT Total;2013 2013;33481
223 Hørsholm;TOT Total;H40 H40 Short cycle higher education;TOT Age, total;TOT Total;2013 2013;832
223 Hørsholm;TOT Total;H50 H50 Vocational bachelors educations;TOT Age, total;TOT Total;2013 2013;2624
223 Hørsholm;TOT Total;H60 H60 Bachelors programs;TOT Age, total;TOT Total;2013 2013;356
223 Hørsholm;TOT Total;H70 H70 Masters programs;TOT Age, total;TOT Total;2013 2013;2959
223 Hørsholm;TOT Total;H80 H80 PhD programs;TOT Age, total;TOT Total;2013 2013;226
223 Hørsholm;TOT Total;TOT Total;TOT Age, total;TOT Total;2013 2013;15966
230 Rudersdal;TOT Total;H40 H40 Short cycle higher education;TOT Age, total;TOT Total;2013 2013;1562
230 Rudersdal;TOT Total;H50 H50 Vocational bachelors educations;TOT Age, total;TOT Total;2013 2013;5868
230 Rudersdal;TOT Total;H60 H60 Bachelors programs;TOT Age, total;TOT Total;2013 2013;1071
230 Rudersdal;TOT Total;H70 H70 Masters programs;TOT Age, total;TOT Total;2013 2013;7854
230 Rudersdal;TOT Total;H80 H80 PhD programs;TOT Age, total;TOT Total;2013 2013;817
230 Rudersdal;TOT Total;TOT Total;TOT Age, total;TOT Total;2013 2013;36014
240 Egedal;TOT Total;H40 H40 Short cycle higher education;TOT Age, total;TOT Total;2013 2013;1789
240 Egedal;TOT Total;H50 H50 Vocational bachelors educations;TOT Age, total;TOT Total;2013 2013;4181
240 Egedal;TOT Total;H60 H60 Bachelors programs;TOT Age, total;TOT Total;2013 2013;331
240 Egedal;TOT Total;H70 H70 Masters programs;TOT Age, total;TOT Total;2013 2013;2123
240 Egedal;TOT Total;H80 H80 PhD programs;TOT Age, total;TOT Total;2013 2013;257
240 Egedal;TOT Total;TOT Total;TOT Age, total;TOT Total;2013 2013;29016
250 Frederikssund;TOT Total;H40 H40 Short cycle higher education;TOT Age, total;TOT Total;2013 2013;1496
250 Frederikssund;TOT Total;H50 H50 Vocational bachelors educations;TOT Age, total;TOT Total;2013 2013;4324
250 Frederikssund;TOT Total;H60 H60 Bachelors programs;TOT Age, total;TOT Total;2013 2013;234
250 Frederikssund;TOT Total;H70 H70 Masters programs;TOT Age, total;TOT Total;2013 2013;1473
250 Frederikssund;TOT Total;H80 H80 PhD programs;TOT Age, total;TOT Total;2013 2013;120
250 Frederikssund;TOT Total;TOT Total;TOT Age, total;TOT Total;2013 2013;30502
253 Greve;TOT Total;H40 H40 Short cycle higher education;TOT Age, total;TOT Total;2013 2013;1742
253 Greve;TOT Total;H50 H50 Vocational bachelors educations;TOT Age, total;TOT Total;2013 2013;3830
253 Greve;TOT Total;H60 H60 Bachelors programs;TOT Age, total;TOT Total;2013 2013;352
253 Greve;TOT Total;H70 H70 Masters programs;TOT Age, total;TOT Total;2013 2013;1822
253 Greve;TOT Total;H80 H80 PhD programs;TOT Age, total;TOT Total;2013 2013;115
253 Greve;TOT Total;TOT Total;TOT Age, total;TOT Total;2013 2013;33480
259 Køge;TOT Total;H40 H40 Short cycle higher education;TOT Age, total;TOT Total;2013 2013;2004
259 Køge;TOT Total;H50 H50 Vocational bachelors educations;TOT Age, total;TOT Total;2013 2013;4777
259 Køge;TOT Total;H60 H60 Bachelors programs;TOT Age, total;TOT Total;2013 2013;359
259 Køge;TOT Total;H70 H70 Masters programs;TOT Age, total;TOT Total;2013 2013;1870
259 Køge;TOT Total;H80 H80 PhD programs;TOT Age, total;TOT Total;2013 2013;126
259 Køge;TOT Total;TOT Total;TOT Age, total;TOT Total;2013 2013;40848
260 Halsnæs;TOT Total;H40 H40 Short cycle higher education;TOT Age, total;TOT Total;2013 2013;886
260 Halsnæs;TOT Total;H50 H50 Vocational bachelors educations;TOT Age, total;TOT Total;2013 2013;2753
260 Halsnæs;TOT Total;H60 H60 Bachelors programs;TOT Age, total;TOT Total;2013 2013;141
260 Halsnæs;TOT Total;H70 H70 Masters programs;TOT Age, total;TOT Total;2013 2013;750
260 Halsnæs;TOT Total;H80 H80 PhD programs;TOT Age, total;TOT Total;2013 2013;57
260 Halsnæs;TOT Total;TOT Total;TOT Age, total;TOT Total;2013 2013;21414
265 Roskilde;TOT Total;H40 H40 Short cycle higher education;TOT Age, total;TOT Total;2013 2013;3211
265 Roskilde;TOT Total;H50 H50 Vocational bachelors educations;TOT Age, total;TOT Total;2013 2013;8995
265 Roskilde;TOT Total;H60 H60 Bachelors programs;TOT Age, total;TOT Total;2013 2013;918
265 Roskilde;TOT Total;H70 H70 Masters programs;TOT Age, total;TOT Total;2013 2013;5782
265 Roskilde;TOT Total;H80 H80 PhD programs;TOT Age, total;TOT Total;2013 2013;631
265 Roskilde;TOT Total;TOT Total;TOT Age, total;TOT Total;2013 2013;59152
269 Solrød;TOT Total;H40 H40 Short cycle higher education;TOT Age, total;TOT Total;2013 2013;896
269 Solrød;TOT Total;H50 H50 Vocational bachelors educations;TOT Age, total;TOT Total;2013 2013;1907
269 Solrød;TOT Total;H60 H60 Bachelors programs;TOT Age, total;TOT Total;2013 2013;166
269 Solrød;TOT Total;H70 H70 Masters programs;TOT Age, total;TOT Total;2013 2013;929
269 Solrød;TOT Total;H80 H80 PhD programs;TOT Age, total;TOT Total;2013 2013;57
269 Solrød;TOT Total;TOT Total;TOT Age, total;TOT Total;2013 2013;14866
270 Gribskov;TOT Total;H40 H40 Short cycle higher education;TOT Age, total;TOT Total;2013 2013;1229
270 Gribskov;TOT Total;H50 H50 Vocational bachelors educations;TOT Age, total;TOT Total;2013 2013;4085
270 Gribskov;TOT Total;H60 H60 Bachelors programs;TOT Age, total;TOT Total;2013 2013;272
270 Gribskov;TOT Total;H70 H70 Masters programs;TOT Age, total;TOT Total;2013 2013;1482
270 Gribskov;TOT Total;H80 H80 PhD programs;TOT Age, total;TOT Total;2013 2013;104
270 Gribskov;TOT Total;TOT Total;TOT Age, total;TOT Total;2013 2013;28346
306 Odsherred;TOT Total;H40 H40 Short cycle higher education;TOT Age, total;TOT Total;2013 2013;706
306 Odsherred;TOT Total;H50 H50 Vocational bachelors educations;TOT Age, total;TOT Total;2013 2013;2613
306 Odsherred;TOT Total;H60 H60 Bachelors programs;TOT Age, total;TOT Total;2013 2013;105
306 Odsherred;TOT Total;H70 H70 Masters programs;TOT Age, total;TOT Total;2013 2013;614
306 Odsherred;TOT Total;H80 H80 PhD programs;TOT Age, total;TOT Total;2013 2013;21
306 Odsherred;TOT Total;TOT Total;TOT Age, total;TOT Total;2013 2013;22440
316 Holbæk;TOT Total;H40 H40 Short cycle higher education;TOT Age, total;TOT Total;2013 2013;2138
316 Holbæk;TOT Total;H50 H50 Vocational bachelors educations;TOT Age, total;TOT Total;2013 2013;6942
316 Holbæk;TOT Total;H60 H60 Bachelors programs;TOT Age, total;TOT Total;2013 2013;354
316 Holbæk;TOT Total;H70 H70 Masters programs;TOT Age, total;TOT Total;2013 2013;2016
316 Holbæk;TOT Total;H80 H80 PhD programs;TOT Age, total;TOT Total;2013 2013;109
316 Holbæk;TOT Total;TOT Total;TOT Age, total;TOT Total;2013 2013;48503
320 Faxe;TOT Total;H40 H40 Short cycle higher education;TOT Age, total;TOT Total;2013 2013;1016
320 Faxe;TOT Total;H50 H50 Vocational bachelors educations;TOT Age, total;TOT Total;2013 2013;2918
320 Faxe;TOT Total;H60 H60 Bachelors programs;TOT Age, total;TOT Total;2013 2013;127
320 Faxe;TOT Total;H70 H70 Masters programs;TOT Age, total;TOT Total;2013 2013;758
320 Faxe;TOT Total;H80 H80 PhD programs;TOT Age, total;TOT Total;2013 2013;32
320 Faxe;TOT Total;TOT Total;TOT Age, total;TOT Total;2013 2013;24667
326 Kalundborg;TOT Total;H40 H40 Short cycle higher education;TOT Age, total;TOT Total;2013 2013;1418
326 Kalundborg;TOT Total;H50 H50 Vocational bachelors educations;TOT Age, total;TOT Total;2013 2013;3758
326 Kalundborg;TOT Total;H60 H60 Bachelors programs;TOT Age, total;TOT Total;2013 2013;130
326 Kalundborg;TOT Total;H70 H70 Masters programs;TOT Age, total;TOT Total;2013 2013;923
326 Kalundborg;TOT Total;H80 H80 PhD programs;TOT Age, total;TOT Total;2013 2013;43
326 Kalundborg;TOT Total;TOT Total;TOT Age, total;TOT Total;2013 2013;33629
329 Ringsted;TOT Total;H40 H40 Short cycle higher education;TOT Age, total;TOT Total;2013 2013;1170
329 Ringsted;TOT Total;H50 H50 Vocational bachelors educations;TOT Age, total;TOT Total;2013 2013;2779
329 Ringsted;TOT Total;H60 H60 Bachelors programs;TOT Age, total;TOT Total;2013 2013;206
329 Ringsted;TOT Total;H70 H70 Masters programs;TOT Age, total;TOT Total;2013 2013;1022
329 Ringsted;TOT Total;H80 H80 PhD programs;TOT Age, total;TOT Total;2013 2013;81
329 Ringsted;TOT Total;TOT Total;TOT Age, total;TOT Total;2013 2013;23553
330 Slagelse;TOT Total;H40 H40 Short cycle higher education;TOT Age, total;TOT Total;2013 2013;2371
330 Slagelse;TOT Total;H50 H50 Vocational bachelors educations;TOT Age, total;TOT Total;2013 2013;6869
330 Slagelse;TOT Total;H60 H60 Bachelors programs;TOT Age, total;TOT Total;2013 2013;450
330 Slagelse;TOT Total;H70 H70 Masters programs;TOT Age, total;TOT Total;2013 2013;1594
330 Slagelse;TOT Total;H80 H80 PhD programs;TOT Age, total;TOT Total;2013 2013;92
330 Slagelse;TOT Total;TOT Total;TOT Age, total;TOT Total;2013 2013;54443
336 Stevns;TOT Total;H40 H40 Short cycle higher education;TOT Age, total;TOT Total;2013 2013;662
336 Stevns;TOT Total;H50 H50 Vocational bachelors educations;TOT Age, total;TOT Total;2013 2013;1799
336 Stevns;TOT Total;H60 H60 Bachelors programs;TOT Age, total;TOT Total;2013 2013;79
336 Stevns;TOT Total;H70 H70 Masters programs;TOT Age, total;TOT Total;2013 2013;550
336 Stevns;TOT Total;H80 H80 PhD programs;TOT Age, total;TOT Total;2013 2013;45
336 Stevns;TOT Total;TOT Total;TOT Age, total;TOT Total;2013 2013;15225
340 Sorø;TOT Total;H40 H40 Short cycle higher education;TOT Age, total;TOT Total;2013 2013;848
340 Sorø;TOT Total;H50 H50 Vocational bachelors educations;TOT Age, total;TOT Total;2013 2013;2656
340 Sorø;TOT Total;H60 H60 Bachelors programs;TOT Age, total;TOT Total;2013 2013;170
340 Sorø;TOT Total;H70 H70 Masters programs;TOT Age, total;TOT Total;2013 2013;1130
340 Sorø;TOT Total;H80 H80 PhD programs;TOT Age, total;TOT Total;2013 2013;74
340 Sorø;TOT Total;TOT Total;TOT Age, total;TOT Total;2013 2013;20376
350 Lejre;TOT Total;H40 H40 Short cycle higher education;TOT Age, total;TOT Total;2013 2013;1058
350 Lejre;TOT Total;H50 H50 Vocational bachelors educations;TOT Age, total;TOT Total;2013 2013;2663
350 Lejre;TOT Total;H60 H60 Bachelors programs;TOT Age, total;TOT Total;2013 2013;206
350 Lejre;TOT Total;H70 H70 Masters programs;TOT Age, total;TOT Total;2013 2013;1386
350 Lejre;TOT Total;H80 H80 PhD programs;TOT Age, total;TOT Total;2013 2013;149
350 Lejre;TOT Total;TOT Total;TOT Age, total;TOT Total;2013 2013;18593
360 Lolland;TOT Total;H40 H40 Short cycle higher education;TOT Age, total;TOT Total;2013 2013;822
360 Lolland;TOT Total;H50 H50 Vocational bachelors educations;TOT Age, total;TOT Total;2013 2013;3016
360 Lolland;TOT Total;H60 H60 Bachelors programs;TOT Age, total;TOT Total;2013 2013;107
360 Lolland;TOT Total;H70 H70 Masters programs;TOT Age, total;TOT Total;2013 2013;555
360 Lolland;TOT Total;H80 H80 PhD programs;TOT Age, total;TOT Total;2013 2013;24
360 Lolland;TOT Total;TOT Total;TOT Age, total;TOT Total;2013 2013;30086
370 Næstved;TOT Total;H40 H40 Short cycle higher education;TOT Age, total;TOT Total;2013 2013;2541
370 Næstved;TOT Total;H50 H50 Vocational bachelors educations;TOT Age, total;TOT Total;2013 2013;8045
370 Næstved;TOT Total;H60 H60 Bachelors programs;TOT Age, total;TOT Total;2013 2013;379
370 Næstved;TOT Total;H70 H70 Masters programs;TOT Age, total;TOT Total;2013 2013;1974
370 Næstved;TOT Total;H80 H80 PhD programs;TOT Age, total;TOT Total;2013 2013;95
370 Næstved;TOT Total;TOT Total;TOT Age, total;TOT Total;2013 2013;57257
376 Guldborgsund;TOT Total;H40 H40 Short cycle higher education;TOT Age, total;TOT Total;2013 2013;1513
376 Guldborgsund;TOT Total;H50 H50 Vocational bachelors educations;TOT Age, total;TOT Total;2013 2013;5440
376 Guldborgsund;TOT Total;H60 H60 Bachelors programs;TOT Age, total;TOT Total;2013 2013;208
376 Guldborgsund;TOT Total;H70 H70 Masters programs;TOT Age, total;TOT Total;2013 2013;1241
376 Guldborgsund;TOT Total;H80 H80 PhD programs;TOT Age, total;TOT Total;2013 2013;35
376 Guldborgsund;TOT Total;TOT Total;TOT Age, total;TOT Total;2013 2013;42399
390 Vordingborg;TOT Total;H40 H40 Short cycle higher education;TOT Age, total;TOT Total;2013 2013;1136
390 Vordingborg;TOT Total;H50 H50 Vocational bachelors educations;TOT Age, total;TOT Total;2013 2013;4310
390 Vordingborg;TOT Total;H60 H60 Bachelors programs;TOT Age, total;TOT Total;2013 2013;187
390 Vordingborg;TOT Total;H70 H70 Masters programs;TOT Age, total;TOT Total;2013 2013;1150
390 Vordingborg;TOT Total;H80 H80 PhD programs;TOT Age, total;TOT Total;2013 2013;53
390 Vordingborg;TOT Total;TOT Total;TOT Age, total;TOT Total;2013 2013;31365
400 Bornholm;TOT Total;H40 H40 Short cycle higher education;TOT Age, total;TOT Total;2013 2013;878
400 Bornholm;TOT Total;H50 H50 Vocational bachelors educations;TOT Age, total;TOT Total;2013 2013;3466
400 Bornholm;TOT Total;H60 H60 Bachelors programs;TOT Age, total;TOT Total;2013 2013;176
400 Bornholm;TOT Total;H70 H70 Masters programs;TOT Age, total;TOT Total;2013 2013;880
400 Bornholm;TOT Total;H80 H80 PhD programs;TOT Age, total;TOT Total;2013 2013;28
400 Bornholm;TOT Total;TOT Total;TOT Age, total;TOT Total;2013 2013;27919
410 Middelfart;TOT Total;H40 H40 Short cycle higher education;TOT Age, total;TOT Total;2013 2013;1157
410 Middelfart;TOT Total;H50 H50 Vocational bachelors educations;TOT Age, total;TOT Total;2013 2013;3853
410 Middelfart;TOT Total;H60 H60 Bachelors programs;TOT Age, total;TOT Total;2013 2013;192
410 Middelfart;TOT Total;H70 H70 Masters programs;TOT Age, total;TOT Total;2013 2013;1279
410 Middelfart;TOT Total;H80 H80 PhD programs;TOT Age, total;TOT Total;2013 2013;59
410 Middelfart;TOT Total;TOT Total;TOT Age, total;TOT Total;2013 2013;25899
420 Assens;TOT Total;H40 H40 Short cycle higher education;TOT Age, total;TOT Total;2013 2013;1243
420 Assens;TOT Total;H50 H50 Vocational bachelors educations;TOT Age, total;TOT Total;2013 2013;3646
420 Assens;TOT Total;H60 H60 Bachelors programs;TOT Age, total;TOT Total;2013 2013;188
420 Assens;TOT Total;H70 H70 Masters programs;TOT Age, total;TOT Total;2013 2013;1047
420 Assens;TOT Total;H80 H80 PhD programs;TOT Age, total;TOT Total;2013 2013;55
420 Assens;TOT Total;TOT Total;TOT Age, total;TOT Total;2013 2013;28251
430 Faaborg-Midtfyn;TOT Total;H40 H40 Short cycle higher education;TOT Age, total;TOT Total;2013 2013;1617
430 Faaborg-Midtfyn;TOT Total;H50 H50 Vocational bachelors educations;TOT Age, total;TOT Total;2013 2013;4630
430 Faaborg-Midtfyn;TOT Total;H60 H60 Bachelors programs;TOT Age, total;TOT Total;2013 2013;236
430 Faaborg-Midtfyn;TOT Total;H70 H70 Masters programs;TOT Age, total;TOT Total;2013 2013;1211
430 Faaborg-Midtfyn;TOT Total;H80 H80 PhD programs;TOT Age, total;TOT Total;2013 2013;92
430 Faaborg-Midtfyn;TOT Total;TOT Total;TOT Age, total;TOT Total;2013 2013;34793
440 Kerteminde;TOT Total;H40 H40 Short cycle higher education;TOT Age, total;TOT Total;2013 2013;613
440 Kerteminde;TOT Total;H50 H50 Vocational bachelors educations;TOT Age, total;TOT Total;2013 2013;2151
440 Kerteminde;TOT Total;H60 H60 Bachelors programs;TOT Age, total;TOT Total;2013 2013;117
440 Kerteminde;TOT Total;H70 H70 Masters programs;TOT Age, total;TOT Total;2013 2013;559
440 Kerteminde;TOT Total;H80 H80 PhD programs;TOT Age, total;TOT Total;2013 2013;45
440 Kerteminde;TOT Total;TOT Total;TOT Age, total;TOT Total;2013 2013;16229
450 Nyborg;TOT Total;H40 H40 Short cycle higher education;TOT Age, total;TOT Total;2013 2013;938
450 Nyborg;TOT Total;H50 H50 Vocational bachelors educations;TOT Age, total;TOT Total;2013 2013;2866
450 Nyborg;TOT Total;H60 H60 Bachelors programs;TOT Age, total;TOT Total;2013 2013;134
450 Nyborg;TOT Total;H70 H70 Masters programs;TOT Age, total;TOT Total;2013 2013;811
450 Nyborg;TOT Total;H80 H80 PhD programs;TOT Age, total;TOT Total;2013 2013;65
450 Nyborg;TOT Total;TOT Total;TOT Age, total;TOT Total;2013 2013;21493
461 Odense;TOT Total;H40 H40 Short cycle higher education;TOT Age, total;TOT Total;2013 2013;6411
461 Odense;TOT Total;H50 H50 Vocational bachelors educations;TOT Age, total;TOT Total;2013 2013;20923
461 Odense;TOT Total;H60 H60 Bachelors programs;TOT Age, total;TOT Total;2013 2013;4757
461 Odense;TOT Total;H70 H70 Masters programs;TOT Age, total;TOT Total;2013 2013;9841
461 Odense;TOT Total;H80 H80 PhD programs;TOT Age, total;TOT Total;2013 2013;1001
461 Odense;TOT Total;TOT Total;TOT Age, total;TOT Total;2013 2013;142498
479 Svendborg;TOT Total;H40 H40 Short cycle higher education;TOT Age, total;TOT Total;2013 2013;1689
479 Svendborg;TOT Total;H50 H50 Vocational bachelors educations;TOT Age, total;TOT Total;2013 2013;7215
479 Svendborg;TOT Total;H60 H60 Bachelors programs;TOT Age, total;TOT Total;2013 2013;300
479 Svendborg;TOT Total;H70 H70 Masters programs;TOT Age, total;TOT Total;2013 2013;1604
479 Svendborg;TOT Total;H80 H80 PhD programs;TOT Age, total;TOT Total;2013 2013;73
479 Svendborg;TOT Total;TOT Total;TOT Age, total;TOT Total;2013 2013;40436
480 Nordfyns;TOT Total;H40 H40 Short cycle higher education;TOT Age, total;TOT Total;2013 2013;881
480 Nordfyns;TOT Total;H50 H50 Vocational bachelors educations;TOT Age, total;TOT Total;2013 2013;2321
480 Nordfyns;TOT Total;H60 H60 Bachelors programs;TOT Age, total;TOT Total;2013 2013;113
480 Nordfyns;TOT Total;H70 H70 Masters programs;TOT Age, total;TOT Total;2013 2013;572
480 Nordfyns;TOT Total;H80 H80 PhD programs;TOT Age, total;TOT Total;2013 2013;38
480 Nordfyns;TOT Total;TOT Total;TOT Age, total;TOT Total;2013 2013;20090
482 Langeland;TOT Total;H40 H40 Short cycle higher education;TOT Age, total;TOT Total;2013 2013;232
482 Langeland;TOT Total;H50 H50 Vocational bachelors educations;TOT Age, total;TOT Total;2013 2013;940
482 Langeland;TOT Total;H60 H60 Bachelors programs;TOT Age, total;TOT Total;2013 2013;40
482 Langeland;TOT Total;H70 H70 Masters programs;TOT Age, total;TOT Total;2013 2013;181
482 Langeland;TOT Total;H80 H80 PhD programs;TOT Age, total;TOT Total;2013 2013;11
482 Langeland;TOT Total;TOT Total;TOT Age, total;TOT Total;2013 2013;8604
492 Ærø;TOT Total;H40 H40 Short cycle higher education;TOT Age, total;TOT Total;2013 2013;188
492 Ærø;TOT Total;H50 H50 Vocational bachelors educations;TOT Age, total;TOT Total;2013 2013;605
492 Ærø;TOT Total;H60 H60 Bachelors programs;TOT Age, total;TOT Total;2013 2013;20
492 Ærø;TOT Total;H70 H70 Masters programs;TOT Age, total;TOT Total;2013 2013;153
492 Ærø;TOT Total;H80 H80 PhD programs;TOT Age, total;TOT Total;2013 2013;8
492 Ærø;TOT Total;TOT Total;TOT Age, total;TOT Total;2013 2013;4222
510 Haderslev;TOT Total;H40 H40 Short cycle higher education;TOT Age, total;TOT Total;2013 2013;1545
510 Haderslev;TOT Total;H50 H50 Vocational bachelors educations;TOT Age, total;TOT Total;2013 2013;5193
510 Haderslev;TOT Total;H60 H60 Bachelors programs;TOT Age, total;TOT Total;2013 2013;254
510 Haderslev;TOT Total;H70 H70 Masters programs;TOT Age, total;TOT Total;2013 2013;1315
510 Haderslev;TOT Total;H80 H80 PhD programs;TOT Age, total;TOT Total;2013 2013;45
510 Haderslev;TOT Total;TOT Total;TOT Age, total;TOT Total;2013 2013;38985
530 Billund;TOT Total;H40 H40 Short cycle higher education;TOT Age, total;TOT Total;2013 2013;782
530 Billund;TOT Total;H50 H50 Vocational bachelors educations;TOT Age, total;TOT Total;2013 2013;1848
530 Billund;TOT Total;H60 H60 Bachelors programs;TOT Age, total;TOT Total;2013 2013;98
530 Billund;TOT Total;H70 H70 Masters programs;TOT Age, total;TOT Total;2013 2013;500
530 Billund;TOT Total;H80 H80 PhD programs;TOT Age, total;TOT Total;2013 2013;16
530 Billund;TOT Total;TOT Total;TOT Age, total;TOT Total;2013 2013;18123
540 Sønderborg;TOT Total;H40 H40 Short cycle higher education;TOT Age, total;TOT Total;2013 2013;2526
540 Sønderborg;TOT Total;H50 H50 Vocational bachelors educations;TOT Age, total;TOT Total;2013 2013;7014
540 Sønderborg;TOT Total;H60 H60 Bachelors programs;TOT Age, total;TOT Total;2013 2013;586
540 Sønderborg;TOT Total;H70 H70 Masters programs;TOT Age, total;TOT Total;2013 2013;2361
540 Sønderborg;TOT Total;H80 H80 PhD programs;TOT Age, total;TOT Total;2013 2013;136
540 Sønderborg;TOT Total;TOT Total;TOT Age, total;TOT Total;2013 2013;51399
550 Tønder;TOT Total;H40 H40 Short cycle higher education;TOT Age, total;TOT Total;2013 2013;960
550 Tønder;TOT Total;H50 H50 Vocational bachelors educations;TOT Age, total;TOT Total;2013 2013;2797
550 Tønder;TOT Total;H60 H60 Bachelors programs;TOT Age, total;TOT Total;2013 2013;102
550 Tønder;TOT Total;H70 H70 Masters programs;TOT Age, total;TOT Total;2013 2013;670
550 Tønder;TOT Total;H80 H80 PhD programs;TOT Age, total;TOT Total;2013 2013;19
550 Tønder;TOT Total;TOT Total;TOT Age, total;TOT Total;2013 2013;26481
561 Esbjerg;TOT Total;H40 H40 Short cycle higher education;TOT Age, total;TOT Total;2013 2013;3535
561 Esbjerg;TOT Total;H50 H50 Vocational bachelors educations;TOT Age, total;TOT Total;2013 2013;12228
561 Esbjerg;TOT Total;H60 H60 Bachelors programs;TOT Age, total;TOT Total;2013 2013;827
561 Esbjerg;TOT Total;H70 H70 Masters programs;TOT Age, total;TOT Total;2013 2013;3030
561 Esbjerg;TOT Total;H80 H80 PhD programs;TOT Age, total;TOT Total;2013 2013;155
561 Esbjerg;TOT Total;TOT Total;TOT Age, total;TOT Total;2013 2013;82037
563 Fanø;TOT Total;H40 H40 Short cycle higher education;TOT Age, total;TOT Total;2013 2013;135
563 Fanø;TOT Total;H50 H50 Vocational bachelors educations;TOT Age, total;TOT Total;2013 2013;561
563 Fanø;TOT Total;H60 H60 Bachelors programs;TOT Age, total;TOT Total;2013 2013;22
563 Fanø;TOT Total;H70 H70 Masters programs;TOT Age, total;TOT Total;2013 2013;143
563 Fanø;TOT Total;H80 H80 PhD programs;TOT Age, total;TOT Total;2013 2013;6
563 Fanø;TOT Total;TOT Total;TOT Age, total;TOT Total;2013 2013;2242
573 Varde;TOT Total;H40 H40 Short cycle higher education;TOT Age, total;TOT Total;2013 2013;1427
573 Varde;TOT Total;H50 H50 Vocational bachelors educations;TOT Age, total;TOT Total;2013 2013;4117
573 Varde;TOT Total;H60 H60 Bachelors programs;TOT Age, total;TOT Total;2013 2013;161
573 Varde;TOT Total;H70 H70 Masters programs;TOT Age, total;TOT Total;2013 2013;932
573 Varde;TOT Total;H80 H80 PhD programs;TOT Age, total;TOT Total;2013 2013;42
573 Varde;TOT Total;TOT Total;TOT Age, total;TOT Total;2013 2013;34325
575 Vejen;TOT Total;H40 H40 Short cycle higher education;TOT Age, total;TOT Total;2013 2013;1202
575 Vejen;TOT Total;H50 H50 Vocational bachelors educations;TOT Age, total;TOT Total;2013 2013;3128
575 Vejen;TOT Total;H60 H60 Bachelors programs;TOT Age, total;TOT Total;2013 2013;172
575 Vejen;TOT Total;H70 H70 Masters programs;TOT Age, total;TOT Total;2013 2013;824
575 Vejen;TOT Total;H80 H80 PhD programs;TOT Age, total;TOT Total;2013 2013;30
575 Vejen;TOT Total;TOT Total;TOT Age, total;TOT Total;2013 2013;29028
580 Aabenraa;TOT Total;H40 H40 Short cycle higher education;TOT Age, total;TOT Total;2013 2013;1598
580 Aabenraa;TOT Total;H50 H50 Vocational bachelors educations;TOT Age, total;TOT Total;2013 2013;4754
580 Aabenraa;TOT Total;H60 H60 Bachelors programs;TOT Age, total;TOT Total;2013 2013;223
580 Aabenraa;TOT Total;H70 H70 Masters programs;TOT Age, total;TOT Total;2013 2013;1360
580 Aabenraa;TOT Total;H80 H80 PhD programs;TOT Age, total;TOT Total;2013 2013;46
580 Aabenraa;TOT Total;TOT Total;TOT Age, total;TOT Total;2013 2013;40840
607 Fredericia;TOT Total;H40 H40 Short cycle higher education;TOT Age, total;TOT Total;2013 2013;1471
607 Fredericia;TOT Total;H50 H50 Vocational bachelors educations;TOT Age, total;TOT Total;2013 2013;4573
607 Fredericia;TOT Total;H60 H60 Bachelors programs;TOT Age, total;TOT Total;2013 2013;303
607 Fredericia;TOT Total;H70 H70 Masters programs;TOT Age, total;TOT Total;2013 2013;1321
607 Fredericia;TOT Total;H80 H80 PhD programs;TOT Age, total;TOT Total;2013 2013;79
607 Fredericia;TOT Total;TOT Total;TOT Age, total;TOT Total;2013 2013;35128
615 Horsens;TOT Total;H40 H40 Short cycle higher education;TOT Age, total;TOT Total;2013 2013;3183
615 Horsens;TOT Total;H50 H50 Vocational bachelors educations;TOT Age, total;TOT Total;2013 2013;8753
615 Horsens;TOT Total;H60 H60 Bachelors programs;TOT Age, total;TOT Total;2013 2013;475
615 Horsens;TOT Total;H70 H70 Masters programs;TOT Age, total;TOT Total;2013 2013;2497
615 Horsens;TOT Total;H80 H80 PhD programs;TOT Age, total;TOT Total;2013 2013;128
615 Horsens;TOT Total;TOT Total;TOT Age, total;TOT Total;2013 2013;60559
621 Kolding;TOT Total;H40 H40 Short cycle higher education;TOT Age, total;TOT Total;2013 2013;3252
621 Kolding;TOT Total;H50 H50 Vocational bachelors educations;TOT Age, total;TOT Total;2013 2013;8675
621 Kolding;TOT Total;H60 H60 Bachelors programs;TOT Age, total;TOT Total;2013 2013;959
621 Kolding;TOT Total;H70 H70 Masters programs;TOT Age, total;TOT Total;2013 2013;3411
621 Kolding;TOT Total;H80 H80 PhD programs;TOT Age, total;TOT Total;2013 2013;135
621 Kolding;TOT Total;TOT Total;TOT Age, total;TOT Total;2013 2013;63216
630 Vejle;TOT Total;H40 H40 Short cycle higher education;TOT Age, total;TOT Total;2013 2013;3782
630 Vejle;TOT Total;H50 H50 Vocational bachelors educations;TOT Age, total;TOT Total;2013 2013;11702
630 Vejle;TOT Total;H60 H60 Bachelors programs;TOT Age, total;TOT Total;2013 2013;666
630 Vejle;TOT Total;H70 H70 Masters programs;TOT Age, total;TOT Total;2013 2013;4190
630 Vejle;TOT Total;H80 H80 PhD programs;TOT Age, total;TOT Total;2013 2013;180
630 Vejle;TOT Total;TOT Total;TOT Age, total;TOT Total;2013 2013;76073
657 Herning;TOT Total;H40 H40 Short cycle higher education;TOT Age, total;TOT Total;2013 2013;3288
657 Herning;TOT Total;H50 H50 Vocational bachelors educations;TOT Age, total;TOT Total;2013 2013;7847
657 Herning;TOT Total;H60 H60 Bachelors programs;TOT Age, total;TOT Total;2013 2013;674
657 Herning;TOT Total;H70 H70 Masters programs;TOT Age, total;TOT Total;2013 2013;2011
657 Herning;TOT Total;H80 H80 PhD programs;TOT Age, total;TOT Total;2013 2013;84
657 Herning;TOT Total;TOT Total;TOT Age, total;TOT Total;2013 2013;60984
661 Holstebro;TOT Total;H40 H40 Short cycle higher education;TOT Age, total;TOT Total;2013 2013;1737
661 Holstebro;TOT Total;H50 H50 Vocational bachelors educations;TOT Age, total;TOT Total;2013 2013;5955
661 Holstebro;TOT Total;H60 H60 Bachelors programs;TOT Age, total;TOT Total;2013 2013;218
661 Holstebro;TOT Total;H70 H70 Masters programs;TOT Age, total;TOT Total;2013 2013;1524
661 Holstebro;TOT Total;H80 H80 PhD programs;TOT Age, total;TOT Total;2013 2013;43
661 Holstebro;TOT Total;TOT Total;TOT Age, total;TOT Total;2013 2013;39783
665 Lemvig;TOT Total;H40 H40 Short cycle higher education;TOT Age, total;TOT Total;2013 2013;433
665 Lemvig;TOT Total;H50 H50 Vocational bachelors educations;TOT Age, total;TOT Total;2013 2013;1768
665 Lemvig;TOT Total;H60 H60 Bachelors programs;TOT Age, total;TOT Total;2013 2013;58
665 Lemvig;TOT Total;H70 H70 Masters programs;TOT Age, total;TOT Total;2013 2013;426
665 Lemvig;TOT Total;H80 H80 PhD programs;TOT Age, total;TOT Total;2013 2013;36
665 Lemvig;TOT Total;TOT Total;TOT Age, total;TOT Total;2013 2013;14394
671 Struer;TOT Total;H40 H40 Short cycle higher education;TOT Age, total;TOT Total;2013 2013;525
671 Struer;TOT Total;H50 H50 Vocational bachelors educations;TOT Age, total;TOT Total;2013 2013;1958
671 Struer;TOT Total;H60 H60 Bachelors programs;TOT Age, total;TOT Total;2013 2013;75
671 Struer;TOT Total;H70 H70 Masters programs;TOT Age, total;TOT Total;2013 2013;441
671 Struer;TOT Total;H80 H80 PhD programs;TOT Age, total;TOT Total;2013 2013;13
671 Struer;TOT Total;TOT Total;TOT Age, total;TOT Total;2013 2013;14923
706 Syddjurs;TOT Total;H40 H40 Short cycle higher education;TOT Age, total;TOT Total;2013 2013;1256
706 Syddjurs;TOT Total;H50 H50 Vocational bachelors educations;TOT Age, total;TOT Total;2013 2013;4010
706 Syddjurs;TOT Total;H60 H60 Bachelors programs;TOT Age, total;TOT Total;2013 2013;299
706 Syddjurs;TOT Total;H70 H70 Masters programs;TOT Age, total;TOT Total;2013 2013;1496
706 Syddjurs;TOT Total;H80 H80 PhD programs;TOT Age, total;TOT Total;2013 2013;92
706 Syddjurs;TOT Total;TOT Total;TOT Age, total;TOT Total;2013 2013;28821
707 Norddjurs;TOT Total;H40 H40 Short cycle higher education;TOT Age, total;TOT Total;2013 2013;894
707 Norddjurs;TOT Total;H50 H50 Vocational bachelors educations;TOT Age, total;TOT Total;2013 2013;2615
707 Norddjurs;TOT Total;H60 H60 Bachelors programs;TOT Age, total;TOT Total;2013 2013;128
707 Norddjurs;TOT Total;H70 H70 Masters programs;TOT Age, total;TOT Total;2013 2013;618
707 Norddjurs;TOT Total;H80 H80 PhD programs;TOT Age, total;TOT Total;2013 2013;32
707 Norddjurs;TOT Total;TOT Total;TOT Age, total;TOT Total;2013 2013;26681
710 Favrskov;TOT Total;H40 H40 Short cycle higher education;TOT Age, total;TOT Total;2013 2013;1746
710 Favrskov;TOT Total;H50 H50 Vocational bachelors educations;TOT Age, total;TOT Total;2013 2013;4498
710 Favrskov;TOT Total;H60 H60 Bachelors programs;TOT Age, total;TOT Total;2013 2013;306
710 Favrskov;TOT Total;H70 H70 Masters programs;TOT Age, total;TOT Total;2013 2013;2116
710 Favrskov;TOT Total;H80 H80 PhD programs;TOT Age, total;TOT Total;2013 2013;202
710 Favrskov;TOT Total;TOT Total;TOT Age, total;TOT Total;2013 2013;32173
727 Odder;TOT Total;H40 H40 Short cycle higher education;TOT Age, total;TOT Total;2013 2013;737
727 Odder;TOT Total;H50 H50 Vocational bachelors educations;TOT Age, total;TOT Total;2013 2013;2288
727 Odder;TOT Total;H60 H60 Bachelors programs;TOT Age, total;TOT Total;2013 2013;152
727 Odder;TOT Total;H70 H70 Masters programs;TOT Age, total;TOT Total;2013 2013;900
727 Odder;TOT Total;H80 H80 PhD programs;TOT Age, total;TOT Total;2013 2013;60
727 Odder;TOT Total;TOT Total;TOT Age, total;TOT Total;2013 2013;14999
730 Randers;TOT Total;H40 H40 Short cycle higher education;TOT Age, total;TOT Total;2013 2013;3613
730 Randers;TOT Total;H50 H50 Vocational bachelors educations;TOT Age, total;TOT Total;2013 2013;8113
730 Randers;TOT Total;H60 H60 Bachelors programs;TOT Age, total;TOT Total;2013 2013;529
730 Randers;TOT Total;H70 H70 Masters programs;TOT Age, total;TOT Total;2013 2013;2526
730 Randers;TOT Total;H80 H80 PhD programs;TOT Age, total;TOT Total;2013 2013;136
730 Randers;TOT Total;TOT Total;TOT Age, total;TOT Total;2013 2013;67675
740 Silkeborg;TOT Total;H40 H40 Short cycle higher education;TOT Age, total;TOT Total;2013 2013;3263
740 Silkeborg;TOT Total;H50 H50 Vocational bachelors educations;TOT Age, total;TOT Total;2013 2013;9626
740 Silkeborg;TOT Total;H60 H60 Bachelors programs;TOT Age, total;TOT Total;2013 2013;547
740 Silkeborg;TOT Total;H70 H70 Masters programs;TOT Age, total;TOT Total;2013 2013;3422
740 Silkeborg;TOT Total;H80 H80 PhD programs;TOT Age, total;TOT Total;2013 2013;182
740 Silkeborg;TOT Total;TOT Total;TOT Age, total;TOT Total;2013 2013;62210
741 Samsø;TOT Total;H40 H40 Short cycle higher education;TOT Age, total;TOT Total;2013 2013;82
741 Samsø;TOT Total;H50 H50 Vocational bachelors educations;TOT Age, total;TOT Total;2013 2013;353
741 Samsø;TOT Total;H60 H60 Bachelors programs;TOT Age, total;TOT Total;2013 2013;30
741 Samsø;TOT Total;H70 H70 Masters programs;TOT Age, total;TOT Total;2013 2013;114
741 Samsø;TOT Total;H80 H80 PhD programs;TOT Age, total;TOT Total;2013 2013;2
741 Samsø;TOT Total;TOT Total;TOT Age, total;TOT Total;2013 2013;2512
746 Skanderborg;TOT Total;H40 H40 Short cycle higher education;TOT Age, total;TOT Total;2013 2013;2336
746 Skanderborg;TOT Total;H50 H50 Vocational bachelors educations;TOT Age, total;TOT Total;2013 2013;6379
746 Skanderborg;TOT Total;H60 H60 Bachelors programs;TOT Age, total;TOT Total;2013 2013;440
746 Skanderborg;TOT Total;H70 H70 Masters programs;TOT Age, total;TOT Total;2013 2013;3350
746 Skanderborg;TOT Total;H80 H80 PhD programs;TOT Age, total;TOT Total;2013 2013;257
746 Skanderborg;TOT Total;TOT Total;TOT Age, total;TOT Total;2013 2013;40001
751 Aarhus;TOT Total;H40 H40 Short cycle higher education;TOT Age, total;TOT Total;2013 2013;11162
751 Aarhus;TOT Total;H50 H50 Vocational bachelors educations;TOT Age, total;TOT Total;2013 2013;36768
751 Aarhus;TOT Total;H60 H60 Bachelors programs;TOT Age, total;TOT Total;2013 2013;12384
751 Aarhus;TOT Total;H70 H70 Masters programs;TOT Age, total;TOT Total;2013 2013;29041
751 Aarhus;TOT Total;H80 H80 PhD programs;TOT Age, total;TOT Total;2013 2013;2931
751 Aarhus;TOT Total;TOT Total;TOT Age, total;TOT Total;2013 2013;243700
756 Ikast-Brande;TOT Total;H40 H40 Short cycle higher education;TOT Age, total;TOT Total;2013 2013;1280
756 Ikast-Brande;TOT Total;H50 H50 Vocational bachelors educations;TOT Age, total;TOT Total;2013 2013;2930
756 Ikast-Brande;TOT Total;H60 H60 Bachelors programs;TOT Age, total;TOT Total;2013 2013;177
756 Ikast-Brande;TOT Total;H70 H70 Masters programs;TOT Age, total;TOT Total;2013 2013;798
756 Ikast-Brande;TOT Total;H80 H80 PhD programs;TOT Age, total;TOT Total;2013 2013;47
756 Ikast-Brande;TOT Total;TOT Total;TOT Age, total;TOT Total;2013 2013;28077
760 Ringkøbing-Skjern;TOT Total;H40 H40 Short cycle higher education;TOT Age, total;TOT Total;2013 2013;1498
760 Ringkøbing-Skjern;TOT Total;H50 H50 Vocational bachelors educations;TOT Age, total;TOT Total;2013 2013;4540
760 Ringkøbing-Skjern;TOT Total;H60 H60 Bachelors programs;TOT Age, total;TOT Total;2013 2013;183
760 Ringkøbing-Skjern;TOT Total;H70 H70 Masters programs;TOT Age, total;TOT Total;2013 2013;1135
760 Ringkøbing-Skjern;TOT Total;H80 H80 PhD programs;TOT Age, total;TOT Total;2013 2013;38
760 Ringkøbing-Skjern;TOT Total;TOT Total;TOT Age, total;TOT Total;2013 2013;39031
766 Hedensted;TOT Total;H40 H40 Short cycle higher education;TOT Age, total;TOT Total;2013 2013;1632
766 Hedensted;TOT Total;H50 H50 Vocational bachelors educations;TOT Age, total;TOT Total;2013 2013;3762
766 Hedensted;TOT Total;H60 H60 Bachelors programs;TOT Age, total;TOT Total;2013 2013;163
766 Hedensted;TOT Total;H70 H70 Masters programs;TOT Age, total;TOT Total;2013 2013;838
766 Hedensted;TOT Total;H80 H80 PhD programs;TOT Age, total;TOT Total;2013 2013;32
766 Hedensted;TOT Total;TOT Total;TOT Age, total;TOT Total;2013 2013;31332
773 Morsø;TOT Total;H40 H40 Short cycle higher education;TOT Age, total;TOT Total;2013 2013;451
773 Morsø;TOT Total;H50 H50 Vocational bachelors educations;TOT Age, total;TOT Total;2013 2013;1461
773 Morsø;TOT Total;H60 H60 Bachelors programs;TOT Age, total;TOT Total;2013 2013;51
773 Morsø;TOT Total;H70 H70 Masters programs;TOT Age, total;TOT Total;2013 2013;322
773 Morsø;TOT Total;H80 H80 PhD programs;TOT Age, total;TOT Total;2013 2013;7
773 Morsø;TOT Total;TOT Total;TOT Age, total;TOT Total;2013 2013;14386
779 Skive;TOT Total;H40 H40 Short cycle higher education;TOT Age, total;TOT Total;2013 2013;1326
779 Skive;TOT Total;H50 H50 Vocational bachelors educations;TOT Age, total;TOT Total;2013 2013;4179
779 Skive;TOT Total;H60 H60 Bachelors programs;TOT Age, total;TOT Total;2013 2013;123
779 Skive;TOT Total;H70 H70 Masters programs;TOT Age, total;TOT Total;2013 2013;923
779 Skive;TOT Total;H80 H80 PhD programs;TOT Age, total;TOT Total;2013 2013;30
779 Skive;TOT Total;TOT Total;TOT Age, total;TOT Total;2013 2013;32480
787 Thisted;TOT Total;H40 H40 Short cycle higher education;TOT Age, total;TOT Total;2013 2013;1080
787 Thisted;TOT Total;H50 H50 Vocational bachelors educations;TOT Age, total;TOT Total;2013 2013;3359
787 Thisted;TOT Total;H60 H60 Bachelors programs;TOT Age, total;TOT Total;2013 2013;120
787 Thisted;TOT Total;H70 H70 Masters programs;TOT Age, total;TOT Total;2013 2013;879
787 Thisted;TOT Total;H80 H80 PhD programs;TOT Age, total;TOT Total;2013 2013;25
787 Thisted;TOT Total;TOT Total;TOT Age, total;TOT Total;2013 2013;30788
791 Viborg;TOT Total;H40 H40 Short cycle higher education;TOT Age, total;TOT Total;2013 2013;3072
791 Viborg;TOT Total;H50 H50 Vocational bachelors educations;TOT Age, total;TOT Total;2013 2013;9090
791 Viborg;TOT Total;H60 H60 Bachelors programs;TOT Age, total;TOT Total;2013 2013;367
791 Viborg;TOT Total;H70 H70 Masters programs;TOT Age, total;TOT Total;2013 2013;3440
791 Viborg;TOT Total;H80 H80 PhD programs;TOT Age, total;TOT Total;2013 2013;281
791 Viborg;TOT Total;TOT Total;TOT Age, total;TOT Total;2013 2013;65467
810 Brønderslev;TOT Total;H40 H40 Short cycle higher education;TOT Age, total;TOT Total;2013 2013;937
810 Brønderslev;TOT Total;H50 H50 Vocational bachelors educations;TOT Age, total;TOT Total;2013 2013;3204
810 Brønderslev;TOT Total;H60 H60 Bachelors programs;TOT Age, total;TOT Total;2013 2013;145
810 Brønderslev;TOT Total;H70 H70 Masters programs;TOT Age, total;TOT Total;2013 2013;833
810 Brønderslev;TOT Total;H80 H80 PhD programs;TOT Age, total;TOT Total;2013 2013;42
810 Brønderslev;TOT Total;TOT Total;TOT Age, total;TOT Total;2013 2013;24161
813 Frederikshavn;TOT Total;H40 H40 Short cycle higher education;TOT Age, total;TOT Total;2013 2013;1688
813 Frederikshavn;TOT Total;H50 H50 Vocational bachelors educations;TOT Age, total;TOT Total;2013 2013;4873
813 Frederikshavn;TOT Total;H60 H60 Bachelors programs;TOT Age, total;TOT Total;2013 2013;184
813 Frederikshavn;TOT Total;H70 H70 Masters programs;TOT Age, total;TOT Total;2013 2013;1058
813 Frederikshavn;TOT Total;H80 H80 PhD programs;TOT Age, total;TOT Total;2013 2013;38
813 Frederikshavn;TOT Total;TOT Total;TOT Age, total;TOT Total;2013 2013;42153
820 Vesthimmerlands;TOT Total;H40 H40 Short cycle higher education;TOT Age, total;TOT Total;2013 2013;958
820 Vesthimmerlands;TOT Total;H50 H50 Vocational bachelors educations;TOT Age, total;TOT Total;2013 2013;2919
820 Vesthimmerlands;TOT Total;H60 H60 Bachelors programs;TOT Age, total;TOT Total;2013 2013;87
820 Vesthimmerlands;TOT Total;H70 H70 Masters programs;TOT Age, total;TOT Total;2013 2013;649
820 Vesthimmerlands;TOT Total;H80 H80 PhD programs;TOT Age, total;TOT Total;2013 2013;27
820 Vesthimmerlands;TOT Total;TOT Total;TOT Age, total;TOT Total;2013 2013;25845
825 Læsø;TOT Total;H40 H40 Short cycle higher education;TOT Age, total;TOT Total;2013 2013;32
825 Læsø;TOT Total;H50 H50 Vocational bachelors educations;TOT Age, total;TOT Total;2013 2013;128
825 Læsø;TOT Total;H60 H60 Bachelors programs;TOT Age, total;TOT Total;2013 2013;8
825 Læsø;TOT Total;H70 H70 Masters programs;TOT Age, total;TOT Total;2013 2013;35
825 Læsø;TOT Total;H80 H80 PhD programs;TOT Age, total;TOT Total;2013 2013;1
825 Læsø;TOT Total;TOT Total;TOT Age, total;TOT Total;2013 2013;1236
840 Rebild;TOT Total;H40 H40 Short cycle higher education;TOT Age, total;TOT Total;2013 2013;868
840 Rebild;TOT Total;H50 H50 Vocational bachelors educations;TOT Age, total;TOT Total;2013 2013;2744
840 Rebild;TOT Total;H60 H60 Bachelors programs;TOT Age, total;TOT Total;2013 2013;170
840 Rebild;TOT Total;H70 H70 Masters programs;TOT Age, total;TOT Total;2013 2013;1263
840 Rebild;TOT Total;H80 H80 PhD programs;TOT Age, total;TOT Total;2013 2013;99
840 Rebild;TOT Total;TOT Total;TOT Age, total;TOT Total;2013 2013;19793
846 Mariagerfjord;TOT Total;H40 H40 Short cycle higher education;TOT Age, total;TOT Total;2013 2013;1238
846 Mariagerfjord;TOT Total;H50 H50 Vocational bachelors educations;TOT Age, total;TOT Total;2013 2013;3544
846 Mariagerfjord;TOT Total;H60 H60 Bachelors programs;TOT Age, total;TOT Total;2013 2013;170
846 Mariagerfjord;TOT Total;H70 H70 Masters programs;TOT Age, total;TOT Total;2013 2013;1016
846 Mariagerfjord;TOT Total;H80 H80 PhD programs;TOT Age, total;TOT Total;2013 2013;48
846 Mariagerfjord;TOT Total;TOT Total;TOT Age, total;TOT Total;2013 2013;29372
849 Jammerbugt;TOT Total;H40 H40 Short cycle higher education;TOT Age, total;TOT Total;2013 2013;979
849 Jammerbugt;TOT Total;H50 H50 Vocational bachelors educations;TOT Age, total;TOT Total;2013 2013;3021
849 Jammerbugt;TOT Total;H60 H60 Bachelors programs;TOT Age, total;TOT Total;2013 2013;179
849 Jammerbugt;TOT Total;H70 H70 Masters programs;TOT Age, total;TOT Total;2013 2013;804
849 Jammerbugt;TOT Total;H80 H80 PhD programs;TOT Age, total;TOT Total;2013 2013;27
849 Jammerbugt;TOT Total;TOT Total;TOT Age, total;TOT Total;2013 2013;26437
851 Aalborg;TOT Total;H40 H40 Short cycle higher education;TOT Age, total;TOT Total;2013 2013;6711
851 Aalborg;TOT Total;H50 H50 Vocational bachelors educations;TOT Age, total;TOT Total;2013 2013;20410
851 Aalborg;TOT Total;H60 H60 Bachelors programs;TOT Age, total;TOT Total;2013 2013;4661
851 Aalborg;TOT Total;H70 H70 Masters programs;TOT Age, total;TOT Total;2013 2013;12276
851 Aalborg;TOT Total;H80 H80 PhD programs;TOT Age, total;TOT Total;2013 2013;909
851 Aalborg;TOT Total;TOT Total;TOT Age, total;TOT Total;2013 2013;150456
860 Hjørring;TOT Total;H40 H40 Short cycle higher education;TOT Age, total;TOT Total;2013 2013;1644
860 Hjørring;TOT Total;H50 H50 Vocational bachelors educations;TOT Age, total;TOT Total;2013 2013;6210
860 Hjørring;TOT Total;H60 H60 Bachelors programs;TOT Age, total;TOT Total;2013 2013;246
860 Hjørring;TOT Total;H70 H70 Masters programs;TOT Age, total;TOT Total;2013 2013;1382
860 Hjørring;TOT Total;H80 H80 PhD programs;TOT Age, total;TOT Total;2013 2013;55
860 Hjørring;TOT Total;TOT Total;TOT Age, total;TOT Total;2013 2013;45368
000 All Denmark;TOT Total;H40 H40 Short cycle higher education;TOT Age, total;TOT Total;2014 2014;182407
000 All Denmark;TOT Total;H50 H50 Vocational bachelors educations;TOT Age, total;TOT Total;2014 2014;554386
000 All Denmark;TOT Total;H60 H60 Bachelors programs;TOT Age, total;TOT Total;2014 2014;92028
000 All Denmark;TOT Total;H70 H70 Masters programs;TOT Age, total;TOT Total;2014 2014;321120
000 All Denmark;TOT Total;H80 H80 PhD programs;TOT Age, total;TOT Total;2014 2014;27478
000 All Denmark;TOT Total;TOT Total;TOT Age, total;TOT Total;2014 2014;3999347
101 Copenhagen;TOT Total;H40 H40 Short cycle higher education;TOT Age, total;TOT Total;2014 2014;19106
101 Copenhagen;TOT Total;H50 H50 Vocational bachelors educations;TOT Age, total;TOT Total;2014 2014;63340
101 Copenhagen;TOT Total;H60 H60 Bachelors programs;TOT Age, total;TOT Total;2014 2014;32757
101 Copenhagen;TOT Total;H70 H70 Masters programs;TOT Age, total;TOT Total;2014 2014;78737
101 Copenhagen;TOT Total;H80 H80 PhD programs;TOT Age, total;TOT Total;2014 2014;6812
101 Copenhagen;TOT Total;TOT Total;TOT Age, total;TOT Total;2014 2014;452348
147 Frederiksberg;TOT Total;H40 H40 Short cycle higher education;TOT Age, total;TOT Total;2014 2014;3361
147 Frederiksberg;TOT Total;H50 H50 Vocational bachelors educations;TOT Age, total;TOT Total;2014 2014;11515
147 Frederiksberg;TOT Total;H60 H60 Bachelors programs;TOT Age, total;TOT Total;2014 2014;5512
147 Frederiksberg;TOT Total;H70 H70 Masters programs;TOT Age, total;TOT Total;2014 2014;17457
147 Frederiksberg;TOT Total;H80 H80 PhD programs;TOT Age, total;TOT Total;2014 2014;1560
147 Frederiksberg;TOT Total;TOT Total;TOT Age, total;TOT Total;2014 2014;76049
151 Ballerup;TOT Total;H40 H40 Short cycle higher education;TOT Age, total;TOT Total;2014 2014;1531
151 Ballerup;TOT Total;H50 H50 Vocational bachelors educations;TOT Age, total;TOT Total;2014 2014;4284
151 Ballerup;TOT Total;H60 H60 Bachelors programs;TOT Age, total;TOT Total;2014 2014;358
151 Ballerup;TOT Total;H70 H70 Masters programs;TOT Age, total;TOT Total;2014 2014;2303
151 Ballerup;TOT Total;H80 H80 PhD programs;TOT Age, total;TOT Total;2014 2014;323
151 Ballerup;TOT Total;TOT Total;TOT Age, total;TOT Total;2014 2014;32701
153 Brøndby;TOT Total;H40 H40 Short cycle higher education;TOT Age, total;TOT Total;2014 2014;1071
153 Brøndby;TOT Total;H50 H50 Vocational bachelors educations;TOT Age, total;TOT Total;2014 2014;2416
153 Brøndby;TOT Total;H60 H60 Bachelors programs;TOT Age, total;TOT Total;2014 2014;285
153 Brøndby;TOT Total;H70 H70 Masters programs;TOT Age, total;TOT Total;2014 2014;1114
153 Brøndby;TOT Total;H80 H80 PhD programs;TOT Age, total;TOT Total;2014 2014;76
153 Brøndby;TOT Total;TOT Total;TOT Age, total;TOT Total;2014 2014;24460
155 Dragør;TOT Total;H40 H40 Short cycle higher education;TOT Age, total;TOT Total;2014 2014;513
155 Dragør;TOT Total;H50 H50 Vocational bachelors educations;TOT Age, total;TOT Total;2014 2014;1368
155 Dragør;TOT Total;H60 H60 Bachelors programs;TOT Age, total;TOT Total;2014 2014;146
155 Dragør;TOT Total;H70 H70 Masters programs;TOT Age, total;TOT Total;2014 2014;1008
155 Dragør;TOT Total;H80 H80 PhD programs;TOT Age, total;TOT Total;2014 2014;78
155 Dragør;TOT Total;TOT Total;TOT Age, total;TOT Total;2014 2014;9177
157 Gentofte;TOT Total;H40 H40 Short cycle higher education;TOT Age, total;TOT Total;2014 2014;2373
157 Gentofte;TOT Total;H50 H50 Vocational bachelors educations;TOT Age, total;TOT Total;2014 2014;8381
157 Gentofte;TOT Total;H60 H60 Bachelors programs;TOT Age, total;TOT Total;2014 2014;1727
157 Gentofte;TOT Total;H70 H70 Masters programs;TOT Age, total;TOT Total;2014 2014;12556
157 Gentofte;TOT Total;H80 H80 PhD programs;TOT Age, total;TOT Total;2014 2014;1232
157 Gentofte;TOT Total;TOT Total;TOT Age, total;TOT Total;2014 2014;51229
159 Gladsaxe;TOT Total;H40 H40 Short cycle higher education;TOT Age, total;TOT Total;2014 2014;2192
159 Gladsaxe;TOT Total;H50 H50 Vocational bachelors educations;TOT Age, total;TOT Total;2014 2014;7065
159 Gladsaxe;TOT Total;H60 H60 Bachelors programs;TOT Age, total;TOT Total;2014 2014;1125
159 Gladsaxe;TOT Total;H70 H70 Masters programs;TOT Age, total;TOT Total;2014 2014;5839
159 Gladsaxe;TOT Total;H80 H80 PhD programs;TOT Age, total;TOT Total;2014 2014;760
159 Gladsaxe;TOT Total;TOT Total;TOT Age, total;TOT Total;2014 2014;46910
161 Glostrup;TOT Total;H40 H40 Short cycle higher education;TOT Age, total;TOT Total;2014 2014;804
161 Glostrup;TOT Total;H50 H50 Vocational bachelors educations;TOT Age, total;TOT Total;2014 2014;1847
161 Glostrup;TOT Total;H60 H60 Bachelors programs;TOT Age, total;TOT Total;2014 2014;220
161 Glostrup;TOT Total;H70 H70 Masters programs;TOT Age, total;TOT Total;2014 2014;871
161 Glostrup;TOT Total;H80 H80 PhD programs;TOT Age, total;TOT Total;2014 2014;74
161 Glostrup;TOT Total;TOT Total;TOT Age, total;TOT Total;2014 2014;15650
163 Herlev;TOT Total;H40 H40 Short cycle higher education;TOT Age, total;TOT Total;2014 2014;905
163 Herlev;TOT Total;H50 H50 Vocational bachelors educations;TOT Age, total;TOT Total;2014 2014;2615
163 Herlev;TOT Total;H60 H60 Bachelors programs;TOT Age, total;TOT Total;2014 2014;248
163 Herlev;TOT Total;H70 H70 Masters programs;TOT Age, total;TOT Total;2014 2014;1406
163 Herlev;TOT Total;H80 H80 PhD programs;TOT Age, total;TOT Total;2014 2014;148
163 Herlev;TOT Total;TOT Total;TOT Age, total;TOT Total;2014 2014;19246
165 Albertslund;TOT Total;H40 H40 Short cycle higher education;TOT Age, total;TOT Total;2014 2014;829
165 Albertslund;TOT Total;H50 H50 Vocational bachelors educations;TOT Age, total;TOT Total;2014 2014;2753
165 Albertslund;TOT Total;H60 H60 Bachelors programs;TOT Age, total;TOT Total;2014 2014;345
165 Albertslund;TOT Total;H70 H70 Masters programs;TOT Age, total;TOT Total;2014 2014;1197
165 Albertslund;TOT Total;H80 H80 PhD programs;TOT Age, total;TOT Total;2014 2014;85
165 Albertslund;TOT Total;TOT Total;TOT Age, total;TOT Total;2014 2014;19599
167 Hvidovre;TOT Total;H40 H40 Short cycle higher education;TOT Age, total;TOT Total;2014 2014;1739
167 Hvidovre;TOT Total;H50 H50 Vocational bachelors educations;TOT Age, total;TOT Total;2014 2014;4376
167 Hvidovre;TOT Total;H60 H60 Bachelors programs;TOT Age, total;TOT Total;2014 2014;596
167 Hvidovre;TOT Total;H70 H70 Masters programs;TOT Age, total;TOT Total;2014 2014;2343
167 Hvidovre;TOT Total;H80 H80 PhD programs;TOT Age, total;TOT Total;2014 2014;179
167 Hvidovre;TOT Total;TOT Total;TOT Age, total;TOT Total;2014 2014;36617
169 Høje-Taastrup;TOT Total;H40 H40 Short cycle higher education;TOT Age, total;TOT Total;2014 2014;1695
169 Høje-Taastrup;TOT Total;H50 H50 Vocational bachelors educations;TOT Age, total;TOT Total;2014 2014;3726
169 Høje-Taastrup;TOT Total;H60 H60 Bachelors programs;TOT Age, total;TOT Total;2014 2014;391
169 Høje-Taastrup;TOT Total;H70 H70 Masters programs;TOT Age, total;TOT Total;2014 2014;1827
169 Høje-Taastrup;TOT Total;H80 H80 PhD programs;TOT Age, total;TOT Total;2014 2014;193
169 Høje-Taastrup;TOT Total;TOT Total;TOT Age, total;TOT Total;2014 2014;34508
173 Lyngby-Taarbæk;TOT Total;H40 H40 Short cycle higher education;TOT Age, total;TOT Total;2014 2014;1644
173 Lyngby-Taarbæk;TOT Total;H50 H50 Vocational bachelors educations;TOT Age, total;TOT Total;2014 2014;6181
173 Lyngby-Taarbæk;TOT Total;H60 H60 Bachelors programs;TOT Age, total;TOT Total;2014 2014;1334
173 Lyngby-Taarbæk;TOT Total;H70 H70 Masters programs;TOT Age, total;TOT Total;2014 2014;7864
173 Lyngby-Taarbæk;TOT Total;H80 H80 PhD programs;TOT Age, total;TOT Total;2014 2014;1000
173 Lyngby-Taarbæk;TOT Total;TOT Total;TOT Age, total;TOT Total;2014 2014;37439
175 Rødovre;TOT Total;H40 H40 Short cycle higher education;TOT Age, total;TOT Total;2014 2014;1207
175 Rødovre;TOT Total;H50 H50 Vocational bachelors educations;TOT Age, total;TOT Total;2014 2014;3322
175 Rødovre;TOT Total;H60 H60 Bachelors programs;TOT Age, total;TOT Total;2014 2014;406
175 Rødovre;TOT Total;H70 H70 Masters programs;TOT Age, total;TOT Total;2014 2014;1897
175 Rødovre;TOT Total;H80 H80 PhD programs;TOT Age, total;TOT Total;2014 2014;179
175 Rødovre;TOT Total;TOT Total;TOT Age, total;TOT Total;2014 2014;25957
183 Ishøj;TOT Total;H40 H40 Short cycle higher education;TOT Age, total;TOT Total;2014 2014;630
183 Ishøj;TOT Total;H50 H50 Vocational bachelors educations;TOT Age, total;TOT Total;2014 2014;1382
183 Ishøj;TOT Total;H60 H60 Bachelors programs;TOT Age, total;TOT Total;2014 2014;183
183 Ishøj;TOT Total;H70 H70 Masters programs;TOT Age, total;TOT Total;2014 2014;669
183 Ishøj;TOT Total;H80 H80 PhD programs;TOT Age, total;TOT Total;2014 2014;50
183 Ishøj;TOT Total;TOT Total;TOT Age, total;TOT Total;2014 2014;15758
185 Tårnby;TOT Total;H40 H40 Short cycle higher education;TOT Age, total;TOT Total;2014 2014;1431
185 Tårnby;TOT Total;H50 H50 Vocational bachelors educations;TOT Age, total;TOT Total;2014 2014;3043
185 Tårnby;TOT Total;H60 H60 Bachelors programs;TOT Age, total;TOT Total;2014 2014;340
185 Tårnby;TOT Total;H70 H70 Masters programs;TOT Age, total;TOT Total;2014 2014;1566
185 Tårnby;TOT Total;H80 H80 PhD programs;TOT Age, total;TOT Total;2014 2014;124
185 Tårnby;TOT Total;TOT Total;TOT Age, total;TOT Total;2014 2014;29529
187 Vallensbæk;TOT Total;H40 H40 Short cycle higher education;TOT Age, total;TOT Total;2014 2014;604
187 Vallensbæk;TOT Total;H50 H50 Vocational bachelors educations;TOT Age, total;TOT Total;2014 2014;1371
187 Vallensbæk;TOT Total;H60 H60 Bachelors programs;TOT Age, total;TOT Total;2014 2014;156
187 Vallensbæk;TOT Total;H70 H70 Masters programs;TOT Age, total;TOT Total;2014 2014;786
187 Vallensbæk;TOT Total;H80 H80 PhD programs;TOT Age, total;TOT Total;2014 2014;61
187 Vallensbæk;TOT Total;TOT Total;TOT Age, total;TOT Total;2014 2014;10314
190 Furesø;TOT Total;H40 H40 Short cycle higher education;TOT Age, total;TOT Total;2014 2014;1269
190 Furesø;TOT Total;H50 H50 Vocational bachelors educations;TOT Age, total;TOT Total;2014 2014;4663
190 Furesø;TOT Total;H60 H60 Bachelors programs;TOT Age, total;TOT Total;2014 2014;461
190 Furesø;TOT Total;H70 H70 Masters programs;TOT Age, total;TOT Total;2014 2014;4339
190 Furesø;TOT Total;H80 H80 PhD programs;TOT Age, total;TOT Total;2014 2014;556
190 Furesø;TOT Total;TOT Total;TOT Age, total;TOT Total;2014 2014;25722
201 Allerød;TOT Total;H40 H40 Short cycle higher education;TOT Age, total;TOT Total;2014 2014;919
201 Allerød;TOT Total;H50 H50 Vocational bachelors educations;TOT Age, total;TOT Total;2014 2014;2800
201 Allerød;TOT Total;H60 H60 Bachelors programs;TOT Age, total;TOT Total;2014 2014;239
201 Allerød;TOT Total;H70 H70 Masters programs;TOT Age, total;TOT Total;2014 2014;2491
201 Allerød;TOT Total;H80 H80 PhD programs;TOT Age, total;TOT Total;2014 2014;294
201 Allerød;TOT Total;TOT Total;TOT Age, total;TOT Total;2014 2014;16188
210 Fredensborg;TOT Total;H40 H40 Short cycle higher education;TOT Age, total;TOT Total;2014 2014;1321
210 Fredensborg;TOT Total;H50 H50 Vocational bachelors educations;TOT Age, total;TOT Total;2014 2014;4384
210 Fredensborg;TOT Total;H60 H60 Bachelors programs;TOT Age, total;TOT Total;2014 2014;528
210 Fredensborg;TOT Total;H70 H70 Masters programs;TOT Age, total;TOT Total;2014 2014;3158
210 Fredensborg;TOT Total;H80 H80 PhD programs;TOT Age, total;TOT Total;2014 2014;314
210 Fredensborg;TOT Total;TOT Total;TOT Age, total;TOT Total;2014 2014;27425
217 Helsingør;TOT Total;H40 H40 Short cycle higher education;TOT Age, total;TOT Total;2014 2014;2004
217 Helsingør;TOT Total;H50 H50 Vocational bachelors educations;TOT Age, total;TOT Total;2014 2014;6573
217 Helsingør;TOT Total;H60 H60 Bachelors programs;TOT Age, total;TOT Total;2014 2014;569
217 Helsingør;TOT Total;H70 H70 Masters programs;TOT Age, total;TOT Total;2014 2014;3265
217 Helsingør;TOT Total;H80 H80 PhD programs;TOT Age, total;TOT Total;2014 2014;235
217 Helsingør;TOT Total;TOT Total;TOT Age, total;TOT Total;2014 2014;42362
219 Hillerød;TOT Total;H40 H40 Short cycle higher education;TOT Age, total;TOT Total;2014 2014;1841
219 Hillerød;TOT Total;H50 H50 Vocational bachelors educations;TOT Age, total;TOT Total;2014 2014;5765
219 Hillerød;TOT Total;H60 H60 Bachelors programs;TOT Age, total;TOT Total;2014 2014;446
219 Hillerød;TOT Total;H70 H70 Masters programs;TOT Age, total;TOT Total;2014 2014;3323
219 Hillerød;TOT Total;H80 H80 PhD programs;TOT Age, total;TOT Total;2014 2014;326
219 Hillerød;TOT Total;TOT Total;TOT Age, total;TOT Total;2014 2014;33760
223 Hørsholm;TOT Total;H40 H40 Short cycle higher education;TOT Age, total;TOT Total;2014 2014;855
223 Hørsholm;TOT Total;H50 H50 Vocational bachelors educations;TOT Age, total;TOT Total;2014 2014;2653
223 Hørsholm;TOT Total;H60 H60 Bachelors programs;TOT Age, total;TOT Total;2014 2014;380
223 Hørsholm;TOT Total;H70 H70 Masters programs;TOT Age, total;TOT Total;2014 2014;3022
223 Hørsholm;TOT Total;H80 H80 PhD programs;TOT Age, total;TOT Total;2014 2014;237
223 Hørsholm;TOT Total;TOT Total;TOT Age, total;TOT Total;2014 2014;15999
230 Rudersdal;TOT Total;H40 H40 Short cycle higher education;TOT Age, total;TOT Total;2014 2014;1593
230 Rudersdal;TOT Total;H50 H50 Vocational bachelors educations;TOT Age, total;TOT Total;2014 2014;5858
230 Rudersdal;TOT Total;H60 H60 Bachelors programs;TOT Age, total;TOT Total;2014 2014;1096
230 Rudersdal;TOT Total;H70 H70 Masters programs;TOT Age, total;TOT Total;2014 2014;8144
230 Rudersdal;TOT Total;H80 H80 PhD programs;TOT Age, total;TOT Total;2014 2014;886
230 Rudersdal;TOT Total;TOT Total;TOT Age, total;TOT Total;2014 2014;36115
240 Egedal;TOT Total;H40 H40 Short cycle higher education;TOT Age, total;TOT Total;2014 2014;1818
240 Egedal;TOT Total;H50 H50 Vocational bachelors educations;TOT Age, total;TOT Total;2014 2014;4262
240 Egedal;TOT Total;H60 H60 Bachelors programs;TOT Age, total;TOT Total;2014 2014;344
240 Egedal;TOT Total;H70 H70 Masters programs;TOT Age, total;TOT Total;2014 2014;2206
240 Egedal;TOT Total;H80 H80 PhD programs;TOT Age, total;TOT Total;2014 2014;261
240 Egedal;TOT Total;TOT Total;TOT Age, total;TOT Total;2014 2014;29121
250 Frederikssund;TOT Total;H40 H40 Short cycle higher education;TOT Age, total;TOT Total;2014 2014;1543
250 Frederikssund;TOT Total;H50 H50 Vocational bachelors educations;TOT Age, total;TOT Total;2014 2014;4330
250 Frederikssund;TOT Total;H60 H60 Bachelors programs;TOT Age, total;TOT Total;2014 2014;244
250 Frederikssund;TOT Total;H70 H70 Masters programs;TOT Age, total;TOT Total;2014 2014;1488
250 Frederikssund;TOT Total;H80 H80 PhD programs;TOT Age, total;TOT Total;2014 2014;136
250 Frederikssund;TOT Total;TOT Total;TOT Age, total;TOT Total;2014 2014;30350
253 Greve;TOT Total;H40 H40 Short cycle higher education;TOT Age, total;TOT Total;2014 2014;1808
253 Greve;TOT Total;H50 H50 Vocational bachelors educations;TOT Age, total;TOT Total;2014 2014;3914
253 Greve;TOT Total;H60 H60 Bachelors programs;TOT Age, total;TOT Total;2014 2014;379
253 Greve;TOT Total;H70 H70 Masters programs;TOT Age, total;TOT Total;2014 2014;1969
253 Greve;TOT Total;H80 H80 PhD programs;TOT Age, total;TOT Total;2014 2014;125
253 Greve;TOT Total;TOT Total;TOT Age, total;TOT Total;2014 2014;33662
259 Køge;TOT Total;H40 H40 Short cycle higher education;TOT Age, total;TOT Total;2014 2014;2092
259 Køge;TOT Total;H50 H50 Vocational bachelors educations;TOT Age, total;TOT Total;2014 2014;4928
259 Køge;TOT Total;H60 H60 Bachelors programs;TOT Age, total;TOT Total;2014 2014;377
259 Køge;TOT Total;H70 H70 Masters programs;TOT Age, total;TOT Total;2014 2014;1946
259 Køge;TOT Total;H80 H80 PhD programs;TOT Age, total;TOT Total;2014 2014;140
259 Køge;TOT Total;TOT Total;TOT Age, total;TOT Total;2014 2014;41194
260 Halsnæs;TOT Total;H40 H40 Short cycle higher education;TOT Age, total;TOT Total;2014 2014;890
260 Halsnæs;TOT Total;H50 H50 Vocational bachelors educations;TOT Age, total;TOT Total;2014 2014;2804
260 Halsnæs;TOT Total;H60 H60 Bachelors programs;TOT Age, total;TOT Total;2014 2014;152
260 Halsnæs;TOT Total;H70 H70 Masters programs;TOT Age, total;TOT Total;2014 2014;776
260 Halsnæs;TOT Total;H80 H80 PhD programs;TOT Age, total;TOT Total;2014 2014;66
260 Halsnæs;TOT Total;TOT Total;TOT Age, total;TOT Total;2014 2014;21302
265 Roskilde;TOT Total;H40 H40 Short cycle higher education;TOT Age, total;TOT Total;2014 2014;3246
265 Roskilde;TOT Total;H50 H50 Vocational bachelors educations;TOT Age, total;TOT Total;2014 2014;9161
265 Roskilde;TOT Total;H60 H60 Bachelors programs;TOT Age, total;TOT Total;2014 2014;988
265 Roskilde;TOT Total;H70 H70 Masters programs;TOT Age, total;TOT Total;2014 2014;6063
265 Roskilde;TOT Total;H80 H80 PhD programs;TOT Age, total;TOT Total;2014 2014;678
265 Roskilde;TOT Total;TOT Total;TOT Age, total;TOT Total;2014 2014;59582
269 Solrød;TOT Total;H40 H40 Short cycle higher education;TOT Age, total;TOT Total;2014 2014;907
269 Solrød;TOT Total;H50 H50 Vocational bachelors educations;TOT Age, total;TOT Total;2014 2014;1935
269 Solrød;TOT Total;H60 H60 Bachelors programs;TOT Age, total;TOT Total;2014 2014;168
269 Solrød;TOT Total;H70 H70 Masters programs;TOT Age, total;TOT Total;2014 2014;979
269 Solrød;TOT Total;H80 H80 PhD programs;TOT Age, total;TOT Total;2014 2014;65
269 Solrød;TOT Total;TOT Total;TOT Age, total;TOT Total;2014 2014;14980
270 Gribskov;TOT Total;H40 H40 Short cycle higher education;TOT Age, total;TOT Total;2014 2014;1255
270 Gribskov;TOT Total;H50 H50 Vocational bachelors educations;TOT Age, total;TOT Total;2014 2014;4060
270 Gribskov;TOT Total;H60 H60 Bachelors programs;TOT Age, total;TOT Total;2014 2014;281
270 Gribskov;TOT Total;H70 H70 Masters programs;TOT Age, total;TOT Total;2014 2014;1524
270 Gribskov;TOT Total;H80 H80 PhD programs;TOT Age, total;TOT Total;2014 2014;113
270 Gribskov;TOT Total;TOT Total;TOT Age, total;TOT Total;2014 2014;28018
306 Odsherred;TOT Total;H40 H40 Short cycle higher education;TOT Age, total;TOT Total;2014 2014;706
306 Odsherred;TOT Total;H50 H50 Vocational bachelors educations;TOT Age, total;TOT Total;2014 2014;2648
306 Odsherred;TOT Total;H60 H60 Bachelors programs;TOT Age, total;TOT Total;2014 2014;115
306 Odsherred;TOT Total;H70 H70 Masters programs;TOT Age, total;TOT Total;2014 2014;642
306 Odsherred;TOT Total;H80 H80 PhD programs;TOT Age, total;TOT Total;2014 2014;28
306 Odsherred;TOT Total;TOT Total;TOT Age, total;TOT Total;2014 2014;22418
316 Holbæk;TOT Total;H40 H40 Short cycle higher education;TOT Age, total;TOT Total;2014 2014;2166
316 Holbæk;TOT Total;H50 H50 Vocational bachelors educations;TOT Age, total;TOT Total;2014 2014;6998
316 Holbæk;TOT Total;H60 H60 Bachelors programs;TOT Age, total;TOT Total;2014 2014;363
316 Holbæk;TOT Total;H70 H70 Masters programs;TOT Age, total;TOT Total;2014 2014;2051
316 Holbæk;TOT Total;H80 H80 PhD programs;TOT Age, total;TOT Total;2014 2014;107
316 Holbæk;TOT Total;TOT Total;TOT Age, total;TOT Total;2014 2014;48210
320 Faxe;TOT Total;H40 H40 Short cycle higher education;TOT Age, total;TOT Total;2014 2014;1027
320 Faxe;TOT Total;H50 H50 Vocational bachelors educations;TOT Age, total;TOT Total;2014 2014;2936
320 Faxe;TOT Total;H60 H60 Bachelors programs;TOT Age, total;TOT Total;2014 2014;138
320 Faxe;TOT Total;H70 H70 Masters programs;TOT Age, total;TOT Total;2014 2014;774
320 Faxe;TOT Total;H80 H80 PhD programs;TOT Age, total;TOT Total;2014 2014;34
320 Faxe;TOT Total;TOT Total;TOT Age, total;TOT Total;2014 2014;24592
326 Kalundborg;TOT Total;H40 H40 Short cycle higher education;TOT Age, total;TOT Total;2014 2014;1458
326 Kalundborg;TOT Total;H50 H50 Vocational bachelors educations;TOT Age, total;TOT Total;2014 2014;3759
326 Kalundborg;TOT Total;H60 H60 Bachelors programs;TOT Age, total;TOT Total;2014 2014;134
326 Kalundborg;TOT Total;H70 H70 Masters programs;TOT Age, total;TOT Total;2014 2014;955
326 Kalundborg;TOT Total;H80 H80 PhD programs;TOT Age, total;TOT Total;2014 2014;50
326 Kalundborg;TOT Total;TOT Total;TOT Age, total;TOT Total;2014 2014;33648
329 Ringsted;TOT Total;H40 H40 Short cycle higher education;TOT Age, total;TOT Total;2014 2014;1210
329 Ringsted;TOT Total;H50 H50 Vocational bachelors educations;TOT Age, total;TOT Total;2014 2014;2867
329 Ringsted;TOT Total;H60 H60 Bachelors programs;TOT Age, total;TOT Total;2014 2014;214
329 Ringsted;TOT Total;H70 H70 Masters programs;TOT Age, total;TOT Total;2014 2014;1077
329 Ringsted;TOT Total;H80 H80 PhD programs;TOT Age, total;TOT Total;2014 2014;87
329 Ringsted;TOT Total;TOT Total;TOT Age, total;TOT Total;2014 2014;23646
330 Slagelse;TOT Total;H40 H40 Short cycle higher education;TOT Age, total;TOT Total;2014 2014;2383
330 Slagelse;TOT Total;H50 H50 Vocational bachelors educations;TOT Age, total;TOT Total;2014 2014;6974
330 Slagelse;TOT Total;H60 H60 Bachelors programs;TOT Age, total;TOT Total;2014 2014;491
330 Slagelse;TOT Total;H70 H70 Masters programs;TOT Age, total;TOT Total;2014 2014;1677
330 Slagelse;TOT Total;H80 H80 PhD programs;TOT Age, total;TOT Total;2014 2014;99
330 Slagelse;TOT Total;TOT Total;TOT Age, total;TOT Total;2014 2014;54322
336 Stevns;TOT Total;H40 H40 Short cycle higher education;TOT Age, total;TOT Total;2014 2014;662
336 Stevns;TOT Total;H50 H50 Vocational bachelors educations;TOT Age, total;TOT Total;2014 2014;1821
336 Stevns;TOT Total;H60 H60 Bachelors programs;TOT Age, total;TOT Total;2014 2014;85
336 Stevns;TOT Total;H70 H70 Masters programs;TOT Age, total;TOT Total;2014 2014;586
336 Stevns;TOT Total;H80 H80 PhD programs;TOT Age, total;TOT Total;2014 2014;52
336 Stevns;TOT Total;TOT Total;TOT Age, total;TOT Total;2014 2014;15238
340 Sorø;TOT Total;H40 H40 Short cycle higher education;TOT Age, total;TOT Total;2014 2014;855
340 Sorø;TOT Total;H50 H50 Vocational bachelors educations;TOT Age, total;TOT Total;2014 2014;2715
340 Sorø;TOT Total;H60 H60 Bachelors programs;TOT Age, total;TOT Total;2014 2014;172
340 Sorø;TOT Total;H70 H70 Masters programs;TOT Age, total;TOT Total;2014 2014;1153
340 Sorø;TOT Total;H80 H80 PhD programs;TOT Age, total;TOT Total;2014 2014;79
340 Sorø;TOT Total;TOT Total;TOT Age, total;TOT Total;2014 2014;20284
350 Lejre;TOT Total;H40 H40 Short cycle higher education;TOT Age, total;TOT Total;2014 2014;1049
350 Lejre;TOT Total;H50 H50 Vocational bachelors educations;TOT Age, total;TOT Total;2014 2014;2697
350 Lejre;TOT Total;H60 H60 Bachelors programs;TOT Age, total;TOT Total;2014 2014;217
350 Lejre;TOT Total;H70 H70 Masters programs;TOT Age, total;TOT Total;2014 2014;1408
350 Lejre;TOT Total;H80 H80 PhD programs;TOT Age, total;TOT Total;2014 2014;159
350 Lejre;TOT Total;TOT Total;TOT Age, total;TOT Total;2014 2014;18585
360 Lolland;TOT Total;H40 H40 Short cycle higher education;TOT Age, total;TOT Total;2014 2014;821
360 Lolland;TOT Total;H50 H50 Vocational bachelors educations;TOT Age, total;TOT Total;2014 2014;3017
360 Lolland;TOT Total;H60 H60 Bachelors programs;TOT Age, total;TOT Total;2014 2014;107
360 Lolland;TOT Total;H70 H70 Masters programs;TOT Age, total;TOT Total;2014 2014;575
360 Lolland;TOT Total;H80 H80 PhD programs;TOT Age, total;TOT Total;2014 2014;25
360 Lolland;TOT Total;TOT Total;TOT Age, total;TOT Total;2014 2014;29546
370 Næstved;TOT Total;H40 H40 Short cycle higher education;TOT Age, total;TOT Total;2014 2014;2574
370 Næstved;TOT Total;H50 H50 Vocational bachelors educations;TOT Age, total;TOT Total;2014 2014;8149
370 Næstved;TOT Total;H60 H60 Bachelors programs;TOT Age, total;TOT Total;2014 2014;398
370 Næstved;TOT Total;H70 H70 Masters programs;TOT Age, total;TOT Total;2014 2014;2057
370 Næstved;TOT Total;H80 H80 PhD programs;TOT Age, total;TOT Total;2014 2014;111
370 Næstved;TOT Total;TOT Total;TOT Age, total;TOT Total;2014 2014;57391
376 Guldborgsund;TOT Total;H40 H40 Short cycle higher education;TOT Age, total;TOT Total;2014 2014;1525
376 Guldborgsund;TOT Total;H50 H50 Vocational bachelors educations;TOT Age, total;TOT Total;2014 2014;5489
376 Guldborgsund;TOT Total;H60 H60 Bachelors programs;TOT Age, total;TOT Total;2014 2014;207
376 Guldborgsund;TOT Total;H70 H70 Masters programs;TOT Age, total;TOT Total;2014 2014;1263
376 Guldborgsund;TOT Total;H80 H80 PhD programs;TOT Age, total;TOT Total;2014 2014;40
376 Guldborgsund;TOT Total;TOT Total;TOT Age, total;TOT Total;2014 2014;41949
390 Vordingborg;TOT Total;H40 H40 Short cycle higher education;TOT Age, total;TOT Total;2014 2014;1163
390 Vordingborg;TOT Total;H50 H50 Vocational bachelors educations;TOT Age, total;TOT Total;2014 2014;4349
390 Vordingborg;TOT Total;H60 H60 Bachelors programs;TOT Age, total;TOT Total;2014 2014;195
390 Vordingborg;TOT Total;H70 H70 Masters programs;TOT Age, total;TOT Total;2014 2014;1175
390 Vordingborg;TOT Total;H80 H80 PhD programs;TOT Age, total;TOT Total;2014 2014;61
390 Vordingborg;TOT Total;TOT Total;TOT Age, total;TOT Total;2014 2014;31278
400 Bornholm;TOT Total;H40 H40 Short cycle higher education;TOT Age, total;TOT Total;2014 2014;883
400 Bornholm;TOT Total;H50 H50 Vocational bachelors educations;TOT Age, total;TOT Total;2014 2014;3477
400 Bornholm;TOT Total;H60 H60 Bachelors programs;TOT Age, total;TOT Total;2014 2014;186
400 Bornholm;TOT Total;H70 H70 Masters programs;TOT Age, total;TOT Total;2014 2014;892
400 Bornholm;TOT Total;H80 H80 PhD programs;TOT Age, total;TOT Total;2014 2014;34
400 Bornholm;TOT Total;TOT Total;TOT Age, total;TOT Total;2014 2014;27386
410 Middelfart;TOT Total;H40 H40 Short cycle higher education;TOT Age, total;TOT Total;2014 2014;1201
410 Middelfart;TOT Total;H50 H50 Vocational bachelors educations;TOT Age, total;TOT Total;2014 2014;3945
410 Middelfart;TOT Total;H60 H60 Bachelors programs;TOT Age, total;TOT Total;2014 2014;205
410 Middelfart;TOT Total;H70 H70 Masters programs;TOT Age, total;TOT Total;2014 2014;1354
410 Middelfart;TOT Total;H80 H80 PhD programs;TOT Age, total;TOT Total;2014 2014;61
410 Middelfart;TOT Total;TOT Total;TOT Age, total;TOT Total;2014 2014;25961
420 Assens;TOT Total;H40 H40 Short cycle higher education;TOT Age, total;TOT Total;2014 2014;1259
420 Assens;TOT Total;H50 H50 Vocational bachelors educations;TOT Age, total;TOT Total;2014 2014;3684
420 Assens;TOT Total;H60 H60 Bachelors programs;TOT Age, total;TOT Total;2014 2014;202
420 Assens;TOT Total;H70 H70 Masters programs;TOT Age, total;TOT Total;2014 2014;1053
420 Assens;TOT Total;H80 H80 PhD programs;TOT Age, total;TOT Total;2014 2014;63
420 Assens;TOT Total;TOT Total;TOT Age, total;TOT Total;2014 2014;28228
430 Faaborg-Midtfyn;TOT Total;H40 H40 Short cycle higher education;TOT Age, total;TOT Total;2014 2014;1626
430 Faaborg-Midtfyn;TOT Total;H50 H50 Vocational bachelors educations;TOT Age, total;TOT Total;2014 2014;4667
430 Faaborg-Midtfyn;TOT Total;H60 H60 Bachelors programs;TOT Age, total;TOT Total;2014 2014;264
430 Faaborg-Midtfyn;TOT Total;H70 H70 Masters programs;TOT Age, total;TOT Total;2014 2014;1238
430 Faaborg-Midtfyn;TOT Total;H80 H80 PhD programs;TOT Age, total;TOT Total;2014 2014;98
430 Faaborg-Midtfyn;TOT Total;TOT Total;TOT Age, total;TOT Total;2014 2014;34570
440 Kerteminde;TOT Total;H40 H40 Short cycle higher education;TOT Age, total;TOT Total;2014 2014;633
440 Kerteminde;TOT Total;H50 H50 Vocational bachelors educations;TOT Age, total;TOT Total;2014 2014;2169
440 Kerteminde;TOT Total;H60 H60 Bachelors programs;TOT Age, total;TOT Total;2014 2014;114
440 Kerteminde;TOT Total;H70 H70 Masters programs;TOT Age, total;TOT Total;2014 2014;571
440 Kerteminde;TOT Total;H80 H80 PhD programs;TOT Age, total;TOT Total;2014 2014;47
440 Kerteminde;TOT Total;TOT Total;TOT Age, total;TOT Total;2014 2014;16154
450 Nyborg;TOT Total;H40 H40 Short cycle higher education;TOT Age, total;TOT Total;2014 2014;961
450 Nyborg;TOT Total;H50 H50 Vocational bachelors educations;TOT Age, total;TOT Total;2014 2014;2885
450 Nyborg;TOT Total;H60 H60 Bachelors programs;TOT Age, total;TOT Total;2014 2014;161
450 Nyborg;TOT Total;H70 H70 Masters programs;TOT Age, total;TOT Total;2014 2014;838
450 Nyborg;TOT Total;H80 H80 PhD programs;TOT Age, total;TOT Total;2014 2014;66
450 Nyborg;TOT Total;TOT Total;TOT Age, total;TOT Total;2014 2014;21566
461 Odense;TOT Total;H40 H40 Short cycle higher education;TOT Age, total;TOT Total;2014 2014;6537
461 Odense;TOT Total;H50 H50 Vocational bachelors educations;TOT Age, total;TOT Total;2014 2014;21513
461 Odense;TOT Total;H60 H60 Bachelors programs;TOT Age, total;TOT Total;2014 2014;5390
461 Odense;TOT Total;H70 H70 Masters programs;TOT Age, total;TOT Total;2014 2014;10312
461 Odense;TOT Total;H80 H80 PhD programs;TOT Age, total;TOT Total;2014 2014;1151
461 Odense;TOT Total;TOT Total;TOT Age, total;TOT Total;2014 2014;143742
479 Svendborg;TOT Total;H40 H40 Short cycle higher education;TOT Age, total;TOT Total;2014 2014;1687
479 Svendborg;TOT Total;H50 H50 Vocational bachelors educations;TOT Age, total;TOT Total;2014 2014;7244
479 Svendborg;TOT Total;H60 H60 Bachelors programs;TOT Age, total;TOT Total;2014 2014;322
479 Svendborg;TOT Total;H70 H70 Masters programs;TOT Age, total;TOT Total;2014 2014;1642
479 Svendborg;TOT Total;H80 H80 PhD programs;TOT Age, total;TOT Total;2014 2014;77
479 Svendborg;TOT Total;TOT Total;TOT Age, total;TOT Total;2014 2014;40250
480 Nordfyns;TOT Total;H40 H40 Short cycle higher education;TOT Age, total;TOT Total;2014 2014;880
480 Nordfyns;TOT Total;H50 H50 Vocational bachelors educations;TOT Age, total;TOT Total;2014 2014;2382
480 Nordfyns;TOT Total;H60 H60 Bachelors programs;TOT Age, total;TOT Total;2014 2014;121
480 Nordfyns;TOT Total;H70 H70 Masters programs;TOT Age, total;TOT Total;2014 2014;603
480 Nordfyns;TOT Total;H80 H80 PhD programs;TOT Age, total;TOT Total;2014 2014;41
480 Nordfyns;TOT Total;TOT Total;TOT Age, total;TOT Total;2014 2014;20074
482 Langeland;TOT Total;H40 H40 Short cycle higher education;TOT Age, total;TOT Total;2014 2014;243
482 Langeland;TOT Total;H50 H50 Vocational bachelors educations;TOT Age, total;TOT Total;2014 2014;923
482 Langeland;TOT Total;H60 H60 Bachelors programs;TOT Age, total;TOT Total;2014 2014;38
482 Langeland;TOT Total;H70 H70 Masters programs;TOT Age, total;TOT Total;2014 2014;189
482 Langeland;TOT Total;H80 H80 PhD programs;TOT Age, total;TOT Total;2014 2014;10
482 Langeland;TOT Total;TOT Total;TOT Age, total;TOT Total;2014 2014;8503
492 Ærø;TOT Total;H40 H40 Short cycle higher education;TOT Age, total;TOT Total;2014 2014;187
492 Ærø;TOT Total;H50 H50 Vocational bachelors educations;TOT Age, total;TOT Total;2014 2014;591
492 Ærø;TOT Total;H60 H60 Bachelors programs;TOT Age, total;TOT Total;2014 2014;20
492 Ærø;TOT Total;H70 H70 Masters programs;TOT Age, total;TOT Total;2014 2014;156
492 Ærø;TOT Total;H80 H80 PhD programs;TOT Age, total;TOT Total;2014 2014;9
492 Ærø;TOT Total;TOT Total;TOT Age, total;TOT Total;2014 2014;4133
510 Haderslev;TOT Total;H40 H40 Short cycle higher education;TOT Age, total;TOT Total;2014 2014;1577
510 Haderslev;TOT Total;H50 H50 Vocational bachelors educations;TOT Age, total;TOT Total;2014 2014;5284
510 Haderslev;TOT Total;H60 H60 Bachelors programs;TOT Age, total;TOT Total;2014 2014;277
510 Haderslev;TOT Total;H70 H70 Masters programs;TOT Age, total;TOT Total;2014 2014;1368
510 Haderslev;TOT Total;H80 H80 PhD programs;TOT Age, total;TOT Total;2014 2014;49
510 Haderslev;TOT Total;TOT Total;TOT Age, total;TOT Total;2014 2014;38765
530 Billund;TOT Total;H40 H40 Short cycle higher education;TOT Age, total;TOT Total;2014 2014;801
530 Billund;TOT Total;H50 H50 Vocational bachelors educations;TOT Age, total;TOT Total;2014 2014;1881
530 Billund;TOT Total;H60 H60 Bachelors programs;TOT Age, total;TOT Total;2014 2014;93
530 Billund;TOT Total;H70 H70 Masters programs;TOT Age, total;TOT Total;2014 2014;546
530 Billund;TOT Total;H80 H80 PhD programs;TOT Age, total;TOT Total;2014 2014;25
530 Billund;TOT Total;TOT Total;TOT Age, total;TOT Total;2014 2014;18119
540 Sønderborg;TOT Total;H40 H40 Short cycle higher education;TOT Age, total;TOT Total;2014 2014;2519
540 Sønderborg;TOT Total;H50 H50 Vocational bachelors educations;TOT Age, total;TOT Total;2014 2014;7060
540 Sønderborg;TOT Total;H60 H60 Bachelors programs;TOT Age, total;TOT Total;2014 2014;561
540 Sønderborg;TOT Total;H70 H70 Masters programs;TOT Age, total;TOT Total;2014 2014;2427
540 Sønderborg;TOT Total;H80 H80 PhD programs;TOT Age, total;TOT Total;2014 2014;152
540 Sønderborg;TOT Total;TOT Total;TOT Age, total;TOT Total;2014 2014;50807
550 Tønder;TOT Total;H40 H40 Short cycle higher education;TOT Age, total;TOT Total;2014 2014;1000
550 Tønder;TOT Total;H50 H50 Vocational bachelors educations;TOT Age, total;TOT Total;2014 2014;2807
550 Tønder;TOT Total;H60 H60 Bachelors programs;TOT Age, total;TOT Total;2014 2014;99
550 Tønder;TOT Total;H70 H70 Masters programs;TOT Age, total;TOT Total;2014 2014;688
550 Tønder;TOT Total;H80 H80 PhD programs;TOT Age, total;TOT Total;2014 2014;27
550 Tønder;TOT Total;TOT Total;TOT Age, total;TOT Total;2014 2014;26181
561 Esbjerg;TOT Total;H40 H40 Short cycle higher education;TOT Age, total;TOT Total;2014 2014;3623
561 Esbjerg;TOT Total;H50 H50 Vocational bachelors educations;TOT Age, total;TOT Total;2014 2014;12566
561 Esbjerg;TOT Total;H60 H60 Bachelors programs;TOT Age, total;TOT Total;2014 2014;933
561 Esbjerg;TOT Total;H70 H70 Masters programs;TOT Age, total;TOT Total;2014 2014;3211
561 Esbjerg;TOT Total;H80 H80 PhD programs;TOT Age, total;TOT Total;2014 2014;185
561 Esbjerg;TOT Total;TOT Total;TOT Age, total;TOT Total;2014 2014;81990
563 Fanø;TOT Total;H40 H40 Short cycle higher education;TOT Age, total;TOT Total;2014 2014;132
563 Fanø;TOT Total;H50 H50 Vocational bachelors educations;TOT Age, total;TOT Total;2014 2014;551
563 Fanø;TOT Total;H60 H60 Bachelors programs;TOT Age, total;TOT Total;2014 2014;25
563 Fanø;TOT Total;H70 H70 Masters programs;TOT Age, total;TOT Total;2014 2014;146
563 Fanø;TOT Total;H80 H80 PhD programs;TOT Age, total;TOT Total;2014 2014;6
563 Fanø;TOT Total;TOT Total;TOT Age, total;TOT Total;2014 2014;2213
573 Varde;TOT Total;H40 H40 Short cycle higher education;TOT Age, total;TOT Total;2014 2014;1462
573 Varde;TOT Total;H50 H50 Vocational bachelors educations;TOT Age, total;TOT Total;2014 2014;4233
573 Varde;TOT Total;H60 H60 Bachelors programs;TOT Age, total;TOT Total;2014 2014;168
573 Varde;TOT Total;H70 H70 Masters programs;TOT Age, total;TOT Total;2014 2014;983
573 Varde;TOT Total;H80 H80 PhD programs;TOT Age, total;TOT Total;2014 2014;44
573 Varde;TOT Total;TOT Total;TOT Age, total;TOT Total;2014 2014;34374
575 Vejen;TOT Total;H40 H40 Short cycle higher education;TOT Age, total;TOT Total;2014 2014;1250
575 Vejen;TOT Total;H50 H50 Vocational bachelors educations;TOT Age, total;TOT Total;2014 2014;3222
575 Vejen;TOT Total;H60 H60 Bachelors programs;TOT Age, total;TOT Total;2014 2014;183
575 Vejen;TOT Total;H70 H70 Masters programs;TOT Age, total;TOT Total;2014 2014;864
575 Vejen;TOT Total;H80 H80 PhD programs;TOT Age, total;TOT Total;2014 2014;32
575 Vejen;TOT Total;TOT Total;TOT Age, total;TOT Total;2014 2014;29010
580 Aabenraa;TOT Total;H40 H40 Short cycle higher education;TOT Age, total;TOT Total;2014 2014;1633
580 Aabenraa;TOT Total;H50 H50 Vocational bachelors educations;TOT Age, total;TOT Total;2014 2014;4792
580 Aabenraa;TOT Total;H60 H60 Bachelors programs;TOT Age, total;TOT Total;2014 2014;244
580 Aabenraa;TOT Total;H70 H70 Masters programs;TOT Age, total;TOT Total;2014 2014;1417
580 Aabenraa;TOT Total;H80 H80 PhD programs;TOT Age, total;TOT Total;2014 2014;59
580 Aabenraa;TOT Total;TOT Total;TOT Age, total;TOT Total;2014 2014;40678
607 Fredericia;TOT Total;H40 H40 Short cycle higher education;TOT Age, total;TOT Total;2014 2014;1500
607 Fredericia;TOT Total;H50 H50 Vocational bachelors educations;TOT Age, total;TOT Total;2014 2014;4655
607 Fredericia;TOT Total;H60 H60 Bachelors programs;TOT Age, total;TOT Total;2014 2014;313
607 Fredericia;TOT Total;H70 H70 Masters programs;TOT Age, total;TOT Total;2014 2014;1396
607 Fredericia;TOT Total;H80 H80 PhD programs;TOT Age, total;TOT Total;2014 2014;87
607 Fredericia;TOT Total;TOT Total;TOT Age, total;TOT Total;2014 2014;35056
615 Horsens;TOT Total;H40 H40 Short cycle higher education;TOT Age, total;TOT Total;2014 2014;3284
615 Horsens;TOT Total;H50 H50 Vocational bachelors educations;TOT Age, total;TOT Total;2014 2014;9143
615 Horsens;TOT Total;H60 H60 Bachelors programs;TOT Age, total;TOT Total;2014 2014;499
615 Horsens;TOT Total;H70 H70 Masters programs;TOT Age, total;TOT Total;2014 2014;2684
615 Horsens;TOT Total;H80 H80 PhD programs;TOT Age, total;TOT Total;2014 2014;143
615 Horsens;TOT Total;TOT Total;TOT Age, total;TOT Total;2014 2014;61005
621 Kolding;TOT Total;H40 H40 Short cycle higher education;TOT Age, total;TOT Total;2014 2014;3320
621 Kolding;TOT Total;H50 H50 Vocational bachelors educations;TOT Age, total;TOT Total;2014 2014;8959
621 Kolding;TOT Total;H60 H60 Bachelors programs;TOT Age, total;TOT Total;2014 2014;1015
621 Kolding;TOT Total;H70 H70 Masters programs;TOT Age, total;TOT Total;2014 2014;3594
621 Kolding;TOT Total;H80 H80 PhD programs;TOT Age, total;TOT Total;2014 2014;147
621 Kolding;TOT Total;TOT Total;TOT Age, total;TOT Total;2014 2014;63505
630 Vejle;TOT Total;H40 H40 Short cycle higher education;TOT Age, total;TOT Total;2014 2014;3820
630 Vejle;TOT Total;H50 H50 Vocational bachelors educations;TOT Age, total;TOT Total;2014 2014;11955
630 Vejle;TOT Total;H60 H60 Bachelors programs;TOT Age, total;TOT Total;2014 2014;705
630 Vejle;TOT Total;H70 H70 Masters programs;TOT Age, total;TOT Total;2014 2014;4477
630 Vejle;TOT Total;H80 H80 PhD programs;TOT Age, total;TOT Total;2014 2014;191
630 Vejle;TOT Total;TOT Total;TOT Age, total;TOT Total;2014 2014;76537
657 Herning;TOT Total;H40 H40 Short cycle higher education;TOT Age, total;TOT Total;2014 2014;3336
657 Herning;TOT Total;H50 H50 Vocational bachelors educations;TOT Age, total;TOT Total;2014 2014;8112
657 Herning;TOT Total;H60 H60 Bachelors programs;TOT Age, total;TOT Total;2014 2014;653
657 Herning;TOT Total;H70 H70 Masters programs;TOT Age, total;TOT Total;2014 2014;2136
657 Herning;TOT Total;H80 H80 PhD programs;TOT Age, total;TOT Total;2014 2014;93
657 Herning;TOT Total;TOT Total;TOT Age, total;TOT Total;2014 2014;60650
661 Holstebro;TOT Total;H40 H40 Short cycle higher education;TOT Age, total;TOT Total;2014 2014;1768
661 Holstebro;TOT Total;H50 H50 Vocational bachelors educations;TOT Age, total;TOT Total;2014 2014;6125
661 Holstebro;TOT Total;H60 H60 Bachelors programs;TOT Age, total;TOT Total;2014 2014;229
661 Holstebro;TOT Total;H70 H70 Masters programs;TOT Age, total;TOT Total;2014 2014;1593
661 Holstebro;TOT Total;H80 H80 PhD programs;TOT Age, total;TOT Total;2014 2014;47
661 Holstebro;TOT Total;TOT Total;TOT Age, total;TOT Total;2014 2014;39832
665 Lemvig;TOT Total;H40 H40 Short cycle higher education;TOT Age, total;TOT Total;2014 2014;434
665 Lemvig;TOT Total;H50 H50 Vocational bachelors educations;TOT Age, total;TOT Total;2014 2014;1781
665 Lemvig;TOT Total;H60 H60 Bachelors programs;TOT Age, total;TOT Total;2014 2014;60
665 Lemvig;TOT Total;H70 H70 Masters programs;TOT Age, total;TOT Total;2014 2014;434
665 Lemvig;TOT Total;H80 H80 PhD programs;TOT Age, total;TOT Total;2014 2014;40
665 Lemvig;TOT Total;TOT Total;TOT Age, total;TOT Total;2014 2014;14180
671 Struer;TOT Total;H40 H40 Short cycle higher education;TOT Age, total;TOT Total;2014 2014;533
671 Struer;TOT Total;H50 H50 Vocational bachelors educations;TOT Age, total;TOT Total;2014 2014;1960
671 Struer;TOT Total;H60 H60 Bachelors programs;TOT Age, total;TOT Total;2014 2014;80
671 Struer;TOT Total;H70 H70 Masters programs;TOT Age, total;TOT Total;2014 2014;461
671 Struer;TOT Total;H80 H80 PhD programs;TOT Age, total;TOT Total;2014 2014;18
671 Struer;TOT Total;TOT Total;TOT Age, total;TOT Total;2014 2014;14782
706 Syddjurs;TOT Total;H40 H40 Short cycle higher education;TOT Age, total;TOT Total;2014 2014;1265
706 Syddjurs;TOT Total;H50 H50 Vocational bachelors educations;TOT Age, total;TOT Total;2014 2014;4056
706 Syddjurs;TOT Total;H60 H60 Bachelors programs;TOT Age, total;TOT Total;2014 2014;315
706 Syddjurs;TOT Total;H70 H70 Masters programs;TOT Age, total;TOT Total;2014 2014;1525
706 Syddjurs;TOT Total;H80 H80 PhD programs;TOT Age, total;TOT Total;2014 2014;105
706 Syddjurs;TOT Total;TOT Total;TOT Age, total;TOT Total;2014 2014;28587
707 Norddjurs;TOT Total;H40 H40 Short cycle higher education;TOT Age, total;TOT Total;2014 2014;914
707 Norddjurs;TOT Total;H50 H50 Vocational bachelors educations;TOT Age, total;TOT Total;2014 2014;2679
707 Norddjurs;TOT Total;H60 H60 Bachelors programs;TOT Age, total;TOT Total;2014 2014;123
707 Norddjurs;TOT Total;H70 H70 Masters programs;TOT Age, total;TOT Total;2014 2014;630
707 Norddjurs;TOT Total;H80 H80 PhD programs;TOT Age, total;TOT Total;2014 2014;33
707 Norddjurs;TOT Total;TOT Total;TOT Age, total;TOT Total;2014 2014;26609
710 Favrskov;TOT Total;H40 H40 Short cycle higher education;TOT Age, total;TOT Total;2014 2014;1781
710 Favrskov;TOT Total;H50 H50 Vocational bachelors educations;TOT Age, total;TOT Total;2014 2014;4636
710 Favrskov;TOT Total;H60 H60 Bachelors programs;TOT Age, total;TOT Total;2014 2014;314
710 Favrskov;TOT Total;H70 H70 Masters programs;TOT Age, total;TOT Total;2014 2014;2219
710 Favrskov;TOT Total;H80 H80 PhD programs;TOT Age, total;TOT Total;2014 2014;224
710 Favrskov;TOT Total;TOT Total;TOT Age, total;TOT Total;2014 2014;32280
727 Odder;TOT Total;H40 H40 Short cycle higher education;TOT Age, total;TOT Total;2014 2014;749
727 Odder;TOT Total;H50 H50 Vocational bachelors educations;TOT Age, total;TOT Total;2014 2014;2310
727 Odder;TOT Total;H60 H60 Bachelors programs;TOT Age, total;TOT Total;2014 2014;152
727 Odder;TOT Total;H70 H70 Masters programs;TOT Age, total;TOT Total;2014 2014;925
727 Odder;TOT Total;H80 H80 PhD programs;TOT Age, total;TOT Total;2014 2014;64
727 Odder;TOT Total;TOT Total;TOT Age, total;TOT Total;2014 2014;14949
730 Randers;TOT Total;H40 H40 Short cycle higher education;TOT Age, total;TOT Total;2014 2014;3726
730 Randers;TOT Total;H50 H50 Vocational bachelors educations;TOT Age, total;TOT Total;2014 2014;8322
730 Randers;TOT Total;H60 H60 Bachelors programs;TOT Age, total;TOT Total;2014 2014;580
730 Randers;TOT Total;H70 H70 Masters programs;TOT Age, total;TOT Total;2014 2014;2633
730 Randers;TOT Total;H80 H80 PhD programs;TOT Age, total;TOT Total;2014 2014;150
730 Randers;TOT Total;TOT Total;TOT Age, total;TOT Total;2014 2014;67895
740 Silkeborg;TOT Total;H40 H40 Short cycle higher education;TOT Age, total;TOT Total;2014 2014;3334
740 Silkeborg;TOT Total;H50 H50 Vocational bachelors educations;TOT Age, total;TOT Total;2014 2014;9879
740 Silkeborg;TOT Total;H60 H60 Bachelors programs;TOT Age, total;TOT Total;2014 2014;583
740 Silkeborg;TOT Total;H70 H70 Masters programs;TOT Age, total;TOT Total;2014 2014;3585
740 Silkeborg;TOT Total;H80 H80 PhD programs;TOT Age, total;TOT Total;2014 2014;196
740 Silkeborg;TOT Total;TOT Total;TOT Age, total;TOT Total;2014 2014;62274
741 Samsø;TOT Total;H40 H40 Short cycle higher education;TOT Age, total;TOT Total;2014 2014;82
741 Samsø;TOT Total;H50 H50 Vocational bachelors educations;TOT Age, total;TOT Total;2014 2014;348
741 Samsø;TOT Total;H60 H60 Bachelors programs;TOT Age, total;TOT Total;2014 2014;32
741 Samsø;TOT Total;H70 H70 Masters programs;TOT Age, total;TOT Total;2014 2014;112
741 Samsø;TOT Total;H80 H80 PhD programs;TOT Age, total;TOT Total;2014 2014;2
741 Samsø;TOT Total;TOT Total;TOT Age, total;TOT Total;2014 2014;2467
746 Skanderborg;TOT Total;H40 H40 Short cycle higher education;TOT Age, total;TOT Total;2014 2014;2396
746 Skanderborg;TOT Total;H50 H50 Vocational bachelors educations;TOT Age, total;TOT Total;2014 2014;6462
746 Skanderborg;TOT Total;H60 H60 Bachelors programs;TOT Age, total;TOT Total;2014 2014;469
746 Skanderborg;TOT Total;H70 H70 Masters programs;TOT Age, total;TOT Total;2014 2014;3529
746 Skanderborg;TOT Total;H80 H80 PhD programs;TOT Age, total;TOT Total;2014 2014;279
746 Skanderborg;TOT Total;TOT Total;TOT Age, total;TOT Total;2014 2014;40196
751 Aarhus;TOT Total;H40 H40 Short cycle higher education;TOT Age, total;TOT Total;2014 2014;11473
751 Aarhus;TOT Total;H50 H50 Vocational bachelors educations;TOT Age, total;TOT Total;2014 2014;37793
751 Aarhus;TOT Total;H60 H60 Bachelors programs;TOT Age, total;TOT Total;2014 2014;13071
751 Aarhus;TOT Total;H70 H70 Masters programs;TOT Age, total;TOT Total;2014 2014;30398
751 Aarhus;TOT Total;H80 H80 PhD programs;TOT Age, total;TOT Total;2014 2014;3267
751 Aarhus;TOT Total;TOT Total;TOT Age, total;TOT Total;2014 2014;245295
756 Ikast-Brande;TOT Total;H40 H40 Short cycle higher education;TOT Age, total;TOT Total;2014 2014;1321
756 Ikast-Brande;TOT Total;H50 H50 Vocational bachelors educations;TOT Age, total;TOT Total;2014 2014;3024
756 Ikast-Brande;TOT Total;H60 H60 Bachelors programs;TOT Age, total;TOT Total;2014 2014;173
756 Ikast-Brande;TOT Total;H70 H70 Masters programs;TOT Age, total;TOT Total;2014 2014;871
756 Ikast-Brande;TOT Total;H80 H80 PhD programs;TOT Age, total;TOT Total;2014 2014;64
756 Ikast-Brande;TOT Total;TOT Total;TOT Age, total;TOT Total;2014 2014;28135
760 Ringkøbing-Skjern;TOT Total;H40 H40 Short cycle higher education;TOT Age, total;TOT Total;2014 2014;1549
760 Ringkøbing-Skjern;TOT Total;H50 H50 Vocational bachelors educations;TOT Age, total;TOT Total;2014 2014;4654
760 Ringkøbing-Skjern;TOT Total;H60 H60 Bachelors programs;TOT Age, total;TOT Total;2014 2014;198
760 Ringkøbing-Skjern;TOT Total;H70 H70 Masters programs;TOT Age, total;TOT Total;2014 2014;1173
760 Ringkøbing-Skjern;TOT Total;H80 H80 PhD programs;TOT Age, total;TOT Total;2014 2014;37
760 Ringkøbing-Skjern;TOT Total;TOT Total;TOT Age, total;TOT Total;2014 2014;38870
766 Hedensted;TOT Total;H40 H40 Short cycle higher education;TOT Age, total;TOT Total;2014 2014;1650
766 Hedensted;TOT Total;H50 H50 Vocational bachelors educations;TOT Age, total;TOT Total;2014 2014;3840
766 Hedensted;TOT Total;H60 H60 Bachelors programs;TOT Age, total;TOT Total;2014 2014;170
766 Hedensted;TOT Total;H70 H70 Masters programs;TOT Age, total;TOT Total;2014 2014;858
766 Hedensted;TOT Total;H80 H80 PhD programs;TOT Age, total;TOT Total;2014 2014;38
766 Hedensted;TOT Total;TOT Total;TOT Age, total;TOT Total;2014 2014;31431
773 Morsø;TOT Total;H40 H40 Short cycle higher education;TOT Age, total;TOT Total;2014 2014;465
773 Morsø;TOT Total;H50 H50 Vocational bachelors educations;TOT Age, total;TOT Total;2014 2014;1470
773 Morsø;TOT Total;H60 H60 Bachelors programs;TOT Age, total;TOT Total;2014 2014;53
773 Morsø;TOT Total;H70 H70 Masters programs;TOT Age, total;TOT Total;2014 2014;325
773 Morsø;TOT Total;H80 H80 PhD programs;TOT Age, total;TOT Total;2014 2014;9
773 Morsø;TOT Total;TOT Total;TOT Age, total;TOT Total;2014 2014;14287
779 Skive;TOT Total;H40 H40 Short cycle higher education;TOT Age, total;TOT Total;2014 2014;1356
779 Skive;TOT Total;H50 H50 Vocational bachelors educations;TOT Age, total;TOT Total;2014 2014;4211
779 Skive;TOT Total;H60 H60 Bachelors programs;TOT Age, total;TOT Total;2014 2014;124
779 Skive;TOT Total;H70 H70 Masters programs;TOT Age, total;TOT Total;2014 2014;943
779 Skive;TOT Total;H80 H80 PhD programs;TOT Age, total;TOT Total;2014 2014;30
779 Skive;TOT Total;TOT Total;TOT Age, total;TOT Total;2014 2014;32128
787 Thisted;TOT Total;H40 H40 Short cycle higher education;TOT Age, total;TOT Total;2014 2014;1130
787 Thisted;TOT Total;H50 H50 Vocational bachelors educations;TOT Age, total;TOT Total;2014 2014;3416
787 Thisted;TOT Total;H60 H60 Bachelors programs;TOT Age, total;TOT Total;2014 2014;113
787 Thisted;TOT Total;H70 H70 Masters programs;TOT Age, total;TOT Total;2014 2014;907
787 Thisted;TOT Total;H80 H80 PhD programs;TOT Age, total;TOT Total;2014 2014;22
787 Thisted;TOT Total;TOT Total;TOT Age, total;TOT Total;2014 2014;30530
791 Viborg;TOT Total;H40 H40 Short cycle higher education;TOT Age, total;TOT Total;2014 2014;3149
791 Viborg;TOT Total;H50 H50 Vocational bachelors educations;TOT Age, total;TOT Total;2014 2014;9300
791 Viborg;TOT Total;H60 H60 Bachelors programs;TOT Age, total;TOT Total;2014 2014;383
791 Viborg;TOT Total;H70 H70 Masters programs;TOT Age, total;TOT Total;2014 2014;3542
791 Viborg;TOT Total;H80 H80 PhD programs;TOT Age, total;TOT Total;2014 2014;304
791 Viborg;TOT Total;TOT Total;TOT Age, total;TOT Total;2014 2014;65703
810 Brønderslev;TOT Total;H40 H40 Short cycle higher education;TOT Age, total;TOT Total;2014 2014;952
810 Brønderslev;TOT Total;H50 H50 Vocational bachelors educations;TOT Age, total;TOT Total;2014 2014;3270
810 Brønderslev;TOT Total;H60 H60 Bachelors programs;TOT Age, total;TOT Total;2014 2014;155
810 Brønderslev;TOT Total;H70 H70 Masters programs;TOT Age, total;TOT Total;2014 2014;862
810 Brønderslev;TOT Total;H80 H80 PhD programs;TOT Age, total;TOT Total;2014 2014;45
810 Brønderslev;TOT Total;TOT Total;TOT Age, total;TOT Total;2014 2014;24201
813 Frederikshavn;TOT Total;H40 H40 Short cycle higher education;TOT Age, total;TOT Total;2014 2014;1707
813 Frederikshavn;TOT Total;H50 H50 Vocational bachelors educations;TOT Age, total;TOT Total;2014 2014;4928
813 Frederikshavn;TOT Total;H60 H60 Bachelors programs;TOT Age, total;TOT Total;2014 2014;198
813 Frederikshavn;TOT Total;H70 H70 Masters programs;TOT Age, total;TOT Total;2014 2014;1104
813 Frederikshavn;TOT Total;H80 H80 PhD programs;TOT Age, total;TOT Total;2014 2014;40
813 Frederikshavn;TOT Total;TOT Total;TOT Age, total;TOT Total;2014 2014;41730
820 Vesthimmerlands;TOT Total;H40 H40 Short cycle higher education;TOT Age, total;TOT Total;2014 2014;975
820 Vesthimmerlands;TOT Total;H50 H50 Vocational bachelors educations;TOT Age, total;TOT Total;2014 2014;2954
820 Vesthimmerlands;TOT Total;H60 H60 Bachelors programs;TOT Age, total;TOT Total;2014 2014;87
820 Vesthimmerlands;TOT Total;H70 H70 Masters programs;TOT Age, total;TOT Total;2014 2014;660
820 Vesthimmerlands;TOT Total;H80 H80 PhD programs;TOT Age, total;TOT Total;2014 2014;25
820 Vesthimmerlands;TOT Total;TOT Total;TOT Age, total;TOT Total;2014 2014;25639
825 Læsø;TOT Total;H40 H40 Short cycle higher education;TOT Age, total;TOT Total;2014 2014;31
825 Læsø;TOT Total;H50 H50 Vocational bachelors educations;TOT Age, total;TOT Total;2014 2014;130
825 Læsø;TOT Total;H60 H60 Bachelors programs;TOT Age, total;TOT Total;2014 2014;7
825 Læsø;TOT Total;H70 H70 Masters programs;TOT Age, total;TOT Total;2014 2014;40
825 Læsø;TOT Total;TOT Total;TOT Age, total;TOT Total;2014 2014;1208
840 Rebild;TOT Total;H40 H40 Short cycle higher education;TOT Age, total;TOT Total;2014 2014;885
840 Rebild;TOT Total;H50 H50 Vocational bachelors educations;TOT Age, total;TOT Total;2014 2014;2743
840 Rebild;TOT Total;H60 H60 Bachelors programs;TOT Age, total;TOT Total;2014 2014;177
840 Rebild;TOT Total;H70 H70 Masters programs;TOT Age, total;TOT Total;2014 2014;1341
840 Rebild;TOT Total;H80 H80 PhD programs;TOT Age, total;TOT Total;2014 2014;106
840 Rebild;TOT Total;TOT Total;TOT Age, total;TOT Total;2014 2014;19689
846 Mariagerfjord;TOT Total;H40 H40 Short cycle higher education;TOT Age, total;TOT Total;2014 2014;1247
846 Mariagerfjord;TOT Total;H50 H50 Vocational bachelors educations;TOT Age, total;TOT Total;2014 2014;3585
846 Mariagerfjord;TOT Total;H60 H60 Bachelors programs;TOT Age, total;TOT Total;2014 2014;171
846 Mariagerfjord;TOT Total;H70 H70 Masters programs;TOT Age, total;TOT Total;2014 2014;1062
846 Mariagerfjord;TOT Total;H80 H80 PhD programs;TOT Age, total;TOT Total;2014 2014;49
846 Mariagerfjord;TOT Total;TOT Total;TOT Age, total;TOT Total;2014 2014;29293
849 Jammerbugt;TOT Total;H40 H40 Short cycle higher education;TOT Age, total;TOT Total;2014 2014;1001
849 Jammerbugt;TOT Total;H50 H50 Vocational bachelors educations;TOT Age, total;TOT Total;2014 2014;3061
849 Jammerbugt;TOT Total;H60 H60 Bachelors programs;TOT Age, total;TOT Total;2014 2014;186
849 Jammerbugt;TOT Total;H70 H70 Masters programs;TOT Age, total;TOT Total;2014 2014;824
849 Jammerbugt;TOT Total;H80 H80 PhD programs;TOT Age, total;TOT Total;2014 2014;29
849 Jammerbugt;TOT Total;TOT Total;TOT Age, total;TOT Total;2014 2014;26334
851 Aalborg;TOT Total;H40 H40 Short cycle higher education;TOT Age, total;TOT Total;2014 2014;6889
851 Aalborg;TOT Total;H50 H50 Vocational bachelors educations;TOT Age, total;TOT Total;2014 2014;20977
851 Aalborg;TOT Total;H60 H60 Bachelors programs;TOT Age, total;TOT Total;2014 2014;5165
851 Aalborg;TOT Total;H70 H70 Masters programs;TOT Age, total;TOT Total;2014 2014;12806
851 Aalborg;TOT Total;H80 H80 PhD programs;TOT Age, total;TOT Total;2014 2014;995
851 Aalborg;TOT Total;TOT Total;TOT Age, total;TOT Total;2014 2014;151679
860 Hjørring;TOT Total;H40 H40 Short cycle higher education;TOT Age, total;TOT Total;2014 2014;1696
860 Hjørring;TOT Total;H50 H50 Vocational bachelors educations;TOT Age, total;TOT Total;2014 2014;6264
860 Hjørring;TOT Total;H60 H60 Bachelors programs;TOT Age, total;TOT Total;2014 2014;251
860 Hjørring;TOT Total;H70 H70 Masters programs;TOT Age, total;TOT Total;2014 2014;1440
860 Hjørring;TOT Total;H80 H80 PhD programs;TOT Age, total;TOT Total;2014 2014;65
860 Hjørring;TOT Total;TOT Total;TOT Age, total;TOT Total;2014 2014;45244
000 All Denmark;TOT Total;H40 H40 Short cycle higher education;TOT Age, total;TOT Total;2015 2015;187189
000 All Denmark;TOT Total;H50 H50 Vocational bachelors educations;TOT Age, total;TOT Total;2015 2015;569805
000 All Denmark;TOT Total;H60 H60 Bachelors programs;TOT Age, total;TOT Total;2015 2015;95613
000 All Denmark;TOT Total;H70 H70 Masters programs;TOT Age, total;TOT Total;2015 2015;341412
000 All Denmark;TOT Total;H80 H80 PhD programs;TOT Age, total;TOT Total;2015 2015;30202
000 All Denmark;TOT Total;TOT Total;TOT Age, total;TOT Total;2015 2015;4015809
101 Copenhagen;TOT Total;H40 H40 Short cycle higher education;TOT Age, total;TOT Total;2015 2015;19709
101 Copenhagen;TOT Total;H50 H50 Vocational bachelors educations;TOT Age, total;TOT Total;2015 2015;66784
101 Copenhagen;TOT Total;H60 H60 Bachelors programs;TOT Age, total;TOT Total;2015 2015;33817
101 Copenhagen;TOT Total;H70 H70 Masters programs;TOT Age, total;TOT Total;2015 2015;85609
101 Copenhagen;TOT Total;H80 H80 PhD programs;TOT Age, total;TOT Total;2015 2015;7549
101 Copenhagen;TOT Total;TOT Total;TOT Age, total;TOT Total;2015 2015;460037
147 Frederiksberg;TOT Total;H40 H40 Short cycle higher education;TOT Age, total;TOT Total;2015 2015;3370
147 Frederiksberg;TOT Total;H50 H50 Vocational bachelors educations;TOT Age, total;TOT Total;2015 2015;11917
147 Frederiksberg;TOT Total;H60 H60 Bachelors programs;TOT Age, total;TOT Total;2015 2015;5615
147 Frederiksberg;TOT Total;H70 H70 Masters programs;TOT Age, total;TOT Total;2015 2015;18305
147 Frederiksberg;TOT Total;H80 H80 PhD programs;TOT Age, total;TOT Total;2015 2015;1705
147 Frederiksberg;TOT Total;TOT Total;TOT Age, total;TOT Total;2015 2015;76683
151 Ballerup;TOT Total;H40 H40 Short cycle higher education;TOT Age, total;TOT Total;2015 2015;1541
151 Ballerup;TOT Total;H50 H50 Vocational bachelors educations;TOT Age, total;TOT Total;2015 2015;4345
151 Ballerup;TOT Total;H60 H60 Bachelors programs;TOT Age, total;TOT Total;2015 2015;405
151 Ballerup;TOT Total;H70 H70 Masters programs;TOT Age, total;TOT Total;2015 2015;2419
151 Ballerup;TOT Total;H80 H80 PhD programs;TOT Age, total;TOT Total;2015 2015;330
151 Ballerup;TOT Total;TOT Total;TOT Age, total;TOT Total;2015 2015;32460
153 Brøndby;TOT Total;H40 H40 Short cycle higher education;TOT Age, total;TOT Total;2015 2015;1099
153 Brøndby;TOT Total;H50 H50 Vocational bachelors educations;TOT Age, total;TOT Total;2015 2015;2569
153 Brøndby;TOT Total;H60 H60 Bachelors programs;TOT Age, total;TOT Total;2015 2015;305
153 Brøndby;TOT Total;H70 H70 Masters programs;TOT Age, total;TOT Total;2015 2015;1240
153 Brøndby;TOT Total;H80 H80 PhD programs;TOT Age, total;TOT Total;2015 2015;96
153 Brøndby;TOT Total;TOT Total;TOT Age, total;TOT Total;2015 2015;24537
155 Dragør;TOT Total;H40 H40 Short cycle higher education;TOT Age, total;TOT Total;2015 2015;538
155 Dragør;TOT Total;H50 H50 Vocational bachelors educations;TOT Age, total;TOT Total;2015 2015;1385
155 Dragør;TOT Total;H60 H60 Bachelors programs;TOT Age, total;TOT Total;2015 2015;160
155 Dragør;TOT Total;H70 H70 Masters programs;TOT Age, total;TOT Total;2015 2015;1077
155 Dragør;TOT Total;H80 H80 PhD programs;TOT Age, total;TOT Total;2015 2015;76
155 Dragør;TOT Total;TOT Total;TOT Age, total;TOT Total;2015 2015;9141
157 Gentofte;TOT Total;H40 H40 Short cycle higher education;TOT Age, total;TOT Total;2015 2015;2382
157 Gentofte;TOT Total;H50 H50 Vocational bachelors educations;TOT Age, total;TOT Total;2015 2015;8632
157 Gentofte;TOT Total;H60 H60 Bachelors programs;TOT Age, total;TOT Total;2015 2015;1769
157 Gentofte;TOT Total;H70 H70 Masters programs;TOT Age, total;TOT Total;2015 2015;13019
157 Gentofte;TOT Total;H80 H80 PhD programs;TOT Age, total;TOT Total;2015 2015;1346
157 Gentofte;TOT Total;TOT Total;TOT Age, total;TOT Total;2015 2015;51486
159 Gladsaxe;TOT Total;H40 H40 Short cycle higher education;TOT Age, total;TOT Total;2015 2015;2221
159 Gladsaxe;TOT Total;H50 H50 Vocational bachelors educations;TOT Age, total;TOT Total;2015 2015;7293
159 Gladsaxe;TOT Total;H60 H60 Bachelors programs;TOT Age, total;TOT Total;2015 2015;1161
159 Gladsaxe;TOT Total;H70 H70 Masters programs;TOT Age, total;TOT Total;2015 2015;6273
159 Gladsaxe;TOT Total;H80 H80 PhD programs;TOT Age, total;TOT Total;2015 2015;853
159 Gladsaxe;TOT Total;TOT Total;TOT Age, total;TOT Total;2015 2015;47242
161 Glostrup;TOT Total;H40 H40 Short cycle higher education;TOT Age, total;TOT Total;2015 2015;799
161 Glostrup;TOT Total;H50 H50 Vocational bachelors educations;TOT Age, total;TOT Total;2015 2015;1911
161 Glostrup;TOT Total;H60 H60 Bachelors programs;TOT Age, total;TOT Total;2015 2015;232
161 Glostrup;TOT Total;H70 H70 Masters programs;TOT Age, total;TOT Total;2015 2015;975
161 Glostrup;TOT Total;H80 H80 PhD programs;TOT Age, total;TOT Total;2015 2015;91
161 Glostrup;TOT Total;TOT Total;TOT Age, total;TOT Total;2015 2015;15656
163 Herlev;TOT Total;H40 H40 Short cycle higher education;TOT Age, total;TOT Total;2015 2015;958
163 Herlev;TOT Total;H50 H50 Vocational bachelors educations;TOT Age, total;TOT Total;2015 2015;2698
163 Herlev;TOT Total;H60 H60 Bachelors programs;TOT Age, total;TOT Total;2015 2015;264
163 Herlev;TOT Total;H70 H70 Masters programs;TOT Age, total;TOT Total;2015 2015;1503
163 Herlev;TOT Total;H80 H80 PhD programs;TOT Age, total;TOT Total;2015 2015;167
163 Herlev;TOT Total;TOT Total;TOT Age, total;TOT Total;2015 2015;19340
165 Albertslund;TOT Total;H40 H40 Short cycle higher education;TOT Age, total;TOT Total;2015 2015;841
165 Albertslund;TOT Total;H50 H50 Vocational bachelors educations;TOT Age, total;TOT Total;2015 2015;2767
165 Albertslund;TOT Total;H60 H60 Bachelors programs;TOT Age, total;TOT Total;2015 2015;407
165 Albertslund;TOT Total;H70 H70 Masters programs;TOT Age, total;TOT Total;2015 2015;1235
165 Albertslund;TOT Total;H80 H80 PhD programs;TOT Age, total;TOT Total;2015 2015;97
165 Albertslund;TOT Total;TOT Total;TOT Age, total;TOT Total;2015 2015;19463
167 Hvidovre;TOT Total;H40 H40 Short cycle higher education;TOT Age, total;TOT Total;2015 2015;1807
167 Hvidovre;TOT Total;H50 H50 Vocational bachelors educations;TOT Age, total;TOT Total;2015 2015;4556
167 Hvidovre;TOT Total;H60 H60 Bachelors programs;TOT Age, total;TOT Total;2015 2015;676
167 Hvidovre;TOT Total;H70 H70 Masters programs;TOT Age, total;TOT Total;2015 2015;2588
167 Hvidovre;TOT Total;H80 H80 PhD programs;TOT Age, total;TOT Total;2015 2015;197
167 Hvidovre;TOT Total;TOT Total;TOT Age, total;TOT Total;2015 2015;36907
169 Høje-Taastrup;TOT Total;H40 H40 Short cycle higher education;TOT Age, total;TOT Total;2015 2015;1784
169 Høje-Taastrup;TOT Total;H50 H50 Vocational bachelors educations;TOT Age, total;TOT Total;2015 2015;3890
169 Høje-Taastrup;TOT Total;H60 H60 Bachelors programs;TOT Age, total;TOT Total;2015 2015;413
169 Høje-Taastrup;TOT Total;H70 H70 Masters programs;TOT Age, total;TOT Total;2015 2015;2045
169 Høje-Taastrup;TOT Total;H80 H80 PhD programs;TOT Age, total;TOT Total;2015 2015;209
169 Høje-Taastrup;TOT Total;TOT Total;TOT Age, total;TOT Total;2015 2015;34788
173 Lyngby-Taarbæk;TOT Total;H40 H40 Short cycle higher education;TOT Age, total;TOT Total;2015 2015;1674
173 Lyngby-Taarbæk;TOT Total;H50 H50 Vocational bachelors educations;TOT Age, total;TOT Total;2015 2015;6301
173 Lyngby-Taarbæk;TOT Total;H60 H60 Bachelors programs;TOT Age, total;TOT Total;2015 2015;1406
173 Lyngby-Taarbæk;TOT Total;H70 H70 Masters programs;TOT Age, total;TOT Total;2015 2015;8140
173 Lyngby-Taarbæk;TOT Total;H80 H80 PhD programs;TOT Age, total;TOT Total;2015 2015;1109
173 Lyngby-Taarbæk;TOT Total;TOT Total;TOT Age, total;TOT Total;2015 2015;37583
175 Rødovre;TOT Total;H40 H40 Short cycle higher education;TOT Age, total;TOT Total;2015 2015;1221
175 Rødovre;TOT Total;H50 H50 Vocational bachelors educations;TOT Age, total;TOT Total;2015 2015;3427
175 Rødovre;TOT Total;H60 H60 Bachelors programs;TOT Age, total;TOT Total;2015 2015;468
175 Rødovre;TOT Total;H70 H70 Masters programs;TOT Age, total;TOT Total;2015 2015;2026
175 Rødovre;TOT Total;H80 H80 PhD programs;TOT Age, total;TOT Total;2015 2015;202
175 Rødovre;TOT Total;TOT Total;TOT Age, total;TOT Total;2015 2015;26083
183 Ishøj;TOT Total;H40 H40 Short cycle higher education;TOT Age, total;TOT Total;2015 2015;675
183 Ishøj;TOT Total;H50 H50 Vocational bachelors educations;TOT Age, total;TOT Total;2015 2015;1475
183 Ishøj;TOT Total;H60 H60 Bachelors programs;TOT Age, total;TOT Total;2015 2015;173
183 Ishøj;TOT Total;H70 H70 Masters programs;TOT Age, total;TOT Total;2015 2015;760
183 Ishøj;TOT Total;H80 H80 PhD programs;TOT Age, total;TOT Total;2015 2015;62
183 Ishøj;TOT Total;TOT Total;TOT Age, total;TOT Total;2015 2015;15921
185 Tårnby;TOT Total;H40 H40 Short cycle higher education;TOT Age, total;TOT Total;2015 2015;1467
185 Tårnby;TOT Total;H50 H50 Vocational bachelors educations;TOT Age, total;TOT Total;2015 2015;3249
185 Tårnby;TOT Total;H60 H60 Bachelors programs;TOT Age, total;TOT Total;2015 2015;352
185 Tårnby;TOT Total;H70 H70 Masters programs;TOT Age, total;TOT Total;2015 2015;1721
185 Tårnby;TOT Total;H80 H80 PhD programs;TOT Age, total;TOT Total;2015 2015;145
185 Tårnby;TOT Total;TOT Total;TOT Age, total;TOT Total;2015 2015;29674
187 Vallensbæk;TOT Total;H40 H40 Short cycle higher education;TOT Age, total;TOT Total;2015 2015;624
187 Vallensbæk;TOT Total;H50 H50 Vocational bachelors educations;TOT Age, total;TOT Total;2015 2015;1388
187 Vallensbæk;TOT Total;H60 H60 Bachelors programs;TOT Age, total;TOT Total;2015 2015;159
187 Vallensbæk;TOT Total;H70 H70 Masters programs;TOT Age, total;TOT Total;2015 2015;851
187 Vallensbæk;TOT Total;H80 H80 PhD programs;TOT Age, total;TOT Total;2015 2015;62
187 Vallensbæk;TOT Total;TOT Total;TOT Age, total;TOT Total;2015 2015;10385
190 Furesø;TOT Total;H40 H40 Short cycle higher education;TOT Age, total;TOT Total;2015 2015;1342
190 Furesø;TOT Total;H50 H50 Vocational bachelors educations;TOT Age, total;TOT Total;2015 2015;4775
190 Furesø;TOT Total;H60 H60 Bachelors programs;TOT Age, total;TOT Total;2015 2015;482
190 Furesø;TOT Total;H70 H70 Masters programs;TOT Age, total;TOT Total;2015 2015;4562
190 Furesø;TOT Total;H80 H80 PhD programs;TOT Age, total;TOT Total;2015 2015;614
190 Furesø;TOT Total;TOT Total;TOT Age, total;TOT Total;2015 2015;26347
201 Allerød;TOT Total;H40 H40 Short cycle higher education;TOT Age, total;TOT Total;2015 2015;928
201 Allerød;TOT Total;H50 H50 Vocational bachelors educations;TOT Age, total;TOT Total;2015 2015;2831
201 Allerød;TOT Total;H60 H60 Bachelors programs;TOT Age, total;TOT Total;2015 2015;244
201 Allerød;TOT Total;H70 H70 Masters programs;TOT Age, total;TOT Total;2015 2015;2566
201 Allerød;TOT Total;H80 H80 PhD programs;TOT Age, total;TOT Total;2015 2015;311
201 Allerød;TOT Total;TOT Total;TOT Age, total;TOT Total;2015 2015;16306
210 Fredensborg;TOT Total;H40 H40 Short cycle higher education;TOT Age, total;TOT Total;2015 2015;1342
210 Fredensborg;TOT Total;H50 H50 Vocational bachelors educations;TOT Age, total;TOT Total;2015 2015;4426
210 Fredensborg;TOT Total;H60 H60 Bachelors programs;TOT Age, total;TOT Total;2015 2015;574
210 Fredensborg;TOT Total;H70 H70 Masters programs;TOT Age, total;TOT Total;2015 2015;3299
210 Fredensborg;TOT Total;H80 H80 PhD programs;TOT Age, total;TOT Total;2015 2015;336
210 Fredensborg;TOT Total;TOT Total;TOT Age, total;TOT Total;2015 2015;27314
217 Helsingør;TOT Total;H40 H40 Short cycle higher education;TOT Age, total;TOT Total;2015 2015;2062
217 Helsingør;TOT Total;H50 H50 Vocational bachelors educations;TOT Age, total;TOT Total;2015 2015;6683
217 Helsingør;TOT Total;H60 H60 Bachelors programs;TOT Age, total;TOT Total;2015 2015;596
217 Helsingør;TOT Total;H70 H70 Masters programs;TOT Age, total;TOT Total;2015 2015;3392
217 Helsingør;TOT Total;H80 H80 PhD programs;TOT Age, total;TOT Total;2015 2015;266
217 Helsingør;TOT Total;TOT Total;TOT Age, total;TOT Total;2015 2015;42515
219 Hillerød;TOT Total;H40 H40 Short cycle higher education;TOT Age, total;TOT Total;2015 2015;1892
219 Hillerød;TOT Total;H50 H50 Vocational bachelors educations;TOT Age, total;TOT Total;2015 2015;5893
219 Hillerød;TOT Total;H60 H60 Bachelors programs;TOT Age, total;TOT Total;2015 2015;455
219 Hillerød;TOT Total;H70 H70 Masters programs;TOT Age, total;TOT Total;2015 2015;3505
219 Hillerød;TOT Total;H80 H80 PhD programs;TOT Age, total;TOT Total;2015 2015;350
219 Hillerød;TOT Total;TOT Total;TOT Age, total;TOT Total;2015 2015;34125
223 Hørsholm;TOT Total;H40 H40 Short cycle higher education;TOT Age, total;TOT Total;2015 2015;869
223 Hørsholm;TOT Total;H50 H50 Vocational bachelors educations;TOT Age, total;TOT Total;2015 2015;2706
223 Hørsholm;TOT Total;H60 H60 Bachelors programs;TOT Age, total;TOT Total;2015 2015;356
223 Hørsholm;TOT Total;H70 H70 Masters programs;TOT Age, total;TOT Total;2015 2015;3117
223 Hørsholm;TOT Total;H80 H80 PhD programs;TOT Age, total;TOT Total;2015 2015;248
223 Hørsholm;TOT Total;TOT Total;TOT Age, total;TOT Total;2015 2015;15979
230 Rudersdal;TOT Total;H40 H40 Short cycle higher education;TOT Age, total;TOT Total;2015 2015;1625
230 Rudersdal;TOT Total;H50 H50 Vocational bachelors educations;TOT Age, total;TOT Total;2015 2015;5948
230 Rudersdal;TOT Total;H60 H60 Bachelors programs;TOT Age, total;TOT Total;2015 2015;1069
230 Rudersdal;TOT Total;H70 H70 Masters programs;TOT Age, total;TOT Total;2015 2015;8430
230 Rudersdal;TOT Total;H80 H80 PhD programs;TOT Age, total;TOT Total;2015 2015;953
230 Rudersdal;TOT Total;TOT Total;TOT Age, total;TOT Total;2015 2015;36239
240 Egedal;TOT Total;H40 H40 Short cycle higher education;TOT Age, total;TOT Total;2015 2015;1842
240 Egedal;TOT Total;H50 H50 Vocational bachelors educations;TOT Age, total;TOT Total;2015 2015;4292
240 Egedal;TOT Total;H60 H60 Bachelors programs;TOT Age, total;TOT Total;2015 2015;345
240 Egedal;TOT Total;H70 H70 Masters programs;TOT Age, total;TOT Total;2015 2015;2310
240 Egedal;TOT Total;H80 H80 PhD programs;TOT Age, total;TOT Total;2015 2015;281
240 Egedal;TOT Total;TOT Total;TOT Age, total;TOT Total;2015 2015;29048
250 Frederikssund;TOT Total;H40 H40 Short cycle higher education;TOT Age, total;TOT Total;2015 2015;1569
250 Frederikssund;TOT Total;H50 H50 Vocational bachelors educations;TOT Age, total;TOT Total;2015 2015;4380
250 Frederikssund;TOT Total;H60 H60 Bachelors programs;TOT Age, total;TOT Total;2015 2015;264
250 Frederikssund;TOT Total;H70 H70 Masters programs;TOT Age, total;TOT Total;2015 2015;1563
250 Frederikssund;TOT Total;H80 H80 PhD programs;TOT Age, total;TOT Total;2015 2015;141
250 Frederikssund;TOT Total;TOT Total;TOT Age, total;TOT Total;2015 2015;30414
253 Greve;TOT Total;H40 H40 Short cycle higher education;TOT Age, total;TOT Total;2015 2015;1859
253 Greve;TOT Total;H50 H50 Vocational bachelors educations;TOT Age, total;TOT Total;2015 2015;4049
253 Greve;TOT Total;H60 H60 Bachelors programs;TOT Age, total;TOT Total;2015 2015;384
253 Greve;TOT Total;H70 H70 Masters programs;TOT Age, total;TOT Total;2015 2015;2107
253 Greve;TOT Total;H80 H80 PhD programs;TOT Age, total;TOT Total;2015 2015;148
253 Greve;TOT Total;TOT Total;TOT Age, total;TOT Total;2015 2015;33786
259 Køge;TOT Total;H40 H40 Short cycle higher education;TOT Age, total;TOT Total;2015 2015;2152
259 Køge;TOT Total;H50 H50 Vocational bachelors educations;TOT Age, total;TOT Total;2015 2015;5086
259 Køge;TOT Total;H60 H60 Bachelors programs;TOT Age, total;TOT Total;2015 2015;409
259 Køge;TOT Total;H70 H70 Masters programs;TOT Age, total;TOT Total;2015 2015;2068
259 Køge;TOT Total;H80 H80 PhD programs;TOT Age, total;TOT Total;2015 2015;152
259 Køge;TOT Total;TOT Total;TOT Age, total;TOT Total;2015 2015;41408
260 Halsnæs;TOT Total;H40 H40 Short cycle higher education;TOT Age, total;TOT Total;2015 2015;906
260 Halsnæs;TOT Total;H50 H50 Vocational bachelors educations;TOT Age, total;TOT Total;2015 2015;2840
260 Halsnæs;TOT Total;H60 H60 Bachelors programs;TOT Age, total;TOT Total;2015 2015;158
260 Halsnæs;TOT Total;H70 H70 Masters programs;TOT Age, total;TOT Total;2015 2015;829
260 Halsnæs;TOT Total;H80 H80 PhD programs;TOT Age, total;TOT Total;2015 2015;69
260 Halsnæs;TOT Total;TOT Total;TOT Age, total;TOT Total;2015 2015;21357
265 Roskilde;TOT Total;H40 H40 Short cycle higher education;TOT Age, total;TOT Total;2015 2015;3308
265 Roskilde;TOT Total;H50 H50 Vocational bachelors educations;TOT Age, total;TOT Total;2015 2015;9399
265 Roskilde;TOT Total;H60 H60 Bachelors programs;TOT Age, total;TOT Total;2015 2015;1031
265 Roskilde;TOT Total;H70 H70 Masters programs;TOT Age, total;TOT Total;2015 2015;6366
265 Roskilde;TOT Total;H80 H80 PhD programs;TOT Age, total;TOT Total;2015 2015;726
265 Roskilde;TOT Total;TOT Total;TOT Age, total;TOT Total;2015 2015;60081
269 Solrød;TOT Total;H40 H40 Short cycle higher education;TOT Age, total;TOT Total;2015 2015;938
269 Solrød;TOT Total;H50 H50 Vocational bachelors educations;TOT Age, total;TOT Total;2015 2015;1978
269 Solrød;TOT Total;H60 H60 Bachelors programs;TOT Age, total;TOT Total;2015 2015;181
269 Solrød;TOT Total;H70 H70 Masters programs;TOT Age, total;TOT Total;2015 2015;1040
269 Solrød;TOT Total;H80 H80 PhD programs;TOT Age, total;TOT Total;2015 2015;66
269 Solrød;TOT Total;TOT Total;TOT Age, total;TOT Total;2015 2015;14918
270 Gribskov;TOT Total;H40 H40 Short cycle higher education;TOT Age, total;TOT Total;2015 2015;1254
270 Gribskov;TOT Total;H50 H50 Vocational bachelors educations;TOT Age, total;TOT Total;2015 2015;4128
270 Gribskov;TOT Total;H60 H60 Bachelors programs;TOT Age, total;TOT Total;2015 2015;288
270 Gribskov;TOT Total;H70 H70 Masters programs;TOT Age, total;TOT Total;2015 2015;1585
270 Gribskov;TOT Total;H80 H80 PhD programs;TOT Age, total;TOT Total;2015 2015;117
270 Gribskov;TOT Total;TOT Total;TOT Age, total;TOT Total;2015 2015;27903
306 Odsherred;TOT Total;H40 H40 Short cycle higher education;TOT Age, total;TOT Total;2015 2015;721
306 Odsherred;TOT Total;H50 H50 Vocational bachelors educations;TOT Age, total;TOT Total;2015 2015;2675
306 Odsherred;TOT Total;H60 H60 Bachelors programs;TOT Age, total;TOT Total;2015 2015;120
306 Odsherred;TOT Total;H70 H70 Masters programs;TOT Age, total;TOT Total;2015 2015;673
306 Odsherred;TOT Total;H80 H80 PhD programs;TOT Age, total;TOT Total;2015 2015;31
306 Odsherred;TOT Total;TOT Total;TOT Age, total;TOT Total;2015 2015;22314
316 Holbæk;TOT Total;H40 H40 Short cycle higher education;TOT Age, total;TOT Total;2015 2015;2234
316 Holbæk;TOT Total;H50 H50 Vocational bachelors educations;TOT Age, total;TOT Total;2015 2015;7152
316 Holbæk;TOT Total;H60 H60 Bachelors programs;TOT Age, total;TOT Total;2015 2015;383
316 Holbæk;TOT Total;H70 H70 Masters programs;TOT Age, total;TOT Total;2015 2015;2179
316 Holbæk;TOT Total;H80 H80 PhD programs;TOT Age, total;TOT Total;2015 2015;124
316 Holbæk;TOT Total;TOT Total;TOT Age, total;TOT Total;2015 2015;48605
320 Faxe;TOT Total;H40 H40 Short cycle higher education;TOT Age, total;TOT Total;2015 2015;1065
320 Faxe;TOT Total;H50 H50 Vocational bachelors educations;TOT Age, total;TOT Total;2015 2015;2968
320 Faxe;TOT Total;H60 H60 Bachelors programs;TOT Age, total;TOT Total;2015 2015;140
320 Faxe;TOT Total;H70 H70 Masters programs;TOT Age, total;TOT Total;2015 2015;819
320 Faxe;TOT Total;H80 H80 PhD programs;TOT Age, total;TOT Total;2015 2015;43
320 Faxe;TOT Total;TOT Total;TOT Age, total;TOT Total;2015 2015;24842
326 Kalundborg;TOT Total;H40 H40 Short cycle higher education;TOT Age, total;TOT Total;2015 2015;1467
326 Kalundborg;TOT Total;H50 H50 Vocational bachelors educations;TOT Age, total;TOT Total;2015 2015;3734
326 Kalundborg;TOT Total;H60 H60 Bachelors programs;TOT Age, total;TOT Total;2015 2015;147
326 Kalundborg;TOT Total;H70 H70 Masters programs;TOT Age, total;TOT Total;2015 2015;997
326 Kalundborg;TOT Total;H80 H80 PhD programs;TOT Age, total;TOT Total;2015 2015;59
326 Kalundborg;TOT Total;TOT Total;TOT Age, total;TOT Total;2015 2015;33588
329 Ringsted;TOT Total;H40 H40 Short cycle higher education;TOT Age, total;TOT Total;2015 2015;1273
329 Ringsted;TOT Total;H50 H50 Vocational bachelors educations;TOT Age, total;TOT Total;2015 2015;2978
329 Ringsted;TOT Total;H60 H60 Bachelors programs;TOT Age, total;TOT Total;2015 2015;233
329 Ringsted;TOT Total;H70 H70 Masters programs;TOT Age, total;TOT Total;2015 2015;1175
329 Ringsted;TOT Total;H80 H80 PhD programs;TOT Age, total;TOT Total;2015 2015;99
329 Ringsted;TOT Total;TOT Total;TOT Age, total;TOT Total;2015 2015;24064
330 Slagelse;TOT Total;H40 H40 Short cycle higher education;TOT Age, total;TOT Total;2015 2015;2418
330 Slagelse;TOT Total;H50 H50 Vocational bachelors educations;TOT Age, total;TOT Total;2015 2015;7164
330 Slagelse;TOT Total;H60 H60 Bachelors programs;TOT Age, total;TOT Total;2015 2015;516
330 Slagelse;TOT Total;H70 H70 Masters programs;TOT Age, total;TOT Total;2015 2015;1779
330 Slagelse;TOT Total;H80 H80 PhD programs;TOT Age, total;TOT Total;2015 2015;109
330 Slagelse;TOT Total;TOT Total;TOT Age, total;TOT Total;2015 2015;54559
336 Stevns;TOT Total;H40 H40 Short cycle higher education;TOT Age, total;TOT Total;2015 2015;688
336 Stevns;TOT Total;H50 H50 Vocational bachelors educations;TOT Age, total;TOT Total;2015 2015;1855
336 Stevns;TOT Total;H60 H60 Bachelors programs;TOT Age, total;TOT Total;2015 2015;103
336 Stevns;TOT Total;H70 H70 Masters programs;TOT Age, total;TOT Total;2015 2015;631
336 Stevns;TOT Total;H80 H80 PhD programs;TOT Age, total;TOT Total;2015 2015;54
336 Stevns;TOT Total;TOT Total;TOT Age, total;TOT Total;2015 2015;15301
340 Sorø;TOT Total;H40 H40 Short cycle higher education;TOT Age, total;TOT Total;2015 2015;891
340 Sorø;TOT Total;H50 H50 Vocational bachelors educations;TOT Age, total;TOT Total;2015 2015;2773
340 Sorø;TOT Total;H60 H60 Bachelors programs;TOT Age, total;TOT Total;2015 2015;197
340 Sorø;TOT Total;H70 H70 Masters programs;TOT Age, total;TOT Total;2015 2015;1216
340 Sorø;TOT Total;H80 H80 PhD programs;TOT Age, total;TOT Total;2015 2015;89
340 Sorø;TOT Total;TOT Total;TOT Age, total;TOT Total;2015 2015;20362
350 Lejre;TOT Total;H40 H40 Short cycle higher education;TOT Age, total;TOT Total;2015 2015;1056
350 Lejre;TOT Total;H50 H50 Vocational bachelors educations;TOT Age, total;TOT Total;2015 2015;2737
350 Lejre;TOT Total;H60 H60 Bachelors programs;TOT Age, total;TOT Total;2015 2015;233
350 Lejre;TOT Total;H70 H70 Masters programs;TOT Age, total;TOT Total;2015 2015;1461
350 Lejre;TOT Total;H80 H80 PhD programs;TOT Age, total;TOT Total;2015 2015;170
350 Lejre;TOT Total;TOT Total;TOT Age, total;TOT Total;2015 2015;18629
360 Lolland;TOT Total;H40 H40 Short cycle higher education;TOT Age, total;TOT Total;2015 2015;831
360 Lolland;TOT Total;H50 H50 Vocational bachelors educations;TOT Age, total;TOT Total;2015 2015;3026
360 Lolland;TOT Total;H60 H60 Bachelors programs;TOT Age, total;TOT Total;2015 2015;101
360 Lolland;TOT Total;H70 H70 Masters programs;TOT Age, total;TOT Total;2015 2015;590
360 Lolland;TOT Total;H80 H80 PhD programs;TOT Age, total;TOT Total;2015 2015;26
360 Lolland;TOT Total;TOT Total;TOT Age, total;TOT Total;2015 2015;29080
370 Næstved;TOT Total;H40 H40 Short cycle higher education;TOT Age, total;TOT Total;2015 2015;2630
370 Næstved;TOT Total;H50 H50 Vocational bachelors educations;TOT Age, total;TOT Total;2015 2015;8289
370 Næstved;TOT Total;H60 H60 Bachelors programs;TOT Age, total;TOT Total;2015 2015;431
370 Næstved;TOT Total;H70 H70 Masters programs;TOT Age, total;TOT Total;2015 2015;2155
370 Næstved;TOT Total;H80 H80 PhD programs;TOT Age, total;TOT Total;2015 2015;122
370 Næstved;TOT Total;TOT Total;TOT Age, total;TOT Total;2015 2015;57651
376 Guldborgsund;TOT Total;H40 H40 Short cycle higher education;TOT Age, total;TOT Total;2015 2015;1562
376 Guldborgsund;TOT Total;H50 H50 Vocational bachelors educations;TOT Age, total;TOT Total;2015 2015;5535
376 Guldborgsund;TOT Total;H60 H60 Bachelors programs;TOT Age, total;TOT Total;2015 2015;218
376 Guldborgsund;TOT Total;H70 H70 Masters programs;TOT Age, total;TOT Total;2015 2015;1290
376 Guldborgsund;TOT Total;H80 H80 PhD programs;TOT Age, total;TOT Total;2015 2015;47
376 Guldborgsund;TOT Total;TOT Total;TOT Age, total;TOT Total;2015 2015;41721
390 Vordingborg;TOT Total;H40 H40 Short cycle higher education;TOT Age, total;TOT Total;2015 2015;1202
390 Vordingborg;TOT Total;H50 H50 Vocational bachelors educations;TOT Age, total;TOT Total;2015 2015;4376
390 Vordingborg;TOT Total;H60 H60 Bachelors programs;TOT Age, total;TOT Total;2015 2015;212
390 Vordingborg;TOT Total;H70 H70 Masters programs;TOT Age, total;TOT Total;2015 2015;1222
390 Vordingborg;TOT Total;H80 H80 PhD programs;TOT Age, total;TOT Total;2015 2015;66
390 Vordingborg;TOT Total;TOT Total;TOT Age, total;TOT Total;2015 2015;31277
400 Bornholm;TOT Total;H40 H40 Short cycle higher education;TOT Age, total;TOT Total;2015 2015;884
400 Bornholm;TOT Total;H50 H50 Vocational bachelors educations;TOT Age, total;TOT Total;2015 2015;3485
400 Bornholm;TOT Total;H60 H60 Bachelors programs;TOT Age, total;TOT Total;2015 2015;198
400 Bornholm;TOT Total;H70 H70 Masters programs;TOT Age, total;TOT Total;2015 2015;915
400 Bornholm;TOT Total;H80 H80 PhD programs;TOT Age, total;TOT Total;2015 2015;43
400 Bornholm;TOT Total;TOT Total;TOT Age, total;TOT Total;2015 2015;26995
410 Middelfart;TOT Total;H40 H40 Short cycle higher education;TOT Age, total;TOT Total;2015 2015;1239
410 Middelfart;TOT Total;H50 H50 Vocational bachelors educations;TOT Age, total;TOT Total;2015 2015;3998
410 Middelfart;TOT Total;H60 H60 Bachelors programs;TOT Age, total;TOT Total;2015 2015;220
410 Middelfart;TOT Total;H70 H70 Masters programs;TOT Age, total;TOT Total;2015 2015;1411
410 Middelfart;TOT Total;H80 H80 PhD programs;TOT Age, total;TOT Total;2015 2015;75
410 Middelfart;TOT Total;TOT Total;TOT Age, total;TOT Total;2015 2015;25902
420 Assens;TOT Total;H40 H40 Short cycle higher education;TOT Age, total;TOT Total;2015 2015;1277
420 Assens;TOT Total;H50 H50 Vocational bachelors educations;TOT Age, total;TOT Total;2015 2015;3759
420 Assens;TOT Total;H60 H60 Bachelors programs;TOT Age, total;TOT Total;2015 2015;221
420 Assens;TOT Total;H70 H70 Masters programs;TOT Age, total;TOT Total;2015 2015;1106
420 Assens;TOT Total;H80 H80 PhD programs;TOT Age, total;TOT Total;2015 2015;78
420 Assens;TOT Total;TOT Total;TOT Age, total;TOT Total;2015 2015;28213
430 Faaborg-Midtfyn;TOT Total;H40 H40 Short cycle higher education;TOT Age, total;TOT Total;2015 2015;1659
430 Faaborg-Midtfyn;TOT Total;H50 H50 Vocational bachelors educations;TOT Age, total;TOT Total;2015 2015;4729
430 Faaborg-Midtfyn;TOT Total;H60 H60 Bachelors programs;TOT Age, total;TOT Total;2015 2015;263
430 Faaborg-Midtfyn;TOT Total;H70 H70 Masters programs;TOT Age, total;TOT Total;2015 2015;1277
430 Faaborg-Midtfyn;TOT Total;H80 H80 PhD programs;TOT Age, total;TOT Total;2015 2015;109
430 Faaborg-Midtfyn;TOT Total;TOT Total;TOT Age, total;TOT Total;2015 2015;34539
440 Kerteminde;TOT Total;H40 H40 Short cycle higher education;TOT Age, total;TOT Total;2015 2015;656
440 Kerteminde;TOT Total;H50 H50 Vocational bachelors educations;TOT Age, total;TOT Total;2015 2015;2199
440 Kerteminde;TOT Total;H60 H60 Bachelors programs;TOT Age, total;TOT Total;2015 2015;121
440 Kerteminde;TOT Total;H70 H70 Masters programs;TOT Age, total;TOT Total;2015 2015;608
440 Kerteminde;TOT Total;H80 H80 PhD programs;TOT Age, total;TOT Total;2015 2015;50
440 Kerteminde;TOT Total;TOT Total;TOT Age, total;TOT Total;2015 2015;16082
450 Nyborg;TOT Total;H40 H40 Short cycle higher education;TOT Age, total;TOT Total;2015 2015;966
450 Nyborg;TOT Total;H50 H50 Vocational bachelors educations;TOT Age, total;TOT Total;2015 2015;2915
450 Nyborg;TOT Total;H60 H60 Bachelors programs;TOT Age, total;TOT Total;2015 2015;167
450 Nyborg;TOT Total;H70 H70 Masters programs;TOT Age, total;TOT Total;2015 2015;886
450 Nyborg;TOT Total;H80 H80 PhD programs;TOT Age, total;TOT Total;2015 2015;72
450 Nyborg;TOT Total;TOT Total;TOT Age, total;TOT Total;2015 2015;21627
461 Odense;TOT Total;H40 H40 Short cycle higher education;TOT Age, total;TOT Total;2015 2015;6655
461 Odense;TOT Total;H50 H50 Vocational bachelors educations;TOT Age, total;TOT Total;2015 2015;22258
461 Odense;TOT Total;H60 H60 Bachelors programs;TOT Age, total;TOT Total;2015 2015;5827
461 Odense;TOT Total;H70 H70 Masters programs;TOT Age, total;TOT Total;2015 2015;11047
461 Odense;TOT Total;H80 H80 PhD programs;TOT Age, total;TOT Total;2015 2015;1240
461 Odense;TOT Total;TOT Total;TOT Age, total;TOT Total;2015 2015;144427
479 Svendborg;TOT Total;H40 H40 Short cycle higher education;TOT Age, total;TOT Total;2015 2015;1703
479 Svendborg;TOT Total;H50 H50 Vocational bachelors educations;TOT Age, total;TOT Total;2015 2015;7277
479 Svendborg;TOT Total;H60 H60 Bachelors programs;TOT Age, total;TOT Total;2015 2015;338
479 Svendborg;TOT Total;H70 H70 Masters programs;TOT Age, total;TOT Total;2015 2015;1737
479 Svendborg;TOT Total;H80 H80 PhD programs;TOT Age, total;TOT Total;2015 2015;81
479 Svendborg;TOT Total;TOT Total;TOT Age, total;TOT Total;2015 2015;40271
480 Nordfyns;TOT Total;H40 H40 Short cycle higher education;TOT Age, total;TOT Total;2015 2015;914
480 Nordfyns;TOT Total;H50 H50 Vocational bachelors educations;TOT Age, total;TOT Total;2015 2015;2450
480 Nordfyns;TOT Total;H60 H60 Bachelors programs;TOT Age, total;TOT Total;2015 2015;128
480 Nordfyns;TOT Total;H70 H70 Masters programs;TOT Age, total;TOT Total;2015 2015;638
480 Nordfyns;TOT Total;H80 H80 PhD programs;TOT Age, total;TOT Total;2015 2015;50
480 Nordfyns;TOT Total;TOT Total;TOT Age, total;TOT Total;2015 2015;20132
482 Langeland;TOT Total;H40 H40 Short cycle higher education;TOT Age, total;TOT Total;2015 2015;242
482 Langeland;TOT Total;H50 H50 Vocational bachelors educations;TOT Age, total;TOT Total;2015 2015;897
482 Langeland;TOT Total;H60 H60 Bachelors programs;TOT Age, total;TOT Total;2015 2015;46
482 Langeland;TOT Total;H70 H70 Masters programs;TOT Age, total;TOT Total;2015 2015;205
482 Langeland;TOT Total;H80 H80 PhD programs;TOT Age, total;TOT Total;2015 2015;8
482 Langeland;TOT Total;TOT Total;TOT Age, total;TOT Total;2015 2015;8351
492 Ærø;TOT Total;H40 H40 Short cycle higher education;TOT Age, total;TOT Total;2015 2015;189
492 Ærø;TOT Total;H50 H50 Vocational bachelors educations;TOT Age, total;TOT Total;2015 2015;594
492 Ærø;TOT Total;H60 H60 Bachelors programs;TOT Age, total;TOT Total;2015 2015;28
492 Ærø;TOT Total;H70 H70 Masters programs;TOT Age, total;TOT Total;2015 2015;167
492 Ærø;TOT Total;H80 H80 PhD programs;TOT Age, total;TOT Total;2015 2015;11
492 Ærø;TOT Total;TOT Total;TOT Age, total;TOT Total;2015 2015;4097
510 Haderslev;TOT Total;H40 H40 Short cycle higher education;TOT Age, total;TOT Total;2015 2015;1587
510 Haderslev;TOT Total;H50 H50 Vocational bachelors educations;TOT Age, total;TOT Total;2015 2015;5374
510 Haderslev;TOT Total;H60 H60 Bachelors programs;TOT Age, total;TOT Total;2015 2015;275
510 Haderslev;TOT Total;H70 H70 Masters programs;TOT Age, total;TOT Total;2015 2015;1436
510 Haderslev;TOT Total;H80 H80 PhD programs;TOT Age, total;TOT Total;2015 2015;49
510 Haderslev;TOT Total;TOT Total;TOT Age, total;TOT Total;2015 2015;38568
530 Billund;TOT Total;H40 H40 Short cycle higher education;TOT Age, total;TOT Total;2015 2015;810
530 Billund;TOT Total;H50 H50 Vocational bachelors educations;TOT Age, total;TOT Total;2015 2015;1948
530 Billund;TOT Total;H60 H60 Bachelors programs;TOT Age, total;TOT Total;2015 2015;93
530 Billund;TOT Total;H70 H70 Masters programs;TOT Age, total;TOT Total;2015 2015;595
530 Billund;TOT Total;H80 H80 PhD programs;TOT Age, total;TOT Total;2015 2015;35
530 Billund;TOT Total;TOT Total;TOT Age, total;TOT Total;2015 2015;18147
540 Sønderborg;TOT Total;H40 H40 Short cycle higher education;TOT Age, total;TOT Total;2015 2015;2546
540 Sønderborg;TOT Total;H50 H50 Vocational bachelors educations;TOT Age, total;TOT Total;2015 2015;7139
540 Sønderborg;TOT Total;H60 H60 Bachelors programs;TOT Age, total;TOT Total;2015 2015;539
540 Sønderborg;TOT Total;H70 H70 Masters programs;TOT Age, total;TOT Total;2015 2015;2505
540 Sønderborg;TOT Total;H80 H80 PhD programs;TOT Age, total;TOT Total;2015 2015;164
540 Sønderborg;TOT Total;TOT Total;TOT Age, total;TOT Total;2015 2015;50400
550 Tønder;TOT Total;H40 H40 Short cycle higher education;TOT Age, total;TOT Total;2015 2015;1029
550 Tønder;TOT Total;H50 H50 Vocational bachelors educations;TOT Age, total;TOT Total;2015 2015;2846
550 Tønder;TOT Total;H60 H60 Bachelors programs;TOT Age, total;TOT Total;2015 2015;98
550 Tønder;TOT Total;H70 H70 Masters programs;TOT Age, total;TOT Total;2015 2015;712
550 Tønder;TOT Total;H80 H80 PhD programs;TOT Age, total;TOT Total;2015 2015;31
550 Tønder;TOT Total;TOT Total;TOT Age, total;TOT Total;2015 2015;26063
561 Esbjerg;TOT Total;H40 H40 Short cycle higher education;TOT Age, total;TOT Total;2015 2015;3727
561 Esbjerg;TOT Total;H50 H50 Vocational bachelors educations;TOT Age, total;TOT Total;2015 2015;12903
561 Esbjerg;TOT Total;H60 H60 Bachelors programs;TOT Age, total;TOT Total;2015 2015;926
561 Esbjerg;TOT Total;H70 H70 Masters programs;TOT Age, total;TOT Total;2015 2015;3444
561 Esbjerg;TOT Total;H80 H80 PhD programs;TOT Age, total;TOT Total;2015 2015;194
561 Esbjerg;TOT Total;TOT Total;TOT Age, total;TOT Total;2015 2015;81662
563 Fanø;TOT Total;H40 H40 Short cycle higher education;TOT Age, total;TOT Total;2015 2015;134
563 Fanø;TOT Total;H50 H50 Vocational bachelors educations;TOT Age, total;TOT Total;2015 2015;536
563 Fanø;TOT Total;H60 H60 Bachelors programs;TOT Age, total;TOT Total;2015 2015;24
563 Fanø;TOT Total;H70 H70 Masters programs;TOT Age, total;TOT Total;2015 2015;154
563 Fanø;TOT Total;H80 H80 PhD programs;TOT Age, total;TOT Total;2015 2015;7
563 Fanø;TOT Total;TOT Total;TOT Age, total;TOT Total;2015 2015;2179
573 Varde;TOT Total;H40 H40 Short cycle higher education;TOT Age, total;TOT Total;2015 2015;1501
573 Varde;TOT Total;H50 H50 Vocational bachelors educations;TOT Age, total;TOT Total;2015 2015;4323
573 Varde;TOT Total;H60 H60 Bachelors programs;TOT Age, total;TOT Total;2015 2015;176
573 Varde;TOT Total;H70 H70 Masters programs;TOT Age, total;TOT Total;2015 2015;1048
573 Varde;TOT Total;H80 H80 PhD programs;TOT Age, total;TOT Total;2015 2015;55
573 Varde;TOT Total;TOT Total;TOT Age, total;TOT Total;2015 2015;34419
575 Vejen;TOT Total;H40 H40 Short cycle higher education;TOT Age, total;TOT Total;2015 2015;1289
575 Vejen;TOT Total;H50 H50 Vocational bachelors educations;TOT Age, total;TOT Total;2015 2015;3317
575 Vejen;TOT Total;H60 H60 Bachelors programs;TOT Age, total;TOT Total;2015 2015;185
575 Vejen;TOT Total;H70 H70 Masters programs;TOT Age, total;TOT Total;2015 2015;931
575 Vejen;TOT Total;H80 H80 PhD programs;TOT Age, total;TOT Total;2015 2015;34
575 Vejen;TOT Total;TOT Total;TOT Age, total;TOT Total;2015 2015;29119
580 Aabenraa;TOT Total;H40 H40 Short cycle higher education;TOT Age, total;TOT Total;2015 2015;1665
580 Aabenraa;TOT Total;H50 H50 Vocational bachelors educations;TOT Age, total;TOT Total;2015 2015;4883
580 Aabenraa;TOT Total;H60 H60 Bachelors programs;TOT Age, total;TOT Total;2015 2015;242
580 Aabenraa;TOT Total;H70 H70 Masters programs;TOT Age, total;TOT Total;2015 2015;1493
580 Aabenraa;TOT Total;H80 H80 PhD programs;TOT Age, total;TOT Total;2015 2015;66
580 Aabenraa;TOT Total;TOT Total;TOT Age, total;TOT Total;2015 2015;40477
607 Fredericia;TOT Total;H40 H40 Short cycle higher education;TOT Age, total;TOT Total;2015 2015;1547
607 Fredericia;TOT Total;H50 H50 Vocational bachelors educations;TOT Age, total;TOT Total;2015 2015;4749
607 Fredericia;TOT Total;H60 H60 Bachelors programs;TOT Age, total;TOT Total;2015 2015;341
607 Fredericia;TOT Total;H70 H70 Masters programs;TOT Age, total;TOT Total;2015 2015;1507
607 Fredericia;TOT Total;H80 H80 PhD programs;TOT Age, total;TOT Total;2015 2015;94
607 Fredericia;TOT Total;TOT Total;TOT Age, total;TOT Total;2015 2015;34992
615 Horsens;TOT Total;H40 H40 Short cycle higher education;TOT Age, total;TOT Total;2015 2015;3421
615 Horsens;TOT Total;H50 H50 Vocational bachelors educations;TOT Age, total;TOT Total;2015 2015;9447
615 Horsens;TOT Total;H60 H60 Bachelors programs;TOT Age, total;TOT Total;2015 2015;538
615 Horsens;TOT Total;H70 H70 Masters programs;TOT Age, total;TOT Total;2015 2015;2862
615 Horsens;TOT Total;H80 H80 PhD programs;TOT Age, total;TOT Total;2015 2015;160
615 Horsens;TOT Total;TOT Total;TOT Age, total;TOT Total;2015 2015;61545
621 Kolding;TOT Total;H40 H40 Short cycle higher education;TOT Age, total;TOT Total;2015 2015;3456
621 Kolding;TOT Total;H50 H50 Vocational bachelors educations;TOT Age, total;TOT Total;2015 2015;9258
621 Kolding;TOT Total;H60 H60 Bachelors programs;TOT Age, total;TOT Total;2015 2015;1016
621 Kolding;TOT Total;H70 H70 Masters programs;TOT Age, total;TOT Total;2015 2015;3812
621 Kolding;TOT Total;H80 H80 PhD programs;TOT Age, total;TOT Total;2015 2015;174
621 Kolding;TOT Total;TOT Total;TOT Age, total;TOT Total;2015 2015;63982
630 Vejle;TOT Total;H40 H40 Short cycle higher education;TOT Age, total;TOT Total;2015 2015;3972
630 Vejle;TOT Total;H50 H50 Vocational bachelors educations;TOT Age, total;TOT Total;2015 2015;12305
630 Vejle;TOT Total;H60 H60 Bachelors programs;TOT Age, total;TOT Total;2015 2015;738
630 Vejle;TOT Total;H70 H70 Masters programs;TOT Age, total;TOT Total;2015 2015;4803
630 Vejle;TOT Total;H80 H80 PhD programs;TOT Age, total;TOT Total;2015 2015;223
630 Vejle;TOT Total;TOT Total;TOT Age, total;TOT Total;2015 2015;77270
657 Herning;TOT Total;H40 H40 Short cycle higher education;TOT Age, total;TOT Total;2015 2015;3464
657 Herning;TOT Total;H50 H50 Vocational bachelors educations;TOT Age, total;TOT Total;2015 2015;8402
657 Herning;TOT Total;H60 H60 Bachelors programs;TOT Age, total;TOT Total;2015 2015;660
657 Herning;TOT Total;H70 H70 Masters programs;TOT Age, total;TOT Total;2015 2015;2292
657 Herning;TOT Total;H80 H80 PhD programs;TOT Age, total;TOT Total;2015 2015;105
657 Herning;TOT Total;TOT Total;TOT Age, total;TOT Total;2015 2015;60952
661 Holstebro;TOT Total;H40 H40 Short cycle higher education;TOT Age, total;TOT Total;2015 2015;1829
661 Holstebro;TOT Total;H50 H50 Vocational bachelors educations;TOT Age, total;TOT Total;2015 2015;6278
661 Holstebro;TOT Total;H60 H60 Bachelors programs;TOT Age, total;TOT Total;2015 2015;229
661 Holstebro;TOT Total;H70 H70 Masters programs;TOT Age, total;TOT Total;2015 2015;1651
661 Holstebro;TOT Total;H80 H80 PhD programs;TOT Age, total;TOT Total;2015 2015;50
661 Holstebro;TOT Total;TOT Total;TOT Age, total;TOT Total;2015 2015;39764
665 Lemvig;TOT Total;H40 H40 Short cycle higher education;TOT Age, total;TOT Total;2015 2015;427
665 Lemvig;TOT Total;H50 H50 Vocational bachelors educations;TOT Age, total;TOT Total;2015 2015;1814
665 Lemvig;TOT Total;H60 H60 Bachelors programs;TOT Age, total;TOT Total;2015 2015;61
665 Lemvig;TOT Total;H70 H70 Masters programs;TOT Age, total;TOT Total;2015 2015;449
665 Lemvig;TOT Total;H80 H80 PhD programs;TOT Age, total;TOT Total;2015 2015;36
665 Lemvig;TOT Total;TOT Total;TOT Age, total;TOT Total;2015 2015;13987
671 Struer;TOT Total;H40 H40 Short cycle higher education;TOT Age, total;TOT Total;2015 2015;538
671 Struer;TOT Total;H50 H50 Vocational bachelors educations;TOT Age, total;TOT Total;2015 2015;1986
671 Struer;TOT Total;H60 H60 Bachelors programs;TOT Age, total;TOT Total;2015 2015;80
671 Struer;TOT Total;H70 H70 Masters programs;TOT Age, total;TOT Total;2015 2015;470
671 Struer;TOT Total;H80 H80 PhD programs;TOT Age, total;TOT Total;2015 2015;23
671 Struer;TOT Total;TOT Total;TOT Age, total;TOT Total;2015 2015;14601
706 Syddjurs;TOT Total;H40 H40 Short cycle higher education;TOT Age, total;TOT Total;2015 2015;1302
706 Syddjurs;TOT Total;H50 H50 Vocational bachelors educations;TOT Age, total;TOT Total;2015 2015;4126
706 Syddjurs;TOT Total;H60 H60 Bachelors programs;TOT Age, total;TOT Total;2015 2015;306
706 Syddjurs;TOT Total;H70 H70 Masters programs;TOT Age, total;TOT Total;2015 2015;1599
706 Syddjurs;TOT Total;H80 H80 PhD programs;TOT Age, total;TOT Total;2015 2015;121
706 Syddjurs;TOT Total;TOT Total;TOT Age, total;TOT Total;2015 2015;28583
707 Norddjurs;TOT Total;H40 H40 Short cycle higher education;TOT Age, total;TOT Total;2015 2015;923
707 Norddjurs;TOT Total;H50 H50 Vocational bachelors educations;TOT Age, total;TOT Total;2015 2015;2770
707 Norddjurs;TOT Total;H60 H60 Bachelors programs;TOT Age, total;TOT Total;2015 2015;127
707 Norddjurs;TOT Total;H70 H70 Masters programs;TOT Age, total;TOT Total;2015 2015;631
707 Norddjurs;TOT Total;H80 H80 PhD programs;TOT Age, total;TOT Total;2015 2015;35
707 Norddjurs;TOT Total;TOT Total;TOT Age, total;TOT Total;2015 2015;26717
710 Favrskov;TOT Total;H40 H40 Short cycle higher education;TOT Age, total;TOT Total;2015 2015;1824
710 Favrskov;TOT Total;H50 H50 Vocational bachelors educations;TOT Age, total;TOT Total;2015 2015;4747
710 Favrskov;TOT Total;H60 H60 Bachelors programs;TOT Age, total;TOT Total;2015 2015;336
710 Favrskov;TOT Total;H70 H70 Masters programs;TOT Age, total;TOT Total;2015 2015;2306
710 Favrskov;TOT Total;H80 H80 PhD programs;TOT Age, total;TOT Total;2015 2015;242
710 Favrskov;TOT Total;TOT Total;TOT Age, total;TOT Total;2015 2015;32383
727 Odder;TOT Total;H40 H40 Short cycle higher education;TOT Age, total;TOT Total;2015 2015;767
727 Odder;TOT Total;H50 H50 Vocational bachelors educations;TOT Age, total;TOT Total;2015 2015;2389
727 Odder;TOT Total;H60 H60 Bachelors programs;TOT Age, total;TOT Total;2015 2015;165
727 Odder;TOT Total;H70 H70 Masters programs;TOT Age, total;TOT Total;2015 2015;966
727 Odder;TOT Total;H80 H80 PhD programs;TOT Age, total;TOT Total;2015 2015;65
727 Odder;TOT Total;TOT Total;TOT Age, total;TOT Total;2015 2015;15109
730 Randers;TOT Total;H40 H40 Short cycle higher education;TOT Age, total;TOT Total;2015 2015;3816
730 Randers;TOT Total;H50 H50 Vocational bachelors educations;TOT Age, total;TOT Total;2015 2015;8527
730 Randers;TOT Total;H60 H60 Bachelors programs;TOT Age, total;TOT Total;2015 2015;591
730 Randers;TOT Total;H70 H70 Masters programs;TOT Age, total;TOT Total;2015 2015;2774
730 Randers;TOT Total;H80 H80 PhD programs;TOT Age, total;TOT Total;2015 2015;165
730 Randers;TOT Total;TOT Total;TOT Age, total;TOT Total;2015 2015;68021
740 Silkeborg;TOT Total;H40 H40 Short cycle higher education;TOT Age, total;TOT Total;2015 2015;3445
740 Silkeborg;TOT Total;H50 H50 Vocational bachelors educations;TOT Age, total;TOT Total;2015 2015;10076
740 Silkeborg;TOT Total;H60 H60 Bachelors programs;TOT Age, total;TOT Total;2015 2015;629
740 Silkeborg;TOT Total;H70 H70 Masters programs;TOT Age, total;TOT Total;2015 2015;3789
740 Silkeborg;TOT Total;H80 H80 PhD programs;TOT Age, total;TOT Total;2015 2015;219
740 Silkeborg;TOT Total;TOT Total;TOT Age, total;TOT Total;2015 2015;62476
741 Samsø;TOT Total;H40 H40 Short cycle higher education;TOT Age, total;TOT Total;2015 2015;87
741 Samsø;TOT Total;H50 H50 Vocational bachelors educations;TOT Age, total;TOT Total;2015 2015;350
741 Samsø;TOT Total;H60 H60 Bachelors programs;TOT Age, total;TOT Total;2015 2015;33
741 Samsø;TOT Total;H70 H70 Masters programs;TOT Age, total;TOT Total;2015 2015;115
741 Samsø;TOT Total;H80 H80 PhD programs;TOT Age, total;TOT Total;2015 2015;2
741 Samsø;TOT Total;TOT Total;TOT Age, total;TOT Total;2015 2015;2462
746 Skanderborg;TOT Total;H40 H40 Short cycle higher education;TOT Age, total;TOT Total;2015 2015;2465
746 Skanderborg;TOT Total;H50 H50 Vocational bachelors educations;TOT Age, total;TOT Total;2015 2015;6568
746 Skanderborg;TOT Total;H60 H60 Bachelors programs;TOT Age, total;TOT Total;2015 2015;501
746 Skanderborg;TOT Total;H70 H70 Masters programs;TOT Age, total;TOT Total;2015 2015;3762
746 Skanderborg;TOT Total;H80 H80 PhD programs;TOT Age, total;TOT Total;2015 2015;311
746 Skanderborg;TOT Total;TOT Total;TOT Age, total;TOT Total;2015 2015;40517
751 Aarhus;TOT Total;H40 H40 Short cycle higher education;TOT Age, total;TOT Total;2015 2015;11809
751 Aarhus;TOT Total;H50 H50 Vocational bachelors educations;TOT Age, total;TOT Total;2015 2015;39256
751 Aarhus;TOT Total;H60 H60 Bachelors programs;TOT Age, total;TOT Total;2015 2015;13445
751 Aarhus;TOT Total;H70 H70 Masters programs;TOT Age, total;TOT Total;2015 2015;32185
751 Aarhus;TOT Total;H80 H80 PhD programs;TOT Age, total;TOT Total;2015 2015;3546
751 Aarhus;TOT Total;TOT Total;TOT Age, total;TOT Total;2015 2015;247375
756 Ikast-Brande;TOT Total;H40 H40 Short cycle higher education;TOT Age, total;TOT Total;2015 2015;1357
756 Ikast-Brande;TOT Total;H50 H50 Vocational bachelors educations;TOT Age, total;TOT Total;2015 2015;3147
756 Ikast-Brande;TOT Total;H60 H60 Bachelors programs;TOT Age, total;TOT Total;2015 2015;174
756 Ikast-Brande;TOT Total;H70 H70 Masters programs;TOT Age, total;TOT Total;2015 2015;948
756 Ikast-Brande;TOT Total;H80 H80 PhD programs;TOT Age, total;TOT Total;2015 2015;81
756 Ikast-Brande;TOT Total;TOT Total;TOT Age, total;TOT Total;2015 2015;28087
760 Ringkøbing-Skjern;TOT Total;H40 H40 Short cycle higher education;TOT Age, total;TOT Total;2015 2015;1621
760 Ringkøbing-Skjern;TOT Total;H50 H50 Vocational bachelors educations;TOT Age, total;TOT Total;2015 2015;4739
760 Ringkøbing-Skjern;TOT Total;H60 H60 Bachelors programs;TOT Age, total;TOT Total;2015 2015;193
760 Ringkøbing-Skjern;TOT Total;H70 H70 Masters programs;TOT Age, total;TOT Total;2015 2015;1259
760 Ringkøbing-Skjern;TOT Total;H80 H80 PhD programs;TOT Age, total;TOT Total;2015 2015;48
760 Ringkøbing-Skjern;TOT Total;TOT Total;TOT Age, total;TOT Total;2015 2015;38777
766 Hedensted;TOT Total;H40 H40 Short cycle higher education;TOT Age, total;TOT Total;2015 2015;1662
766 Hedensted;TOT Total;H50 H50 Vocational bachelors educations;TOT Age, total;TOT Total;2015 2015;3954
766 Hedensted;TOT Total;H60 H60 Bachelors programs;TOT Age, total;TOT Total;2015 2015;172
766 Hedensted;TOT Total;H70 H70 Masters programs;TOT Age, total;TOT Total;2015 2015;931
766 Hedensted;TOT Total;H80 H80 PhD programs;TOT Age, total;TOT Total;2015 2015;39
766 Hedensted;TOT Total;TOT Total;TOT Age, total;TOT Total;2015 2015;31579
773 Morsø;TOT Total;H40 H40 Short cycle higher education;TOT Age, total;TOT Total;2015 2015;474
773 Morsø;TOT Total;H50 H50 Vocational bachelors educations;TOT Age, total;TOT Total;2015 2015;1495
773 Morsø;TOT Total;H60 H60 Bachelors programs;TOT Age, total;TOT Total;2015 2015;56
773 Morsø;TOT Total;H70 H70 Masters programs;TOT Age, total;TOT Total;2015 2015;332
773 Morsø;TOT Total;H80 H80 PhD programs;TOT Age, total;TOT Total;2015 2015;11
773 Morsø;TOT Total;TOT Total;TOT Age, total;TOT Total;2015 2015;14103
779 Skive;TOT Total;H40 H40 Short cycle higher education;TOT Age, total;TOT Total;2015 2015;1384
779 Skive;TOT Total;H50 H50 Vocational bachelors educations;TOT Age, total;TOT Total;2015 2015;4267
779 Skive;TOT Total;H60 H60 Bachelors programs;TOT Age, total;TOT Total;2015 2015;127
779 Skive;TOT Total;H70 H70 Masters programs;TOT Age, total;TOT Total;2015 2015;947
779 Skive;TOT Total;H80 H80 PhD programs;TOT Age, total;TOT Total;2015 2015;33
779 Skive;TOT Total;TOT Total;TOT Age, total;TOT Total;2015 2015;31943
787 Thisted;TOT Total;H40 H40 Short cycle higher education;TOT Age, total;TOT Total;2015 2015;1167
787 Thisted;TOT Total;H50 H50 Vocational bachelors educations;TOT Age, total;TOT Total;2015 2015;3452
787 Thisted;TOT Total;H60 H60 Bachelors programs;TOT Age, total;TOT Total;2015 2015;131
787 Thisted;TOT Total;H70 H70 Masters programs;TOT Age, total;TOT Total;2015 2015;962
787 Thisted;TOT Total;H80 H80 PhD programs;TOT Age, total;TOT Total;2015 2015;29
787 Thisted;TOT Total;TOT Total;TOT Age, total;TOT Total;2015 2015;30234
791 Viborg;TOT Total;H40 H40 Short cycle higher education;TOT Age, total;TOT Total;2015 2015;3250
791 Viborg;TOT Total;H50 H50 Vocational bachelors educations;TOT Age, total;TOT Total;2015 2015;9560
791 Viborg;TOT Total;H60 H60 Bachelors programs;TOT Age, total;TOT Total;2015 2015;419
791 Viborg;TOT Total;H70 H70 Masters programs;TOT Age, total;TOT Total;2015 2015;3661
791 Viborg;TOT Total;H80 H80 PhD programs;TOT Age, total;TOT Total;2015 2015;328
791 Viborg;TOT Total;TOT Total;TOT Age, total;TOT Total;2015 2015;66046
810 Brønderslev;TOT Total;H40 H40 Short cycle higher education;TOT Age, total;TOT Total;2015 2015;984
810 Brønderslev;TOT Total;H50 H50 Vocational bachelors educations;TOT Age, total;TOT Total;2015 2015;3333
810 Brønderslev;TOT Total;H60 H60 Bachelors programs;TOT Age, total;TOT Total;2015 2015;146
810 Brønderslev;TOT Total;H70 H70 Masters programs;TOT Age, total;TOT Total;2015 2015;913
810 Brønderslev;TOT Total;H80 H80 PhD programs;TOT Age, total;TOT Total;2015 2015;48
810 Brønderslev;TOT Total;TOT Total;TOT Age, total;TOT Total;2015 2015;24236
813 Frederikshavn;TOT Total;H40 H40 Short cycle higher education;TOT Age, total;TOT Total;2015 2015;1714
813 Frederikshavn;TOT Total;H50 H50 Vocational bachelors educations;TOT Age, total;TOT Total;2015 2015;4953
813 Frederikshavn;TOT Total;H60 H60 Bachelors programs;TOT Age, total;TOT Total;2015 2015;213
813 Frederikshavn;TOT Total;H70 H70 Masters programs;TOT Age, total;TOT Total;2015 2015;1138
813 Frederikshavn;TOT Total;H80 H80 PhD programs;TOT Age, total;TOT Total;2015 2015;42
813 Frederikshavn;TOT Total;TOT Total;TOT Age, total;TOT Total;2015 2015;41385
820 Vesthimmerlands;TOT Total;H40 H40 Short cycle higher education;TOT Age, total;TOT Total;2015 2015;995
820 Vesthimmerlands;TOT Total;H50 H50 Vocational bachelors educations;TOT Age, total;TOT Total;2015 2015;3023
820 Vesthimmerlands;TOT Total;H60 H60 Bachelors programs;TOT Age, total;TOT Total;2015 2015;98
820 Vesthimmerlands;TOT Total;H70 H70 Masters programs;TOT Age, total;TOT Total;2015 2015;691
820 Vesthimmerlands;TOT Total;H80 H80 PhD programs;TOT Age, total;TOT Total;2015 2015;33
820 Vesthimmerlands;TOT Total;TOT Total;TOT Age, total;TOT Total;2015 2015;25496
825 Læsø;TOT Total;H40 H40 Short cycle higher education;TOT Age, total;TOT Total;2015 2015;34
825 Læsø;TOT Total;H50 H50 Vocational bachelors educations;TOT Age, total;TOT Total;2015 2015;136
825 Læsø;TOT Total;H60 H60 Bachelors programs;TOT Age, total;TOT Total;2015 2015;7
825 Læsø;TOT Total;H70 H70 Masters programs;TOT Age, total;TOT Total;2015 2015;40
825 Læsø;TOT Total;TOT Total;TOT Age, total;TOT Total;2015 2015;1201
840 Rebild;TOT Total;H40 H40 Short cycle higher education;TOT Age, total;TOT Total;2015 2015;928
840 Rebild;TOT Total;H50 H50 Vocational bachelors educations;TOT Age, total;TOT Total;2015 2015;2788
840 Rebild;TOT Total;H60 H60 Bachelors programs;TOT Age, total;TOT Total;2015 2015;196
840 Rebild;TOT Total;H70 H70 Masters programs;TOT Age, total;TOT Total;2015 2015;1399
840 Rebild;TOT Total;H80 H80 PhD programs;TOT Age, total;TOT Total;2015 2015;108
840 Rebild;TOT Total;TOT Total;TOT Age, total;TOT Total;2015 2015;19678
846 Mariagerfjord;TOT Total;H40 H40 Short cycle higher education;TOT Age, total;TOT Total;2015 2015;1284
846 Mariagerfjord;TOT Total;H50 H50 Vocational bachelors educations;TOT Age, total;TOT Total;2015 2015;3631
846 Mariagerfjord;TOT Total;H60 H60 Bachelors programs;TOT Age, total;TOT Total;2015 2015;181
846 Mariagerfjord;TOT Total;H70 H70 Masters programs;TOT Age, total;TOT Total;2015 2015;1111
846 Mariagerfjord;TOT Total;H80 H80 PhD programs;TOT Age, total;TOT Total;2015 2015;57
846 Mariagerfjord;TOT Total;TOT Total;TOT Age, total;TOT Total;2015 2015;29197
849 Jammerbugt;TOT Total;H40 H40 Short cycle higher education;TOT Age, total;TOT Total;2015 2015;1014
849 Jammerbugt;TOT Total;H50 H50 Vocational bachelors educations;TOT Age, total;TOT Total;2015 2015;3132
849 Jammerbugt;TOT Total;H60 H60 Bachelors programs;TOT Age, total;TOT Total;2015 2015;190
849 Jammerbugt;TOT Total;H70 H70 Masters programs;TOT Age, total;TOT Total;2015 2015;857
849 Jammerbugt;TOT Total;H80 H80 PhD programs;TOT Age, total;TOT Total;2015 2015;35
849 Jammerbugt;TOT Total;TOT Total;TOT Age, total;TOT Total;2015 2015;26272
851 Aalborg;TOT Total;H40 H40 Short cycle higher education;TOT Age, total;TOT Total;2015 2015;7194
851 Aalborg;TOT Total;H50 H50 Vocational bachelors educations;TOT Age, total;TOT Total;2015 2015;21673
851 Aalborg;TOT Total;H60 H60 Bachelors programs;TOT Age, total;TOT Total;2015 2015;5490
851 Aalborg;TOT Total;H70 H70 Masters programs;TOT Age, total;TOT Total;2015 2015;13724
851 Aalborg;TOT Total;H80 H80 PhD programs;TOT Age, total;TOT Total;2015 2015;1103
851 Aalborg;TOT Total;TOT Total;TOT Age, total;TOT Total;2015 2015;152973
860 Hjørring;TOT Total;H40 H40 Short cycle higher education;TOT Age, total;TOT Total;2015 2015;1726
860 Hjørring;TOT Total;H50 H50 Vocational bachelors educations;TOT Age, total;TOT Total;2015 2015;6367
860 Hjørring;TOT Total;H60 H60 Bachelors programs;TOT Age, total;TOT Total;2015 2015;256
860 Hjørring;TOT Total;H70 H70 Masters programs;TOT Age, total;TOT Total;2015 2015;1494
860 Hjørring;TOT Total;H80 H80 PhD programs;TOT Age, total;TOT Total;2015 2015;71
860 Hjørring;TOT Total;TOT Total;TOT Age, total;TOT Total;2015 2015;45012
000 All Denmark;TOT Total;H40 H40 Short cycle higher education;TOT Age, total;TOT Total;2016 2016;193968
000 All Denmark;TOT Total;H50 H50 Vocational bachelors educations;TOT Age, total;TOT Total;2016 2016;585097
000 All Denmark;TOT Total;H60 H60 Bachelors programs;TOT Age, total;TOT Total;2016 2016;95758
000 All Denmark;TOT Total;H70 H70 Masters programs;TOT Age, total;TOT Total;2016 2016;366273
000 All Denmark;TOT Total;H80 H80 PhD programs;TOT Age, total;TOT Total;2016 2016;33065
000 All Denmark;TOT Total;TOT Total;TOT Age, total;TOT Total;2016 2016;4027369
101 Copenhagen;TOT Total;H40 H40 Short cycle higher education;TOT Age, total;TOT Total;2016 2016;21321
101 Copenhagen;TOT Total;H50 H50 Vocational bachelors educations;TOT Age, total;TOT Total;2016 2016;70674
101 Copenhagen;TOT Total;H60 H60 Bachelors programs;TOT Age, total;TOT Total;2016 2016;33577
101 Copenhagen;TOT Total;H70 H70 Masters programs;TOT Age, total;TOT Total;2016 2016;94610
101 Copenhagen;TOT Total;H80 H80 PhD programs;TOT Age, total;TOT Total;2016 2016;8420
101 Copenhagen;TOT Total;TOT Total;TOT Age, total;TOT Total;2016 2016;468636
147 Frederiksberg;TOT Total;H40 H40 Short cycle higher education;TOT Age, total;TOT Total;2016 2016;3493
147 Frederiksberg;TOT Total;H50 H50 Vocational bachelors educations;TOT Age, total;TOT Total;2016 2016;12290
147 Frederiksberg;TOT Total;H60 H60 Bachelors programs;TOT Age, total;TOT Total;2016 2016;5100
147 Frederiksberg;TOT Total;H70 H70 Masters programs;TOT Age, total;TOT Total;2016 2016;19570
147 Frederiksberg;TOT Total;H80 H80 PhD programs;TOT Age, total;TOT Total;2016 2016;1833
147 Frederiksberg;TOT Total;TOT Total;TOT Age, total;TOT Total;2016 2016;76698
151 Ballerup;TOT Total;H40 H40 Short cycle higher education;TOT Age, total;TOT Total;2016 2016;1572
151 Ballerup;TOT Total;H50 H50 Vocational bachelors educations;TOT Age, total;TOT Total;2016 2016;4496
151 Ballerup;TOT Total;H60 H60 Bachelors programs;TOT Age, total;TOT Total;2016 2016;391
151 Ballerup;TOT Total;H70 H70 Masters programs;TOT Age, total;TOT Total;2016 2016;2622
151 Ballerup;TOT Total;H80 H80 PhD programs;TOT Age, total;TOT Total;2016 2016;371
151 Ballerup;TOT Total;TOT Total;TOT Age, total;TOT Total;2016 2016;32312
153 Brøndby;TOT Total;H40 H40 Short cycle higher education;TOT Age, total;TOT Total;2016 2016;1134
153 Brøndby;TOT Total;H50 H50 Vocational bachelors educations;TOT Age, total;TOT Total;2016 2016;2687
153 Brøndby;TOT Total;H60 H60 Bachelors programs;TOT Age, total;TOT Total;2016 2016;335
153 Brøndby;TOT Total;H70 H70 Masters programs;TOT Age, total;TOT Total;2016 2016;1317
153 Brøndby;TOT Total;H80 H80 PhD programs;TOT Age, total;TOT Total;2016 2016;100
153 Brøndby;TOT Total;TOT Total;TOT Age, total;TOT Total;2016 2016;24515
155 Dragør;TOT Total;H40 H40 Short cycle higher education;TOT Age, total;TOT Total;2016 2016;571
155 Dragør;TOT Total;H50 H50 Vocational bachelors educations;TOT Age, total;TOT Total;2016 2016;1410
155 Dragør;TOT Total;H60 H60 Bachelors programs;TOT Age, total;TOT Total;2016 2016;163
155 Dragør;TOT Total;H70 H70 Masters programs;TOT Age, total;TOT Total;2016 2016;1138
155 Dragør;TOT Total;H80 H80 PhD programs;TOT Age, total;TOT Total;2016 2016;75
155 Dragør;TOT Total;TOT Total;TOT Age, total;TOT Total;2016 2016;9147
157 Gentofte;TOT Total;H40 H40 Short cycle higher education;TOT Age, total;TOT Total;2016 2016;2480
157 Gentofte;TOT Total;H50 H50 Vocational bachelors educations;TOT Age, total;TOT Total;2016 2016;8834
157 Gentofte;TOT Total;H60 H60 Bachelors programs;TOT Age, total;TOT Total;2016 2016;1765
157 Gentofte;TOT Total;H70 H70 Masters programs;TOT Age, total;TOT Total;2016 2016;13386
157 Gentofte;TOT Total;H80 H80 PhD programs;TOT Age, total;TOT Total;2016 2016;1446
157 Gentofte;TOT Total;TOT Total;TOT Age, total;TOT Total;2016 2016;51503
159 Gladsaxe;TOT Total;H40 H40 Short cycle higher education;TOT Age, total;TOT Total;2016 2016;2318
159 Gladsaxe;TOT Total;H50 H50 Vocational bachelors educations;TOT Age, total;TOT Total;2016 2016;7548
159 Gladsaxe;TOT Total;H60 H60 Bachelors programs;TOT Age, total;TOT Total;2016 2016;1153
159 Gladsaxe;TOT Total;H70 H70 Masters programs;TOT Age, total;TOT Total;2016 2016;6733
159 Gladsaxe;TOT Total;H80 H80 PhD programs;TOT Age, total;TOT Total;2016 2016;956
159 Gladsaxe;TOT Total;TOT Total;TOT Age, total;TOT Total;2016 2016;47816
161 Glostrup;TOT Total;H40 H40 Short cycle higher education;TOT Age, total;TOT Total;2016 2016;848
161 Glostrup;TOT Total;H50 H50 Vocational bachelors educations;TOT Age, total;TOT Total;2016 2016;1987
161 Glostrup;TOT Total;H60 H60 Bachelors programs;TOT Age, total;TOT Total;2016 2016;240
161 Glostrup;TOT Total;H70 H70 Masters programs;TOT Age, total;TOT Total;2016 2016;1105
161 Glostrup;TOT Total;H80 H80 PhD programs;TOT Age, total;TOT Total;2016 2016;96
161 Glostrup;TOT Total;TOT Total;TOT Age, total;TOT Total;2016 2016;15593
163 Herlev;TOT Total;H40 H40 Short cycle higher education;TOT Age, total;TOT Total;2016 2016;996
163 Herlev;TOT Total;H50 H50 Vocational bachelors educations;TOT Age, total;TOT Total;2016 2016;2738
163 Herlev;TOT Total;H60 H60 Bachelors programs;TOT Age, total;TOT Total;2016 2016;278
163 Herlev;TOT Total;H70 H70 Masters programs;TOT Age, total;TOT Total;2016 2016;1565
163 Herlev;TOT Total;H80 H80 PhD programs;TOT Age, total;TOT Total;2016 2016;189
163 Herlev;TOT Total;TOT Total;TOT Age, total;TOT Total;2016 2016;19314
165 Albertslund;TOT Total;H40 H40 Short cycle higher education;TOT Age, total;TOT Total;2016 2016;885
165 Albertslund;TOT Total;H50 H50 Vocational bachelors educations;TOT Age, total;TOT Total;2016 2016;2798
165 Albertslund;TOT Total;H60 H60 Bachelors programs;TOT Age, total;TOT Total;2016 2016;420
165 Albertslund;TOT Total;H70 H70 Masters programs;TOT Age, total;TOT Total;2016 2016;1265
165 Albertslund;TOT Total;H80 H80 PhD programs;TOT Age, total;TOT Total;2016 2016;89
165 Albertslund;TOT Total;TOT Total;TOT Age, total;TOT Total;2016 2016;19393
167 Hvidovre;TOT Total;H40 H40 Short cycle higher education;TOT Age, total;TOT Total;2016 2016;1891
167 Hvidovre;TOT Total;H50 H50 Vocational bachelors educations;TOT Age, total;TOT Total;2016 2016;4707
167 Hvidovre;TOT Total;H60 H60 Bachelors programs;TOT Age, total;TOT Total;2016 2016;699
167 Hvidovre;TOT Total;H70 H70 Masters programs;TOT Age, total;TOT Total;2016 2016;2840
167 Hvidovre;TOT Total;H80 H80 PhD programs;TOT Age, total;TOT Total;2016 2016;235
167 Hvidovre;TOT Total;TOT Total;TOT Age, total;TOT Total;2016 2016;36933
169 Høje-Taastrup;TOT Total;H40 H40 Short cycle higher education;TOT Age, total;TOT Total;2016 2016;1851
169 Høje-Taastrup;TOT Total;H50 H50 Vocational bachelors educations;TOT Age, total;TOT Total;2016 2016;4043
169 Høje-Taastrup;TOT Total;H60 H60 Bachelors programs;TOT Age, total;TOT Total;2016 2016;416
169 Høje-Taastrup;TOT Total;H70 H70 Masters programs;TOT Age, total;TOT Total;2016 2016;2246
169 Høje-Taastrup;TOT Total;H80 H80 PhD programs;TOT Age, total;TOT Total;2016 2016;226
169 Høje-Taastrup;TOT Total;TOT Total;TOT Age, total;TOT Total;2016 2016;34974
173 Lyngby-Taarbæk;TOT Total;H40 H40 Short cycle higher education;TOT Age, total;TOT Total;2016 2016;1757
173 Lyngby-Taarbæk;TOT Total;H50 H50 Vocational bachelors educations;TOT Age, total;TOT Total;2016 2016;6474
173 Lyngby-Taarbæk;TOT Total;H60 H60 Bachelors programs;TOT Age, total;TOT Total;2016 2016;1457
173 Lyngby-Taarbæk;TOT Total;H70 H70 Masters programs;TOT Age, total;TOT Total;2016 2016;8483
173 Lyngby-Taarbæk;TOT Total;H80 H80 PhD programs;TOT Age, total;TOT Total;2016 2016;1171
173 Lyngby-Taarbæk;TOT Total;TOT Total;TOT Age, total;TOT Total;2016 2016;37754
175 Rødovre;TOT Total;H40 H40 Short cycle higher education;TOT Age, total;TOT Total;2016 2016;1274
175 Rødovre;TOT Total;H50 H50 Vocational bachelors educations;TOT Age, total;TOT Total;2016 2016;3612
175 Rødovre;TOT Total;H60 H60 Bachelors programs;TOT Age, total;TOT Total;2016 2016;458
175 Rødovre;TOT Total;H70 H70 Masters programs;TOT Age, total;TOT Total;2016 2016;2199
175 Rødovre;TOT Total;H80 H80 PhD programs;TOT Age, total;TOT Total;2016 2016;222
175 Rødovre;TOT Total;TOT Total;TOT Age, total;TOT Total;2016 2016;26354
183 Ishøj;TOT Total;H40 H40 Short cycle higher education;TOT Age, total;TOT Total;2016 2016;729
183 Ishøj;TOT Total;H50 H50 Vocational bachelors educations;TOT Age, total;TOT Total;2016 2016;1637
183 Ishøj;TOT Total;H60 H60 Bachelors programs;TOT Age, total;TOT Total;2016 2016;193
183 Ishøj;TOT Total;H70 H70 Masters programs;TOT Age, total;TOT Total;2016 2016;814
183 Ishøj;TOT Total;H80 H80 PhD programs;TOT Age, total;TOT Total;2016 2016;61
183 Ishøj;TOT Total;TOT Total;TOT Age, total;TOT Total;2016 2016;16076
185 Tårnby;TOT Total;H40 H40 Short cycle higher education;TOT Age, total;TOT Total;2016 2016;1513
185 Tårnby;TOT Total;H50 H50 Vocational bachelors educations;TOT Age, total;TOT Total;2016 2016;3335
185 Tårnby;TOT Total;H60 H60 Bachelors programs;TOT Age, total;TOT Total;2016 2016;379
185 Tårnby;TOT Total;H70 H70 Masters programs;TOT Age, total;TOT Total;2016 2016;1860
185 Tårnby;TOT Total;H80 H80 PhD programs;TOT Age, total;TOT Total;2016 2016;154
185 Tårnby;TOT Total;TOT Total;TOT Age, total;TOT Total;2016 2016;29578
187 Vallensbæk;TOT Total;H40 H40 Short cycle higher education;TOT Age, total;TOT Total;2016 2016;642
187 Vallensbæk;TOT Total;H50 H50 Vocational bachelors educations;TOT Age, total;TOT Total;2016 2016;1424
187 Vallensbæk;TOT Total;H60 H60 Bachelors programs;TOT Age, total;TOT Total;2016 2016;173
187 Vallensbæk;TOT Total;H70 H70 Masters programs;TOT Age, total;TOT Total;2016 2016;944
187 Vallensbæk;TOT Total;H80 H80 PhD programs;TOT Age, total;TOT Total;2016 2016;69
187 Vallensbæk;TOT Total;TOT Total;TOT Age, total;TOT Total;2016 2016;10416
190 Furesø;TOT Total;H40 H40 Short cycle higher education;TOT Age, total;TOT Total;2016 2016;1389
190 Furesø;TOT Total;H50 H50 Vocational bachelors educations;TOT Age, total;TOT Total;2016 2016;4855
190 Furesø;TOT Total;H60 H60 Bachelors programs;TOT Age, total;TOT Total;2016 2016;489
190 Furesø;TOT Total;H70 H70 Masters programs;TOT Age, total;TOT Total;2016 2016;4784
190 Furesø;TOT Total;H80 H80 PhD programs;TOT Age, total;TOT Total;2016 2016;676
190 Furesø;TOT Total;TOT Total;TOT Age, total;TOT Total;2016 2016;26632
201 Allerød;TOT Total;H40 H40 Short cycle higher education;TOT Age, total;TOT Total;2016 2016;967
201 Allerød;TOT Total;H50 H50 Vocational bachelors educations;TOT Age, total;TOT Total;2016 2016;2836
201 Allerød;TOT Total;H60 H60 Bachelors programs;TOT Age, total;TOT Total;2016 2016;266
201 Allerød;TOT Total;H70 H70 Masters programs;TOT Age, total;TOT Total;2016 2016;2673
201 Allerød;TOT Total;H80 H80 PhD programs;TOT Age, total;TOT Total;2016 2016;334
201 Allerød;TOT Total;TOT Total;TOT Age, total;TOT Total;2016 2016;16420
210 Fredensborg;TOT Total;H40 H40 Short cycle higher education;TOT Age, total;TOT Total;2016 2016;1393
210 Fredensborg;TOT Total;H50 H50 Vocational bachelors educations;TOT Age, total;TOT Total;2016 2016;4474
210 Fredensborg;TOT Total;H60 H60 Bachelors programs;TOT Age, total;TOT Total;2016 2016;609
210 Fredensborg;TOT Total;H70 H70 Masters programs;TOT Age, total;TOT Total;2016 2016;3433
210 Fredensborg;TOT Total;H80 H80 PhD programs;TOT Age, total;TOT Total;2016 2016;345
210 Fredensborg;TOT Total;TOT Total;TOT Age, total;TOT Total;2016 2016;27390
217 Helsingør;TOT Total;H40 H40 Short cycle higher education;TOT Age, total;TOT Total;2016 2016;2096
217 Helsingør;TOT Total;H50 H50 Vocational bachelors educations;TOT Age, total;TOT Total;2016 2016;6775
217 Helsingør;TOT Total;H60 H60 Bachelors programs;TOT Age, total;TOT Total;2016 2016;611
217 Helsingør;TOT Total;H70 H70 Masters programs;TOT Age, total;TOT Total;2016 2016;3535
217 Helsingør;TOT Total;H80 H80 PhD programs;TOT Age, total;TOT Total;2016 2016;271
217 Helsingør;TOT Total;TOT Total;TOT Age, total;TOT Total;2016 2016;42417
219 Hillerød;TOT Total;H40 H40 Short cycle higher education;TOT Age, total;TOT Total;2016 2016;1952
219 Hillerød;TOT Total;H50 H50 Vocational bachelors educations;TOT Age, total;TOT Total;2016 2016;5945
219 Hillerød;TOT Total;H60 H60 Bachelors programs;TOT Age, total;TOT Total;2016 2016;464
219 Hillerød;TOT Total;H70 H70 Masters programs;TOT Age, total;TOT Total;2016 2016;3632
219 Hillerød;TOT Total;H80 H80 PhD programs;TOT Age, total;TOT Total;2016 2016;375
219 Hillerød;TOT Total;TOT Total;TOT Age, total;TOT Total;2016 2016;34328
223 Hørsholm;TOT Total;H40 H40 Short cycle higher education;TOT Age, total;TOT Total;2016 2016;894
223 Hørsholm;TOT Total;H50 H50 Vocational bachelors educations;TOT Age, total;TOT Total;2016 2016;2721
223 Hørsholm;TOT Total;H60 H60 Bachelors programs;TOT Age, total;TOT Total;2016 2016;350
223 Hørsholm;TOT Total;H70 H70 Masters programs;TOT Age, total;TOT Total;2016 2016;3134
223 Hørsholm;TOT Total;H80 H80 PhD programs;TOT Age, total;TOT Total;2016 2016;263
223 Hørsholm;TOT Total;TOT Total;TOT Age, total;TOT Total;2016 2016;15817
230 Rudersdal;TOT Total;H40 H40 Short cycle higher education;TOT Age, total;TOT Total;2016 2016;1657
230 Rudersdal;TOT Total;H50 H50 Vocational bachelors educations;TOT Age, total;TOT Total;2016 2016;5984
230 Rudersdal;TOT Total;H60 H60 Bachelors programs;TOT Age, total;TOT Total;2016 2016;1129
230 Rudersdal;TOT Total;H70 H70 Masters programs;TOT Age, total;TOT Total;2016 2016;8631
230 Rudersdal;TOT Total;H80 H80 PhD programs;TOT Age, total;TOT Total;2016 2016;1006
230 Rudersdal;TOT Total;TOT Total;TOT Age, total;TOT Total;2016 2016;36277
240 Egedal;TOT Total;H40 H40 Short cycle higher education;TOT Age, total;TOT Total;2016 2016;1895
240 Egedal;TOT Total;H50 H50 Vocational bachelors educations;TOT Age, total;TOT Total;2016 2016;4343
240 Egedal;TOT Total;H60 H60 Bachelors programs;TOT Age, total;TOT Total;2016 2016;375
240 Egedal;TOT Total;H70 H70 Masters programs;TOT Age, total;TOT Total;2016 2016;2408
240 Egedal;TOT Total;H80 H80 PhD programs;TOT Age, total;TOT Total;2016 2016;309
240 Egedal;TOT Total;TOT Total;TOT Age, total;TOT Total;2016 2016;28941
250 Frederikssund;TOT Total;H40 H40 Short cycle higher education;TOT Age, total;TOT Total;2016 2016;1580
250 Frederikssund;TOT Total;H50 H50 Vocational bachelors educations;TOT Age, total;TOT Total;2016 2016;4483
250 Frederikssund;TOT Total;H60 H60 Bachelors programs;TOT Age, total;TOT Total;2016 2016;270
250 Frederikssund;TOT Total;H70 H70 Masters programs;TOT Age, total;TOT Total;2016 2016;1640
250 Frederikssund;TOT Total;H80 H80 PhD programs;TOT Age, total;TOT Total;2016 2016;154
250 Frederikssund;TOT Total;TOT Total;TOT Age, total;TOT Total;2016 2016;30394
253 Greve;TOT Total;H40 H40 Short cycle higher education;TOT Age, total;TOT Total;2016 2016;1952
253 Greve;TOT Total;H50 H50 Vocational bachelors educations;TOT Age, total;TOT Total;2016 2016;4212
253 Greve;TOT Total;H60 H60 Bachelors programs;TOT Age, total;TOT Total;2016 2016;403
253 Greve;TOT Total;H70 H70 Masters programs;TOT Age, total;TOT Total;2016 2016;2277
253 Greve;TOT Total;H80 H80 PhD programs;TOT Age, total;TOT Total;2016 2016;154
253 Greve;TOT Total;TOT Total;TOT Age, total;TOT Total;2016 2016;33658
259 Køge;TOT Total;H40 H40 Short cycle higher education;TOT Age, total;TOT Total;2016 2016;2239
259 Køge;TOT Total;H50 H50 Vocational bachelors educations;TOT Age, total;TOT Total;2016 2016;5223
259 Køge;TOT Total;H60 H60 Bachelors programs;TOT Age, total;TOT Total;2016 2016;423
259 Køge;TOT Total;H70 H70 Masters programs;TOT Age, total;TOT Total;2016 2016;2167
259 Køge;TOT Total;H80 H80 PhD programs;TOT Age, total;TOT Total;2016 2016;163
259 Køge;TOT Total;TOT Total;TOT Age, total;TOT Total;2016 2016;41460
260 Halsnæs;TOT Total;H40 H40 Short cycle higher education;TOT Age, total;TOT Total;2016 2016;933
260 Halsnæs;TOT Total;H50 H50 Vocational bachelors educations;TOT Age, total;TOT Total;2016 2016;2839
260 Halsnæs;TOT Total;H60 H60 Bachelors programs;TOT Age, total;TOT Total;2016 2016;154
260 Halsnæs;TOT Total;H70 H70 Masters programs;TOT Age, total;TOT Total;2016 2016;879
260 Halsnæs;TOT Total;H80 H80 PhD programs;TOT Age, total;TOT Total;2016 2016;75
260 Halsnæs;TOT Total;TOT Total;TOT Age, total;TOT Total;2016 2016;21300
265 Roskilde;TOT Total;H40 H40 Short cycle higher education;TOT Age, total;TOT Total;2016 2016;3413
265 Roskilde;TOT Total;H50 H50 Vocational bachelors educations;TOT Age, total;TOT Total;2016 2016;9700
265 Roskilde;TOT Total;H60 H60 Bachelors programs;TOT Age, total;TOT Total;2016 2016;1108
265 Roskilde;TOT Total;H70 H70 Masters programs;TOT Age, total;TOT Total;2016 2016;6698
265 Roskilde;TOT Total;H80 H80 PhD programs;TOT Age, total;TOT Total;2016 2016;779
265 Roskilde;TOT Total;TOT Total;TOT Age, total;TOT Total;2016 2016;60369
269 Solrød;TOT Total;H40 H40 Short cycle higher education;TOT Age, total;TOT Total;2016 2016;994
269 Solrød;TOT Total;H50 H50 Vocational bachelors educations;TOT Age, total;TOT Total;2016 2016;2006
269 Solrød;TOT Total;H60 H60 Bachelors programs;TOT Age, total;TOT Total;2016 2016;182
269 Solrød;TOT Total;H70 H70 Masters programs;TOT Age, total;TOT Total;2016 2016;1124
269 Solrød;TOT Total;H80 H80 PhD programs;TOT Age, total;TOT Total;2016 2016;77
269 Solrød;TOT Total;TOT Total;TOT Age, total;TOT Total;2016 2016;14943
270 Gribskov;TOT Total;H40 H40 Short cycle higher education;TOT Age, total;TOT Total;2016 2016;1298
270 Gribskov;TOT Total;H50 H50 Vocational bachelors educations;TOT Age, total;TOT Total;2016 2016;4108
270 Gribskov;TOT Total;H60 H60 Bachelors programs;TOT Age, total;TOT Total;2016 2016;294
270 Gribskov;TOT Total;H70 H70 Masters programs;TOT Age, total;TOT Total;2016 2016;1621
270 Gribskov;TOT Total;H80 H80 PhD programs;TOT Age, total;TOT Total;2016 2016;126
270 Gribskov;TOT Total;TOT Total;TOT Age, total;TOT Total;2016 2016;27715
306 Odsherred;TOT Total;H40 H40 Short cycle higher education;TOT Age, total;TOT Total;2016 2016;738
306 Odsherred;TOT Total;H50 H50 Vocational bachelors educations;TOT Age, total;TOT Total;2016 2016;2695
306 Odsherred;TOT Total;H60 H60 Bachelors programs;TOT Age, total;TOT Total;2016 2016;127
306 Odsherred;TOT Total;H70 H70 Masters programs;TOT Age, total;TOT Total;2016 2016;693
306 Odsherred;TOT Total;H80 H80 PhD programs;TOT Age, total;TOT Total;2016 2016;37
306 Odsherred;TOT Total;TOT Total;TOT Age, total;TOT Total;2016 2016;22164
316 Holbæk;TOT Total;H40 H40 Short cycle higher education;TOT Age, total;TOT Total;2016 2016;2296
316 Holbæk;TOT Total;H50 H50 Vocational bachelors educations;TOT Age, total;TOT Total;2016 2016;7244
316 Holbæk;TOT Total;H60 H60 Bachelors programs;TOT Age, total;TOT Total;2016 2016;394
316 Holbæk;TOT Total;H70 H70 Masters programs;TOT Age, total;TOT Total;2016 2016;2281
316 Holbæk;TOT Total;H80 H80 PhD programs;TOT Age, total;TOT Total;2016 2016;143
316 Holbæk;TOT Total;TOT Total;TOT Age, total;TOT Total;2016 2016;48985
320 Faxe;TOT Total;H40 H40 Short cycle higher education;TOT Age, total;TOT Total;2016 2016;1097
320 Faxe;TOT Total;H50 H50 Vocational bachelors educations;TOT Age, total;TOT Total;2016 2016;3046
320 Faxe;TOT Total;H60 H60 Bachelors programs;TOT Age, total;TOT Total;2016 2016;146
320 Faxe;TOT Total;H70 H70 Masters programs;TOT Age, total;TOT Total;2016 2016;841
320 Faxe;TOT Total;H80 H80 PhD programs;TOT Age, total;TOT Total;2016 2016;46
320 Faxe;TOT Total;TOT Total;TOT Age, total;TOT Total;2016 2016;24900
326 Kalundborg;TOT Total;H40 H40 Short cycle higher education;TOT Age, total;TOT Total;2016 2016;1473
326 Kalundborg;TOT Total;H50 H50 Vocational bachelors educations;TOT Age, total;TOT Total;2016 2016;3762
326 Kalundborg;TOT Total;H60 H60 Bachelors programs;TOT Age, total;TOT Total;2016 2016;152
326 Kalundborg;TOT Total;H70 H70 Masters programs;TOT Age, total;TOT Total;2016 2016;1060
326 Kalundborg;TOT Total;H80 H80 PhD programs;TOT Age, total;TOT Total;2016 2016;83
326 Kalundborg;TOT Total;TOT Total;TOT Age, total;TOT Total;2016 2016;33266
329 Ringsted;TOT Total;H40 H40 Short cycle higher education;TOT Age, total;TOT Total;2016 2016;1325
329 Ringsted;TOT Total;H50 H50 Vocational bachelors educations;TOT Age, total;TOT Total;2016 2016;3034
329 Ringsted;TOT Total;H60 H60 Bachelors programs;TOT Age, total;TOT Total;2016 2016;241
329 Ringsted;TOT Total;H70 H70 Masters programs;TOT Age, total;TOT Total;2016 2016;1225
329 Ringsted;TOT Total;H80 H80 PhD programs;TOT Age, total;TOT Total;2016 2016;108
329 Ringsted;TOT Total;TOT Total;TOT Age, total;TOT Total;2016 2016;24087
330 Slagelse;TOT Total;H40 H40 Short cycle higher education;TOT Age, total;TOT Total;2016 2016;2448
330 Slagelse;TOT Total;H50 H50 Vocational bachelors educations;TOT Age, total;TOT Total;2016 2016;7336
330 Slagelse;TOT Total;H60 H60 Bachelors programs;TOT Age, total;TOT Total;2016 2016;521
330 Slagelse;TOT Total;H70 H70 Masters programs;TOT Age, total;TOT Total;2016 2016;1933
330 Slagelse;TOT Total;H80 H80 PhD programs;TOT Age, total;TOT Total;2016 2016;119
330 Slagelse;TOT Total;TOT Total;TOT Age, total;TOT Total;2016 2016;54806
336 Stevns;TOT Total;H40 H40 Short cycle higher education;TOT Age, total;TOT Total;2016 2016;721
336 Stevns;TOT Total;H50 H50 Vocational bachelors educations;TOT Age, total;TOT Total;2016 2016;1859
336 Stevns;TOT Total;H60 H60 Bachelors programs;TOT Age, total;TOT Total;2016 2016;115
336 Stevns;TOT Total;H70 H70 Masters programs;TOT Age, total;TOT Total;2016 2016;656
336 Stevns;TOT Total;H80 H80 PhD programs;TOT Age, total;TOT Total;2016 2016;57
336 Stevns;TOT Total;TOT Total;TOT Age, total;TOT Total;2016 2016;15291
340 Sorø;TOT Total;H40 H40 Short cycle higher education;TOT Age, total;TOT Total;2016 2016;916
340 Sorø;TOT Total;H50 H50 Vocational bachelors educations;TOT Age, total;TOT Total;2016 2016;2801
340 Sorø;TOT Total;H60 H60 Bachelors programs;TOT Age, total;TOT Total;2016 2016;210
340 Sorø;TOT Total;H70 H70 Masters programs;TOT Age, total;TOT Total;2016 2016;1268
340 Sorø;TOT Total;H80 H80 PhD programs;TOT Age, total;TOT Total;2016 2016;96
340 Sorø;TOT Total;TOT Total;TOT Age, total;TOT Total;2016 2016;20372
350 Lejre;TOT Total;H40 H40 Short cycle higher education;TOT Age, total;TOT Total;2016 2016;1093
350 Lejre;TOT Total;H50 H50 Vocational bachelors educations;TOT Age, total;TOT Total;2016 2016;2758
350 Lejre;TOT Total;H60 H60 Bachelors programs;TOT Age, total;TOT Total;2016 2016;226
350 Lejre;TOT Total;H70 H70 Masters programs;TOT Age, total;TOT Total;2016 2016;1495
350 Lejre;TOT Total;H80 H80 PhD programs;TOT Age, total;TOT Total;2016 2016;184
350 Lejre;TOT Total;TOT Total;TOT Age, total;TOT Total;2016 2016;18534
360 Lolland;TOT Total;H40 H40 Short cycle higher education;TOT Age, total;TOT Total;2016 2016;841
360 Lolland;TOT Total;H50 H50 Vocational bachelors educations;TOT Age, total;TOT Total;2016 2016;2989
360 Lolland;TOT Total;H60 H60 Bachelors programs;TOT Age, total;TOT Total;2016 2016;108
360 Lolland;TOT Total;H70 H70 Masters programs;TOT Age, total;TOT Total;2016 2016;629
360 Lolland;TOT Total;H80 H80 PhD programs;TOT Age, total;TOT Total;2016 2016;27
360 Lolland;TOT Total;TOT Total;TOT Age, total;TOT Total;2016 2016;28577
370 Næstved;TOT Total;H40 H40 Short cycle higher education;TOT Age, total;TOT Total;2016 2016;2702
370 Næstved;TOT Total;H50 H50 Vocational bachelors educations;TOT Age, total;TOT Total;2016 2016;8409
370 Næstved;TOT Total;H60 H60 Bachelors programs;TOT Age, total;TOT Total;2016 2016;410
370 Næstved;TOT Total;H70 H70 Masters programs;TOT Age, total;TOT Total;2016 2016;2266
370 Næstved;TOT Total;H80 H80 PhD programs;TOT Age, total;TOT Total;2016 2016;132
370 Næstved;TOT Total;TOT Total;TOT Age, total;TOT Total;2016 2016;57540
376 Guldborgsund;TOT Total;H40 H40 Short cycle higher education;TOT Age, total;TOT Total;2016 2016;1607
376 Guldborgsund;TOT Total;H50 H50 Vocational bachelors educations;TOT Age, total;TOT Total;2016 2016;5645
376 Guldborgsund;TOT Total;H60 H60 Bachelors programs;TOT Age, total;TOT Total;2016 2016;228
376 Guldborgsund;TOT Total;H70 H70 Masters programs;TOT Age, total;TOT Total;2016 2016;1379
376 Guldborgsund;TOT Total;H80 H80 PhD programs;TOT Age, total;TOT Total;2016 2016;48
376 Guldborgsund;TOT Total;TOT Total;TOT Age, total;TOT Total;2016 2016;41675
390 Vordingborg;TOT Total;H40 H40 Short cycle higher education;TOT Age, total;TOT Total;2016 2016;1240
390 Vordingborg;TOT Total;H50 H50 Vocational bachelors educations;TOT Age, total;TOT Total;2016 2016;4396
390 Vordingborg;TOT Total;H60 H60 Bachelors programs;TOT Age, total;TOT Total;2016 2016;218
390 Vordingborg;TOT Total;H70 H70 Masters programs;TOT Age, total;TOT Total;2016 2016;1230
390 Vordingborg;TOT Total;H80 H80 PhD programs;TOT Age, total;TOT Total;2016 2016;73
390 Vordingborg;TOT Total;TOT Total;TOT Age, total;TOT Total;2016 2016;31223
400 Bornholm;TOT Total;H40 H40 Short cycle higher education;TOT Age, total;TOT Total;2016 2016;896
400 Bornholm;TOT Total;H50 H50 Vocational bachelors educations;TOT Age, total;TOT Total;2016 2016;3547
400 Bornholm;TOT Total;H60 H60 Bachelors programs;TOT Age, total;TOT Total;2016 2016;221
400 Bornholm;TOT Total;H70 H70 Masters programs;TOT Age, total;TOT Total;2016 2016;945
400 Bornholm;TOT Total;H80 H80 PhD programs;TOT Age, total;TOT Total;2016 2016;48
400 Bornholm;TOT Total;TOT Total;TOT Age, total;TOT Total;2016 2016;26694
410 Middelfart;TOT Total;H40 H40 Short cycle higher education;TOT Age, total;TOT Total;2016 2016;1253
410 Middelfart;TOT Total;H50 H50 Vocational bachelors educations;TOT Age, total;TOT Total;2016 2016;3998
410 Middelfart;TOT Total;H60 H60 Bachelors programs;TOT Age, total;TOT Total;2016 2016;235
410 Middelfart;TOT Total;H70 H70 Masters programs;TOT Age, total;TOT Total;2016 2016;1506
410 Middelfart;TOT Total;H80 H80 PhD programs;TOT Age, total;TOT Total;2016 2016;72
410 Middelfart;TOT Total;TOT Total;TOT Age, total;TOT Total;2016 2016;25823
420 Assens;TOT Total;H40 H40 Short cycle higher education;TOT Age, total;TOT Total;2016 2016;1316
420 Assens;TOT Total;H50 H50 Vocational bachelors educations;TOT Age, total;TOT Total;2016 2016;3815
420 Assens;TOT Total;H60 H60 Bachelors programs;TOT Age, total;TOT Total;2016 2016;212
420 Assens;TOT Total;H70 H70 Masters programs;TOT Age, total;TOT Total;2016 2016;1153
420 Assens;TOT Total;H80 H80 PhD programs;TOT Age, total;TOT Total;2016 2016;81
420 Assens;TOT Total;TOT Total;TOT Age, total;TOT Total;2016 2016;28256
430 Faaborg-Midtfyn;TOT Total;H40 H40 Short cycle higher education;TOT Age, total;TOT Total;2016 2016;1668
430 Faaborg-Midtfyn;TOT Total;H50 H50 Vocational bachelors educations;TOT Age, total;TOT Total;2016 2016;4781
430 Faaborg-Midtfyn;TOT Total;H60 H60 Bachelors programs;TOT Age, total;TOT Total;2016 2016;249
430 Faaborg-Midtfyn;TOT Total;H70 H70 Masters programs;TOT Age, total;TOT Total;2016 2016;1339
430 Faaborg-Midtfyn;TOT Total;H80 H80 PhD programs;TOT Age, total;TOT Total;2016 2016;127
430 Faaborg-Midtfyn;TOT Total;TOT Total;TOT Age, total;TOT Total;2016 2016;34430
440 Kerteminde;TOT Total;H40 H40 Short cycle higher education;TOT Age, total;TOT Total;2016 2016;659
440 Kerteminde;TOT Total;H50 H50 Vocational bachelors educations;TOT Age, total;TOT Total;2016 2016;2245
440 Kerteminde;TOT Total;H60 H60 Bachelors programs;TOT Age, total;TOT Total;2016 2016;126
440 Kerteminde;TOT Total;H70 H70 Masters programs;TOT Age, total;TOT Total;2016 2016;632
440 Kerteminde;TOT Total;H80 H80 PhD programs;TOT Age, total;TOT Total;2016 2016;53
440 Kerteminde;TOT Total;TOT Total;TOT Age, total;TOT Total;2016 2016;15912
450 Nyborg;TOT Total;H40 H40 Short cycle higher education;TOT Age, total;TOT Total;2016 2016;989
450 Nyborg;TOT Total;H50 H50 Vocational bachelors educations;TOT Age, total;TOT Total;2016 2016;2972
450 Nyborg;TOT Total;H60 H60 Bachelors programs;TOT Age, total;TOT Total;2016 2016;173
450 Nyborg;TOT Total;H70 H70 Masters programs;TOT Age, total;TOT Total;2016 2016;937
450 Nyborg;TOT Total;H80 H80 PhD programs;TOT Age, total;TOT Total;2016 2016;88
450 Nyborg;TOT Total;TOT Total;TOT Age, total;TOT Total;2016 2016;21714
461 Odense;TOT Total;H40 H40 Short cycle higher education;TOT Age, total;TOT Total;2016 2016;6922
461 Odense;TOT Total;H50 H50 Vocational bachelors educations;TOT Age, total;TOT Total;2016 2016;22962
461 Odense;TOT Total;H60 H60 Bachelors programs;TOT Age, total;TOT Total;2016 2016;5757
461 Odense;TOT Total;H70 H70 Masters programs;TOT Age, total;TOT Total;2016 2016;12151
461 Odense;TOT Total;H80 H80 PhD programs;TOT Age, total;TOT Total;2016 2016;1348
461 Odense;TOT Total;TOT Total;TOT Age, total;TOT Total;2016 2016;145454
479 Svendborg;TOT Total;H40 H40 Short cycle higher education;TOT Age, total;TOT Total;2016 2016;1724
479 Svendborg;TOT Total;H50 H50 Vocational bachelors educations;TOT Age, total;TOT Total;2016 2016;7392
479 Svendborg;TOT Total;H60 H60 Bachelors programs;TOT Age, total;TOT Total;2016 2016;341
479 Svendborg;TOT Total;H70 H70 Masters programs;TOT Age, total;TOT Total;2016 2016;1834
479 Svendborg;TOT Total;H80 H80 PhD programs;TOT Age, total;TOT Total;2016 2016;97
479 Svendborg;TOT Total;TOT Total;TOT Age, total;TOT Total;2016 2016;40295
480 Nordfyns;TOT Total;H40 H40 Short cycle higher education;TOT Age, total;TOT Total;2016 2016;937
480 Nordfyns;TOT Total;H50 H50 Vocational bachelors educations;TOT Age, total;TOT Total;2016 2016;2504
480 Nordfyns;TOT Total;H60 H60 Bachelors programs;TOT Age, total;TOT Total;2016 2016;137
480 Nordfyns;TOT Total;H70 H70 Masters programs;TOT Age, total;TOT Total;2016 2016;681
480 Nordfyns;TOT Total;H80 H80 PhD programs;TOT Age, total;TOT Total;2016 2016;61
480 Nordfyns;TOT Total;TOT Total;TOT Age, total;TOT Total;2016 2016;20146
482 Langeland;TOT Total;H40 H40 Short cycle higher education;TOT Age, total;TOT Total;2016 2016;238
482 Langeland;TOT Total;H50 H50 Vocational bachelors educations;TOT Age, total;TOT Total;2016 2016;901
482 Langeland;TOT Total;H60 H60 Bachelors programs;TOT Age, total;TOT Total;2016 2016;45
482 Langeland;TOT Total;H70 H70 Masters programs;TOT Age, total;TOT Total;2016 2016;215
482 Langeland;TOT Total;H80 H80 PhD programs;TOT Age, total;TOT Total;2016 2016;8
482 Langeland;TOT Total;TOT Total;TOT Age, total;TOT Total;2016 2016;8266
492 Ærø;TOT Total;H40 H40 Short cycle higher education;TOT Age, total;TOT Total;2016 2016;193
492 Ærø;TOT Total;H50 H50 Vocational bachelors educations;TOT Age, total;TOT Total;2016 2016;589
492 Ærø;TOT Total;H60 H60 Bachelors programs;TOT Age, total;TOT Total;2016 2016;25
492 Ærø;TOT Total;H70 H70 Masters programs;TOT Age, total;TOT Total;2016 2016;164
492 Ærø;TOT Total;H80 H80 PhD programs;TOT Age, total;TOT Total;2016 2016;13
492 Ærø;TOT Total;TOT Total;TOT Age, total;TOT Total;2016 2016;3953
510 Haderslev;TOT Total;H40 H40 Short cycle higher education;TOT Age, total;TOT Total;2016 2016;1612
510 Haderslev;TOT Total;H50 H50 Vocational bachelors educations;TOT Age, total;TOT Total;2016 2016;5422
510 Haderslev;TOT Total;H60 H60 Bachelors programs;TOT Age, total;TOT Total;2016 2016;269
510 Haderslev;TOT Total;H70 H70 Masters programs;TOT Age, total;TOT Total;2016 2016;1488
510 Haderslev;TOT Total;H80 H80 PhD programs;TOT Age, total;TOT Total;2016 2016;56
510 Haderslev;TOT Total;TOT Total;TOT Age, total;TOT Total;2016 2016;38257
530 Billund;TOT Total;H40 H40 Short cycle higher education;TOT Age, total;TOT Total;2016 2016;837
530 Billund;TOT Total;H50 H50 Vocational bachelors educations;TOT Age, total;TOT Total;2016 2016;2019
530 Billund;TOT Total;H60 H60 Bachelors programs;TOT Age, total;TOT Total;2016 2016;98
530 Billund;TOT Total;H70 H70 Masters programs;TOT Age, total;TOT Total;2016 2016;670
530 Billund;TOT Total;H80 H80 PhD programs;TOT Age, total;TOT Total;2016 2016;42
530 Billund;TOT Total;TOT Total;TOT Age, total;TOT Total;2016 2016;18102
540 Sønderborg;TOT Total;H40 H40 Short cycle higher education;TOT Age, total;TOT Total;2016 2016;2616
540 Sønderborg;TOT Total;H50 H50 Vocational bachelors educations;TOT Age, total;TOT Total;2016 2016;7221
540 Sønderborg;TOT Total;H60 H60 Bachelors programs;TOT Age, total;TOT Total;2016 2016;551
540 Sønderborg;TOT Total;H70 H70 Masters programs;TOT Age, total;TOT Total;2016 2016;2664
540 Sønderborg;TOT Total;H80 H80 PhD programs;TOT Age, total;TOT Total;2016 2016;174
540 Sønderborg;TOT Total;TOT Total;TOT Age, total;TOT Total;2016 2016;50146
550 Tønder;TOT Total;H40 H40 Short cycle higher education;TOT Age, total;TOT Total;2016 2016;1048
550 Tønder;TOT Total;H50 H50 Vocational bachelors educations;TOT Age, total;TOT Total;2016 2016;2884
550 Tønder;TOT Total;H60 H60 Bachelors programs;TOT Age, total;TOT Total;2016 2016;95
550 Tønder;TOT Total;H70 H70 Masters programs;TOT Age, total;TOT Total;2016 2016;762
550 Tønder;TOT Total;H80 H80 PhD programs;TOT Age, total;TOT Total;2016 2016;34
550 Tønder;TOT Total;TOT Total;TOT Age, total;TOT Total;2016 2016;25804
561 Esbjerg;TOT Total;H40 H40 Short cycle higher education;TOT Age, total;TOT Total;2016 2016;3874
561 Esbjerg;TOT Total;H50 H50 Vocational bachelors educations;TOT Age, total;TOT Total;2016 2016;13152
561 Esbjerg;TOT Total;H60 H60 Bachelors programs;TOT Age, total;TOT Total;2016 2016;888
561 Esbjerg;TOT Total;H70 H70 Masters programs;TOT Age, total;TOT Total;2016 2016;3704
561 Esbjerg;TOT Total;H80 H80 PhD programs;TOT Age, total;TOT Total;2016 2016;207
561 Esbjerg;TOT Total;TOT Total;TOT Age, total;TOT Total;2016 2016;81291
563 Fanø;TOT Total;H40 H40 Short cycle higher education;TOT Age, total;TOT Total;2016 2016;128
563 Fanø;TOT Total;H50 H50 Vocational bachelors educations;TOT Age, total;TOT Total;2016 2016;552
563 Fanø;TOT Total;H60 H60 Bachelors programs;TOT Age, total;TOT Total;2016 2016;27
563 Fanø;TOT Total;H70 H70 Masters programs;TOT Age, total;TOT Total;2016 2016;162
563 Fanø;TOT Total;H80 H80 PhD programs;TOT Age, total;TOT Total;2016 2016;8
563 Fanø;TOT Total;TOT Total;TOT Age, total;TOT Total;2016 2016;2164
573 Varde;TOT Total;H40 H40 Short cycle higher education;TOT Age, total;TOT Total;2016 2016;1570
573 Varde;TOT Total;H50 H50 Vocational bachelors educations;TOT Age, total;TOT Total;2016 2016;4444
573 Varde;TOT Total;H60 H60 Bachelors programs;TOT Age, total;TOT Total;2016 2016;183
573 Varde;TOT Total;H70 H70 Masters programs;TOT Age, total;TOT Total;2016 2016;1078
573 Varde;TOT Total;H80 H80 PhD programs;TOT Age, total;TOT Total;2016 2016;60
573 Varde;TOT Total;TOT Total;TOT Age, total;TOT Total;2016 2016;34346
575 Vejen;TOT Total;H40 H40 Short cycle higher education;TOT Age, total;TOT Total;2016 2016;1296
575 Vejen;TOT Total;H50 H50 Vocational bachelors educations;TOT Age, total;TOT Total;2016 2016;3361
575 Vejen;TOT Total;H60 H60 Bachelors programs;TOT Age, total;TOT Total;2016 2016;188
575 Vejen;TOT Total;H70 H70 Masters programs;TOT Age, total;TOT Total;2016 2016;970
575 Vejen;TOT Total;H80 H80 PhD programs;TOT Age, total;TOT Total;2016 2016;38
575 Vejen;TOT Total;TOT Total;TOT Age, total;TOT Total;2016 2016;28996
580 Aabenraa;TOT Total;H40 H40 Short cycle higher education;TOT Age, total;TOT Total;2016 2016;1712
580 Aabenraa;TOT Total;H50 H50 Vocational bachelors educations;TOT Age, total;TOT Total;2016 2016;4971
580 Aabenraa;TOT Total;H60 H60 Bachelors programs;TOT Age, total;TOT Total;2016 2016;235
580 Aabenraa;TOT Total;H70 H70 Masters programs;TOT Age, total;TOT Total;2016 2016;1564
580 Aabenraa;TOT Total;H80 H80 PhD programs;TOT Age, total;TOT Total;2016 2016;73
580 Aabenraa;TOT Total;TOT Total;TOT Age, total;TOT Total;2016 2016;40264
607 Fredericia;TOT Total;H40 H40 Short cycle higher education;TOT Age, total;TOT Total;2016 2016;1573
607 Fredericia;TOT Total;H50 H50 Vocational bachelors educations;TOT Age, total;TOT Total;2016 2016;4807
607 Fredericia;TOT Total;H60 H60 Bachelors programs;TOT Age, total;TOT Total;2016 2016;344
607 Fredericia;TOT Total;H70 H70 Masters programs;TOT Age, total;TOT Total;2016 2016;1578
607 Fredericia;TOT Total;H80 H80 PhD programs;TOT Age, total;TOT Total;2016 2016;101
607 Fredericia;TOT Total;TOT Total;TOT Age, total;TOT Total;2016 2016;34925
615 Horsens;TOT Total;H40 H40 Short cycle higher education;TOT Age, total;TOT Total;2016 2016;3556
615 Horsens;TOT Total;H50 H50 Vocational bachelors educations;TOT Age, total;TOT Total;2016 2016;9824
615 Horsens;TOT Total;H60 H60 Bachelors programs;TOT Age, total;TOT Total;2016 2016;546
615 Horsens;TOT Total;H70 H70 Masters programs;TOT Age, total;TOT Total;2016 2016;3111
615 Horsens;TOT Total;H80 H80 PhD programs;TOT Age, total;TOT Total;2016 2016;169
615 Horsens;TOT Total;TOT Total;TOT Age, total;TOT Total;2016 2016;62035
621 Kolding;TOT Total;H40 H40 Short cycle higher education;TOT Age, total;TOT Total;2016 2016;3645
621 Kolding;TOT Total;H50 H50 Vocational bachelors educations;TOT Age, total;TOT Total;2016 2016;9501
621 Kolding;TOT Total;H60 H60 Bachelors programs;TOT Age, total;TOT Total;2016 2016;1033
621 Kolding;TOT Total;H70 H70 Masters programs;TOT Age, total;TOT Total;2016 2016;4089
621 Kolding;TOT Total;H80 H80 PhD programs;TOT Age, total;TOT Total;2016 2016;195
621 Kolding;TOT Total;TOT Total;TOT Age, total;TOT Total;2016 2016;64152
630 Vejle;TOT Total;H40 H40 Short cycle higher education;TOT Age, total;TOT Total;2016 2016;4090
630 Vejle;TOT Total;H50 H50 Vocational bachelors educations;TOT Age, total;TOT Total;2016 2016;12661
630 Vejle;TOT Total;H60 H60 Bachelors programs;TOT Age, total;TOT Total;2016 2016;757
630 Vejle;TOT Total;H70 H70 Masters programs;TOT Age, total;TOT Total;2016 2016;5247
630 Vejle;TOT Total;H80 H80 PhD programs;TOT Age, total;TOT Total;2016 2016;268
630 Vejle;TOT Total;TOT Total;TOT Age, total;TOT Total;2016 2016;77935
657 Herning;TOT Total;H40 H40 Short cycle higher education;TOT Age, total;TOT Total;2016 2016;3577
657 Herning;TOT Total;H50 H50 Vocational bachelors educations;TOT Age, total;TOT Total;2016 2016;8700
657 Herning;TOT Total;H60 H60 Bachelors programs;TOT Age, total;TOT Total;2016 2016;665
657 Herning;TOT Total;H70 H70 Masters programs;TOT Age, total;TOT Total;2016 2016;2476
657 Herning;TOT Total;H80 H80 PhD programs;TOT Age, total;TOT Total;2016 2016;131
657 Herning;TOT Total;TOT Total;TOT Age, total;TOT Total;2016 2016;61441
661 Holstebro;TOT Total;H40 H40 Short cycle higher education;TOT Age, total;TOT Total;2016 2016;1867
661 Holstebro;TOT Total;H50 H50 Vocational bachelors educations;TOT Age, total;TOT Total;2016 2016;6414
661 Holstebro;TOT Total;H60 H60 Bachelors programs;TOT Age, total;TOT Total;2016 2016;232
661 Holstebro;TOT Total;H70 H70 Masters programs;TOT Age, total;TOT Total;2016 2016;1706
661 Holstebro;TOT Total;H80 H80 PhD programs;TOT Age, total;TOT Total;2016 2016;48
661 Holstebro;TOT Total;TOT Total;TOT Age, total;TOT Total;2016 2016;39754
665 Lemvig;TOT Total;H40 H40 Short cycle higher education;TOT Age, total;TOT Total;2016 2016;445
665 Lemvig;TOT Total;H50 H50 Vocational bachelors educations;TOT Age, total;TOT Total;2016 2016;1828
665 Lemvig;TOT Total;H60 H60 Bachelors programs;TOT Age, total;TOT Total;2016 2016;58
665 Lemvig;TOT Total;H70 H70 Masters programs;TOT Age, total;TOT Total;2016 2016;454
665 Lemvig;TOT Total;H80 H80 PhD programs;TOT Age, total;TOT Total;2016 2016;33
665 Lemvig;TOT Total;TOT Total;TOT Age, total;TOT Total;2016 2016;13780
671 Struer;TOT Total;H40 H40 Short cycle higher education;TOT Age, total;TOT Total;2016 2016;544
671 Struer;TOT Total;H50 H50 Vocational bachelors educations;TOT Age, total;TOT Total;2016 2016;1974
671 Struer;TOT Total;H60 H60 Bachelors programs;TOT Age, total;TOT Total;2016 2016;82
671 Struer;TOT Total;H70 H70 Masters programs;TOT Age, total;TOT Total;2016 2016;482
671 Struer;TOT Total;H80 H80 PhD programs;TOT Age, total;TOT Total;2016 2016;22
671 Struer;TOT Total;TOT Total;TOT Age, total;TOT Total;2016 2016;14442
706 Syddjurs;TOT Total;H40 H40 Short cycle higher education;TOT Age, total;TOT Total;2016 2016;1321
706 Syddjurs;TOT Total;H50 H50 Vocational bachelors educations;TOT Age, total;TOT Total;2016 2016;4184
706 Syddjurs;TOT Total;H60 H60 Bachelors programs;TOT Age, total;TOT Total;2016 2016;318
706 Syddjurs;TOT Total;H70 H70 Masters programs;TOT Age, total;TOT Total;2016 2016;1648
706 Syddjurs;TOT Total;H80 H80 PhD programs;TOT Age, total;TOT Total;2016 2016;120
706 Syddjurs;TOT Total;TOT Total;TOT Age, total;TOT Total;2016 2016;28415
707 Norddjurs;TOT Total;H40 H40 Short cycle higher education;TOT Age, total;TOT Total;2016 2016;974
707 Norddjurs;TOT Total;H50 H50 Vocational bachelors educations;TOT Age, total;TOT Total;2016 2016;2854
707 Norddjurs;TOT Total;H60 H60 Bachelors programs;TOT Age, total;TOT Total;2016 2016;134
707 Norddjurs;TOT Total;H70 H70 Masters programs;TOT Age, total;TOT Total;2016 2016;661
707 Norddjurs;TOT Total;H80 H80 PhD programs;TOT Age, total;TOT Total;2016 2016;35
707 Norddjurs;TOT Total;TOT Total;TOT Age, total;TOT Total;2016 2016;26553
710 Favrskov;TOT Total;H40 H40 Short cycle higher education;TOT Age, total;TOT Total;2016 2016;1851
710 Favrskov;TOT Total;H50 H50 Vocational bachelors educations;TOT Age, total;TOT Total;2016 2016;4844
710 Favrskov;TOT Total;H60 H60 Bachelors programs;TOT Age, total;TOT Total;2016 2016;329
710 Favrskov;TOT Total;H70 H70 Masters programs;TOT Age, total;TOT Total;2016 2016;2425
710 Favrskov;TOT Total;H80 H80 PhD programs;TOT Age, total;TOT Total;2016 2016;264
710 Favrskov;TOT Total;TOT Total;TOT Age, total;TOT Total;2016 2016;32415
727 Odder;TOT Total;H40 H40 Short cycle higher education;TOT Age, total;TOT Total;2016 2016;780
727 Odder;TOT Total;H50 H50 Vocational bachelors educations;TOT Age, total;TOT Total;2016 2016;2419
727 Odder;TOT Total;H60 H60 Bachelors programs;TOT Age, total;TOT Total;2016 2016;169
727 Odder;TOT Total;H70 H70 Masters programs;TOT Age, total;TOT Total;2016 2016;991
727 Odder;TOT Total;H80 H80 PhD programs;TOT Age, total;TOT Total;2016 2016;79
727 Odder;TOT Total;TOT Total;TOT Age, total;TOT Total;2016 2016;15079
730 Randers;TOT Total;H40 H40 Short cycle higher education;TOT Age, total;TOT Total;2016 2016;3862
730 Randers;TOT Total;H50 H50 Vocational bachelors educations;TOT Age, total;TOT Total;2016 2016;8688
730 Randers;TOT Total;H60 H60 Bachelors programs;TOT Age, total;TOT Total;2016 2016;607
730 Randers;TOT Total;H70 H70 Masters programs;TOT Age, total;TOT Total;2016 2016;2925
730 Randers;TOT Total;H80 H80 PhD programs;TOT Age, total;TOT Total;2016 2016;178
730 Randers;TOT Total;TOT Total;TOT Age, total;TOT Total;2016 2016;68137
740 Silkeborg;TOT Total;H40 H40 Short cycle higher education;TOT Age, total;TOT Total;2016 2016;3592
740 Silkeborg;TOT Total;H50 H50 Vocational bachelors educations;TOT Age, total;TOT Total;2016 2016;10303
740 Silkeborg;TOT Total;H60 H60 Bachelors programs;TOT Age, total;TOT Total;2016 2016;636
740 Silkeborg;TOT Total;H70 H70 Masters programs;TOT Age, total;TOT Total;2016 2016;4020
740 Silkeborg;TOT Total;H80 H80 PhD programs;TOT Age, total;TOT Total;2016 2016;232
740 Silkeborg;TOT Total;TOT Total;TOT Age, total;TOT Total;2016 2016;62554
741 Samsø;TOT Total;H40 H40 Short cycle higher education;TOT Age, total;TOT Total;2016 2016;92
741 Samsø;TOT Total;H50 H50 Vocational bachelors educations;TOT Age, total;TOT Total;2016 2016;361
741 Samsø;TOT Total;H60 H60 Bachelors programs;TOT Age, total;TOT Total;2016 2016;38
741 Samsø;TOT Total;H70 H70 Masters programs;TOT Age, total;TOT Total;2016 2016;118
741 Samsø;TOT Total;H80 H80 PhD programs;TOT Age, total;TOT Total;2016 2016;5
741 Samsø;TOT Total;TOT Total;TOT Age, total;TOT Total;2016 2016;2428
746 Skanderborg;TOT Total;H40 H40 Short cycle higher education;TOT Age, total;TOT Total;2016 2016;2509
746 Skanderborg;TOT Total;H50 H50 Vocational bachelors educations;TOT Age, total;TOT Total;2016 2016;6737
746 Skanderborg;TOT Total;H60 H60 Bachelors programs;TOT Age, total;TOT Total;2016 2016;517
746 Skanderborg;TOT Total;H70 H70 Masters programs;TOT Age, total;TOT Total;2016 2016;4034
746 Skanderborg;TOT Total;H80 H80 PhD programs;TOT Age, total;TOT Total;2016 2016;347
746 Skanderborg;TOT Total;TOT Total;TOT Age, total;TOT Total;2016 2016;40831
751 Aarhus;TOT Total;H40 H40 Short cycle higher education;TOT Age, total;TOT Total;2016 2016;12312
751 Aarhus;TOT Total;H50 H50 Vocational bachelors educations;TOT Age, total;TOT Total;2016 2016;40778
751 Aarhus;TOT Total;H60 H60 Bachelors programs;TOT Age, total;TOT Total;2016 2016;13326
751 Aarhus;TOT Total;H70 H70 Masters programs;TOT Age, total;TOT Total;2016 2016;35123
751 Aarhus;TOT Total;H80 H80 PhD programs;TOT Age, total;TOT Total;2016 2016;3853
751 Aarhus;TOT Total;TOT Total;TOT Age, total;TOT Total;2016 2016;250473
756 Ikast-Brande;TOT Total;H40 H40 Short cycle higher education;TOT Age, total;TOT Total;2016 2016;1400
756 Ikast-Brande;TOT Total;H50 H50 Vocational bachelors educations;TOT Age, total;TOT Total;2016 2016;3268
756 Ikast-Brande;TOT Total;H60 H60 Bachelors programs;TOT Age, total;TOT Total;2016 2016;185
756 Ikast-Brande;TOT Total;H70 H70 Masters programs;TOT Age, total;TOT Total;2016 2016;1064
756 Ikast-Brande;TOT Total;H80 H80 PhD programs;TOT Age, total;TOT Total;2016 2016;90
756 Ikast-Brande;TOT Total;TOT Total;TOT Age, total;TOT Total;2016 2016;28135
760 Ringkøbing-Skjern;TOT Total;H40 H40 Short cycle higher education;TOT Age, total;TOT Total;2016 2016;1630
760 Ringkøbing-Skjern;TOT Total;H50 H50 Vocational bachelors educations;TOT Age, total;TOT Total;2016 2016;4861
760 Ringkøbing-Skjern;TOT Total;H60 H60 Bachelors programs;TOT Age, total;TOT Total;2016 2016;200
760 Ringkøbing-Skjern;TOT Total;H70 H70 Masters programs;TOT Age, total;TOT Total;2016 2016;1309
760 Ringkøbing-Skjern;TOT Total;H80 H80 PhD programs;TOT Age, total;TOT Total;2016 2016;48
760 Ringkøbing-Skjern;TOT Total;TOT Total;TOT Age, total;TOT Total;2016 2016;38438
766 Hedensted;TOT Total;H40 H40 Short cycle higher education;TOT Age, total;TOT Total;2016 2016;1695
766 Hedensted;TOT Total;H50 H50 Vocational bachelors educations;TOT Age, total;TOT Total;2016 2016;4006
766 Hedensted;TOT Total;H60 H60 Bachelors programs;TOT Age, total;TOT Total;2016 2016;180
766 Hedensted;TOT Total;H70 H70 Masters programs;TOT Age, total;TOT Total;2016 2016;989
766 Hedensted;TOT Total;H80 H80 PhD programs;TOT Age, total;TOT Total;2016 2016;44
766 Hedensted;TOT Total;TOT Total;TOT Age, total;TOT Total;2016 2016;31601
773 Morsø;TOT Total;H40 H40 Short cycle higher education;TOT Age, total;TOT Total;2016 2016;472
773 Morsø;TOT Total;H50 H50 Vocational bachelors educations;TOT Age, total;TOT Total;2016 2016;1485
773 Morsø;TOT Total;H60 H60 Bachelors programs;TOT Age, total;TOT Total;2016 2016;65
773 Morsø;TOT Total;H70 H70 Masters programs;TOT Age, total;TOT Total;2016 2016;347
773 Morsø;TOT Total;H80 H80 PhD programs;TOT Age, total;TOT Total;2016 2016;15
773 Morsø;TOT Total;TOT Total;TOT Age, total;TOT Total;2016 2016;13953
779 Skive;TOT Total;H40 H40 Short cycle higher education;TOT Age, total;TOT Total;2016 2016;1438
779 Skive;TOT Total;H50 H50 Vocational bachelors educations;TOT Age, total;TOT Total;2016 2016;4309
779 Skive;TOT Total;H60 H60 Bachelors programs;TOT Age, total;TOT Total;2016 2016;128
779 Skive;TOT Total;H70 H70 Masters programs;TOT Age, total;TOT Total;2016 2016;973
779 Skive;TOT Total;H80 H80 PhD programs;TOT Age, total;TOT Total;2016 2016;38
779 Skive;TOT Total;TOT Total;TOT Age, total;TOT Total;2016 2016;31804
787 Thisted;TOT Total;H40 H40 Short cycle higher education;TOT Age, total;TOT Total;2016 2016;1203
787 Thisted;TOT Total;H50 H50 Vocational bachelors educations;TOT Age, total;TOT Total;2016 2016;3504
787 Thisted;TOT Total;H60 H60 Bachelors programs;TOT Age, total;TOT Total;2016 2016;136
787 Thisted;TOT Total;H70 H70 Masters programs;TOT Age, total;TOT Total;2016 2016;1022
787 Thisted;TOT Total;H80 H80 PhD programs;TOT Age, total;TOT Total;2016 2016;33
787 Thisted;TOT Total;TOT Total;TOT Age, total;TOT Total;2016 2016;29938
791 Viborg;TOT Total;H40 H40 Short cycle higher education;TOT Age, total;TOT Total;2016 2016;3339
791 Viborg;TOT Total;H50 H50 Vocational bachelors educations;TOT Age, total;TOT Total;2016 2016;9766
791 Viborg;TOT Total;H60 H60 Bachelors programs;TOT Age, total;TOT Total;2016 2016;425
791 Viborg;TOT Total;H70 H70 Masters programs;TOT Age, total;TOT Total;2016 2016;3841
791 Viborg;TOT Total;H80 H80 PhD programs;TOT Age, total;TOT Total;2016 2016;355
791 Viborg;TOT Total;TOT Total;TOT Age, total;TOT Total;2016 2016;66013
810 Brønderslev;TOT Total;H40 H40 Short cycle higher education;TOT Age, total;TOT Total;2016 2016;1012
810 Brønderslev;TOT Total;H50 H50 Vocational bachelors educations;TOT Age, total;TOT Total;2016 2016;3399
810 Brønderslev;TOT Total;H60 H60 Bachelors programs;TOT Age, total;TOT Total;2016 2016;165
810 Brønderslev;TOT Total;H70 H70 Masters programs;TOT Age, total;TOT Total;2016 2016;946
810 Brønderslev;TOT Total;H80 H80 PhD programs;TOT Age, total;TOT Total;2016 2016;54
810 Brønderslev;TOT Total;TOT Total;TOT Age, total;TOT Total;2016 2016;24251
813 Frederikshavn;TOT Total;H40 H40 Short cycle higher education;TOT Age, total;TOT Total;2016 2016;1751
813 Frederikshavn;TOT Total;H50 H50 Vocational bachelors educations;TOT Age, total;TOT Total;2016 2016;4980
813 Frederikshavn;TOT Total;H60 H60 Bachelors programs;TOT Age, total;TOT Total;2016 2016;230
813 Frederikshavn;TOT Total;H70 H70 Masters programs;TOT Age, total;TOT Total;2016 2016;1170
813 Frederikshavn;TOT Total;H80 H80 PhD programs;TOT Age, total;TOT Total;2016 2016;48
813 Frederikshavn;TOT Total;TOT Total;TOT Age, total;TOT Total;2016 2016;41073
820 Vesthimmerlands;TOT Total;H40 H40 Short cycle higher education;TOT Age, total;TOT Total;2016 2016;1013
820 Vesthimmerlands;TOT Total;H50 H50 Vocational bachelors educations;TOT Age, total;TOT Total;2016 2016;3066
820 Vesthimmerlands;TOT Total;H60 H60 Bachelors programs;TOT Age, total;TOT Total;2016 2016;95
820 Vesthimmerlands;TOT Total;H70 H70 Masters programs;TOT Age, total;TOT Total;2016 2016;716
820 Vesthimmerlands;TOT Total;H80 H80 PhD programs;TOT Age, total;TOT Total;2016 2016;37
820 Vesthimmerlands;TOT Total;TOT Total;TOT Age, total;TOT Total;2016 2016;25319
825 Læsø;TOT Total;H40 H40 Short cycle higher education;TOT Age, total;TOT Total;2016 2016;30
825 Læsø;TOT Total;H50 H50 Vocational bachelors educations;TOT Age, total;TOT Total;2016 2016;140
825 Læsø;TOT Total;H60 H60 Bachelors programs;TOT Age, total;TOT Total;2016 2016;8
825 Læsø;TOT Total;H70 H70 Masters programs;TOT Age, total;TOT Total;2016 2016;38
825 Læsø;TOT Total;TOT Total;TOT Age, total;TOT Total;2016 2016;1166
840 Rebild;TOT Total;H40 H40 Short cycle higher education;TOT Age, total;TOT Total;2016 2016;946
840 Rebild;TOT Total;H50 H50 Vocational bachelors educations;TOT Age, total;TOT Total;2016 2016;2831
840 Rebild;TOT Total;H60 H60 Bachelors programs;TOT Age, total;TOT Total;2016 2016;193
840 Rebild;TOT Total;H70 H70 Masters programs;TOT Age, total;TOT Total;2016 2016;1487
840 Rebild;TOT Total;H80 H80 PhD programs;TOT Age, total;TOT Total;2016 2016;123
840 Rebild;TOT Total;TOT Total;TOT Age, total;TOT Total;2016 2016;19715
846 Mariagerfjord;TOT Total;H40 H40 Short cycle higher education;TOT Age, total;TOT Total;2016 2016;1324
846 Mariagerfjord;TOT Total;H50 H50 Vocational bachelors educations;TOT Age, total;TOT Total;2016 2016;3757
846 Mariagerfjord;TOT Total;H60 H60 Bachelors programs;TOT Age, total;TOT Total;2016 2016;195
846 Mariagerfjord;TOT Total;H70 H70 Masters programs;TOT Age, total;TOT Total;2016 2016;1143
846 Mariagerfjord;TOT Total;H80 H80 PhD programs;TOT Age, total;TOT Total;2016 2016;60
846 Mariagerfjord;TOT Total;TOT Total;TOT Age, total;TOT Total;2016 2016;29111
849 Jammerbugt;TOT Total;H40 H40 Short cycle higher education;TOT Age, total;TOT Total;2016 2016;1046
849 Jammerbugt;TOT Total;H50 H50 Vocational bachelors educations;TOT Age, total;TOT Total;2016 2016;3163
849 Jammerbugt;TOT Total;H60 H60 Bachelors programs;TOT Age, total;TOT Total;2016 2016;195
849 Jammerbugt;TOT Total;H70 H70 Masters programs;TOT Age, total;TOT Total;2016 2016;877
849 Jammerbugt;TOT Total;H80 H80 PhD programs;TOT Age, total;TOT Total;2016 2016;45
849 Jammerbugt;TOT Total;TOT Total;TOT Age, total;TOT Total;2016 2016;26117
851 Aalborg;TOT Total;H40 H40 Short cycle higher education;TOT Age, total;TOT Total;2016 2016;7410
851 Aalborg;TOT Total;H50 H50 Vocational bachelors educations;TOT Age, total;TOT Total;2016 2016;22325
851 Aalborg;TOT Total;H60 H60 Bachelors programs;TOT Age, total;TOT Total;2016 2016;5842
851 Aalborg;TOT Total;H70 H70 Masters programs;TOT Age, total;TOT Total;2016 2016;14781
851 Aalborg;TOT Total;H80 H80 PhD programs;TOT Age, total;TOT Total;2016 2016;1264
851 Aalborg;TOT Total;TOT Total;TOT Age, total;TOT Total;2016 2016;153843
860 Hjørring;TOT Total;H40 H40 Short cycle higher education;TOT Age, total;TOT Total;2016 2016;1756
860 Hjørring;TOT Total;H50 H50 Vocational bachelors educations;TOT Age, total;TOT Total;2016 2016;6443
860 Hjørring;TOT Total;H60 H60 Bachelors programs;TOT Age, total;TOT Total;2016 2016;249
860 Hjørring;TOT Total;H70 H70 Masters programs;TOT Age, total;TOT Total;2016 2016;1568
860 Hjørring;TOT Total;H80 H80 PhD programs;TOT Age, total;TOT Total;2016 2016;70
860 Hjørring;TOT Total;TOT Total;TOT Age, total;TOT Total;2016 2016;44680
000 All Denmark;TOT Total;H40 H40 Short cycle higher education;TOT Age, total;TOT Total;2017 2017;198206
000 All Denmark;TOT Total;H50 H50 Vocational bachelors educations;TOT Age, total;TOT Total;2017 2017;593195
000 All Denmark;TOT Total;H60 H60 Bachelors programs;TOT Age, total;TOT Total;2017 2017;94947
000 All Denmark;TOT Total;H70 H70 Masters programs;TOT Age, total;TOT Total;2017 2017;385089
000 All Denmark;TOT Total;H80 H80 PhD programs;TOT Age, total;TOT Total;2017 2017;34954
000 All Denmark;TOT Total;TOT Total;TOT Age, total;TOT Total;2017 2017;4030695
101 Copenhagen;TOT Total;H40 H40 Short cycle higher education;TOT Age, total;TOT Total;2017 2017;22238
101 Copenhagen;TOT Total;H50 H50 Vocational bachelors educations;TOT Age, total;TOT Total;2017 2017;72554
101 Copenhagen;TOT Total;H60 H60 Bachelors programs;TOT Age, total;TOT Total;2017 2017;32506
101 Copenhagen;TOT Total;H70 H70 Masters programs;TOT Age, total;TOT Total;2017 2017;101478
101 Copenhagen;TOT Total;H80 H80 PhD programs;TOT Age, total;TOT Total;2017 2017;8890
101 Copenhagen;TOT Total;TOT Total;TOT Age, total;TOT Total;2017 2017;475962
147 Frederiksberg;TOT Total;H40 H40 Short cycle higher education;TOT Age, total;TOT Total;2017 2017;3524
147 Frederiksberg;TOT Total;H50 H50 Vocational bachelors educations;TOT Age, total;TOT Total;2017 2017;12179
147 Frederiksberg;TOT Total;H60 H60 Bachelors programs;TOT Age, total;TOT Total;2017 2017;4864
147 Frederiksberg;TOT Total;H70 H70 Masters programs;TOT Age, total;TOT Total;2017 2017;19930
147 Frederiksberg;TOT Total;H80 H80 PhD programs;TOT Age, total;TOT Total;2017 2017;1844
147 Frederiksberg;TOT Total;TOT Total;TOT Age, total;TOT Total;2017 2017;76287
151 Ballerup;TOT Total;H40 H40 Short cycle higher education;TOT Age, total;TOT Total;2017 2017;1601
151 Ballerup;TOT Total;H50 H50 Vocational bachelors educations;TOT Age, total;TOT Total;2017 2017;4528
151 Ballerup;TOT Total;H60 H60 Bachelors programs;TOT Age, total;TOT Total;2017 2017;403
151 Ballerup;TOT Total;H70 H70 Masters programs;TOT Age, total;TOT Total;2017 2017;2764
151 Ballerup;TOT Total;H80 H80 PhD programs;TOT Age, total;TOT Total;2017 2017;386
151 Ballerup;TOT Total;TOT Total;TOT Age, total;TOT Total;2017 2017;32118
153 Brøndby;TOT Total;H40 H40 Short cycle higher education;TOT Age, total;TOT Total;2017 2017;1138
153 Brøndby;TOT Total;H50 H50 Vocational bachelors educations;TOT Age, total;TOT Total;2017 2017;2768
153 Brøndby;TOT Total;H60 H60 Bachelors programs;TOT Age, total;TOT Total;2017 2017;324
153 Brøndby;TOT Total;H70 H70 Masters programs;TOT Age, total;TOT Total;2017 2017;1448
153 Brøndby;TOT Total;H80 H80 PhD programs;TOT Age, total;TOT Total;2017 2017;105
153 Brøndby;TOT Total;TOT Total;TOT Age, total;TOT Total;2017 2017;24445
155 Dragør;TOT Total;H40 H40 Short cycle higher education;TOT Age, total;TOT Total;2017 2017;580
155 Dragør;TOT Total;H50 H50 Vocational bachelors educations;TOT Age, total;TOT Total;2017 2017;1416
155 Dragør;TOT Total;H60 H60 Bachelors programs;TOT Age, total;TOT Total;2017 2017;170
155 Dragør;TOT Total;H70 H70 Masters programs;TOT Age, total;TOT Total;2017 2017;1149
155 Dragør;TOT Total;H80 H80 PhD programs;TOT Age, total;TOT Total;2017 2017;85
155 Dragør;TOT Total;TOT Total;TOT Age, total;TOT Total;2017 2017;9061
157 Gentofte;TOT Total;H40 H40 Short cycle higher education;TOT Age, total;TOT Total;2017 2017;2531
157 Gentofte;TOT Total;H50 H50 Vocational bachelors educations;TOT Age, total;TOT Total;2017 2017;8634
157 Gentofte;TOT Total;H60 H60 Bachelors programs;TOT Age, total;TOT Total;2017 2017;1772
157 Gentofte;TOT Total;H70 H70 Masters programs;TOT Age, total;TOT Total;2017 2017;13557
157 Gentofte;TOT Total;H80 H80 PhD programs;TOT Age, total;TOT Total;2017 2017;1512
157 Gentofte;TOT Total;TOT Total;TOT Age, total;TOT Total;2017 2017;51040
159 Gladsaxe;TOT Total;H40 H40 Short cycle higher education;TOT Age, total;TOT Total;2017 2017;2401
159 Gladsaxe;TOT Total;H50 H50 Vocational bachelors educations;TOT Age, total;TOT Total;2017 2017;7746
159 Gladsaxe;TOT Total;H60 H60 Bachelors programs;TOT Age, total;TOT Total;2017 2017;1249
159 Gladsaxe;TOT Total;H70 H70 Masters programs;TOT Age, total;TOT Total;2017 2017;7164
159 Gladsaxe;TOT Total;H80 H80 PhD programs;TOT Age, total;TOT Total;2017 2017;1006
159 Gladsaxe;TOT Total;TOT Total;TOT Age, total;TOT Total;2017 2017;48470
161 Glostrup;TOT Total;H40 H40 Short cycle higher education;TOT Age, total;TOT Total;2017 2017;861
161 Glostrup;TOT Total;H50 H50 Vocational bachelors educations;TOT Age, total;TOT Total;2017 2017;2085
161 Glostrup;TOT Total;H60 H60 Bachelors programs;TOT Age, total;TOT Total;2017 2017;224
161 Glostrup;TOT Total;H70 H70 Masters programs;TOT Age, total;TOT Total;2017 2017;1183
161 Glostrup;TOT Total;H80 H80 PhD programs;TOT Age, total;TOT Total;2017 2017;91
161 Glostrup;TOT Total;TOT Total;TOT Age, total;TOT Total;2017 2017;15623
163 Herlev;TOT Total;H40 H40 Short cycle higher education;TOT Age, total;TOT Total;2017 2017;989
163 Herlev;TOT Total;H50 H50 Vocational bachelors educations;TOT Age, total;TOT Total;2017 2017;2790
163 Herlev;TOT Total;H60 H60 Bachelors programs;TOT Age, total;TOT Total;2017 2017;270
163 Herlev;TOT Total;H70 H70 Masters programs;TOT Age, total;TOT Total;2017 2017;1638
163 Herlev;TOT Total;H80 H80 PhD programs;TOT Age, total;TOT Total;2017 2017;204
163 Herlev;TOT Total;TOT Total;TOT Age, total;TOT Total;2017 2017;19340
165 Albertslund;TOT Total;H40 H40 Short cycle higher education;TOT Age, total;TOT Total;2017 2017;913
165 Albertslund;TOT Total;H50 H50 Vocational bachelors educations;TOT Age, total;TOT Total;2017 2017;2810
165 Albertslund;TOT Total;H60 H60 Bachelors programs;TOT Age, total;TOT Total;2017 2017;371
165 Albertslund;TOT Total;H70 H70 Masters programs;TOT Age, total;TOT Total;2017 2017;1311
165 Albertslund;TOT Total;H80 H80 PhD programs;TOT Age, total;TOT Total;2017 2017;90
165 Albertslund;TOT Total;TOT Total;TOT Age, total;TOT Total;2017 2017;19208
167 Hvidovre;TOT Total;H40 H40 Short cycle higher education;TOT Age, total;TOT Total;2017 2017;1970
167 Hvidovre;TOT Total;H50 H50 Vocational bachelors educations;TOT Age, total;TOT Total;2017 2017;4886
167 Hvidovre;TOT Total;H60 H60 Bachelors programs;TOT Age, total;TOT Total;2017 2017;743
167 Hvidovre;TOT Total;H70 H70 Masters programs;TOT Age, total;TOT Total;2017 2017;3019
167 Hvidovre;TOT Total;H80 H80 PhD programs;TOT Age, total;TOT Total;2017 2017;266
167 Hvidovre;TOT Total;TOT Total;TOT Age, total;TOT Total;2017 2017;36952
169 Høje-Taastrup;TOT Total;H40 H40 Short cycle higher education;TOT Age, total;TOT Total;2017 2017;1956
169 Høje-Taastrup;TOT Total;H50 H50 Vocational bachelors educations;TOT Age, total;TOT Total;2017 2017;4188
169 Høje-Taastrup;TOT Total;H60 H60 Bachelors programs;TOT Age, total;TOT Total;2017 2017;396
169 Høje-Taastrup;TOT Total;H70 H70 Masters programs;TOT Age, total;TOT Total;2017 2017;2343
169 Høje-Taastrup;TOT Total;H80 H80 PhD programs;TOT Age, total;TOT Total;2017 2017;243
169 Høje-Taastrup;TOT Total;TOT Total;TOT Age, total;TOT Total;2017 2017;35121
173 Lyngby-Taarbæk;TOT Total;H40 H40 Short cycle higher education;TOT Age, total;TOT Total;2017 2017;1799
173 Lyngby-Taarbæk;TOT Total;H50 H50 Vocational bachelors educations;TOT Age, total;TOT Total;2017 2017;6440
173 Lyngby-Taarbæk;TOT Total;H60 H60 Bachelors programs;TOT Age, total;TOT Total;2017 2017;1497
173 Lyngby-Taarbæk;TOT Total;H70 H70 Masters programs;TOT Age, total;TOT Total;2017 2017;8661
173 Lyngby-Taarbæk;TOT Total;H80 H80 PhD programs;TOT Age, total;TOT Total;2017 2017;1245
173 Lyngby-Taarbæk;TOT Total;TOT Total;TOT Age, total;TOT Total;2017 2017;37935
175 Rødovre;TOT Total;H40 H40 Short cycle higher education;TOT Age, total;TOT Total;2017 2017;1309
175 Rødovre;TOT Total;H50 H50 Vocational bachelors educations;TOT Age, total;TOT Total;2017 2017;3794
175 Rødovre;TOT Total;H60 H60 Bachelors programs;TOT Age, total;TOT Total;2017 2017;496
175 Rødovre;TOT Total;H70 H70 Masters programs;TOT Age, total;TOT Total;2017 2017;2389
175 Rødovre;TOT Total;H80 H80 PhD programs;TOT Age, total;TOT Total;2017 2017;236
175 Rødovre;TOT Total;TOT Total;TOT Age, total;TOT Total;2017 2017;26819
183 Ishøj;TOT Total;H40 H40 Short cycle higher education;TOT Age, total;TOT Total;2017 2017;749
183 Ishøj;TOT Total;H50 H50 Vocational bachelors educations;TOT Age, total;TOT Total;2017 2017;1731
183 Ishøj;TOT Total;H60 H60 Bachelors programs;TOT Age, total;TOT Total;2017 2017;197
183 Ishøj;TOT Total;H70 H70 Masters programs;TOT Age, total;TOT Total;2017 2017;857
183 Ishøj;TOT Total;H80 H80 PhD programs;TOT Age, total;TOT Total;2017 2017;76
183 Ishøj;TOT Total;TOT Total;TOT Age, total;TOT Total;2017 2017;16129
185 Tårnby;TOT Total;H40 H40 Short cycle higher education;TOT Age, total;TOT Total;2017 2017;1542
185 Tårnby;TOT Total;H50 H50 Vocational bachelors educations;TOT Age, total;TOT Total;2017 2017;3436
185 Tårnby;TOT Total;H60 H60 Bachelors programs;TOT Age, total;TOT Total;2017 2017;392
185 Tårnby;TOT Total;H70 H70 Masters programs;TOT Age, total;TOT Total;2017 2017;2023
185 Tårnby;TOT Total;H80 H80 PhD programs;TOT Age, total;TOT Total;2017 2017;143
185 Tårnby;TOT Total;TOT Total;TOT Age, total;TOT Total;2017 2017;29460
187 Vallensbæk;TOT Total;H40 H40 Short cycle higher education;TOT Age, total;TOT Total;2017 2017;684
187 Vallensbæk;TOT Total;H50 H50 Vocational bachelors educations;TOT Age, total;TOT Total;2017 2017;1498
187 Vallensbæk;TOT Total;H60 H60 Bachelors programs;TOT Age, total;TOT Total;2017 2017;187
187 Vallensbæk;TOT Total;H70 H70 Masters programs;TOT Age, total;TOT Total;2017 2017;1033
187 Vallensbæk;TOT Total;H80 H80 PhD programs;TOT Age, total;TOT Total;2017 2017;79
187 Vallensbæk;TOT Total;TOT Total;TOT Age, total;TOT Total;2017 2017;10577
190 Furesø;TOT Total;H40 H40 Short cycle higher education;TOT Age, total;TOT Total;2017 2017;1401
190 Furesø;TOT Total;H50 H50 Vocational bachelors educations;TOT Age, total;TOT Total;2017 2017;4788
190 Furesø;TOT Total;H60 H60 Bachelors programs;TOT Age, total;TOT Total;2017 2017;497
190 Furesø;TOT Total;H70 H70 Masters programs;TOT Age, total;TOT Total;2017 2017;4949
190 Furesø;TOT Total;H80 H80 PhD programs;TOT Age, total;TOT Total;2017 2017;730
190 Furesø;TOT Total;TOT Total;TOT Age, total;TOT Total;2017 2017;26456
201 Allerød;TOT Total;H40 H40 Short cycle higher education;TOT Age, total;TOT Total;2017 2017;1019
201 Allerød;TOT Total;H50 H50 Vocational bachelors educations;TOT Age, total;TOT Total;2017 2017;2836
201 Allerød;TOT Total;H60 H60 Bachelors programs;TOT Age, total;TOT Total;2017 2017;281
201 Allerød;TOT Total;H70 H70 Masters programs;TOT Age, total;TOT Total;2017 2017;2744
201 Allerød;TOT Total;H80 H80 PhD programs;TOT Age, total;TOT Total;2017 2017;352
201 Allerød;TOT Total;TOT Total;TOT Age, total;TOT Total;2017 2017;16503
210 Fredensborg;TOT Total;H40 H40 Short cycle higher education;TOT Age, total;TOT Total;2017 2017;1393
210 Fredensborg;TOT Total;H50 H50 Vocational bachelors educations;TOT Age, total;TOT Total;2017 2017;4457
210 Fredensborg;TOT Total;H60 H60 Bachelors programs;TOT Age, total;TOT Total;2017 2017;590
210 Fredensborg;TOT Total;H70 H70 Masters programs;TOT Age, total;TOT Total;2017 2017;3531
210 Fredensborg;TOT Total;H80 H80 PhD programs;TOT Age, total;TOT Total;2017 2017;356
210 Fredensborg;TOT Total;TOT Total;TOT Age, total;TOT Total;2017 2017;27377
217 Helsingør;TOT Total;H40 H40 Short cycle higher education;TOT Age, total;TOT Total;2017 2017;2125
217 Helsingør;TOT Total;H50 H50 Vocational bachelors educations;TOT Age, total;TOT Total;2017 2017;6775
217 Helsingør;TOT Total;H60 H60 Bachelors programs;TOT Age, total;TOT Total;2017 2017;642
217 Helsingør;TOT Total;H70 H70 Masters programs;TOT Age, total;TOT Total;2017 2017;3645
217 Helsingør;TOT Total;H80 H80 PhD programs;TOT Age, total;TOT Total;2017 2017;276
217 Helsingør;TOT Total;TOT Total;TOT Age, total;TOT Total;2017 2017;42062
219 Hillerød;TOT Total;H40 H40 Short cycle higher education;TOT Age, total;TOT Total;2017 2017;1992
219 Hillerød;TOT Total;H50 H50 Vocational bachelors educations;TOT Age, total;TOT Total;2017 2017;6029
219 Hillerød;TOT Total;H60 H60 Bachelors programs;TOT Age, total;TOT Total;2017 2017;466
219 Hillerød;TOT Total;H70 H70 Masters programs;TOT Age, total;TOT Total;2017 2017;3737
219 Hillerød;TOT Total;H80 H80 PhD programs;TOT Age, total;TOT Total;2017 2017;396
219 Hillerød;TOT Total;TOT Total;TOT Age, total;TOT Total;2017 2017;34444
223 Hørsholm;TOT Total;H40 H40 Short cycle higher education;TOT Age, total;TOT Total;2017 2017;907
223 Hørsholm;TOT Total;H50 H50 Vocational bachelors educations;TOT Age, total;TOT Total;2017 2017;2609
223 Hørsholm;TOT Total;H60 H60 Bachelors programs;TOT Age, total;TOT Total;2017 2017;363
223 Hørsholm;TOT Total;H70 H70 Masters programs;TOT Age, total;TOT Total;2017 2017;3183
223 Hørsholm;TOT Total;H80 H80 PhD programs;TOT Age, total;TOT Total;2017 2017;288
223 Hørsholm;TOT Total;TOT Total;TOT Age, total;TOT Total;2017 2017;15689
230 Rudersdal;TOT Total;H40 H40 Short cycle higher education;TOT Age, total;TOT Total;2017 2017;1674
230 Rudersdal;TOT Total;H50 H50 Vocational bachelors educations;TOT Age, total;TOT Total;2017 2017;5827
230 Rudersdal;TOT Total;H60 H60 Bachelors programs;TOT Age, total;TOT Total;2017 2017;1095
230 Rudersdal;TOT Total;H70 H70 Masters programs;TOT Age, total;TOT Total;2017 2017;8775
230 Rudersdal;TOT Total;H80 H80 PhD programs;TOT Age, total;TOT Total;2017 2017;1057
230 Rudersdal;TOT Total;TOT Total;TOT Age, total;TOT Total;2017 2017;36103
240 Egedal;TOT Total;H40 H40 Short cycle higher education;TOT Age, total;TOT Total;2017 2017;1921
240 Egedal;TOT Total;H50 H50 Vocational bachelors educations;TOT Age, total;TOT Total;2017 2017;4364
240 Egedal;TOT Total;H60 H60 Bachelors programs;TOT Age, total;TOT Total;2017 2017;394
240 Egedal;TOT Total;H70 H70 Masters programs;TOT Age, total;TOT Total;2017 2017;2483
240 Egedal;TOT Total;H80 H80 PhD programs;TOT Age, total;TOT Total;2017 2017;328
240 Egedal;TOT Total;TOT Total;TOT Age, total;TOT Total;2017 2017;28855
250 Frederikssund;TOT Total;H40 H40 Short cycle higher education;TOT Age, total;TOT Total;2017 2017;1628
250 Frederikssund;TOT Total;H50 H50 Vocational bachelors educations;TOT Age, total;TOT Total;2017 2017;4481
250 Frederikssund;TOT Total;H60 H60 Bachelors programs;TOT Age, total;TOT Total;2017 2017;281
250 Frederikssund;TOT Total;H70 H70 Masters programs;TOT Age, total;TOT Total;2017 2017;1700
250 Frederikssund;TOT Total;H80 H80 PhD programs;TOT Age, total;TOT Total;2017 2017;159
250 Frederikssund;TOT Total;TOT Total;TOT Age, total;TOT Total;2017 2017;30313
253 Greve;TOT Total;H40 H40 Short cycle higher education;TOT Age, total;TOT Total;2017 2017;1988
253 Greve;TOT Total;H50 H50 Vocational bachelors educations;TOT Age, total;TOT Total;2017 2017;4241
253 Greve;TOT Total;H60 H60 Bachelors programs;TOT Age, total;TOT Total;2017 2017;407
253 Greve;TOT Total;H70 H70 Masters programs;TOT Age, total;TOT Total;2017 2017;2398
253 Greve;TOT Total;H80 H80 PhD programs;TOT Age, total;TOT Total;2017 2017;163
253 Greve;TOT Total;TOT Total;TOT Age, total;TOT Total;2017 2017;33407
259 Køge;TOT Total;H40 H40 Short cycle higher education;TOT Age, total;TOT Total;2017 2017;2304
259 Køge;TOT Total;H50 H50 Vocational bachelors educations;TOT Age, total;TOT Total;2017 2017;5331
259 Køge;TOT Total;H60 H60 Bachelors programs;TOT Age, total;TOT Total;2017 2017;437
259 Køge;TOT Total;H70 H70 Masters programs;TOT Age, total;TOT Total;2017 2017;2304
259 Køge;TOT Total;H80 H80 PhD programs;TOT Age, total;TOT Total;2017 2017;166
259 Køge;TOT Total;TOT Total;TOT Age, total;TOT Total;2017 2017;41332
260 Halsnæs;TOT Total;H40 H40 Short cycle higher education;TOT Age, total;TOT Total;2017 2017;938
260 Halsnæs;TOT Total;H50 H50 Vocational bachelors educations;TOT Age, total;TOT Total;2017 2017;2858
260 Halsnæs;TOT Total;H60 H60 Bachelors programs;TOT Age, total;TOT Total;2017 2017;153
260 Halsnæs;TOT Total;H70 H70 Masters programs;TOT Age, total;TOT Total;2017 2017;879
260 Halsnæs;TOT Total;H80 H80 PhD programs;TOT Age, total;TOT Total;2017 2017;74
260 Halsnæs;TOT Total;TOT Total;TOT Age, total;TOT Total;2017 2017;21155
265 Roskilde;TOT Total;H40 H40 Short cycle higher education;TOT Age, total;TOT Total;2017 2017;3401
265 Roskilde;TOT Total;H50 H50 Vocational bachelors educations;TOT Age, total;TOT Total;2017 2017;9705
265 Roskilde;TOT Total;H60 H60 Bachelors programs;TOT Age, total;TOT Total;2017 2017;1181
265 Roskilde;TOT Total;H70 H70 Masters programs;TOT Age, total;TOT Total;2017 2017;6812
265 Roskilde;TOT Total;H80 H80 PhD programs;TOT Age, total;TOT Total;2017 2017;782
265 Roskilde;TOT Total;TOT Total;TOT Age, total;TOT Total;2017 2017;60028
269 Solrød;TOT Total;H40 H40 Short cycle higher education;TOT Age, total;TOT Total;2017 2017;1017
269 Solrød;TOT Total;H50 H50 Vocational bachelors educations;TOT Age, total;TOT Total;2017 2017;2067
269 Solrød;TOT Total;H60 H60 Bachelors programs;TOT Age, total;TOT Total;2017 2017;187
269 Solrød;TOT Total;H70 H70 Masters programs;TOT Age, total;TOT Total;2017 2017;1202
269 Solrød;TOT Total;H80 H80 PhD programs;TOT Age, total;TOT Total;2017 2017;84
269 Solrød;TOT Total;TOT Total;TOT Age, total;TOT Total;2017 2017;15000
270 Gribskov;TOT Total;H40 H40 Short cycle higher education;TOT Age, total;TOT Total;2017 2017;1281
270 Gribskov;TOT Total;H50 H50 Vocational bachelors educations;TOT Age, total;TOT Total;2017 2017;4131
270 Gribskov;TOT Total;H60 H60 Bachelors programs;TOT Age, total;TOT Total;2017 2017;294
270 Gribskov;TOT Total;H70 H70 Masters programs;TOT Age, total;TOT Total;2017 2017;1648
270 Gribskov;TOT Total;H80 H80 PhD programs;TOT Age, total;TOT Total;2017 2017;148
270 Gribskov;TOT Total;TOT Total;TOT Age, total;TOT Total;2017 2017;27433
306 Odsherred;TOT Total;H40 H40 Short cycle higher education;TOT Age, total;TOT Total;2017 2017;750
306 Odsherred;TOT Total;H50 H50 Vocational bachelors educations;TOT Age, total;TOT Total;2017 2017;2652
306 Odsherred;TOT Total;H60 H60 Bachelors programs;TOT Age, total;TOT Total;2017 2017;129
306 Odsherred;TOT Total;H70 H70 Masters programs;TOT Age, total;TOT Total;2017 2017;702
306 Odsherred;TOT Total;H80 H80 PhD programs;TOT Age, total;TOT Total;2017 2017;39
306 Odsherred;TOT Total;TOT Total;TOT Age, total;TOT Total;2017 2017;21925
316 Holbæk;TOT Total;H40 H40 Short cycle higher education;TOT Age, total;TOT Total;2017 2017;2320
316 Holbæk;TOT Total;H50 H50 Vocational bachelors educations;TOT Age, total;TOT Total;2017 2017;7263
316 Holbæk;TOT Total;H60 H60 Bachelors programs;TOT Age, total;TOT Total;2017 2017;424
316 Holbæk;TOT Total;H70 H70 Masters programs;TOT Age, total;TOT Total;2017 2017;2364
316 Holbæk;TOT Total;H80 H80 PhD programs;TOT Age, total;TOT Total;2017 2017;150
316 Holbæk;TOT Total;TOT Total;TOT Age, total;TOT Total;2017 2017;49058
320 Faxe;TOT Total;H40 H40 Short cycle higher education;TOT Age, total;TOT Total;2017 2017;1128
320 Faxe;TOT Total;H50 H50 Vocational bachelors educations;TOT Age, total;TOT Total;2017 2017;3108
320 Faxe;TOT Total;H60 H60 Bachelors programs;TOT Age, total;TOT Total;2017 2017;155
320 Faxe;TOT Total;H70 H70 Masters programs;TOT Age, total;TOT Total;2017 2017;865
320 Faxe;TOT Total;H80 H80 PhD programs;TOT Age, total;TOT Total;2017 2017;48
320 Faxe;TOT Total;TOT Total;TOT Age, total;TOT Total;2017 2017;24917
326 Kalundborg;TOT Total;H40 H40 Short cycle higher education;TOT Age, total;TOT Total;2017 2017;1488
326 Kalundborg;TOT Total;H50 H50 Vocational bachelors educations;TOT Age, total;TOT Total;2017 2017;3807
326 Kalundborg;TOT Total;H60 H60 Bachelors programs;TOT Age, total;TOT Total;2017 2017;167
326 Kalundborg;TOT Total;H70 H70 Masters programs;TOT Age, total;TOT Total;2017 2017;1126
326 Kalundborg;TOT Total;H80 H80 PhD programs;TOT Age, total;TOT Total;2017 2017;94
326 Kalundborg;TOT Total;TOT Total;TOT Age, total;TOT Total;2017 2017;33237
329 Ringsted;TOT Total;H40 H40 Short cycle higher education;TOT Age, total;TOT Total;2017 2017;1344
329 Ringsted;TOT Total;H50 H50 Vocational bachelors educations;TOT Age, total;TOT Total;2017 2017;3057
329 Ringsted;TOT Total;H60 H60 Bachelors programs;TOT Age, total;TOT Total;2017 2017;252
329 Ringsted;TOT Total;H70 H70 Masters programs;TOT Age, total;TOT Total;2017 2017;1256
329 Ringsted;TOT Total;H80 H80 PhD programs;TOT Age, total;TOT Total;2017 2017;105
329 Ringsted;TOT Total;TOT Total;TOT Age, total;TOT Total;2017 2017;24133
330 Slagelse;TOT Total;H40 H40 Short cycle higher education;TOT Age, total;TOT Total;2017 2017;2552
330 Slagelse;TOT Total;H50 H50 Vocational bachelors educations;TOT Age, total;TOT Total;2017 2017;7404
330 Slagelse;TOT Total;H60 H60 Bachelors programs;TOT Age, total;TOT Total;2017 2017;533
330 Slagelse;TOT Total;H70 H70 Masters programs;TOT Age, total;TOT Total;2017 2017;2049
330 Slagelse;TOT Total;H80 H80 PhD programs;TOT Age, total;TOT Total;2017 2017;120
330 Slagelse;TOT Total;TOT Total;TOT Age, total;TOT Total;2017 2017;54752
336 Stevns;TOT Total;H40 H40 Short cycle higher education;TOT Age, total;TOT Total;2017 2017;732
336 Stevns;TOT Total;H50 H50 Vocational bachelors educations;TOT Age, total;TOT Total;2017 2017;1917
336 Stevns;TOT Total;H60 H60 Bachelors programs;TOT Age, total;TOT Total;2017 2017;116
336 Stevns;TOT Total;H70 H70 Masters programs;TOT Age, total;TOT Total;2017 2017;713
336 Stevns;TOT Total;H80 H80 PhD programs;TOT Age, total;TOT Total;2017 2017;61
336 Stevns;TOT Total;TOT Total;TOT Age, total;TOT Total;2017 2017;15388
340 Sorø;TOT Total;H40 H40 Short cycle higher education;TOT Age, total;TOT Total;2017 2017;926
340 Sorø;TOT Total;H50 H50 Vocational bachelors educations;TOT Age, total;TOT Total;2017 2017;2816
340 Sorø;TOT Total;H60 H60 Bachelors programs;TOT Age, total;TOT Total;2017 2017;200
340 Sorø;TOT Total;H70 H70 Masters programs;TOT Age, total;TOT Total;2017 2017;1340
340 Sorø;TOT Total;H80 H80 PhD programs;TOT Age, total;TOT Total;2017 2017;99
340 Sorø;TOT Total;TOT Total;TOT Age, total;TOT Total;2017 2017;20228
350 Lejre;TOT Total;H40 H40 Short cycle higher education;TOT Age, total;TOT Total;2017 2017;1070
350 Lejre;TOT Total;H50 H50 Vocational bachelors educations;TOT Age, total;TOT Total;2017 2017;2756
350 Lejre;TOT Total;H60 H60 Bachelors programs;TOT Age, total;TOT Total;2017 2017;237
350 Lejre;TOT Total;H70 H70 Masters programs;TOT Age, total;TOT Total;2017 2017;1551
350 Lejre;TOT Total;H80 H80 PhD programs;TOT Age, total;TOT Total;2017 2017;185
350 Lejre;TOT Total;TOT Total;TOT Age, total;TOT Total;2017 2017;18408
360 Lolland;TOT Total;H40 H40 Short cycle higher education;TOT Age, total;TOT Total;2017 2017;825
360 Lolland;TOT Total;H50 H50 Vocational bachelors educations;TOT Age, total;TOT Total;2017 2017;2944
360 Lolland;TOT Total;H60 H60 Bachelors programs;TOT Age, total;TOT Total;2017 2017;115
360 Lolland;TOT Total;H70 H70 Masters programs;TOT Age, total;TOT Total;2017 2017;605
360 Lolland;TOT Total;H80 H80 PhD programs;TOT Age, total;TOT Total;2017 2017;26
360 Lolland;TOT Total;TOT Total;TOT Age, total;TOT Total;2017 2017;27997
370 Næstved;TOT Total;H40 H40 Short cycle higher education;TOT Age, total;TOT Total;2017 2017;2819
370 Næstved;TOT Total;H50 H50 Vocational bachelors educations;TOT Age, total;TOT Total;2017 2017;8498
370 Næstved;TOT Total;H60 H60 Bachelors programs;TOT Age, total;TOT Total;2017 2017;429
370 Næstved;TOT Total;H70 H70 Masters programs;TOT Age, total;TOT Total;2017 2017;2356
370 Næstved;TOT Total;H80 H80 PhD programs;TOT Age, total;TOT Total;2017 2017;147
370 Næstved;TOT Total;TOT Total;TOT Age, total;TOT Total;2017 2017;57391
376 Guldborgsund;TOT Total;H40 H40 Short cycle higher education;TOT Age, total;TOT Total;2017 2017;1605
376 Guldborgsund;TOT Total;H50 H50 Vocational bachelors educations;TOT Age, total;TOT Total;2017 2017;5649
376 Guldborgsund;TOT Total;H60 H60 Bachelors programs;TOT Age, total;TOT Total;2017 2017;233
376 Guldborgsund;TOT Total;H70 H70 Masters programs;TOT Age, total;TOT Total;2017 2017;1396
376 Guldborgsund;TOT Total;H80 H80 PhD programs;TOT Age, total;TOT Total;2017 2017;48
376 Guldborgsund;TOT Total;TOT Total;TOT Age, total;TOT Total;2017 2017;41276
390 Vordingborg;TOT Total;H40 H40 Short cycle higher education;TOT Age, total;TOT Total;2017 2017;1261
390 Vordingborg;TOT Total;H50 H50 Vocational bachelors educations;TOT Age, total;TOT Total;2017 2017;4382
390 Vordingborg;TOT Total;H60 H60 Bachelors programs;TOT Age, total;TOT Total;2017 2017;227
390 Vordingborg;TOT Total;H70 H70 Masters programs;TOT Age, total;TOT Total;2017 2017;1281
390 Vordingborg;TOT Total;H80 H80 PhD programs;TOT Age, total;TOT Total;2017 2017;77
390 Vordingborg;TOT Total;TOT Total;TOT Age, total;TOT Total;2017 2017;31025
400 Bornholm;TOT Total;H40 H40 Short cycle higher education;TOT Age, total;TOT Total;2017 2017;899
400 Bornholm;TOT Total;H50 H50 Vocational bachelors educations;TOT Age, total;TOT Total;2017 2017;3567
400 Bornholm;TOT Total;H60 H60 Bachelors programs;TOT Age, total;TOT Total;2017 2017;239
400 Bornholm;TOT Total;H70 H70 Masters programs;TOT Age, total;TOT Total;2017 2017;1012
400 Bornholm;TOT Total;H80 H80 PhD programs;TOT Age, total;TOT Total;2017 2017;61
400 Bornholm;TOT Total;TOT Total;TOT Age, total;TOT Total;2017 2017;26409
410 Middelfart;TOT Total;H40 H40 Short cycle higher education;TOT Age, total;TOT Total;2017 2017;1270
410 Middelfart;TOT Total;H50 H50 Vocational bachelors educations;TOT Age, total;TOT Total;2017 2017;4020
410 Middelfart;TOT Total;H60 H60 Bachelors programs;TOT Age, total;TOT Total;2017 2017;244
410 Middelfart;TOT Total;H70 H70 Masters programs;TOT Age, total;TOT Total;2017 2017;1545
410 Middelfart;TOT Total;H80 H80 PhD programs;TOT Age, total;TOT Total;2017 2017;81
410 Middelfart;TOT Total;TOT Total;TOT Age, total;TOT Total;2017 2017;25685
420 Assens;TOT Total;H40 H40 Short cycle higher education;TOT Age, total;TOT Total;2017 2017;1338
420 Assens;TOT Total;H50 H50 Vocational bachelors educations;TOT Age, total;TOT Total;2017 2017;3814
420 Assens;TOT Total;H60 H60 Bachelors programs;TOT Age, total;TOT Total;2017 2017;219
420 Assens;TOT Total;H70 H70 Masters programs;TOT Age, total;TOT Total;2017 2017;1156
420 Assens;TOT Total;H80 H80 PhD programs;TOT Age, total;TOT Total;2017 2017;84
420 Assens;TOT Total;TOT Total;TOT Age, total;TOT Total;2017 2017;28107
430 Faaborg-Midtfyn;TOT Total;H40 H40 Short cycle higher education;TOT Age, total;TOT Total;2017 2017;1691
430 Faaborg-Midtfyn;TOT Total;H50 H50 Vocational bachelors educations;TOT Age, total;TOT Total;2017 2017;4776
430 Faaborg-Midtfyn;TOT Total;H60 H60 Bachelors programs;TOT Age, total;TOT Total;2017 2017;269
430 Faaborg-Midtfyn;TOT Total;H70 H70 Masters programs;TOT Age, total;TOT Total;2017 2017;1398
430 Faaborg-Midtfyn;TOT Total;H80 H80 PhD programs;TOT Age, total;TOT Total;2017 2017;123
430 Faaborg-Midtfyn;TOT Total;TOT Total;TOT Age, total;TOT Total;2017 2017;34271
440 Kerteminde;TOT Total;H40 H40 Short cycle higher education;TOT Age, total;TOT Total;2017 2017;643
440 Kerteminde;TOT Total;H50 H50 Vocational bachelors educations;TOT Age, total;TOT Total;2017 2017;2219
440 Kerteminde;TOT Total;H60 H60 Bachelors programs;TOT Age, total;TOT Total;2017 2017;141
440 Kerteminde;TOT Total;H70 H70 Masters programs;TOT Age, total;TOT Total;2017 2017;675
440 Kerteminde;TOT Total;H80 H80 PhD programs;TOT Age, total;TOT Total;2017 2017;57
440 Kerteminde;TOT Total;TOT Total;TOT Age, total;TOT Total;2017 2017;15790
450 Nyborg;TOT Total;H40 H40 Short cycle higher education;TOT Age, total;TOT Total;2017 2017;988
450 Nyborg;TOT Total;H50 H50 Vocational bachelors educations;TOT Age, total;TOT Total;2017 2017;3001
450 Nyborg;TOT Total;H60 H60 Bachelors programs;TOT Age, total;TOT Total;2017 2017;178
450 Nyborg;TOT Total;H70 H70 Masters programs;TOT Age, total;TOT Total;2017 2017;945
450 Nyborg;TOT Total;H80 H80 PhD programs;TOT Age, total;TOT Total;2017 2017;97
450 Nyborg;TOT Total;TOT Total;TOT Age, total;TOT Total;2017 2017;21457
461 Odense;TOT Total;H40 H40 Short cycle higher education;TOT Age, total;TOT Total;2017 2017;7098
461 Odense;TOT Total;H50 H50 Vocational bachelors educations;TOT Age, total;TOT Total;2017 2017;23489
461 Odense;TOT Total;H60 H60 Bachelors programs;TOT Age, total;TOT Total;2017 2017;5727
461 Odense;TOT Total;H70 H70 Masters programs;TOT Age, total;TOT Total;2017 2017;13153
461 Odense;TOT Total;H80 H80 PhD programs;TOT Age, total;TOT Total;2017 2017;1410
461 Odense;TOT Total;TOT Total;TOT Age, total;TOT Total;2017 2017;146159
479 Svendborg;TOT Total;H40 H40 Short cycle higher education;TOT Age, total;TOT Total;2017 2017;1715
479 Svendborg;TOT Total;H50 H50 Vocational bachelors educations;TOT Age, total;TOT Total;2017 2017;7398
479 Svendborg;TOT Total;H60 H60 Bachelors programs;TOT Age, total;TOT Total;2017 2017;337
479 Svendborg;TOT Total;H70 H70 Masters programs;TOT Age, total;TOT Total;2017 2017;1937
479 Svendborg;TOT Total;H80 H80 PhD programs;TOT Age, total;TOT Total;2017 2017;98
479 Svendborg;TOT Total;TOT Total;TOT Age, total;TOT Total;2017 2017;40020
480 Nordfyns;TOT Total;H40 H40 Short cycle higher education;TOT Age, total;TOT Total;2017 2017;937
480 Nordfyns;TOT Total;H50 H50 Vocational bachelors educations;TOT Age, total;TOT Total;2017 2017;2539
480 Nordfyns;TOT Total;H60 H60 Bachelors programs;TOT Age, total;TOT Total;2017 2017;140
480 Nordfyns;TOT Total;H70 H70 Masters programs;TOT Age, total;TOT Total;2017 2017;727
480 Nordfyns;TOT Total;H80 H80 PhD programs;TOT Age, total;TOT Total;2017 2017;66
480 Nordfyns;TOT Total;TOT Total;TOT Age, total;TOT Total;2017 2017;20115
482 Langeland;TOT Total;H40 H40 Short cycle higher education;TOT Age, total;TOT Total;2017 2017;229
482 Langeland;TOT Total;H50 H50 Vocational bachelors educations;TOT Age, total;TOT Total;2017 2017;908
482 Langeland;TOT Total;H60 H60 Bachelors programs;TOT Age, total;TOT Total;2017 2017;48
482 Langeland;TOT Total;H70 H70 Masters programs;TOT Age, total;TOT Total;2017 2017;219
482 Langeland;TOT Total;H80 H80 PhD programs;TOT Age, total;TOT Total;2017 2017;15
482 Langeland;TOT Total;TOT Total;TOT Age, total;TOT Total;2017 2017;8232
492 Ærø;TOT Total;H40 H40 Short cycle higher education;TOT Age, total;TOT Total;2017 2017;199
492 Ærø;TOT Total;H50 H50 Vocational bachelors educations;TOT Age, total;TOT Total;2017 2017;583
492 Ærø;TOT Total;H60 H60 Bachelors programs;TOT Age, total;TOT Total;2017 2017;30
492 Ærø;TOT Total;H70 H70 Masters programs;TOT Age, total;TOT Total;2017 2017;187
492 Ærø;TOT Total;H80 H80 PhD programs;TOT Age, total;TOT Total;2017 2017;12
492 Ærø;TOT Total;TOT Total;TOT Age, total;TOT Total;2017 2017;3903
510 Haderslev;TOT Total;H40 H40 Short cycle higher education;TOT Age, total;TOT Total;2017 2017;1627
510 Haderslev;TOT Total;H50 H50 Vocational bachelors educations;TOT Age, total;TOT Total;2017 2017;5445
510 Haderslev;TOT Total;H60 H60 Bachelors programs;TOT Age, total;TOT Total;2017 2017;277
510 Haderslev;TOT Total;H70 H70 Masters programs;TOT Age, total;TOT Total;2017 2017;1516
510 Haderslev;TOT Total;H80 H80 PhD programs;TOT Age, total;TOT Total;2017 2017;56
510 Haderslev;TOT Total;TOT Total;TOT Age, total;TOT Total;2017 2017;38077
530 Billund;TOT Total;H40 H40 Short cycle higher education;TOT Age, total;TOT Total;2017 2017;844
530 Billund;TOT Total;H50 H50 Vocational bachelors educations;TOT Age, total;TOT Total;2017 2017;2054
530 Billund;TOT Total;H60 H60 Bachelors programs;TOT Age, total;TOT Total;2017 2017;96
530 Billund;TOT Total;H70 H70 Masters programs;TOT Age, total;TOT Total;2017 2017;688
530 Billund;TOT Total;H80 H80 PhD programs;TOT Age, total;TOT Total;2017 2017;50
530 Billund;TOT Total;TOT Total;TOT Age, total;TOT Total;2017 2017;17973
540 Sønderborg;TOT Total;H40 H40 Short cycle higher education;TOT Age, total;TOT Total;2017 2017;2691
540 Sønderborg;TOT Total;H50 H50 Vocational bachelors educations;TOT Age, total;TOT Total;2017 2017;7262
540 Sønderborg;TOT Total;H60 H60 Bachelors programs;TOT Age, total;TOT Total;2017 2017;574
540 Sønderborg;TOT Total;H70 H70 Masters programs;TOT Age, total;TOT Total;2017 2017;2789
540 Sønderborg;TOT Total;H80 H80 PhD programs;TOT Age, total;TOT Total;2017 2017;185
540 Sønderborg;TOT Total;TOT Total;TOT Age, total;TOT Total;2017 2017;49974
550 Tønder;TOT Total;H40 H40 Short cycle higher education;TOT Age, total;TOT Total;2017 2017;1060
550 Tønder;TOT Total;H50 H50 Vocational bachelors educations;TOT Age, total;TOT Total;2017 2017;2880
550 Tønder;TOT Total;H60 H60 Bachelors programs;TOT Age, total;TOT Total;2017 2017;93
550 Tønder;TOT Total;H70 H70 Masters programs;TOT Age, total;TOT Total;2017 2017;775
550 Tønder;TOT Total;H80 H80 PhD programs;TOT Age, total;TOT Total;2017 2017;35
550 Tønder;TOT Total;TOT Total;TOT Age, total;TOT Total;2017 2017;25570
561 Esbjerg;TOT Total;H40 H40 Short cycle higher education;TOT Age, total;TOT Total;2017 2017;3955
561 Esbjerg;TOT Total;H50 H50 Vocational bachelors educations;TOT Age, total;TOT Total;2017 2017;13439
561 Esbjerg;TOT Total;H60 H60 Bachelors programs;TOT Age, total;TOT Total;2017 2017;872
561 Esbjerg;TOT Total;H70 H70 Masters programs;TOT Age, total;TOT Total;2017 2017;3826
561 Esbjerg;TOT Total;H80 H80 PhD programs;TOT Age, total;TOT Total;2017 2017;232
561 Esbjerg;TOT Total;TOT Total;TOT Age, total;TOT Total;2017 2017;80761
563 Fanø;TOT Total;H40 H40 Short cycle higher education;TOT Age, total;TOT Total;2017 2017;131
563 Fanø;TOT Total;H50 H50 Vocational bachelors educations;TOT Age, total;TOT Total;2017 2017;546
563 Fanø;TOT Total;H60 H60 Bachelors programs;TOT Age, total;TOT Total;2017 2017;32
563 Fanø;TOT Total;H70 H70 Masters programs;TOT Age, total;TOT Total;2017 2017;174
563 Fanø;TOT Total;H80 H80 PhD programs;TOT Age, total;TOT Total;2017 2017;7
563 Fanø;TOT Total;TOT Total;TOT Age, total;TOT Total;2017 2017;2155
573 Varde;TOT Total;H40 H40 Short cycle higher education;TOT Age, total;TOT Total;2017 2017;1593
573 Varde;TOT Total;H50 H50 Vocational bachelors educations;TOT Age, total;TOT Total;2017 2017;4438
573 Varde;TOT Total;H60 H60 Bachelors programs;TOT Age, total;TOT Total;2017 2017;177
573 Varde;TOT Total;H70 H70 Masters programs;TOT Age, total;TOT Total;2017 2017;1099
573 Varde;TOT Total;H80 H80 PhD programs;TOT Age, total;TOT Total;2017 2017;66
573 Varde;TOT Total;TOT Total;TOT Age, total;TOT Total;2017 2017;34089
575 Vejen;TOT Total;H40 H40 Short cycle higher education;TOT Age, total;TOT Total;2017 2017;1331
575 Vejen;TOT Total;H50 H50 Vocational bachelors educations;TOT Age, total;TOT Total;2017 2017;3405
575 Vejen;TOT Total;H60 H60 Bachelors programs;TOT Age, total;TOT Total;2017 2017;181
575 Vejen;TOT Total;H70 H70 Masters programs;TOT Age, total;TOT Total;2017 2017;1008
575 Vejen;TOT Total;H80 H80 PhD programs;TOT Age, total;TOT Total;2017 2017;41
575 Vejen;TOT Total;TOT Total;TOT Age, total;TOT Total;2017 2017;28940
580 Aabenraa;TOT Total;H40 H40 Short cycle higher education;TOT Age, total;TOT Total;2017 2017;1740
580 Aabenraa;TOT Total;H50 H50 Vocational bachelors educations;TOT Age, total;TOT Total;2017 2017;5004
580 Aabenraa;TOT Total;H60 H60 Bachelors programs;TOT Age, total;TOT Total;2017 2017;237
580 Aabenraa;TOT Total;H70 H70 Masters programs;TOT Age, total;TOT Total;2017 2017;1629
580 Aabenraa;TOT Total;H80 H80 PhD programs;TOT Age, total;TOT Total;2017 2017;78
580 Aabenraa;TOT Total;TOT Total;TOT Age, total;TOT Total;2017 2017;40068
607 Fredericia;TOT Total;H40 H40 Short cycle higher education;TOT Age, total;TOT Total;2017 2017;1590
607 Fredericia;TOT Total;H50 H50 Vocational bachelors educations;TOT Age, total;TOT Total;2017 2017;4964
607 Fredericia;TOT Total;H60 H60 Bachelors programs;TOT Age, total;TOT Total;2017 2017;352
607 Fredericia;TOT Total;H70 H70 Masters programs;TOT Age, total;TOT Total;2017 2017;1642
607 Fredericia;TOT Total;H80 H80 PhD programs;TOT Age, total;TOT Total;2017 2017;104
607 Fredericia;TOT Total;TOT Total;TOT Age, total;TOT Total;2017 2017;34981
615 Horsens;TOT Total;H40 H40 Short cycle higher education;TOT Age, total;TOT Total;2017 2017;3655
615 Horsens;TOT Total;H50 H50 Vocational bachelors educations;TOT Age, total;TOT Total;2017 2017;9997
615 Horsens;TOT Total;H60 H60 Bachelors programs;TOT Age, total;TOT Total;2017 2017;545
615 Horsens;TOT Total;H70 H70 Masters programs;TOT Age, total;TOT Total;2017 2017;3340
615 Horsens;TOT Total;H80 H80 PhD programs;TOT Age, total;TOT Total;2017 2017;167
615 Horsens;TOT Total;TOT Total;TOT Age, total;TOT Total;2017 2017;62455
621 Kolding;TOT Total;H40 H40 Short cycle higher education;TOT Age, total;TOT Total;2017 2017;3721
621 Kolding;TOT Total;H50 H50 Vocational bachelors educations;TOT Age, total;TOT Total;2017 2017;9592
621 Kolding;TOT Total;H60 H60 Bachelors programs;TOT Age, total;TOT Total;2017 2017;1045
621 Kolding;TOT Total;H70 H70 Masters programs;TOT Age, total;TOT Total;2017 2017;4301
621 Kolding;TOT Total;H80 H80 PhD programs;TOT Age, total;TOT Total;2017 2017;196
621 Kolding;TOT Total;TOT Total;TOT Age, total;TOT Total;2017 2017;63861
630 Vejle;TOT Total;H40 H40 Short cycle higher education;TOT Age, total;TOT Total;2017 2017;4199
630 Vejle;TOT Total;H50 H50 Vocational bachelors educations;TOT Age, total;TOT Total;2017 2017;12943
630 Vejle;TOT Total;H60 H60 Bachelors programs;TOT Age, total;TOT Total;2017 2017;793
630 Vejle;TOT Total;H70 H70 Masters programs;TOT Age, total;TOT Total;2017 2017;5563
630 Vejle;TOT Total;H80 H80 PhD programs;TOT Age, total;TOT Total;2017 2017;289
630 Vejle;TOT Total;TOT Total;TOT Age, total;TOT Total;2017 2017;78345
657 Herning;TOT Total;H40 H40 Short cycle higher education;TOT Age, total;TOT Total;2017 2017;3597
657 Herning;TOT Total;H50 H50 Vocational bachelors educations;TOT Age, total;TOT Total;2017 2017;8841
657 Herning;TOT Total;H60 H60 Bachelors programs;TOT Age, total;TOT Total;2017 2017;664
657 Herning;TOT Total;H70 H70 Masters programs;TOT Age, total;TOT Total;2017 2017;2588
657 Herning;TOT Total;H80 H80 PhD programs;TOT Age, total;TOT Total;2017 2017;139
657 Herning;TOT Total;TOT Total;TOT Age, total;TOT Total;2017 2017;61328
661 Holstebro;TOT Total;H40 H40 Short cycle higher education;TOT Age, total;TOT Total;2017 2017;1918
661 Holstebro;TOT Total;H50 H50 Vocational bachelors educations;TOT Age, total;TOT Total;2017 2017;6517
661 Holstebro;TOT Total;H60 H60 Bachelors programs;TOT Age, total;TOT Total;2017 2017;255
661 Holstebro;TOT Total;H70 H70 Masters programs;TOT Age, total;TOT Total;2017 2017;1712
661 Holstebro;TOT Total;H80 H80 PhD programs;TOT Age, total;TOT Total;2017 2017;55
661 Holstebro;TOT Total;TOT Total;TOT Age, total;TOT Total;2017 2017;39786
665 Lemvig;TOT Total;H40 H40 Short cycle higher education;TOT Age, total;TOT Total;2017 2017;484
665 Lemvig;TOT Total;H50 H50 Vocational bachelors educations;TOT Age, total;TOT Total;2017 2017;1793
665 Lemvig;TOT Total;H60 H60 Bachelors programs;TOT Age, total;TOT Total;2017 2017;59
665 Lemvig;TOT Total;H70 H70 Masters programs;TOT Age, total;TOT Total;2017 2017;445
665 Lemvig;TOT Total;H80 H80 PhD programs;TOT Age, total;TOT Total;2017 2017;34
665 Lemvig;TOT Total;TOT Total;TOT Age, total;TOT Total;2017 2017;13640
671 Struer;TOT Total;H40 H40 Short cycle higher education;TOT Age, total;TOT Total;2017 2017;559
671 Struer;TOT Total;H50 H50 Vocational bachelors educations;TOT Age, total;TOT Total;2017 2017;1970
671 Struer;TOT Total;H60 H60 Bachelors programs;TOT Age, total;TOT Total;2017 2017;88
671 Struer;TOT Total;H70 H70 Masters programs;TOT Age, total;TOT Total;2017 2017;484
671 Struer;TOT Total;H80 H80 PhD programs;TOT Age, total;TOT Total;2017 2017;26
671 Struer;TOT Total;TOT Total;TOT Age, total;TOT Total;2017 2017;14236
706 Syddjurs;TOT Total;H40 H40 Short cycle higher education;TOT Age, total;TOT Total;2017 2017;1354
706 Syddjurs;TOT Total;H50 H50 Vocational bachelors educations;TOT Age, total;TOT Total;2017 2017;4276
706 Syddjurs;TOT Total;H60 H60 Bachelors programs;TOT Age, total;TOT Total;2017 2017;325
706 Syddjurs;TOT Total;H70 H70 Masters programs;TOT Age, total;TOT Total;2017 2017;1773
706 Syddjurs;TOT Total;H80 H80 PhD programs;TOT Age, total;TOT Total;2017 2017;136
706 Syddjurs;TOT Total;TOT Total;TOT Age, total;TOT Total;2017 2017;28417
707 Norddjurs;TOT Total;H40 H40 Short cycle higher education;TOT Age, total;TOT Total;2017 2017;1041
707 Norddjurs;TOT Total;H50 H50 Vocational bachelors educations;TOT Age, total;TOT Total;2017 2017;2882
707 Norddjurs;TOT Total;H60 H60 Bachelors programs;TOT Age, total;TOT Total;2017 2017;139
707 Norddjurs;TOT Total;H70 H70 Masters programs;TOT Age, total;TOT Total;2017 2017;687
707 Norddjurs;TOT Total;H80 H80 PhD programs;TOT Age, total;TOT Total;2017 2017;38
707 Norddjurs;TOT Total;TOT Total;TOT Age, total;TOT Total;2017 2017;26449
710 Favrskov;TOT Total;H40 H40 Short cycle higher education;TOT Age, total;TOT Total;2017 2017;1887
710 Favrskov;TOT Total;H50 H50 Vocational bachelors educations;TOT Age, total;TOT Total;2017 2017;4924
710 Favrskov;TOT Total;H60 H60 Bachelors programs;TOT Age, total;TOT Total;2017 2017;326
710 Favrskov;TOT Total;H70 H70 Masters programs;TOT Age, total;TOT Total;2017 2017;2570
710 Favrskov;TOT Total;H80 H80 PhD programs;TOT Age, total;TOT Total;2017 2017;279
710 Favrskov;TOT Total;TOT Total;TOT Age, total;TOT Total;2017 2017;32380
727 Odder;TOT Total;H40 H40 Short cycle higher education;TOT Age, total;TOT Total;2017 2017;797
727 Odder;TOT Total;H50 H50 Vocational bachelors educations;TOT Age, total;TOT Total;2017 2017;2456
727 Odder;TOT Total;H60 H60 Bachelors programs;TOT Age, total;TOT Total;2017 2017;177
727 Odder;TOT Total;H70 H70 Masters programs;TOT Age, total;TOT Total;2017 2017;1061
727 Odder;TOT Total;H80 H80 PhD programs;TOT Age, total;TOT Total;2017 2017;81
727 Odder;TOT Total;TOT Total;TOT Age, total;TOT Total;2017 2017;15195
730 Randers;TOT Total;H40 H40 Short cycle higher education;TOT Age, total;TOT Total;2017 2017;3927
730 Randers;TOT Total;H50 H50 Vocational bachelors educations;TOT Age, total;TOT Total;2017 2017;8898
730 Randers;TOT Total;H60 H60 Bachelors programs;TOT Age, total;TOT Total;2017 2017;616
730 Randers;TOT Total;H70 H70 Masters programs;TOT Age, total;TOT Total;2017 2017;3059
730 Randers;TOT Total;H80 H80 PhD programs;TOT Age, total;TOT Total;2017 2017;203
730 Randers;TOT Total;TOT Total;TOT Age, total;TOT Total;2017 2017;67969
740 Silkeborg;TOT Total;H40 H40 Short cycle higher education;TOT Age, total;TOT Total;2017 2017;3657
740 Silkeborg;TOT Total;H50 H50 Vocational bachelors educations;TOT Age, total;TOT Total;2017 2017;10467
740 Silkeborg;TOT Total;H60 H60 Bachelors programs;TOT Age, total;TOT Total;2017 2017;673
740 Silkeborg;TOT Total;H70 H70 Masters programs;TOT Age, total;TOT Total;2017 2017;4276
740 Silkeborg;TOT Total;H80 H80 PhD programs;TOT Age, total;TOT Total;2017 2017;261
740 Silkeborg;TOT Total;TOT Total;TOT Age, total;TOT Total;2017 2017;62846
741 Samsø;TOT Total;H40 H40 Short cycle higher education;TOT Age, total;TOT Total;2017 2017;100
741 Samsø;TOT Total;H50 H50 Vocational bachelors educations;TOT Age, total;TOT Total;2017 2017;360
741 Samsø;TOT Total;H60 H60 Bachelors programs;TOT Age, total;TOT Total;2017 2017;37
741 Samsø;TOT Total;H70 H70 Masters programs;TOT Age, total;TOT Total;2017 2017;120
741 Samsø;TOT Total;H80 H80 PhD programs;TOT Age, total;TOT Total;2017 2017;4
741 Samsø;TOT Total;TOT Total;TOT Age, total;TOT Total;2017 2017;2372
746 Skanderborg;TOT Total;H40 H40 Short cycle higher education;TOT Age, total;TOT Total;2017 2017;2536
746 Skanderborg;TOT Total;H50 H50 Vocational bachelors educations;TOT Age, total;TOT Total;2017 2017;6973
746 Skanderborg;TOT Total;H60 H60 Bachelors programs;TOT Age, total;TOT Total;2017 2017;540
746 Skanderborg;TOT Total;H70 H70 Masters programs;TOT Age, total;TOT Total;2017 2017;4332
746 Skanderborg;TOT Total;H80 H80 PhD programs;TOT Age, total;TOT Total;2017 2017;360
746 Skanderborg;TOT Total;TOT Total;TOT Age, total;TOT Total;2017 2017;41056
751 Aarhus;TOT Total;H40 H40 Short cycle higher education;TOT Age, total;TOT Total;2017 2017;12692
751 Aarhus;TOT Total;H50 H50 Vocational bachelors educations;TOT Age, total;TOT Total;2017 2017;41916
751 Aarhus;TOT Total;H60 H60 Bachelors programs;TOT Age, total;TOT Total;2017 2017;13028
751 Aarhus;TOT Total;H70 H70 Masters programs;TOT Age, total;TOT Total;2017 2017;37456
751 Aarhus;TOT Total;H80 H80 PhD programs;TOT Age, total;TOT Total;2017 2017;4160
751 Aarhus;TOT Total;TOT Total;TOT Age, total;TOT Total;2017 2017;253565
756 Ikast-Brande;TOT Total;H40 H40 Short cycle higher education;TOT Age, total;TOT Total;2017 2017;1441
756 Ikast-Brande;TOT Total;H50 H50 Vocational bachelors educations;TOT Age, total;TOT Total;2017 2017;3325
756 Ikast-Brande;TOT Total;H60 H60 Bachelors programs;TOT Age, total;TOT Total;2017 2017;184
756 Ikast-Brande;TOT Total;H70 H70 Masters programs;TOT Age, total;TOT Total;2017 2017;1149
756 Ikast-Brande;TOT Total;H80 H80 PhD programs;TOT Age, total;TOT Total;2017 2017;91
756 Ikast-Brande;TOT Total;TOT Total;TOT Age, total;TOT Total;2017 2017;28143
760 Ringkøbing-Skjern;TOT Total;H40 H40 Short cycle higher education;TOT Age, total;TOT Total;2017 2017;1654
760 Ringkøbing-Skjern;TOT Total;H50 H50 Vocational bachelors educations;TOT Age, total;TOT Total;2017 2017;4949
760 Ringkøbing-Skjern;TOT Total;H60 H60 Bachelors programs;TOT Age, total;TOT Total;2017 2017;193
760 Ringkøbing-Skjern;TOT Total;H70 H70 Masters programs;TOT Age, total;TOT Total;2017 2017;1392
760 Ringkøbing-Skjern;TOT Total;H80 H80 PhD programs;TOT Age, total;TOT Total;2017 2017;51
760 Ringkøbing-Skjern;TOT Total;TOT Total;TOT Age, total;TOT Total;2017 2017;38430
766 Hedensted;TOT Total;H40 H40 Short cycle higher education;TOT Age, total;TOT Total;2017 2017;1752
766 Hedensted;TOT Total;H50 H50 Vocational bachelors educations;TOT Age, total;TOT Total;2017 2017;4083
766 Hedensted;TOT Total;H60 H60 Bachelors programs;TOT Age, total;TOT Total;2017 2017;186
766 Hedensted;TOT Total;H70 H70 Masters programs;TOT Age, total;TOT Total;2017 2017;1022
766 Hedensted;TOT Total;H80 H80 PhD programs;TOT Age, total;TOT Total;2017 2017;50
766 Hedensted;TOT Total;TOT Total;TOT Age, total;TOT Total;2017 2017;31609
773 Morsø;TOT Total;H40 H40 Short cycle higher education;TOT Age, total;TOT Total;2017 2017;482
773 Morsø;TOT Total;H50 H50 Vocational bachelors educations;TOT Age, total;TOT Total;2017 2017;1468
773 Morsø;TOT Total;H60 H60 Bachelors programs;TOT Age, total;TOT Total;2017 2017;55
773 Morsø;TOT Total;H70 H70 Masters programs;TOT Age, total;TOT Total;2017 2017;361
773 Morsø;TOT Total;H80 H80 PhD programs;TOT Age, total;TOT Total;2017 2017;19
773 Morsø;TOT Total;TOT Total;TOT Age, total;TOT Total;2017 2017;13708
779 Skive;TOT Total;H40 H40 Short cycle higher education;TOT Age, total;TOT Total;2017 2017;1464
779 Skive;TOT Total;H50 H50 Vocational bachelors educations;TOT Age, total;TOT Total;2017 2017;4286
779 Skive;TOT Total;H60 H60 Bachelors programs;TOT Age, total;TOT Total;2017 2017;132
779 Skive;TOT Total;H70 H70 Masters programs;TOT Age, total;TOT Total;2017 2017;979
779 Skive;TOT Total;H80 H80 PhD programs;TOT Age, total;TOT Total;2017 2017;43
779 Skive;TOT Total;TOT Total;TOT Age, total;TOT Total;2017 2017;31613
787 Thisted;TOT Total;H40 H40 Short cycle higher education;TOT Age, total;TOT Total;2017 2017;1222
787 Thisted;TOT Total;H50 H50 Vocational bachelors educations;TOT Age, total;TOT Total;2017 2017;3550
787 Thisted;TOT Total;H60 H60 Bachelors programs;TOT Age, total;TOT Total;2017 2017;143
787 Thisted;TOT Total;H70 H70 Masters programs;TOT Age, total;TOT Total;2017 2017;1051
787 Thisted;TOT Total;H80 H80 PhD programs;TOT Age, total;TOT Total;2017 2017;38
787 Thisted;TOT Total;TOT Total;TOT Age, total;TOT Total;2017 2017;29681
791 Viborg;TOT Total;H40 H40 Short cycle higher education;TOT Age, total;TOT Total;2017 2017;3450
791 Viborg;TOT Total;H50 H50 Vocational bachelors educations;TOT Age, total;TOT Total;2017 2017;9930
791 Viborg;TOT Total;H60 H60 Bachelors programs;TOT Age, total;TOT Total;2017 2017;441
791 Viborg;TOT Total;H70 H70 Masters programs;TOT Age, total;TOT Total;2017 2017;3985
791 Viborg;TOT Total;H80 H80 PhD programs;TOT Age, total;TOT Total;2017 2017;368
791 Viborg;TOT Total;TOT Total;TOT Age, total;TOT Total;2017 2017;66112
810 Brønderslev;TOT Total;H40 H40 Short cycle higher education;TOT Age, total;TOT Total;2017 2017;1016
810 Brønderslev;TOT Total;H50 H50 Vocational bachelors educations;TOT Age, total;TOT Total;2017 2017;3458
810 Brønderslev;TOT Total;H60 H60 Bachelors programs;TOT Age, total;TOT Total;2017 2017;165
810 Brønderslev;TOT Total;H70 H70 Masters programs;TOT Age, total;TOT Total;2017 2017;995
810 Brønderslev;TOT Total;H80 H80 PhD programs;TOT Age, total;TOT Total;2017 2017;57
810 Brønderslev;TOT Total;TOT Total;TOT Age, total;TOT Total;2017 2017;24155
813 Frederikshavn;TOT Total;H40 H40 Short cycle higher education;TOT Age, total;TOT Total;2017 2017;1760
813 Frederikshavn;TOT Total;H50 H50 Vocational bachelors educations;TOT Age, total;TOT Total;2017 2017;4964
813 Frederikshavn;TOT Total;H60 H60 Bachelors programs;TOT Age, total;TOT Total;2017 2017;230
813 Frederikshavn;TOT Total;H70 H70 Masters programs;TOT Age, total;TOT Total;2017 2017;1160
813 Frederikshavn;TOT Total;H80 H80 PhD programs;TOT Age, total;TOT Total;2017 2017;48
813 Frederikshavn;TOT Total;TOT Total;TOT Age, total;TOT Total;2017 2017;40481
820 Vesthimmerlands;TOT Total;H40 H40 Short cycle higher education;TOT Age, total;TOT Total;2017 2017;1052
820 Vesthimmerlands;TOT Total;H50 H50 Vocational bachelors educations;TOT Age, total;TOT Total;2017 2017;3071
820 Vesthimmerlands;TOT Total;H60 H60 Bachelors programs;TOT Age, total;TOT Total;2017 2017;102
820 Vesthimmerlands;TOT Total;H70 H70 Masters programs;TOT Age, total;TOT Total;2017 2017;729
820 Vesthimmerlands;TOT Total;H80 H80 PhD programs;TOT Age, total;TOT Total;2017 2017;37
820 Vesthimmerlands;TOT Total;TOT Total;TOT Age, total;TOT Total;2017 2017;25153
825 Læsø;TOT Total;H40 H40 Short cycle higher education;TOT Age, total;TOT Total;2017 2017;32
825 Læsø;TOT Total;H50 H50 Vocational bachelors educations;TOT Age, total;TOT Total;2017 2017;144
825 Læsø;TOT Total;H60 H60 Bachelors programs;TOT Age, total;TOT Total;2017 2017;8
825 Læsø;TOT Total;H70 H70 Masters programs;TOT Age, total;TOT Total;2017 2017;29
825 Læsø;TOT Total;TOT Total;TOT Age, total;TOT Total;2017 2017;1122
840 Rebild;TOT Total;H40 H40 Short cycle higher education;TOT Age, total;TOT Total;2017 2017;986
840 Rebild;TOT Total;H50 H50 Vocational bachelors educations;TOT Age, total;TOT Total;2017 2017;2929
840 Rebild;TOT Total;H60 H60 Bachelors programs;TOT Age, total;TOT Total;2017 2017;203
840 Rebild;TOT Total;H70 H70 Masters programs;TOT Age, total;TOT Total;2017 2017;1606
840 Rebild;TOT Total;H80 H80 PhD programs;TOT Age, total;TOT Total;2017 2017;148
840 Rebild;TOT Total;TOT Total;TOT Age, total;TOT Total;2017 2017;19928
846 Mariagerfjord;TOT Total;H40 H40 Short cycle higher education;TOT Age, total;TOT Total;2017 2017;1345
846 Mariagerfjord;TOT Total;H50 H50 Vocational bachelors educations;TOT Age, total;TOT Total;2017 2017;3775
846 Mariagerfjord;TOT Total;H60 H60 Bachelors programs;TOT Age, total;TOT Total;2017 2017;201
846 Mariagerfjord;TOT Total;H70 H70 Masters programs;TOT Age, total;TOT Total;2017 2017;1178
846 Mariagerfjord;TOT Total;H80 H80 PhD programs;TOT Age, total;TOT Total;2017 2017;63
846 Mariagerfjord;TOT Total;TOT Total;TOT Age, total;TOT Total;2017 2017;28930
849 Jammerbugt;TOT Total;H40 H40 Short cycle higher education;TOT Age, total;TOT Total;2017 2017;1072
849 Jammerbugt;TOT Total;H50 H50 Vocational bachelors educations;TOT Age, total;TOT Total;2017 2017;3201
849 Jammerbugt;TOT Total;H60 H60 Bachelors programs;TOT Age, total;TOT Total;2017 2017;199
849 Jammerbugt;TOT Total;H70 H70 Masters programs;TOT Age, total;TOT Total;2017 2017;930
849 Jammerbugt;TOT Total;H80 H80 PhD programs;TOT Age, total;TOT Total;2017 2017;46
849 Jammerbugt;TOT Total;TOT Total;TOT Age, total;TOT Total;2017 2017;25897
851 Aalborg;TOT Total;H40 H40 Short cycle higher education;TOT Age, total;TOT Total;2017 2017;7436
851 Aalborg;TOT Total;H50 H50 Vocational bachelors educations;TOT Age, total;TOT Total;2017 2017;22731
851 Aalborg;TOT Total;H60 H60 Bachelors programs;TOT Age, total;TOT Total;2017 2017;5932
851 Aalborg;TOT Total;H70 H70 Masters programs;TOT Age, total;TOT Total;2017 2017;15501
851 Aalborg;TOT Total;H80 H80 PhD programs;TOT Age, total;TOT Total;2017 2017;1370
851 Aalborg;TOT Total;TOT Total;TOT Age, total;TOT Total;2017 2017;154137
860 Hjørring;TOT Total;H40 H40 Short cycle higher education;TOT Age, total;TOT Total;2017 2017;1754
860 Hjørring;TOT Total;H50 H50 Vocational bachelors educations;TOT Age, total;TOT Total;2017 2017;6527
860 Hjørring;TOT Total;H60 H60 Bachelors programs;TOT Age, total;TOT Total;2017 2017;253
860 Hjørring;TOT Total;H70 H70 Masters programs;TOT Age, total;TOT Total;2017 2017;1608
860 Hjørring;TOT Total;H80 H80 PhD programs;TOT Age, total;TOT Total;2017 2017;80
860 Hjørring;TOT Total;TOT Total;TOT Age, total;TOT Total;2017 2017;44466
000 All Denmark;TOT Total;H40 H40 Short cycle higher education;TOT Age, total;TOT Total;2018 2018;202574
000 All Denmark;TOT Total;H50 H50 Vocational bachelors educations;TOT Age, total;TOT Total;2018 2018;602161
000 All Denmark;TOT Total;H60 H60 Bachelors programs;TOT Age, total;TOT Total;2018 2018;96082
000 All Denmark;TOT Total;H70 H70 Masters programs;TOT Age, total;TOT Total;2018 2018;402302
000 All Denmark;TOT Total;H80 H80 PhD programs;TOT Age, total;TOT Total;2018 2018;36759
000 All Denmark;TOT Total;TOT Total;TOT Age, total;TOT Total;2018 2018;4036335
101 Copenhagen;TOT Total;H40 H40 Short cycle higher education;TOT Age, total;TOT Total;2018 2018;22956
101 Copenhagen;TOT Total;H50 H50 Vocational bachelors educations;TOT Age, total;TOT Total;2018 2018;74836
101 Copenhagen;TOT Total;H60 H60 Bachelors programs;TOT Age, total;TOT Total;2018 2018;32707
101 Copenhagen;TOT Total;H70 H70 Masters programs;TOT Age, total;TOT Total;2018 2018;106935
101 Copenhagen;TOT Total;H80 H80 PhD programs;TOT Age, total;TOT Total;2018 2018;9441
101 Copenhagen;TOT Total;TOT Total;TOT Age, total;TOT Total;2018 2018;484211
147 Frederiksberg;TOT Total;H40 H40 Short cycle higher education;TOT Age, total;TOT Total;2018 2018;3529
147 Frederiksberg;TOT Total;H50 H50 Vocational bachelors educations;TOT Age, total;TOT Total;2018 2018;11962
147 Frederiksberg;TOT Total;H60 H60 Bachelors programs;TOT Age, total;TOT Total;2018 2018;4814
147 Frederiksberg;TOT Total;H70 H70 Masters programs;TOT Age, total;TOT Total;2018 2018;20285
147 Frederiksberg;TOT Total;H80 H80 PhD programs;TOT Age, total;TOT Total;2018 2018;1853
147 Frederiksberg;TOT Total;TOT Total;TOT Age, total;TOT Total;2018 2018;75608
151 Ballerup;TOT Total;H40 H40 Short cycle higher education;TOT Age, total;TOT Total;2018 2018;1653
151 Ballerup;TOT Total;H50 H50 Vocational bachelors educations;TOT Age, total;TOT Total;2018 2018;4601
151 Ballerup;TOT Total;H60 H60 Bachelors programs;TOT Age, total;TOT Total;2018 2018;409
151 Ballerup;TOT Total;H70 H70 Masters programs;TOT Age, total;TOT Total;2018 2018;2920
151 Ballerup;TOT Total;H80 H80 PhD programs;TOT Age, total;TOT Total;2018 2018;400
151 Ballerup;TOT Total;TOT Total;TOT Age, total;TOT Total;2018 2018;32251
153 Brøndby;TOT Total;H40 H40 Short cycle higher education;TOT Age, total;TOT Total;2018 2018;1157
153 Brøndby;TOT Total;H50 H50 Vocational bachelors educations;TOT Age, total;TOT Total;2018 2018;2782
153 Brøndby;TOT Total;H60 H60 Bachelors programs;TOT Age, total;TOT Total;2018 2018;313
153 Brøndby;TOT Total;H70 H70 Masters programs;TOT Age, total;TOT Total;2018 2018;1502
153 Brøndby;TOT Total;H80 H80 PhD programs;TOT Age, total;TOT Total;2018 2018;98
153 Brøndby;TOT Total;TOT Total;TOT Age, total;TOT Total;2018 2018;24394
155 Dragør;TOT Total;H40 H40 Short cycle higher education;TOT Age, total;TOT Total;2018 2018;574
155 Dragør;TOT Total;H50 H50 Vocational bachelors educations;TOT Age, total;TOT Total;2018 2018;1406
155 Dragør;TOT Total;H60 H60 Bachelors programs;TOT Age, total;TOT Total;2018 2018;177
155 Dragør;TOT Total;H70 H70 Masters programs;TOT Age, total;TOT Total;2018 2018;1194
155 Dragør;TOT Total;H80 H80 PhD programs;TOT Age, total;TOT Total;2018 2018;86
155 Dragør;TOT Total;TOT Total;TOT Age, total;TOT Total;2018 2018;9011
157 Gentofte;TOT Total;H40 H40 Short cycle higher education;TOT Age, total;TOT Total;2018 2018;2533
157 Gentofte;TOT Total;H50 H50 Vocational bachelors educations;TOT Age, total;TOT Total;2018 2018;8185
157 Gentofte;TOT Total;H60 H60 Bachelors programs;TOT Age, total;TOT Total;2018 2018;1782
157 Gentofte;TOT Total;H70 H70 Masters programs;TOT Age, total;TOT Total;2018 2018;13553
157 Gentofte;TOT Total;H80 H80 PhD programs;TOT Age, total;TOT Total;2018 2018;1550
157 Gentofte;TOT Total;TOT Total;TOT Age, total;TOT Total;2018 2018;50141
159 Gladsaxe;TOT Total;H40 H40 Short cycle higher education;TOT Age, total;TOT Total;2018 2018;2474
159 Gladsaxe;TOT Total;H50 H50 Vocational bachelors educations;TOT Age, total;TOT Total;2018 2018;7829
159 Gladsaxe;TOT Total;H60 H60 Bachelors programs;TOT Age, total;TOT Total;2018 2018;1247
159 Gladsaxe;TOT Total;H70 H70 Masters programs;TOT Age, total;TOT Total;2018 2018;7463
159 Gladsaxe;TOT Total;H80 H80 PhD programs;TOT Age, total;TOT Total;2018 2018;1036
159 Gladsaxe;TOT Total;TOT Total;TOT Age, total;TOT Total;2018 2018;48526
161 Glostrup;TOT Total;H40 H40 Short cycle higher education;TOT Age, total;TOT Total;2018 2018;878
161 Glostrup;TOT Total;H50 H50 Vocational bachelors educations;TOT Age, total;TOT Total;2018 2018;2125
161 Glostrup;TOT Total;H60 H60 Bachelors programs;TOT Age, total;TOT Total;2018 2018;223
161 Glostrup;TOT Total;H70 H70 Masters programs;TOT Age, total;TOT Total;2018 2018;1224
161 Glostrup;TOT Total;H80 H80 PhD programs;TOT Age, total;TOT Total;2018 2018;98
161 Glostrup;TOT Total;TOT Total;TOT Age, total;TOT Total;2018 2018;15555
163 Herlev;TOT Total;H40 H40 Short cycle higher education;TOT Age, total;TOT Total;2018 2018;998
163 Herlev;TOT Total;H50 H50 Vocational bachelors educations;TOT Age, total;TOT Total;2018 2018;2810
163 Herlev;TOT Total;H60 H60 Bachelors programs;TOT Age, total;TOT Total;2018 2018;264
163 Herlev;TOT Total;H70 H70 Masters programs;TOT Age, total;TOT Total;2018 2018;1685
163 Herlev;TOT Total;H80 H80 PhD programs;TOT Age, total;TOT Total;2018 2018;208
163 Herlev;TOT Total;TOT Total;TOT Age, total;TOT Total;2018 2018;19310
165 Albertslund;TOT Total;H40 H40 Short cycle higher education;TOT Age, total;TOT Total;2018 2018;933
165 Albertslund;TOT Total;H50 H50 Vocational bachelors educations;TOT Age, total;TOT Total;2018 2018;2836
165 Albertslund;TOT Total;H60 H60 Bachelors programs;TOT Age, total;TOT Total;2018 2018;367
165 Albertslund;TOT Total;H70 H70 Masters programs;TOT Age, total;TOT Total;2018 2018;1327
165 Albertslund;TOT Total;H80 H80 PhD programs;TOT Age, total;TOT Total;2018 2018;93
165 Albertslund;TOT Total;TOT Total;TOT Age, total;TOT Total;2018 2018;19178
167 Hvidovre;TOT Total;H40 H40 Short cycle higher education;TOT Age, total;TOT Total;2018 2018;2000
167 Hvidovre;TOT Total;H50 H50 Vocational bachelors educations;TOT Age, total;TOT Total;2018 2018;5027
167 Hvidovre;TOT Total;H60 H60 Bachelors programs;TOT Age, total;TOT Total;2018 2018;758
167 Hvidovre;TOT Total;H70 H70 Masters programs;TOT Age, total;TOT Total;2018 2018;3178
167 Hvidovre;TOT Total;H80 H80 PhD programs;TOT Age, total;TOT Total;2018 2018;279
167 Hvidovre;TOT Total;TOT Total;TOT Age, total;TOT Total;2018 2018;36945
169 Høje-Taastrup;TOT Total;H40 H40 Short cycle higher education;TOT Age, total;TOT Total;2018 2018;2030
169 Høje-Taastrup;TOT Total;H50 H50 Vocational bachelors educations;TOT Age, total;TOT Total;2018 2018;4342
169 Høje-Taastrup;TOT Total;H60 H60 Bachelors programs;TOT Age, total;TOT Total;2018 2018;405
169 Høje-Taastrup;TOT Total;H70 H70 Masters programs;TOT Age, total;TOT Total;2018 2018;2481
169 Høje-Taastrup;TOT Total;H80 H80 PhD programs;TOT Age, total;TOT Total;2018 2018;251
169 Høje-Taastrup;TOT Total;TOT Total;TOT Age, total;TOT Total;2018 2018;35180
173 Lyngby-Taarbæk;TOT Total;H40 H40 Short cycle higher education;TOT Age, total;TOT Total;2018 2018;1812
173 Lyngby-Taarbæk;TOT Total;H50 H50 Vocational bachelors educations;TOT Age, total;TOT Total;2018 2018;6366
173 Lyngby-Taarbæk;TOT Total;H60 H60 Bachelors programs;TOT Age, total;TOT Total;2018 2018;1461
173 Lyngby-Taarbæk;TOT Total;H70 H70 Masters programs;TOT Age, total;TOT Total;2018 2018;8843
173 Lyngby-Taarbæk;TOT Total;H80 H80 PhD programs;TOT Age, total;TOT Total;2018 2018;1300
173 Lyngby-Taarbæk;TOT Total;TOT Total;TOT Age, total;TOT Total;2018 2018;37912
175 Rødovre;TOT Total;H40 H40 Short cycle higher education;TOT Age, total;TOT Total;2018 2018;1391
175 Rødovre;TOT Total;H50 H50 Vocational bachelors educations;TOT Age, total;TOT Total;2018 2018;3986
175 Rødovre;TOT Total;H60 H60 Bachelors programs;TOT Age, total;TOT Total;2018 2018;498
175 Rødovre;TOT Total;H70 H70 Masters programs;TOT Age, total;TOT Total;2018 2018;2557
175 Rødovre;TOT Total;H80 H80 PhD programs;TOT Age, total;TOT Total;2018 2018;245
175 Rødovre;TOT Total;TOT Total;TOT Age, total;TOT Total;2018 2018;27333
183 Ishøj;TOT Total;H40 H40 Short cycle higher education;TOT Age, total;TOT Total;2018 2018;781
183 Ishøj;TOT Total;H50 H50 Vocational bachelors educations;TOT Age, total;TOT Total;2018 2018;1792
183 Ishøj;TOT Total;H60 H60 Bachelors programs;TOT Age, total;TOT Total;2018 2018;197
183 Ishøj;TOT Total;H70 H70 Masters programs;TOT Age, total;TOT Total;2018 2018;927
183 Ishøj;TOT Total;H80 H80 PhD programs;TOT Age, total;TOT Total;2018 2018;78
183 Ishøj;TOT Total;TOT Total;TOT Age, total;TOT Total;2018 2018;16079
185 Tårnby;TOT Total;H40 H40 Short cycle higher education;TOT Age, total;TOT Total;2018 2018;1533
185 Tårnby;TOT Total;H50 H50 Vocational bachelors educations;TOT Age, total;TOT Total;2018 2018;3545
185 Tårnby;TOT Total;H60 H60 Bachelors programs;TOT Age, total;TOT Total;2018 2018;397
185 Tårnby;TOT Total;H70 H70 Masters programs;TOT Age, total;TOT Total;2018 2018;2108
185 Tårnby;TOT Total;H80 H80 PhD programs;TOT Age, total;TOT Total;2018 2018;151
185 Tårnby;TOT Total;TOT Total;TOT Age, total;TOT Total;2018 2018;29255
187 Vallensbæk;TOT Total;H40 H40 Short cycle higher education;TOT Age, total;TOT Total;2018 2018;725
187 Vallensbæk;TOT Total;H50 H50 Vocational bachelors educations;TOT Age, total;TOT Total;2018 2018;1600
187 Vallensbæk;TOT Total;H60 H60 Bachelors programs;TOT Age, total;TOT Total;2018 2018;192
187 Vallensbæk;TOT Total;H70 H70 Masters programs;TOT Age, total;TOT Total;2018 2018;1101
187 Vallensbæk;TOT Total;H80 H80 PhD programs;TOT Age, total;TOT Total;2018 2018;78
187 Vallensbæk;TOT Total;TOT Total;TOT Age, total;TOT Total;2018 2018;10892
190 Furesø;TOT Total;H40 H40 Short cycle higher education;TOT Age, total;TOT Total;2018 2018;1447
190 Furesø;TOT Total;H50 H50 Vocational bachelors educations;TOT Age, total;TOT Total;2018 2018;4771
190 Furesø;TOT Total;H60 H60 Bachelors programs;TOT Age, total;TOT Total;2018 2018;519
190 Furesø;TOT Total;H70 H70 Masters programs;TOT Age, total;TOT Total;2018 2018;5096
190 Furesø;TOT Total;H80 H80 PhD programs;TOT Age, total;TOT Total;2018 2018;773
190 Furesø;TOT Total;TOT Total;TOT Age, total;TOT Total;2018 2018;26387
201 Allerød;TOT Total;H40 H40 Short cycle higher education;TOT Age, total;TOT Total;2018 2018;1011
201 Allerød;TOT Total;H50 H50 Vocational bachelors educations;TOT Age, total;TOT Total;2018 2018;2894
201 Allerød;TOT Total;H60 H60 Bachelors programs;TOT Age, total;TOT Total;2018 2018;307
201 Allerød;TOT Total;H70 H70 Masters programs;TOT Age, total;TOT Total;2018 2018;2899
201 Allerød;TOT Total;H80 H80 PhD programs;TOT Age, total;TOT Total;2018 2018;378
201 Allerød;TOT Total;TOT Total;TOT Age, total;TOT Total;2018 2018;16609
210 Fredensborg;TOT Total;H40 H40 Short cycle higher education;TOT Age, total;TOT Total;2018 2018;1430
210 Fredensborg;TOT Total;H50 H50 Vocational bachelors educations;TOT Age, total;TOT Total;2018 2018;4420
210 Fredensborg;TOT Total;H60 H60 Bachelors programs;TOT Age, total;TOT Total;2018 2018;605
210 Fredensborg;TOT Total;H70 H70 Masters programs;TOT Age, total;TOT Total;2018 2018;3597
210 Fredensborg;TOT Total;H80 H80 PhD programs;TOT Age, total;TOT Total;2018 2018;379
210 Fredensborg;TOT Total;TOT Total;TOT Age, total;TOT Total;2018 2018;27150
217 Helsingør;TOT Total;H40 H40 Short cycle higher education;TOT Age, total;TOT Total;2018 2018;2137
217 Helsingør;TOT Total;H50 H50 Vocational bachelors educations;TOT Age, total;TOT Total;2018 2018;6779
217 Helsingør;TOT Total;H60 H60 Bachelors programs;TOT Age, total;TOT Total;2018 2018;627
217 Helsingør;TOT Total;H70 H70 Masters programs;TOT Age, total;TOT Total;2018 2018;3765
217 Helsingør;TOT Total;H80 H80 PhD programs;TOT Age, total;TOT Total;2018 2018;287
217 Helsingør;TOT Total;TOT Total;TOT Age, total;TOT Total;2018 2018;41886
219 Hillerød;TOT Total;H40 H40 Short cycle higher education;TOT Age, total;TOT Total;2018 2018;2091
219 Hillerød;TOT Total;H50 H50 Vocational bachelors educations;TOT Age, total;TOT Total;2018 2018;6137
219 Hillerød;TOT Total;H60 H60 Bachelors programs;TOT Age, total;TOT Total;2018 2018;478
219 Hillerød;TOT Total;H70 H70 Masters programs;TOT Age, total;TOT Total;2018 2018;3854
219 Hillerød;TOT Total;H80 H80 PhD programs;TOT Age, total;TOT Total;2018 2018;411
219 Hillerød;TOT Total;TOT Total;TOT Age, total;TOT Total;2018 2018;34720
223 Hørsholm;TOT Total;H40 H40 Short cycle higher education;TOT Age, total;TOT Total;2018 2018;926
223 Hørsholm;TOT Total;H50 H50 Vocational bachelors educations;TOT Age, total;TOT Total;2018 2018;2565
223 Hørsholm;TOT Total;H60 H60 Bachelors programs;TOT Age, total;TOT Total;2018 2018;368
223 Hørsholm;TOT Total;H70 H70 Masters programs;TOT Age, total;TOT Total;2018 2018;3256
223 Hørsholm;TOT Total;H80 H80 PhD programs;TOT Age, total;TOT Total;2018 2018;303
223 Hørsholm;TOT Total;TOT Total;TOT Age, total;TOT Total;2018 2018;15624
230 Rudersdal;TOT Total;H40 H40 Short cycle higher education;TOT Age, total;TOT Total;2018 2018;1757
230 Rudersdal;TOT Total;H50 H50 Vocational bachelors educations;TOT Age, total;TOT Total;2018 2018;5759
230 Rudersdal;TOT Total;H60 H60 Bachelors programs;TOT Age, total;TOT Total;2018 2018;1203
230 Rudersdal;TOT Total;H70 H70 Masters programs;TOT Age, total;TOT Total;2018 2018;8916
230 Rudersdal;TOT Total;H80 H80 PhD programs;TOT Age, total;TOT Total;2018 2018;1125
230 Rudersdal;TOT Total;TOT Total;TOT Age, total;TOT Total;2018 2018;36270
240 Egedal;TOT Total;H40 H40 Short cycle higher education;TOT Age, total;TOT Total;2018 2018;1956
240 Egedal;TOT Total;H50 H50 Vocational bachelors educations;TOT Age, total;TOT Total;2018 2018;4470
240 Egedal;TOT Total;H60 H60 Bachelors programs;TOT Age, total;TOT Total;2018 2018;410
240 Egedal;TOT Total;H70 H70 Masters programs;TOT Age, total;TOT Total;2018 2018;2601
240 Egedal;TOT Total;H80 H80 PhD programs;TOT Age, total;TOT Total;2018 2018;341
240 Egedal;TOT Total;TOT Total;TOT Age, total;TOT Total;2018 2018;28909
250 Frederikssund;TOT Total;H40 H40 Short cycle higher education;TOT Age, total;TOT Total;2018 2018;1658
250 Frederikssund;TOT Total;H50 H50 Vocational bachelors educations;TOT Age, total;TOT Total;2018 2018;4542
250 Frederikssund;TOT Total;H60 H60 Bachelors programs;TOT Age, total;TOT Total;2018 2018;276
250 Frederikssund;TOT Total;H70 H70 Masters programs;TOT Age, total;TOT Total;2018 2018;1754
250 Frederikssund;TOT Total;H80 H80 PhD programs;TOT Age, total;TOT Total;2018 2018;169
250 Frederikssund;TOT Total;TOT Total;TOT Age, total;TOT Total;2018 2018;30328
253 Greve;TOT Total;H40 H40 Short cycle higher education;TOT Age, total;TOT Total;2018 2018;2007
253 Greve;TOT Total;H50 H50 Vocational bachelors educations;TOT Age, total;TOT Total;2018 2018;4337
253 Greve;TOT Total;H60 H60 Bachelors programs;TOT Age, total;TOT Total;2018 2018;409
253 Greve;TOT Total;H70 H70 Masters programs;TOT Age, total;TOT Total;2018 2018;2492
253 Greve;TOT Total;H80 H80 PhD programs;TOT Age, total;TOT Total;2018 2018;171
253 Greve;TOT Total;TOT Total;TOT Age, total;TOT Total;2018 2018;33373
259 Køge;TOT Total;H40 H40 Short cycle higher education;TOT Age, total;TOT Total;2018 2018;2348
259 Køge;TOT Total;H50 H50 Vocational bachelors educations;TOT Age, total;TOT Total;2018 2018;5446
259 Køge;TOT Total;H60 H60 Bachelors programs;TOT Age, total;TOT Total;2018 2018;456
259 Køge;TOT Total;H70 H70 Masters programs;TOT Age, total;TOT Total;2018 2018;2503
259 Køge;TOT Total;H80 H80 PhD programs;TOT Age, total;TOT Total;2018 2018;182
259 Køge;TOT Total;TOT Total;TOT Age, total;TOT Total;2018 2018;41416
260 Halsnæs;TOT Total;H40 H40 Short cycle higher education;TOT Age, total;TOT Total;2018 2018;963
260 Halsnæs;TOT Total;H50 H50 Vocational bachelors educations;TOT Age, total;TOT Total;2018 2018;2880
260 Halsnæs;TOT Total;H60 H60 Bachelors programs;TOT Age, total;TOT Total;2018 2018;160
260 Halsnæs;TOT Total;H70 H70 Masters programs;TOT Age, total;TOT Total;2018 2018;918
260 Halsnæs;TOT Total;H80 H80 PhD programs;TOT Age, total;TOT Total;2018 2018;78
260 Halsnæs;TOT Total;TOT Total;TOT Age, total;TOT Total;2018 2018;21068
265 Roskilde;TOT Total;H40 H40 Short cycle higher education;TOT Age, total;TOT Total;2018 2018;3501
265 Roskilde;TOT Total;H50 H50 Vocational bachelors educations;TOT Age, total;TOT Total;2018 2018;9724
265 Roskilde;TOT Total;H60 H60 Bachelors programs;TOT Age, total;TOT Total;2018 2018;1158
265 Roskilde;TOT Total;H70 H70 Masters programs;TOT Age, total;TOT Total;2018 2018;7100
265 Roskilde;TOT Total;H80 H80 PhD programs;TOT Age, total;TOT Total;2018 2018;837
265 Roskilde;TOT Total;TOT Total;TOT Age, total;TOT Total;2018 2018;60172
269 Solrød;TOT Total;H40 H40 Short cycle higher education;TOT Age, total;TOT Total;2018 2018;1039
269 Solrød;TOT Total;H50 H50 Vocational bachelors educations;TOT Age, total;TOT Total;2018 2018;2152
269 Solrød;TOT Total;H60 H60 Bachelors programs;TOT Age, total;TOT Total;2018 2018;196
269 Solrød;TOT Total;H70 H70 Masters programs;TOT Age, total;TOT Total;2018 2018;1291
269 Solrød;TOT Total;H80 H80 PhD programs;TOT Age, total;TOT Total;2018 2018;84
269 Solrød;TOT Total;TOT Total;TOT Age, total;TOT Total;2018 2018;15174
270 Gribskov;TOT Total;H40 H40 Short cycle higher education;TOT Age, total;TOT Total;2018 2018;1323
270 Gribskov;TOT Total;H50 H50 Vocational bachelors educations;TOT Age, total;TOT Total;2018 2018;4179
270 Gribskov;TOT Total;H60 H60 Bachelors programs;TOT Age, total;TOT Total;2018 2018;300
270 Gribskov;TOT Total;H70 H70 Masters programs;TOT Age, total;TOT Total;2018 2018;1720
270 Gribskov;TOT Total;H80 H80 PhD programs;TOT Age, total;TOT Total;2018 2018;148
270 Gribskov;TOT Total;TOT Total;TOT Age, total;TOT Total;2018 2018;27327
306 Odsherred;TOT Total;H40 H40 Short cycle higher education;TOT Age, total;TOT Total;2018 2018;773
306 Odsherred;TOT Total;H50 H50 Vocational bachelors educations;TOT Age, total;TOT Total;2018 2018;2656
306 Odsherred;TOT Total;H60 H60 Bachelors programs;TOT Age, total;TOT Total;2018 2018;136
306 Odsherred;TOT Total;H70 H70 Masters programs;TOT Age, total;TOT Total;2018 2018;728
306 Odsherred;TOT Total;H80 H80 PhD programs;TOT Age, total;TOT Total;2018 2018;46
306 Odsherred;TOT Total;TOT Total;TOT Age, total;TOT Total;2018 2018;21807
316 Holbæk;TOT Total;H40 H40 Short cycle higher education;TOT Age, total;TOT Total;2018 2018;2360
316 Holbæk;TOT Total;H50 H50 Vocational bachelors educations;TOT Age, total;TOT Total;2018 2018;7378
316 Holbæk;TOT Total;H60 H60 Bachelors programs;TOT Age, total;TOT Total;2018 2018;434
316 Holbæk;TOT Total;H70 H70 Masters programs;TOT Age, total;TOT Total;2018 2018;2449
316 Holbæk;TOT Total;H80 H80 PhD programs;TOT Age, total;TOT Total;2018 2018;162
316 Holbæk;TOT Total;TOT Total;TOT Age, total;TOT Total;2018 2018;48911
320 Faxe;TOT Total;H40 H40 Short cycle higher education;TOT Age, total;TOT Total;2018 2018;1176
320 Faxe;TOT Total;H50 H50 Vocational bachelors educations;TOT Age, total;TOT Total;2018 2018;3120
320 Faxe;TOT Total;H60 H60 Bachelors programs;TOT Age, total;TOT Total;2018 2018;165
320 Faxe;TOT Total;H70 H70 Masters programs;TOT Age, total;TOT Total;2018 2018;934
320 Faxe;TOT Total;H80 H80 PhD programs;TOT Age, total;TOT Total;2018 2018;57
320 Faxe;TOT Total;TOT Total;TOT Age, total;TOT Total;2018 2018;25012
326 Kalundborg;TOT Total;H40 H40 Short cycle higher education;TOT Age, total;TOT Total;2018 2018;1519
326 Kalundborg;TOT Total;H50 H50 Vocational bachelors educations;TOT Age, total;TOT Total;2018 2018;3813
326 Kalundborg;TOT Total;H60 H60 Bachelors programs;TOT Age, total;TOT Total;2018 2018;175
326 Kalundborg;TOT Total;H70 H70 Masters programs;TOT Age, total;TOT Total;2018 2018;1132
326 Kalundborg;TOT Total;H80 H80 PhD programs;TOT Age, total;TOT Total;2018 2018;87
326 Kalundborg;TOT Total;TOT Total;TOT Age, total;TOT Total;2018 2018;32934
329 Ringsted;TOT Total;H40 H40 Short cycle higher education;TOT Age, total;TOT Total;2018 2018;1393
329 Ringsted;TOT Total;H50 H50 Vocational bachelors educations;TOT Age, total;TOT Total;2018 2018;3102
329 Ringsted;TOT Total;H60 H60 Bachelors programs;TOT Age, total;TOT Total;2018 2018;266
329 Ringsted;TOT Total;H70 H70 Masters programs;TOT Age, total;TOT Total;2018 2018;1332
329 Ringsted;TOT Total;H80 H80 PhD programs;TOT Age, total;TOT Total;2018 2018;119
329 Ringsted;TOT Total;TOT Total;TOT Age, total;TOT Total;2018 2018;24315
330 Slagelse;TOT Total;H40 H40 Short cycle higher education;TOT Age, total;TOT Total;2018 2018;2590
330 Slagelse;TOT Total;H50 H50 Vocational bachelors educations;TOT Age, total;TOT Total;2018 2018;7519
330 Slagelse;TOT Total;H60 H60 Bachelors programs;TOT Age, total;TOT Total;2018 2018;555
330 Slagelse;TOT Total;H70 H70 Masters programs;TOT Age, total;TOT Total;2018 2018;2127
330 Slagelse;TOT Total;H80 H80 PhD programs;TOT Age, total;TOT Total;2018 2018;124
330 Slagelse;TOT Total;TOT Total;TOT Age, total;TOT Total;2018 2018;54567
336 Stevns;TOT Total;H40 H40 Short cycle higher education;TOT Age, total;TOT Total;2018 2018;768
336 Stevns;TOT Total;H50 H50 Vocational bachelors educations;TOT Age, total;TOT Total;2018 2018;1972
336 Stevns;TOT Total;H60 H60 Bachelors programs;TOT Age, total;TOT Total;2018 2018;109
336 Stevns;TOT Total;H70 H70 Masters programs;TOT Age, total;TOT Total;2018 2018;738
336 Stevns;TOT Total;H80 H80 PhD programs;TOT Age, total;TOT Total;2018 2018;65
336 Stevns;TOT Total;TOT Total;TOT Age, total;TOT Total;2018 2018;15350
340 Sorø;TOT Total;H40 H40 Short cycle higher education;TOT Age, total;TOT Total;2018 2018;932
340 Sorø;TOT Total;H50 H50 Vocational bachelors educations;TOT Age, total;TOT Total;2018 2018;2826
340 Sorø;TOT Total;H60 H60 Bachelors programs;TOT Age, total;TOT Total;2018 2018;207
340 Sorø;TOT Total;H70 H70 Masters programs;TOT Age, total;TOT Total;2018 2018;1379
340 Sorø;TOT Total;H80 H80 PhD programs;TOT Age, total;TOT Total;2018 2018;100
340 Sorø;TOT Total;TOT Total;TOT Age, total;TOT Total;2018 2018;20222
350 Lejre;TOT Total;H40 H40 Short cycle higher education;TOT Age, total;TOT Total;2018 2018;1112
350 Lejre;TOT Total;H50 H50 Vocational bachelors educations;TOT Age, total;TOT Total;2018 2018;2799
350 Lejre;TOT Total;H60 H60 Bachelors programs;TOT Age, total;TOT Total;2018 2018;233
350 Lejre;TOT Total;H70 H70 Masters programs;TOT Age, total;TOT Total;2018 2018;1626
350 Lejre;TOT Total;H80 H80 PhD programs;TOT Age, total;TOT Total;2018 2018;191
350 Lejre;TOT Total;TOT Total;TOT Age, total;TOT Total;2018 2018;18423
360 Lolland;TOT Total;H40 H40 Short cycle higher education;TOT Age, total;TOT Total;2018 2018;826
360 Lolland;TOT Total;H50 H50 Vocational bachelors educations;TOT Age, total;TOT Total;2018 2018;2921
360 Lolland;TOT Total;H60 H60 Bachelors programs;TOT Age, total;TOT Total;2018 2018;118
360 Lolland;TOT Total;H70 H70 Masters programs;TOT Age, total;TOT Total;2018 2018;588
360 Lolland;TOT Total;H80 H80 PhD programs;TOT Age, total;TOT Total;2018 2018;30
360 Lolland;TOT Total;TOT Total;TOT Age, total;TOT Total;2018 2018;27516
370 Næstved;TOT Total;H40 H40 Short cycle higher education;TOT Age, total;TOT Total;2018 2018;2850
370 Næstved;TOT Total;H50 H50 Vocational bachelors educations;TOT Age, total;TOT Total;2018 2018;8671
370 Næstved;TOT Total;H60 H60 Bachelors programs;TOT Age, total;TOT Total;2018 2018;451
370 Næstved;TOT Total;H70 H70 Masters programs;TOT Age, total;TOT Total;2018 2018;2420
370 Næstved;TOT Total;H80 H80 PhD programs;TOT Age, total;TOT Total;2018 2018;146
370 Næstved;TOT Total;TOT Total;TOT Age, total;TOT Total;2018 2018;57316
376 Guldborgsund;TOT Total;H40 H40 Short cycle higher education;TOT Age, total;TOT Total;2018 2018;1619
376 Guldborgsund;TOT Total;H50 H50 Vocational bachelors educations;TOT Age, total;TOT Total;2018 2018;5675
376 Guldborgsund;TOT Total;H60 H60 Bachelors programs;TOT Age, total;TOT Total;2018 2018;234
376 Guldborgsund;TOT Total;H70 H70 Masters programs;TOT Age, total;TOT Total;2018 2018;1421
376 Guldborgsund;TOT Total;H80 H80 PhD programs;TOT Age, total;TOT Total;2018 2018;46
376 Guldborgsund;TOT Total;TOT Total;TOT Age, total;TOT Total;2018 2018;40908
390 Vordingborg;TOT Total;H40 H40 Short cycle higher education;TOT Age, total;TOT Total;2018 2018;1268
390 Vordingborg;TOT Total;H50 H50 Vocational bachelors educations;TOT Age, total;TOT Total;2018 2018;4441
390 Vordingborg;TOT Total;H60 H60 Bachelors programs;TOT Age, total;TOT Total;2018 2018;238
390 Vordingborg;TOT Total;H70 H70 Masters programs;TOT Age, total;TOT Total;2018 2018;1337
390 Vordingborg;TOT Total;H80 H80 PhD programs;TOT Age, total;TOT Total;2018 2018;72
390 Vordingborg;TOT Total;TOT Total;TOT Age, total;TOT Total;2018 2018;30762
400 Bornholm;TOT Total;H40 H40 Short cycle higher education;TOT Age, total;TOT Total;2018 2018;940
400 Bornholm;TOT Total;H50 H50 Vocational bachelors educations;TOT Age, total;TOT Total;2018 2018;3603
400 Bornholm;TOT Total;H60 H60 Bachelors programs;TOT Age, total;TOT Total;2018 2018;237
400 Bornholm;TOT Total;H70 H70 Masters programs;TOT Age, total;TOT Total;2018 2018;1051
400 Bornholm;TOT Total;H80 H80 PhD programs;TOT Age, total;TOT Total;2018 2018;71
400 Bornholm;TOT Total;TOT Total;TOT Age, total;TOT Total;2018 2018;26118
410 Middelfart;TOT Total;H40 H40 Short cycle higher education;TOT Age, total;TOT Total;2018 2018;1291
410 Middelfart;TOT Total;H50 H50 Vocational bachelors educations;TOT Age, total;TOT Total;2018 2018;4069
410 Middelfart;TOT Total;H60 H60 Bachelors programs;TOT Age, total;TOT Total;2018 2018;237
410 Middelfart;TOT Total;H70 H70 Masters programs;TOT Age, total;TOT Total;2018 2018;1638
410 Middelfart;TOT Total;H80 H80 PhD programs;TOT Age, total;TOT Total;2018 2018;94
410 Middelfart;TOT Total;TOT Total;TOT Age, total;TOT Total;2018 2018;25767
420 Assens;TOT Total;H40 H40 Short cycle higher education;TOT Age, total;TOT Total;2018 2018;1342
420 Assens;TOT Total;H50 H50 Vocational bachelors educations;TOT Age, total;TOT Total;2018 2018;3806
420 Assens;TOT Total;H60 H60 Bachelors programs;TOT Age, total;TOT Total;2018 2018;229
420 Assens;TOT Total;H70 H70 Masters programs;TOT Age, total;TOT Total;2018 2018;1210
420 Assens;TOT Total;H80 H80 PhD programs;TOT Age, total;TOT Total;2018 2018;90
420 Assens;TOT Total;TOT Total;TOT Age, total;TOT Total;2018 2018;27867
430 Faaborg-Midtfyn;TOT Total;H40 H40 Short cycle higher education;TOT Age, total;TOT Total;2018 2018;1736
430 Faaborg-Midtfyn;TOT Total;H50 H50 Vocational bachelors educations;TOT Age, total;TOT Total;2018 2018;4858
430 Faaborg-Midtfyn;TOT Total;H60 H60 Bachelors programs;TOT Age, total;TOT Total;2018 2018;282
430 Faaborg-Midtfyn;TOT Total;H70 H70 Masters programs;TOT Age, total;TOT Total;2018 2018;1490
430 Faaborg-Midtfyn;TOT Total;H80 H80 PhD programs;TOT Age, total;TOT Total;2018 2018;125
430 Faaborg-Midtfyn;TOT Total;TOT Total;TOT Age, total;TOT Total;2018 2018;34254
440 Kerteminde;TOT Total;H40 H40 Short cycle higher education;TOT Age, total;TOT Total;2018 2018;667
440 Kerteminde;TOT Total;H50 H50 Vocational bachelors educations;TOT Age, total;TOT Total;2018 2018;2255
440 Kerteminde;TOT Total;H60 H60 Bachelors programs;TOT Age, total;TOT Total;2018 2018;154
440 Kerteminde;TOT Total;H70 H70 Masters programs;TOT Age, total;TOT Total;2018 2018;727
440 Kerteminde;TOT Total;H80 H80 PhD programs;TOT Age, total;TOT Total;2018 2018;60
440 Kerteminde;TOT Total;TOT Total;TOT Age, total;TOT Total;2018 2018;15716
450 Nyborg;TOT Total;H40 H40 Short cycle higher education;TOT Age, total;TOT Total;2018 2018;996
450 Nyborg;TOT Total;H50 H50 Vocational bachelors educations;TOT Age, total;TOT Total;2018 2018;3063
450 Nyborg;TOT Total;H60 H60 Bachelors programs;TOT Age, total;TOT Total;2018 2018;171
450 Nyborg;TOT Total;H70 H70 Masters programs;TOT Age, total;TOT Total;2018 2018;999
450 Nyborg;TOT Total;H80 H80 PhD programs;TOT Age, total;TOT Total;2018 2018;105
450 Nyborg;TOT Total;TOT Total;TOT Age, total;TOT Total;2018 2018;21378
461 Odense;TOT Total;H40 H40 Short cycle higher education;TOT Age, total;TOT Total;2018 2018;7324
461 Odense;TOT Total;H50 H50 Vocational bachelors educations;TOT Age, total;TOT Total;2018 2018;24056
461 Odense;TOT Total;H60 H60 Bachelors programs;TOT Age, total;TOT Total;2018 2018;5922
461 Odense;TOT Total;H70 H70 Masters programs;TOT Age, total;TOT Total;2018 2018;14192
461 Odense;TOT Total;H80 H80 PhD programs;TOT Age, total;TOT Total;2018 2018;1507
461 Odense;TOT Total;TOT Total;TOT Age, total;TOT Total;2018 2018;147319
479 Svendborg;TOT Total;H40 H40 Short cycle higher education;TOT Age, total;TOT Total;2018 2018;1770
479 Svendborg;TOT Total;H50 H50 Vocational bachelors educations;TOT Age, total;TOT Total;2018 2018;7447
479 Svendborg;TOT Total;H60 H60 Bachelors programs;TOT Age, total;TOT Total;2018 2018;392
479 Svendborg;TOT Total;H70 H70 Masters programs;TOT Age, total;TOT Total;2018 2018;2067
479 Svendborg;TOT Total;H80 H80 PhD programs;TOT Age, total;TOT Total;2018 2018;100
479 Svendborg;TOT Total;TOT Total;TOT Age, total;TOT Total;2018 2018;39838
480 Nordfyns;TOT Total;H40 H40 Short cycle higher education;TOT Age, total;TOT Total;2018 2018;950
480 Nordfyns;TOT Total;H50 H50 Vocational bachelors educations;TOT Age, total;TOT Total;2018 2018;2555
480 Nordfyns;TOT Total;H60 H60 Bachelors programs;TOT Age, total;TOT Total;2018 2018;130
480 Nordfyns;TOT Total;H70 H70 Masters programs;TOT Age, total;TOT Total;2018 2018;796
480 Nordfyns;TOT Total;H80 H80 PhD programs;TOT Age, total;TOT Total;2018 2018;66
480 Nordfyns;TOT Total;TOT Total;TOT Age, total;TOT Total;2018 2018;20172
482 Langeland;TOT Total;H40 H40 Short cycle higher education;TOT Age, total;TOT Total;2018 2018;249
482 Langeland;TOT Total;H50 H50 Vocational bachelors educations;TOT Age, total;TOT Total;2018 2018;902
482 Langeland;TOT Total;H60 H60 Bachelors programs;TOT Age, total;TOT Total;2018 2018;48
482 Langeland;TOT Total;H70 H70 Masters programs;TOT Age, total;TOT Total;2018 2018;249
482 Langeland;TOT Total;H80 H80 PhD programs;TOT Age, total;TOT Total;2018 2018;16
482 Langeland;TOT Total;TOT Total;TOT Age, total;TOT Total;2018 2018;8160
492 Ærø;TOT Total;H40 H40 Short cycle higher education;TOT Age, total;TOT Total;2018 2018;198
492 Ærø;TOT Total;H50 H50 Vocational bachelors educations;TOT Age, total;TOT Total;2018 2018;562
492 Ærø;TOT Total;H60 H60 Bachelors programs;TOT Age, total;TOT Total;2018 2018;32
492 Ærø;TOT Total;H70 H70 Masters programs;TOT Age, total;TOT Total;2018 2018;183
492 Ærø;TOT Total;H80 H80 PhD programs;TOT Age, total;TOT Total;2018 2018;11
492 Ærø;TOT Total;TOT Total;TOT Age, total;TOT Total;2018 2018;3797
510 Haderslev;TOT Total;H40 H40 Short cycle higher education;TOT Age, total;TOT Total;2018 2018;1703
510 Haderslev;TOT Total;H50 H50 Vocational bachelors educations;TOT Age, total;TOT Total;2018 2018;5515
510 Haderslev;TOT Total;H60 H60 Bachelors programs;TOT Age, total;TOT Total;2018 2018;278
510 Haderslev;TOT Total;H70 H70 Masters programs;TOT Age, total;TOT Total;2018 2018;1559
510 Haderslev;TOT Total;H80 H80 PhD programs;TOT Age, total;TOT Total;2018 2018;59
510 Haderslev;TOT Total;TOT Total;TOT Age, total;TOT Total;2018 2018;37868
530 Billund;TOT Total;H40 H40 Short cycle higher education;TOT Age, total;TOT Total;2018 2018;862
530 Billund;TOT Total;H50 H50 Vocational bachelors educations;TOT Age, total;TOT Total;2018 2018;2096
530 Billund;TOT Total;H60 H60 Bachelors programs;TOT Age, total;TOT Total;2018 2018;101
530 Billund;TOT Total;H70 H70 Masters programs;TOT Age, total;TOT Total;2018 2018;726
530 Billund;TOT Total;H80 H80 PhD programs;TOT Age, total;TOT Total;2018 2018;47
530 Billund;TOT Total;TOT Total;TOT Age, total;TOT Total;2018 2018;17969
540 Sønderborg;TOT Total;H40 H40 Short cycle higher education;TOT Age, total;TOT Total;2018 2018;2742
540 Sønderborg;TOT Total;H50 H50 Vocational bachelors educations;TOT Age, total;TOT Total;2018 2018;7326
540 Sønderborg;TOT Total;H60 H60 Bachelors programs;TOT Age, total;TOT Total;2018 2018;581
540 Sønderborg;TOT Total;H70 H70 Masters programs;TOT Age, total;TOT Total;2018 2018;2894
540 Sønderborg;TOT Total;H80 H80 PhD programs;TOT Age, total;TOT Total;2018 2018;202
540 Sønderborg;TOT Total;TOT Total;TOT Age, total;TOT Total;2018 2018;49656
550 Tønder;TOT Total;H40 H40 Short cycle higher education;TOT Age, total;TOT Total;2018 2018;1073
550 Tønder;TOT Total;H50 H50 Vocational bachelors educations;TOT Age, total;TOT Total;2018 2018;2928
550 Tønder;TOT Total;H60 H60 Bachelors programs;TOT Age, total;TOT Total;2018 2018;95
550 Tønder;TOT Total;H70 H70 Masters programs;TOT Age, total;TOT Total;2018 2018;810
550 Tønder;TOT Total;H80 H80 PhD programs;TOT Age, total;TOT Total;2018 2018;37
550 Tønder;TOT Total;TOT Total;TOT Age, total;TOT Total;2018 2018;25344
561 Esbjerg;TOT Total;H40 H40 Short cycle higher education;TOT Age, total;TOT Total;2018 2018;4042
561 Esbjerg;TOT Total;H50 H50 Vocational bachelors educations;TOT Age, total;TOT Total;2018 2018;13597
561 Esbjerg;TOT Total;H60 H60 Bachelors programs;TOT Age, total;TOT Total;2018 2018;919
561 Esbjerg;TOT Total;H70 H70 Masters programs;TOT Age, total;TOT Total;2018 2018;3992
561 Esbjerg;TOT Total;H80 H80 PhD programs;TOT Age, total;TOT Total;2018 2018;242
561 Esbjerg;TOT Total;TOT Total;TOT Age, total;TOT Total;2018 2018;80188
563 Fanø;TOT Total;H40 H40 Short cycle higher education;TOT Age, total;TOT Total;2018 2018;128
563 Fanø;TOT Total;H50 H50 Vocational bachelors educations;TOT Age, total;TOT Total;2018 2018;521
563 Fanø;TOT Total;H60 H60 Bachelors programs;TOT Age, total;TOT Total;2018 2018;31
563 Fanø;TOT Total;H70 H70 Masters programs;TOT Age, total;TOT Total;2018 2018;185
563 Fanø;TOT Total;H80 H80 PhD programs;TOT Age, total;TOT Total;2018 2018;7
563 Fanø;TOT Total;TOT Total;TOT Age, total;TOT Total;2018 2018;2140
573 Varde;TOT Total;H40 H40 Short cycle higher education;TOT Age, total;TOT Total;2018 2018;1617
573 Varde;TOT Total;H50 H50 Vocational bachelors educations;TOT Age, total;TOT Total;2018 2018;4527
573 Varde;TOT Total;H60 H60 Bachelors programs;TOT Age, total;TOT Total;2018 2018;179
573 Varde;TOT Total;H70 H70 Masters programs;TOT Age, total;TOT Total;2018 2018;1141
573 Varde;TOT Total;H80 H80 PhD programs;TOT Age, total;TOT Total;2018 2018;69
573 Varde;TOT Total;TOT Total;TOT Age, total;TOT Total;2018 2018;33824
575 Vejen;TOT Total;H40 H40 Short cycle higher education;TOT Age, total;TOT Total;2018 2018;1382
575 Vejen;TOT Total;H50 H50 Vocational bachelors educations;TOT Age, total;TOT Total;2018 2018;3441
575 Vejen;TOT Total;H60 H60 Bachelors programs;TOT Age, total;TOT Total;2018 2018;193
575 Vejen;TOT Total;H70 H70 Masters programs;TOT Age, total;TOT Total;2018 2018;1061
575 Vejen;TOT Total;H80 H80 PhD programs;TOT Age, total;TOT Total;2018 2018;38
575 Vejen;TOT Total;TOT Total;TOT Age, total;TOT Total;2018 2018;28923
580 Aabenraa;TOT Total;H40 H40 Short cycle higher education;TOT Age, total;TOT Total;2018 2018;1780
580 Aabenraa;TOT Total;H50 H50 Vocational bachelors educations;TOT Age, total;TOT Total;2018 2018;5086
580 Aabenraa;TOT Total;H60 H60 Bachelors programs;TOT Age, total;TOT Total;2018 2018;254
580 Aabenraa;TOT Total;H70 H70 Masters programs;TOT Age, total;TOT Total;2018 2018;1662
580 Aabenraa;TOT Total;H80 H80 PhD programs;TOT Age, total;TOT Total;2018 2018;88
580 Aabenraa;TOT Total;TOT Total;TOT Age, total;TOT Total;2018 2018;39864
607 Fredericia;TOT Total;H40 H40 Short cycle higher education;TOT Age, total;TOT Total;2018 2018;1659
607 Fredericia;TOT Total;H50 H50 Vocational bachelors educations;TOT Age, total;TOT Total;2018 2018;5030
607 Fredericia;TOT Total;H60 H60 Bachelors programs;TOT Age, total;TOT Total;2018 2018;374
607 Fredericia;TOT Total;H70 H70 Masters programs;TOT Age, total;TOT Total;2018 2018;1741
607 Fredericia;TOT Total;H80 H80 PhD programs;TOT Age, total;TOT Total;2018 2018;116
607 Fredericia;TOT Total;TOT Total;TOT Age, total;TOT Total;2018 2018;35009
615 Horsens;TOT Total;H40 H40 Short cycle higher education;TOT Age, total;TOT Total;2018 2018;3796
615 Horsens;TOT Total;H50 H50 Vocational bachelors educations;TOT Age, total;TOT Total;2018 2018;10228
615 Horsens;TOT Total;H60 H60 Bachelors programs;TOT Age, total;TOT Total;2018 2018;568
615 Horsens;TOT Total;H70 H70 Masters programs;TOT Age, total;TOT Total;2018 2018;3527
615 Horsens;TOT Total;H80 H80 PhD programs;TOT Age, total;TOT Total;2018 2018;187
615 Horsens;TOT Total;TOT Total;TOT Age, total;TOT Total;2018 2018;62626
621 Kolding;TOT Total;H40 H40 Short cycle higher education;TOT Age, total;TOT Total;2018 2018;3706
621 Kolding;TOT Total;H50 H50 Vocational bachelors educations;TOT Age, total;TOT Total;2018 2018;9788
621 Kolding;TOT Total;H60 H60 Bachelors programs;TOT Age, total;TOT Total;2018 2018;1091
621 Kolding;TOT Total;H70 H70 Masters programs;TOT Age, total;TOT Total;2018 2018;4479
621 Kolding;TOT Total;H80 H80 PhD programs;TOT Age, total;TOT Total;2018 2018;212
621 Kolding;TOT Total;TOT Total;TOT Age, total;TOT Total;2018 2018;63874
630 Vejle;TOT Total;H40 H40 Short cycle higher education;TOT Age, total;TOT Total;2018 2018;4301
630 Vejle;TOT Total;H50 H50 Vocational bachelors educations;TOT Age, total;TOT Total;2018 2018;13075
630 Vejle;TOT Total;H60 H60 Bachelors programs;TOT Age, total;TOT Total;2018 2018;794
630 Vejle;TOT Total;H70 H70 Masters programs;TOT Age, total;TOT Total;2018 2018;5820
630 Vejle;TOT Total;H80 H80 PhD programs;TOT Age, total;TOT Total;2018 2018;304
630 Vejle;TOT Total;TOT Total;TOT Age, total;TOT Total;2018 2018;78518
657 Herning;TOT Total;H40 H40 Short cycle higher education;TOT Age, total;TOT Total;2018 2018;3602
657 Herning;TOT Total;H50 H50 Vocational bachelors educations;TOT Age, total;TOT Total;2018 2018;9029
657 Herning;TOT Total;H60 H60 Bachelors programs;TOT Age, total;TOT Total;2018 2018;673
657 Herning;TOT Total;H70 H70 Masters programs;TOT Age, total;TOT Total;2018 2018;2668
657 Herning;TOT Total;H80 H80 PhD programs;TOT Age, total;TOT Total;2018 2018;145
657 Herning;TOT Total;TOT Total;TOT Age, total;TOT Total;2018 2018;61140
661 Holstebro;TOT Total;H40 H40 Short cycle higher education;TOT Age, total;TOT Total;2018 2018;1975
661 Holstebro;TOT Total;H50 H50 Vocational bachelors educations;TOT Age, total;TOT Total;2018 2018;6636
661 Holstebro;TOT Total;H60 H60 Bachelors programs;TOT Age, total;TOT Total;2018 2018;248
661 Holstebro;TOT Total;H70 H70 Masters programs;TOT Age, total;TOT Total;2018 2018;1779
661 Holstebro;TOT Total;H80 H80 PhD programs;TOT Age, total;TOT Total;2018 2018;66
661 Holstebro;TOT Total;TOT Total;TOT Age, total;TOT Total;2018 2018;39646
665 Lemvig;TOT Total;H40 H40 Short cycle higher education;TOT Age, total;TOT Total;2018 2018;470
665 Lemvig;TOT Total;H50 H50 Vocational bachelors educations;TOT Age, total;TOT Total;2018 2018;1829
665 Lemvig;TOT Total;H60 H60 Bachelors programs;TOT Age, total;TOT Total;2018 2018;61
665 Lemvig;TOT Total;H70 H70 Masters programs;TOT Age, total;TOT Total;2018 2018;466
665 Lemvig;TOT Total;H80 H80 PhD programs;TOT Age, total;TOT Total;2018 2018;33
665 Lemvig;TOT Total;TOT Total;TOT Age, total;TOT Total;2018 2018;13465
671 Struer;TOT Total;H40 H40 Short cycle higher education;TOT Age, total;TOT Total;2018 2018;544
671 Struer;TOT Total;H50 H50 Vocational bachelors educations;TOT Age, total;TOT Total;2018 2018;1984
671 Struer;TOT Total;H60 H60 Bachelors programs;TOT Age, total;TOT Total;2018 2018;88
671 Struer;TOT Total;H70 H70 Masters programs;TOT Age, total;TOT Total;2018 2018;505
671 Struer;TOT Total;H80 H80 PhD programs;TOT Age, total;TOT Total;2018 2018;26
671 Struer;TOT Total;TOT Total;TOT Age, total;TOT Total;2018 2018;14145
706 Syddjurs;TOT Total;H40 H40 Short cycle higher education;TOT Age, total;TOT Total;2018 2018;1399
706 Syddjurs;TOT Total;H50 H50 Vocational bachelors educations;TOT Age, total;TOT Total;2018 2018;4366
706 Syddjurs;TOT Total;H60 H60 Bachelors programs;TOT Age, total;TOT Total;2018 2018;339
706 Syddjurs;TOT Total;H70 H70 Masters programs;TOT Age, total;TOT Total;2018 2018;1857
706 Syddjurs;TOT Total;H80 H80 PhD programs;TOT Age, total;TOT Total;2018 2018;152
706 Syddjurs;TOT Total;TOT Total;TOT Age, total;TOT Total;2018 2018;28380
707 Norddjurs;TOT Total;H40 H40 Short cycle higher education;TOT Age, total;TOT Total;2018 2018;1076
707 Norddjurs;TOT Total;H50 H50 Vocational bachelors educations;TOT Age, total;TOT Total;2018 2018;2880
707 Norddjurs;TOT Total;H60 H60 Bachelors programs;TOT Age, total;TOT Total;2018 2018;133
707 Norddjurs;TOT Total;H70 H70 Masters programs;TOT Age, total;TOT Total;2018 2018;695
707 Norddjurs;TOT Total;H80 H80 PhD programs;TOT Age, total;TOT Total;2018 2018;43
707 Norddjurs;TOT Total;TOT Total;TOT Age, total;TOT Total;2018 2018;25996
710 Favrskov;TOT Total;H40 H40 Short cycle higher education;TOT Age, total;TOT Total;2018 2018;1895
710 Favrskov;TOT Total;H50 H50 Vocational bachelors educations;TOT Age, total;TOT Total;2018 2018;5012
710 Favrskov;TOT Total;H60 H60 Bachelors programs;TOT Age, total;TOT Total;2018 2018;349
710 Favrskov;TOT Total;H70 H70 Masters programs;TOT Age, total;TOT Total;2018 2018;2679
710 Favrskov;TOT Total;H80 H80 PhD programs;TOT Age, total;TOT Total;2018 2018;313
710 Favrskov;TOT Total;TOT Total;TOT Age, total;TOT Total;2018 2018;32298
727 Odder;TOT Total;H40 H40 Short cycle higher education;TOT Age, total;TOT Total;2018 2018;795
727 Odder;TOT Total;H50 H50 Vocational bachelors educations;TOT Age, total;TOT Total;2018 2018;2481
727 Odder;TOT Total;H60 H60 Bachelors programs;TOT Age, total;TOT Total;2018 2018;184
727 Odder;TOT Total;H70 H70 Masters programs;TOT Age, total;TOT Total;2018 2018;1079
727 Odder;TOT Total;H80 H80 PhD programs;TOT Age, total;TOT Total;2018 2018;83
727 Odder;TOT Total;TOT Total;TOT Age, total;TOT Total;2018 2018;15156
730 Randers;TOT Total;H40 H40 Short cycle higher education;TOT Age, total;TOT Total;2018 2018;3980
730 Randers;TOT Total;H50 H50 Vocational bachelors educations;TOT Age, total;TOT Total;2018 2018;9073
730 Randers;TOT Total;H60 H60 Bachelors programs;TOT Age, total;TOT Total;2018 2018;618
730 Randers;TOT Total;H70 H70 Masters programs;TOT Age, total;TOT Total;2018 2018;3114
730 Randers;TOT Total;H80 H80 PhD programs;TOT Age, total;TOT Total;2018 2018;217
730 Randers;TOT Total;TOT Total;TOT Age, total;TOT Total;2018 2018;67495
740 Silkeborg;TOT Total;H40 H40 Short cycle higher education;TOT Age, total;TOT Total;2018 2018;3761
740 Silkeborg;TOT Total;H50 H50 Vocational bachelors educations;TOT Age, total;TOT Total;2018 2018;10685
740 Silkeborg;TOT Total;H60 H60 Bachelors programs;TOT Age, total;TOT Total;2018 2018;705
740 Silkeborg;TOT Total;H70 H70 Masters programs;TOT Age, total;TOT Total;2018 2018;4634
740 Silkeborg;TOT Total;H80 H80 PhD programs;TOT Age, total;TOT Total;2018 2018;282
740 Silkeborg;TOT Total;TOT Total;TOT Age, total;TOT Total;2018 2018;63232
741 Samsø;TOT Total;H40 H40 Short cycle higher education;TOT Age, total;TOT Total;2018 2018;100
741 Samsø;TOT Total;H50 H50 Vocational bachelors educations;TOT Age, total;TOT Total;2018 2018;369
741 Samsø;TOT Total;H60 H60 Bachelors programs;TOT Age, total;TOT Total;2018 2018;36
741 Samsø;TOT Total;H70 H70 Masters programs;TOT Age, total;TOT Total;2018 2018;132
741 Samsø;TOT Total;H80 H80 PhD programs;TOT Age, total;TOT Total;2018 2018;4
741 Samsø;TOT Total;TOT Total;TOT Age, total;TOT Total;2018 2018;2340
746 Skanderborg;TOT Total;H40 H40 Short cycle higher education;TOT Age, total;TOT Total;2018 2018;2587
746 Skanderborg;TOT Total;H50 H50 Vocational bachelors educations;TOT Age, total;TOT Total;2018 2018;7099
746 Skanderborg;TOT Total;H60 H60 Bachelors programs;TOT Age, total;TOT Total;2018 2018;559
746 Skanderborg;TOT Total;H70 H70 Masters programs;TOT Age, total;TOT Total;2018 2018;4653
746 Skanderborg;TOT Total;H80 H80 PhD programs;TOT Age, total;TOT Total;2018 2018;407
746 Skanderborg;TOT Total;TOT Total;TOT Age, total;TOT Total;2018 2018;41247
751 Aarhus;TOT Total;H40 H40 Short cycle higher education;TOT Age, total;TOT Total;2018 2018;12997
751 Aarhus;TOT Total;H50 H50 Vocational bachelors educations;TOT Age, total;TOT Total;2018 2018;42925
751 Aarhus;TOT Total;H60 H60 Bachelors programs;TOT Age, total;TOT Total;2018 2018;13077
751 Aarhus;TOT Total;H70 H70 Masters programs;TOT Age, total;TOT Total;2018 2018;39226
751 Aarhus;TOT Total;H80 H80 PhD programs;TOT Age, total;TOT Total;2018 2018;4337
751 Aarhus;TOT Total;TOT Total;TOT Age, total;TOT Total;2018 2018;257375
756 Ikast-Brande;TOT Total;H40 H40 Short cycle higher education;TOT Age, total;TOT Total;2018 2018;1466
756 Ikast-Brande;TOT Total;H50 H50 Vocational bachelors educations;TOT Age, total;TOT Total;2018 2018;3415
756 Ikast-Brande;TOT Total;H60 H60 Bachelors programs;TOT Age, total;TOT Total;2018 2018;181
756 Ikast-Brande;TOT Total;H70 H70 Masters programs;TOT Age, total;TOT Total;2018 2018;1173
756 Ikast-Brande;TOT Total;H80 H80 PhD programs;TOT Age, total;TOT Total;2018 2018;92
756 Ikast-Brande;TOT Total;TOT Total;TOT Age, total;TOT Total;2018 2018;28125
760 Ringkøbing-Skjern;TOT Total;H40 H40 Short cycle higher education;TOT Age, total;TOT Total;2018 2018;1715
760 Ringkøbing-Skjern;TOT Total;H50 H50 Vocational bachelors educations;TOT Age, total;TOT Total;2018 2018;5023
760 Ringkøbing-Skjern;TOT Total;H60 H60 Bachelors programs;TOT Age, total;TOT Total;2018 2018;197
760 Ringkøbing-Skjern;TOT Total;H70 H70 Masters programs;TOT Age, total;TOT Total;2018 2018;1428
760 Ringkøbing-Skjern;TOT Total;H80 H80 PhD programs;TOT Age, total;TOT Total;2018 2018;61
760 Ringkøbing-Skjern;TOT Total;TOT Total;TOT Age, total;TOT Total;2018 2018;38238
766 Hedensted;TOT Total;H40 H40 Short cycle higher education;TOT Age, total;TOT Total;2018 2018;1752
766 Hedensted;TOT Total;H50 H50 Vocational bachelors educations;TOT Age, total;TOT Total;2018 2018;4163
766 Hedensted;TOT Total;H60 H60 Bachelors programs;TOT Age, total;TOT Total;2018 2018;187
766 Hedensted;TOT Total;H70 H70 Masters programs;TOT Age, total;TOT Total;2018 2018;1086
766 Hedensted;TOT Total;H80 H80 PhD programs;TOT Age, total;TOT Total;2018 2018;52
766 Hedensted;TOT Total;TOT Total;TOT Age, total;TOT Total;2018 2018;31557
773 Morsø;TOT Total;H40 H40 Short cycle higher education;TOT Age, total;TOT Total;2018 2018;490
773 Morsø;TOT Total;H50 H50 Vocational bachelors educations;TOT Age, total;TOT Total;2018 2018;1479
773 Morsø;TOT Total;H60 H60 Bachelors programs;TOT Age, total;TOT Total;2018 2018;54
773 Morsø;TOT Total;H70 H70 Masters programs;TOT Age, total;TOT Total;2018 2018;349
773 Morsø;TOT Total;H80 H80 PhD programs;TOT Age, total;TOT Total;2018 2018;21
773 Morsø;TOT Total;TOT Total;TOT Age, total;TOT Total;2018 2018;13576
779 Skive;TOT Total;H40 H40 Short cycle higher education;TOT Age, total;TOT Total;2018 2018;1465
779 Skive;TOT Total;H50 H50 Vocational bachelors educations;TOT Age, total;TOT Total;2018 2018;4313
779 Skive;TOT Total;H60 H60 Bachelors programs;TOT Age, total;TOT Total;2018 2018;137
779 Skive;TOT Total;H70 H70 Masters programs;TOT Age, total;TOT Total;2018 2018;1030
779 Skive;TOT Total;H80 H80 PhD programs;TOT Age, total;TOT Total;2018 2018;43
779 Skive;TOT Total;TOT Total;TOT Age, total;TOT Total;2018 2018;31264
787 Thisted;TOT Total;H40 H40 Short cycle higher education;TOT Age, total;TOT Total;2018 2018;1249
787 Thisted;TOT Total;H50 H50 Vocational bachelors educations;TOT Age, total;TOT Total;2018 2018;3569
787 Thisted;TOT Total;H60 H60 Bachelors programs;TOT Age, total;TOT Total;2018 2018;160
787 Thisted;TOT Total;H70 H70 Masters programs;TOT Age, total;TOT Total;2018 2018;1082
787 Thisted;TOT Total;H80 H80 PhD programs;TOT Age, total;TOT Total;2018 2018;42
787 Thisted;TOT Total;TOT Total;TOT Age, total;TOT Total;2018 2018;29385
791 Viborg;TOT Total;H40 H40 Short cycle higher education;TOT Age, total;TOT Total;2018 2018;3509
791 Viborg;TOT Total;H50 H50 Vocational bachelors educations;TOT Age, total;TOT Total;2018 2018;10033
791 Viborg;TOT Total;H60 H60 Bachelors programs;TOT Age, total;TOT Total;2018 2018;458
791 Viborg;TOT Total;H70 H70 Masters programs;TOT Age, total;TOT Total;2018 2018;4158
791 Viborg;TOT Total;H80 H80 PhD programs;TOT Age, total;TOT Total;2018 2018;384
791 Viborg;TOT Total;TOT Total;TOT Age, total;TOT Total;2018 2018;66135
810 Brønderslev;TOT Total;H40 H40 Short cycle higher education;TOT Age, total;TOT Total;2018 2018;1060
810 Brønderslev;TOT Total;H50 H50 Vocational bachelors educations;TOT Age, total;TOT Total;2018 2018;3484
810 Brønderslev;TOT Total;H60 H60 Bachelors programs;TOT Age, total;TOT Total;2018 2018;189
810 Brønderslev;TOT Total;H70 H70 Masters programs;TOT Age, total;TOT Total;2018 2018;1052
810 Brønderslev;TOT Total;H80 H80 PhD programs;TOT Age, total;TOT Total;2018 2018;62
810 Brønderslev;TOT Total;TOT Total;TOT Age, total;TOT Total;2018 2018;24091
813 Frederikshavn;TOT Total;H40 H40 Short cycle higher education;TOT Age, total;TOT Total;2018 2018;1793
813 Frederikshavn;TOT Total;H50 H50 Vocational bachelors educations;TOT Age, total;TOT Total;2018 2018;5051
813 Frederikshavn;TOT Total;H60 H60 Bachelors programs;TOT Age, total;TOT Total;2018 2018;218
813 Frederikshavn;TOT Total;H70 H70 Masters programs;TOT Age, total;TOT Total;2018 2018;1192
813 Frederikshavn;TOT Total;H80 H80 PhD programs;TOT Age, total;TOT Total;2018 2018;50
813 Frederikshavn;TOT Total;TOT Total;TOT Age, total;TOT Total;2018 2018;40074
820 Vesthimmerlands;TOT Total;H40 H40 Short cycle higher education;TOT Age, total;TOT Total;2018 2018;1092
820 Vesthimmerlands;TOT Total;H50 H50 Vocational bachelors educations;TOT Age, total;TOT Total;2018 2018;3053
820 Vesthimmerlands;TOT Total;H60 H60 Bachelors programs;TOT Age, total;TOT Total;2018 2018;105
820 Vesthimmerlands;TOT Total;H70 H70 Masters programs;TOT Age, total;TOT Total;2018 2018;791
820 Vesthimmerlands;TOT Total;H80 H80 PhD programs;TOT Age, total;TOT Total;2018 2018;38
820 Vesthimmerlands;TOT Total;TOT Total;TOT Age, total;TOT Total;2018 2018;24957
825 Læsø;TOT Total;H40 H40 Short cycle higher education;TOT Age, total;TOT Total;2018 2018;29
825 Læsø;TOT Total;H50 H50 Vocational bachelors educations;TOT Age, total;TOT Total;2018 2018;150
825 Læsø;TOT Total;H60 H60 Bachelors programs;TOT Age, total;TOT Total;2018 2018;10
825 Læsø;TOT Total;H70 H70 Masters programs;TOT Age, total;TOT Total;2018 2018;27
825 Læsø;TOT Total;TOT Total;TOT Age, total;TOT Total;2018 2018;1121
840 Rebild;TOT Total;H40 H40 Short cycle higher education;TOT Age, total;TOT Total;2018 2018;1010
840 Rebild;TOT Total;H50 H50 Vocational bachelors educations;TOT Age, total;TOT Total;2018 2018;2967
840 Rebild;TOT Total;H60 H60 Bachelors programs;TOT Age, total;TOT Total;2018 2018;203
840 Rebild;TOT Total;H70 H70 Masters programs;TOT Age, total;TOT Total;2018 2018;1700
840 Rebild;TOT Total;H80 H80 PhD programs;TOT Age, total;TOT Total;2018 2018;155
840 Rebild;TOT Total;TOT Total;TOT Age, total;TOT Total;2018 2018;19903
846 Mariagerfjord;TOT Total;H40 H40 Short cycle higher education;TOT Age, total;TOT Total;2018 2018;1382
846 Mariagerfjord;TOT Total;H50 H50 Vocational bachelors educations;TOT Age, total;TOT Total;2018 2018;3847
846 Mariagerfjord;TOT Total;H60 H60 Bachelors programs;TOT Age, total;TOT Total;2018 2018;196
846 Mariagerfjord;TOT Total;H70 H70 Masters programs;TOT Age, total;TOT Total;2018 2018;1246
846 Mariagerfjord;TOT Total;H80 H80 PhD programs;TOT Age, total;TOT Total;2018 2018;64
846 Mariagerfjord;TOT Total;TOT Total;TOT Age, total;TOT Total;2018 2018;28809
849 Jammerbugt;TOT Total;H40 H40 Short cycle higher education;TOT Age, total;TOT Total;2018 2018;1084
849 Jammerbugt;TOT Total;H50 H50 Vocational bachelors educations;TOT Age, total;TOT Total;2018 2018;3195
849 Jammerbugt;TOT Total;H60 H60 Bachelors programs;TOT Age, total;TOT Total;2018 2018;201
849 Jammerbugt;TOT Total;H70 H70 Masters programs;TOT Age, total;TOT Total;2018 2018;1000
849 Jammerbugt;TOT Total;H80 H80 PhD programs;TOT Age, total;TOT Total;2018 2018;46
849 Jammerbugt;TOT Total;TOT Total;TOT Age, total;TOT Total;2018 2018;25625
851 Aalborg;TOT Total;H40 H40 Short cycle higher education;TOT Age, total;TOT Total;2018 2018;7526
851 Aalborg;TOT Total;H50 H50 Vocational bachelors educations;TOT Age, total;TOT Total;2018 2018;23181
851 Aalborg;TOT Total;H60 H60 Bachelors programs;TOT Age, total;TOT Total;2018 2018;5956
851 Aalborg;TOT Total;H70 H70 Masters programs;TOT Age, total;TOT Total;2018 2018;16425
851 Aalborg;TOT Total;H80 H80 PhD programs;TOT Age, total;TOT Total;2018 2018;1451
851 Aalborg;TOT Total;TOT Total;TOT Age, total;TOT Total;2018 2018;155105
860 Hjørring;TOT Total;H40 H40 Short cycle higher education;TOT Age, total;TOT Total;2018 2018;1779
860 Hjørring;TOT Total;H50 H50 Vocational bachelors educations;TOT Age, total;TOT Total;2018 2018;6541
860 Hjørring;TOT Total;H60 H60 Bachelors programs;TOT Age, total;TOT Total;2018 2018;263
860 Hjørring;TOT Total;H70 H70 Masters programs;TOT Age, total;TOT Total;2018 2018;1616
860 Hjørring;TOT Total;H80 H80 PhD programs;TOT Age, total;TOT Total;2018 2018;81
860 Hjørring;TOT Total;TOT Total;TOT Age, total;TOT Total;2018 2018;43969
000 All Denmark;TOT Total;H40 H40 Short cycle higher education;TOT Age, total;TOT Total;2019 2019;205673
000 All Denmark;TOT Total;H50 H50 Vocational bachelors educations;TOT Age, total;TOT Total;2019 2019;615267
000 All Denmark;TOT Total;H60 H60 Bachelors programs;TOT Age, total;TOT Total;2019 2019;96150
000 All Denmark;TOT Total;H70 H70 Masters programs;TOT Age, total;TOT Total;2019 2019;419094
000 All Denmark;TOT Total;H80 H80 PhD programs;TOT Age, total;TOT Total;2019 2019;37792
000 All Denmark;TOT Total;TOT Total;TOT Age, total;TOT Total;2019 2019;4040015
101 Copenhagen;TOT Total;H40 H40 Short cycle higher education;TOT Age, total;TOT Total;2019 2019;23605
101 Copenhagen;TOT Total;H50 H50 Vocational bachelors educations;TOT Age, total;TOT Total;2019 2019;78312
101 Copenhagen;TOT Total;H60 H60 Bachelors programs;TOT Age, total;TOT Total;2019 2019;32195
101 Copenhagen;TOT Total;H70 H70 Masters programs;TOT Age, total;TOT Total;2019 2019;111797
101 Copenhagen;TOT Total;H80 H80 PhD programs;TOT Age, total;TOT Total;2019 2019;9688
101 Copenhagen;TOT Total;TOT Total;TOT Age, total;TOT Total;2019 2019;492180
147 Frederiksberg;TOT Total;H40 H40 Short cycle higher education;TOT Age, total;TOT Total;2019 2019;3595
147 Frederiksberg;TOT Total;H50 H50 Vocational bachelors educations;TOT Age, total;TOT Total;2019 2019;12245
147 Frederiksberg;TOT Total;H60 H60 Bachelors programs;TOT Age, total;TOT Total;2019 2019;4760
147 Frederiksberg;TOT Total;H70 H70 Masters programs;TOT Age, total;TOT Total;2019 2019;20513
147 Frederiksberg;TOT Total;H80 H80 PhD programs;TOT Age, total;TOT Total;2019 2019;1832
147 Frederiksberg;TOT Total;TOT Total;TOT Age, total;TOT Total;2019 2019;75686
151 Ballerup;TOT Total;H40 H40 Short cycle higher education;TOT Age, total;TOT Total;2019 2019;1669
151 Ballerup;TOT Total;H50 H50 Vocational bachelors educations;TOT Age, total;TOT Total;2019 2019;4691
151 Ballerup;TOT Total;H60 H60 Bachelors programs;TOT Age, total;TOT Total;2019 2019;426
151 Ballerup;TOT Total;H70 H70 Masters programs;TOT Age, total;TOT Total;2019 2019;3062
151 Ballerup;TOT Total;H80 H80 PhD programs;TOT Age, total;TOT Total;2019 2019;409
151 Ballerup;TOT Total;TOT Total;TOT Age, total;TOT Total;2019 2019;32207
153 Brøndby;TOT Total;H40 H40 Short cycle higher education;TOT Age, total;TOT Total;2019 2019;1147
153 Brøndby;TOT Total;H50 H50 Vocational bachelors educations;TOT Age, total;TOT Total;2019 2019;2825
153 Brøndby;TOT Total;H60 H60 Bachelors programs;TOT Age, total;TOT Total;2019 2019;307
153 Brøndby;TOT Total;H70 H70 Masters programs;TOT Age, total;TOT Total;2019 2019;1457
153 Brøndby;TOT Total;H80 H80 PhD programs;TOT Age, total;TOT Total;2019 2019;103
153 Brøndby;TOT Total;TOT Total;TOT Age, total;TOT Total;2019 2019;24052
155 Dragør;TOT Total;H40 H40 Short cycle higher education;TOT Age, total;TOT Total;2019 2019;598
155 Dragør;TOT Total;H50 H50 Vocational bachelors educations;TOT Age, total;TOT Total;2019 2019;1422
155 Dragør;TOT Total;H60 H60 Bachelors programs;TOT Age, total;TOT Total;2019 2019;176
155 Dragør;TOT Total;H70 H70 Masters programs;TOT Age, total;TOT Total;2019 2019;1261
155 Dragør;TOT Total;H80 H80 PhD programs;TOT Age, total;TOT Total;2019 2019;94
155 Dragør;TOT Total;TOT Total;TOT Age, total;TOT Total;2019 2019;9114
157 Gentofte;TOT Total;H40 H40 Short cycle higher education;TOT Age, total;TOT Total;2019 2019;2524
157 Gentofte;TOT Total;H50 H50 Vocational bachelors educations;TOT Age, total;TOT Total;2019 2019;8015
157 Gentofte;TOT Total;H60 H60 Bachelors programs;TOT Age, total;TOT Total;2019 2019;1743
157 Gentofte;TOT Total;H70 H70 Masters programs;TOT Age, total;TOT Total;2019 2019;13809
157 Gentofte;TOT Total;H80 H80 PhD programs;TOT Age, total;TOT Total;2019 2019;1574
157 Gentofte;TOT Total;TOT Total;TOT Age, total;TOT Total;2019 2019;49830
159 Gladsaxe;TOT Total;H40 H40 Short cycle higher education;TOT Age, total;TOT Total;2019 2019;2448
159 Gladsaxe;TOT Total;H50 H50 Vocational bachelors educations;TOT Age, total;TOT Total;2019 2019;7947
159 Gladsaxe;TOT Total;H60 H60 Bachelors programs;TOT Age, total;TOT Total;2019 2019;1219
159 Gladsaxe;TOT Total;H70 H70 Masters programs;TOT Age, total;TOT Total;2019 2019;7614
159 Gladsaxe;TOT Total;H80 H80 PhD programs;TOT Age, total;TOT Total;2019 2019;1055
159 Gladsaxe;TOT Total;TOT Total;TOT Age, total;TOT Total;2019 2019;48074
161 Glostrup;TOT Total;H40 H40 Short cycle higher education;TOT Age, total;TOT Total;2019 2019;919
161 Glostrup;TOT Total;H50 H50 Vocational bachelors educations;TOT Age, total;TOT Total;2019 2019;2274
161 Glostrup;TOT Total;H60 H60 Bachelors programs;TOT Age, total;TOT Total;2019 2019;243
161 Glostrup;TOT Total;H70 H70 Masters programs;TOT Age, total;TOT Total;2019 2019;1297
161 Glostrup;TOT Total;H80 H80 PhD programs;TOT Age, total;TOT Total;2019 2019;107
161 Glostrup;TOT Total;TOT Total;TOT Age, total;TOT Total;2019 2019;16001
163 Herlev;TOT Total;H40 H40 Short cycle higher education;TOT Age, total;TOT Total;2019 2019;1020
163 Herlev;TOT Total;H50 H50 Vocational bachelors educations;TOT Age, total;TOT Total;2019 2019;2928
163 Herlev;TOT Total;H60 H60 Bachelors programs;TOT Age, total;TOT Total;2019 2019;281
163 Herlev;TOT Total;H70 H70 Masters programs;TOT Age, total;TOT Total;2019 2019;1793
163 Herlev;TOT Total;H80 H80 PhD programs;TOT Age, total;TOT Total;2019 2019;226
163 Herlev;TOT Total;TOT Total;TOT Age, total;TOT Total;2019 2019;19618
165 Albertslund;TOT Total;H40 H40 Short cycle higher education;TOT Age, total;TOT Total;2019 2019;924
165 Albertslund;TOT Total;H50 H50 Vocational bachelors educations;TOT Age, total;TOT Total;2019 2019;2812
165 Albertslund;TOT Total;H60 H60 Bachelors programs;TOT Age, total;TOT Total;2019 2019;349
165 Albertslund;TOT Total;H70 H70 Masters programs;TOT Age, total;TOT Total;2019 2019;1325
165 Albertslund;TOT Total;H80 H80 PhD programs;TOT Age, total;TOT Total;2019 2019;94
165 Albertslund;TOT Total;TOT Total;TOT Age, total;TOT Total;2019 2019;18997
167 Hvidovre;TOT Total;H40 H40 Short cycle higher education;TOT Age, total;TOT Total;2019 2019;2030
167 Hvidovre;TOT Total;H50 H50 Vocational bachelors educations;TOT Age, total;TOT Total;2019 2019;5131
167 Hvidovre;TOT Total;H60 H60 Bachelors programs;TOT Age, total;TOT Total;2019 2019;777
167 Hvidovre;TOT Total;H70 H70 Masters programs;TOT Age, total;TOT Total;2019 2019;3373
167 Hvidovre;TOT Total;H80 H80 PhD programs;TOT Age, total;TOT Total;2019 2019;284
167 Hvidovre;TOT Total;TOT Total;TOT Age, total;TOT Total;2019 2019;36855
169 Høje-Taastrup;TOT Total;H40 H40 Short cycle higher education;TOT Age, total;TOT Total;2019 2019;2096
169 Høje-Taastrup;TOT Total;H50 H50 Vocational bachelors educations;TOT Age, total;TOT Total;2019 2019;4510
169 Høje-Taastrup;TOT Total;H60 H60 Bachelors programs;TOT Age, total;TOT Total;2019 2019;435
169 Høje-Taastrup;TOT Total;H70 H70 Masters programs;TOT Age, total;TOT Total;2019 2019;2636
169 Høje-Taastrup;TOT Total;H80 H80 PhD programs;TOT Age, total;TOT Total;2019 2019;253
169 Høje-Taastrup;TOT Total;TOT Total;TOT Age, total;TOT Total;2019 2019;35213
173 Lyngby-Taarbæk;TOT Total;H40 H40 Short cycle higher education;TOT Age, total;TOT Total;2019 2019;1825
173 Lyngby-Taarbæk;TOT Total;H50 H50 Vocational bachelors educations;TOT Age, total;TOT Total;2019 2019;6604
173 Lyngby-Taarbæk;TOT Total;H60 H60 Bachelors programs;TOT Age, total;TOT Total;2019 2019;1463
173 Lyngby-Taarbæk;TOT Total;H70 H70 Masters programs;TOT Age, total;TOT Total;2019 2019;9086
173 Lyngby-Taarbæk;TOT Total;H80 H80 PhD programs;TOT Age, total;TOT Total;2019 2019;1348
173 Lyngby-Taarbæk;TOT Total;TOT Total;TOT Age, total;TOT Total;2019 2019;38463
175 Rødovre;TOT Total;H40 H40 Short cycle higher education;TOT Age, total;TOT Total;2019 2019;1424
175 Rødovre;TOT Total;H50 H50 Vocational bachelors educations;TOT Age, total;TOT Total;2019 2019;4186
175 Rødovre;TOT Total;H60 H60 Bachelors programs;TOT Age, total;TOT Total;2019 2019;504
175 Rødovre;TOT Total;H70 H70 Masters programs;TOT Age, total;TOT Total;2019 2019;2773
175 Rødovre;TOT Total;H80 H80 PhD programs;TOT Age, total;TOT Total;2019 2019;254
175 Rødovre;TOT Total;TOT Total;TOT Age, total;TOT Total;2019 2019;27866
183 Ishøj;TOT Total;H40 H40 Short cycle higher education;TOT Age, total;TOT Total;2019 2019;775
183 Ishøj;TOT Total;H50 H50 Vocational bachelors educations;TOT Age, total;TOT Total;2019 2019;1900
183 Ishøj;TOT Total;H60 H60 Bachelors programs;TOT Age, total;TOT Total;2019 2019;201
183 Ishøj;TOT Total;H70 H70 Masters programs;TOT Age, total;TOT Total;2019 2019;982
183 Ishøj;TOT Total;H80 H80 PhD programs;TOT Age, total;TOT Total;2019 2019;76
183 Ishøj;TOT Total;TOT Total;TOT Age, total;TOT Total;2019 2019;15959
185 Tårnby;TOT Total;H40 H40 Short cycle higher education;TOT Age, total;TOT Total;2019 2019;1516
185 Tårnby;TOT Total;H50 H50 Vocational bachelors educations;TOT Age, total;TOT Total;2019 2019;3641
185 Tårnby;TOT Total;H60 H60 Bachelors programs;TOT Age, total;TOT Total;2019 2019;374
185 Tårnby;TOT Total;H70 H70 Masters programs;TOT Age, total;TOT Total;2019 2019;2247
185 Tårnby;TOT Total;H80 H80 PhD programs;TOT Age, total;TOT Total;2019 2019;169
185 Tårnby;TOT Total;TOT Total;TOT Age, total;TOT Total;2019 2019;29124
187 Vallensbæk;TOT Total;H40 H40 Short cycle higher education;TOT Age, total;TOT Total;2019 2019;742
187 Vallensbæk;TOT Total;H50 H50 Vocational bachelors educations;TOT Age, total;TOT Total;2019 2019;1630
187 Vallensbæk;TOT Total;H60 H60 Bachelors programs;TOT Age, total;TOT Total;2019 2019;197
187 Vallensbæk;TOT Total;H70 H70 Masters programs;TOT Age, total;TOT Total;2019 2019;1155
187 Vallensbæk;TOT Total;H80 H80 PhD programs;TOT Age, total;TOT Total;2019 2019;87
187 Vallensbæk;TOT Total;TOT Total;TOT Age, total;TOT Total;2019 2019;10867
190 Furesø;TOT Total;H40 H40 Short cycle higher education;TOT Age, total;TOT Total;2019 2019;1466
190 Furesø;TOT Total;H50 H50 Vocational bachelors educations;TOT Age, total;TOT Total;2019 2019;4741
190 Furesø;TOT Total;H60 H60 Bachelors programs;TOT Age, total;TOT Total;2019 2019;495
190 Furesø;TOT Total;H70 H70 Masters programs;TOT Age, total;TOT Total;2019 2019;5285
190 Furesø;TOT Total;H80 H80 PhD programs;TOT Age, total;TOT Total;2019 2019;803
190 Furesø;TOT Total;TOT Total;TOT Age, total;TOT Total;2019 2019;26352
201 Allerød;TOT Total;H40 H40 Short cycle higher education;TOT Age, total;TOT Total;2019 2019;1042
201 Allerød;TOT Total;H50 H50 Vocational bachelors educations;TOT Age, total;TOT Total;2019 2019;2908
201 Allerød;TOT Total;H60 H60 Bachelors programs;TOT Age, total;TOT Total;2019 2019;320
201 Allerød;TOT Total;H70 H70 Masters programs;TOT Age, total;TOT Total;2019 2019;3029
201 Allerød;TOT Total;H80 H80 PhD programs;TOT Age, total;TOT Total;2019 2019;388
201 Allerød;TOT Total;TOT Total;TOT Age, total;TOT Total;2019 2019;16613
210 Fredensborg;TOT Total;H40 H40 Short cycle higher education;TOT Age, total;TOT Total;2019 2019;1432
210 Fredensborg;TOT Total;H50 H50 Vocational bachelors educations;TOT Age, total;TOT Total;2019 2019;4444
210 Fredensborg;TOT Total;H60 H60 Bachelors programs;TOT Age, total;TOT Total;2019 2019;596
210 Fredensborg;TOT Total;H70 H70 Masters programs;TOT Age, total;TOT Total;2019 2019;3700
210 Fredensborg;TOT Total;H80 H80 PhD programs;TOT Age, total;TOT Total;2019 2019;382
210 Fredensborg;TOT Total;TOT Total;TOT Age, total;TOT Total;2019 2019;26861
217 Helsingør;TOT Total;H40 H40 Short cycle higher education;TOT Age, total;TOT Total;2019 2019;2144
217 Helsingør;TOT Total;H50 H50 Vocational bachelors educations;TOT Age, total;TOT Total;2019 2019;6879
217 Helsingør;TOT Total;H60 H60 Bachelors programs;TOT Age, total;TOT Total;2019 2019;655
217 Helsingør;TOT Total;H70 H70 Masters programs;TOT Age, total;TOT Total;2019 2019;3926
217 Helsingør;TOT Total;H80 H80 PhD programs;TOT Age, total;TOT Total;2019 2019;304
217 Helsingør;TOT Total;TOT Total;TOT Age, total;TOT Total;2019 2019;41759
219 Hillerød;TOT Total;H40 H40 Short cycle higher education;TOT Age, total;TOT Total;2019 2019;2123
219 Hillerød;TOT Total;H50 H50 Vocational bachelors educations;TOT Age, total;TOT Total;2019 2019;6243
219 Hillerød;TOT Total;H60 H60 Bachelors programs;TOT Age, total;TOT Total;2019 2019;505
219 Hillerød;TOT Total;H70 H70 Masters programs;TOT Age, total;TOT Total;2019 2019;3983
219 Hillerød;TOT Total;H80 H80 PhD programs;TOT Age, total;TOT Total;2019 2019;425
219 Hillerød;TOT Total;TOT Total;TOT Age, total;TOT Total;2019 2019;34974
223 Hørsholm;TOT Total;H40 H40 Short cycle higher education;TOT Age, total;TOT Total;2019 2019;890
223 Hørsholm;TOT Total;H50 H50 Vocational bachelors educations;TOT Age, total;TOT Total;2019 2019;2491
223 Hørsholm;TOT Total;H60 H60 Bachelors programs;TOT Age, total;TOT Total;2019 2019;367
223 Hørsholm;TOT Total;H70 H70 Masters programs;TOT Age, total;TOT Total;2019 2019;3304
223 Hørsholm;TOT Total;H80 H80 PhD programs;TOT Age, total;TOT Total;2019 2019;294
223 Hørsholm;TOT Total;TOT Total;TOT Age, total;TOT Total;2019 2019;15345
230 Rudersdal;TOT Total;H40 H40 Short cycle higher education;TOT Age, total;TOT Total;2019 2019;1739
230 Rudersdal;TOT Total;H50 H50 Vocational bachelors educations;TOT Age, total;TOT Total;2019 2019;5811
230 Rudersdal;TOT Total;H60 H60 Bachelors programs;TOT Age, total;TOT Total;2019 2019;1183
230 Rudersdal;TOT Total;H70 H70 Masters programs;TOT Age, total;TOT Total;2019 2019;9119
230 Rudersdal;TOT Total;H80 H80 PhD programs;TOT Age, total;TOT Total;2019 2019;1183
230 Rudersdal;TOT Total;TOT Total;TOT Age, total;TOT Total;2019 2019;36329
240 Egedal;TOT Total;H40 H40 Short cycle higher education;TOT Age, total;TOT Total;2019 2019;1966
240 Egedal;TOT Total;H50 H50 Vocational bachelors educations;TOT Age, total;TOT Total;2019 2019;4575
240 Egedal;TOT Total;H60 H60 Bachelors programs;TOT Age, total;TOT Total;2019 2019;417
240 Egedal;TOT Total;H70 H70 Masters programs;TOT Age, total;TOT Total;2019 2019;2758
240 Egedal;TOT Total;H80 H80 PhD programs;TOT Age, total;TOT Total;2019 2019;346
240 Egedal;TOT Total;TOT Total;TOT Age, total;TOT Total;2019 2019;28875
250 Frederikssund;TOT Total;H40 H40 Short cycle higher education;TOT Age, total;TOT Total;2019 2019;1694
250 Frederikssund;TOT Total;H50 H50 Vocational bachelors educations;TOT Age, total;TOT Total;2019 2019;4547
250 Frederikssund;TOT Total;H60 H60 Bachelors programs;TOT Age, total;TOT Total;2019 2019;283
250 Frederikssund;TOT Total;H70 H70 Masters programs;TOT Age, total;TOT Total;2019 2019;1796
250 Frederikssund;TOT Total;H80 H80 PhD programs;TOT Age, total;TOT Total;2019 2019;160
250 Frederikssund;TOT Total;TOT Total;TOT Age, total;TOT Total;2019 2019;30209
253 Greve;TOT Total;H40 H40 Short cycle higher education;TOT Age, total;TOT Total;2019 2019;2058
253 Greve;TOT Total;H50 H50 Vocational bachelors educations;TOT Age, total;TOT Total;2019 2019;4430
253 Greve;TOT Total;H60 H60 Bachelors programs;TOT Age, total;TOT Total;2019 2019;405
253 Greve;TOT Total;H70 H70 Masters programs;TOT Age, total;TOT Total;2019 2019;2608
253 Greve;TOT Total;H80 H80 PhD programs;TOT Age, total;TOT Total;2019 2019;192
253 Greve;TOT Total;TOT Total;TOT Age, total;TOT Total;2019 2019;33354
259 Køge;TOT Total;H40 H40 Short cycle higher education;TOT Age, total;TOT Total;2019 2019;2378
259 Køge;TOT Total;H50 H50 Vocational bachelors educations;TOT Age, total;TOT Total;2019 2019;5599
259 Køge;TOT Total;H60 H60 Bachelors programs;TOT Age, total;TOT Total;2019 2019;471
259 Køge;TOT Total;H70 H70 Masters programs;TOT Age, total;TOT Total;2019 2019;2632
259 Køge;TOT Total;H80 H80 PhD programs;TOT Age, total;TOT Total;2019 2019;189
259 Køge;TOT Total;TOT Total;TOT Age, total;TOT Total;2019 2019;41374
260 Halsnæs;TOT Total;H40 H40 Short cycle higher education;TOT Age, total;TOT Total;2019 2019;968
260 Halsnæs;TOT Total;H50 H50 Vocational bachelors educations;TOT Age, total;TOT Total;2019 2019;2934
260 Halsnæs;TOT Total;H60 H60 Bachelors programs;TOT Age, total;TOT Total;2019 2019;156
260 Halsnæs;TOT Total;H70 H70 Masters programs;TOT Age, total;TOT Total;2019 2019;960
260 Halsnæs;TOT Total;H80 H80 PhD programs;TOT Age, total;TOT Total;2019 2019;83
260 Halsnæs;TOT Total;TOT Total;TOT Age, total;TOT Total;2019 2019;21052
265 Roskilde;TOT Total;H40 H40 Short cycle higher education;TOT Age, total;TOT Total;2019 2019;3502
265 Roskilde;TOT Total;H50 H50 Vocational bachelors educations;TOT Age, total;TOT Total;2019 2019;9837
265 Roskilde;TOT Total;H60 H60 Bachelors programs;TOT Age, total;TOT Total;2019 2019;1176
265 Roskilde;TOT Total;H70 H70 Masters programs;TOT Age, total;TOT Total;2019 2019;7366
265 Roskilde;TOT Total;H80 H80 PhD programs;TOT Age, total;TOT Total;2019 2019;846
265 Roskilde;TOT Total;TOT Total;TOT Age, total;TOT Total;2019 2019;59960
269 Solrød;TOT Total;H40 H40 Short cycle higher education;TOT Age, total;TOT Total;2019 2019;1037
269 Solrød;TOT Total;H50 H50 Vocational bachelors educations;TOT Age, total;TOT Total;2019 2019;2217
269 Solrød;TOT Total;H60 H60 Bachelors programs;TOT Age, total;TOT Total;2019 2019;194
269 Solrød;TOT Total;H70 H70 Masters programs;TOT Age, total;TOT Total;2019 2019;1362
269 Solrød;TOT Total;H80 H80 PhD programs;TOT Age, total;TOT Total;2019 2019;93
269 Solrød;TOT Total;TOT Total;TOT Age, total;TOT Total;2019 2019;15312
270 Gribskov;TOT Total;H40 H40 Short cycle higher education;TOT Age, total;TOT Total;2019 2019;1313
270 Gribskov;TOT Total;H50 H50 Vocational bachelors educations;TOT Age, total;TOT Total;2019 2019;4171
270 Gribskov;TOT Total;H60 H60 Bachelors programs;TOT Age, total;TOT Total;2019 2019;300
270 Gribskov;TOT Total;H70 H70 Masters programs;TOT Age, total;TOT Total;2019 2019;1719
270 Gribskov;TOT Total;H80 H80 PhD programs;TOT Age, total;TOT Total;2019 2019;144
270 Gribskov;TOT Total;TOT Total;TOT Age, total;TOT Total;2019 2019;27045
306 Odsherred;TOT Total;H40 H40 Short cycle higher education;TOT Age, total;TOT Total;2019 2019;787
306 Odsherred;TOT Total;H50 H50 Vocational bachelors educations;TOT Age, total;TOT Total;2019 2019;2674
306 Odsherred;TOT Total;H60 H60 Bachelors programs;TOT Age, total;TOT Total;2019 2019;141
306 Odsherred;TOT Total;H70 H70 Masters programs;TOT Age, total;TOT Total;2019 2019;773
306 Odsherred;TOT Total;H80 H80 PhD programs;TOT Age, total;TOT Total;2019 2019;49
306 Odsherred;TOT Total;TOT Total;TOT Age, total;TOT Total;2019 2019;21541
316 Holbæk;TOT Total;H40 H40 Short cycle higher education;TOT Age, total;TOT Total;2019 2019;2394
316 Holbæk;TOT Total;H50 H50 Vocational bachelors educations;TOT Age, total;TOT Total;2019 2019;7485
316 Holbæk;TOT Total;H60 H60 Bachelors programs;TOT Age, total;TOT Total;2019 2019;448
316 Holbæk;TOT Total;H70 H70 Masters programs;TOT Age, total;TOT Total;2019 2019;2556
316 Holbæk;TOT Total;H80 H80 PhD programs;TOT Age, total;TOT Total;2019 2019;175
316 Holbæk;TOT Total;TOT Total;TOT Age, total;TOT Total;2019 2019;48934
320 Faxe;TOT Total;H40 H40 Short cycle higher education;TOT Age, total;TOT Total;2019 2019;1199
320 Faxe;TOT Total;H50 H50 Vocational bachelors educations;TOT Age, total;TOT Total;2019 2019;3176
320 Faxe;TOT Total;H60 H60 Bachelors programs;TOT Age, total;TOT Total;2019 2019;171
320 Faxe;TOT Total;H70 H70 Masters programs;TOT Age, total;TOT Total;2019 2019;999
320 Faxe;TOT Total;H80 H80 PhD programs;TOT Age, total;TOT Total;2019 2019;63
320 Faxe;TOT Total;TOT Total;TOT Age, total;TOT Total;2019 2019;25025
326 Kalundborg;TOT Total;H40 H40 Short cycle higher education;TOT Age, total;TOT Total;2019 2019;1542
326 Kalundborg;TOT Total;H50 H50 Vocational bachelors educations;TOT Age, total;TOT Total;2019 2019;3838
326 Kalundborg;TOT Total;H60 H60 Bachelors programs;TOT Age, total;TOT Total;2019 2019;175
326 Kalundborg;TOT Total;H70 H70 Masters programs;TOT Age, total;TOT Total;2019 2019;1151
326 Kalundborg;TOT Total;H80 H80 PhD programs;TOT Age, total;TOT Total;2019 2019;88
326 Kalundborg;TOT Total;TOT Total;TOT Age, total;TOT Total;2019 2019;32653
329 Ringsted;TOT Total;H40 H40 Short cycle higher education;TOT Age, total;TOT Total;2019 2019;1407
329 Ringsted;TOT Total;H50 H50 Vocational bachelors educations;TOT Age, total;TOT Total;2019 2019;3206
329 Ringsted;TOT Total;H60 H60 Bachelors programs;TOT Age, total;TOT Total;2019 2019;276
329 Ringsted;TOT Total;H70 H70 Masters programs;TOT Age, total;TOT Total;2019 2019;1403
329 Ringsted;TOT Total;H80 H80 PhD programs;TOT Age, total;TOT Total;2019 2019;117
329 Ringsted;TOT Total;TOT Total;TOT Age, total;TOT Total;2019 2019;24309
330 Slagelse;TOT Total;H40 H40 Short cycle higher education;TOT Age, total;TOT Total;2019 2019;2642
330 Slagelse;TOT Total;H50 H50 Vocational bachelors educations;TOT Age, total;TOT Total;2019 2019;7595
330 Slagelse;TOT Total;H60 H60 Bachelors programs;TOT Age, total;TOT Total;2019 2019;576
330 Slagelse;TOT Total;H70 H70 Masters programs;TOT Age, total;TOT Total;2019 2019;2170
330 Slagelse;TOT Total;H80 H80 PhD programs;TOT Age, total;TOT Total;2019 2019;130
330 Slagelse;TOT Total;TOT Total;TOT Age, total;TOT Total;2019 2019;54396
336 Stevns;TOT Total;H40 H40 Short cycle higher education;TOT Age, total;TOT Total;2019 2019;776
336 Stevns;TOT Total;H50 H50 Vocational bachelors educations;TOT Age, total;TOT Total;2019 2019;1998
336 Stevns;TOT Total;H60 H60 Bachelors programs;TOT Age, total;TOT Total;2019 2019;104
336 Stevns;TOT Total;H70 H70 Masters programs;TOT Age, total;TOT Total;2019 2019;766
336 Stevns;TOT Total;H80 H80 PhD programs;TOT Age, total;TOT Total;2019 2019;66
336 Stevns;TOT Total;TOT Total;TOT Age, total;TOT Total;2019 2019;15246
340 Sorø;TOT Total;H40 H40 Short cycle higher education;TOT Age, total;TOT Total;2019 2019;958
340 Sorø;TOT Total;H50 H50 Vocational bachelors educations;TOT Age, total;TOT Total;2019 2019;2850
340 Sorø;TOT Total;H60 H60 Bachelors programs;TOT Age, total;TOT Total;2019 2019;220
340 Sorø;TOT Total;H70 H70 Masters programs;TOT Age, total;TOT Total;2019 2019;1454
340 Sorø;TOT Total;H80 H80 PhD programs;TOT Age, total;TOT Total;2019 2019;101
340 Sorø;TOT Total;TOT Total;TOT Age, total;TOT Total;2019 2019;20285
350 Lejre;TOT Total;H40 H40 Short cycle higher education;TOT Age, total;TOT Total;2019 2019;1100
350 Lejre;TOT Total;H50 H50 Vocational bachelors educations;TOT Age, total;TOT Total;2019 2019;2838
350 Lejre;TOT Total;H60 H60 Bachelors programs;TOT Age, total;TOT Total;2019 2019;236
350 Lejre;TOT Total;H70 H70 Masters programs;TOT Age, total;TOT Total;2019 2019;1709
350 Lejre;TOT Total;H80 H80 PhD programs;TOT Age, total;TOT Total;2019 2019;205
350 Lejre;TOT Total;TOT Total;TOT Age, total;TOT Total;2019 2019;18564
360 Lolland;TOT Total;H40 H40 Short cycle higher education;TOT Age, total;TOT Total;2019 2019;836
360 Lolland;TOT Total;H50 H50 Vocational bachelors educations;TOT Age, total;TOT Total;2019 2019;2936
360 Lolland;TOT Total;H60 H60 Bachelors programs;TOT Age, total;TOT Total;2019 2019;118
360 Lolland;TOT Total;H70 H70 Masters programs;TOT Age, total;TOT Total;2019 2019;634
360 Lolland;TOT Total;H80 H80 PhD programs;TOT Age, total;TOT Total;2019 2019;34
360 Lolland;TOT Total;TOT Total;TOT Age, total;TOT Total;2019 2019;27129
370 Næstved;TOT Total;H40 H40 Short cycle higher education;TOT Age, total;TOT Total;2019 2019;2861
370 Næstved;TOT Total;H50 H50 Vocational bachelors educations;TOT Age, total;TOT Total;2019 2019;8757
370 Næstved;TOT Total;H60 H60 Bachelors programs;TOT Age, total;TOT Total;2019 2019;438
370 Næstved;TOT Total;H70 H70 Masters programs;TOT Age, total;TOT Total;2019 2019;2475
370 Næstved;TOT Total;H80 H80 PhD programs;TOT Age, total;TOT Total;2019 2019;137
370 Næstved;TOT Total;TOT Total;TOT Age, total;TOT Total;2019 2019;57177
376 Guldborgsund;TOT Total;H40 H40 Short cycle higher education;TOT Age, total;TOT Total;2019 2019;1627
376 Guldborgsund;TOT Total;H50 H50 Vocational bachelors educations;TOT Age, total;TOT Total;2019 2019;5766
376 Guldborgsund;TOT Total;H60 H60 Bachelors programs;TOT Age, total;TOT Total;2019 2019;232
376 Guldborgsund;TOT Total;H70 H70 Masters programs;TOT Age, total;TOT Total;2019 2019;1475
376 Guldborgsund;TOT Total;H80 H80 PhD programs;TOT Age, total;TOT Total;2019 2019;49
376 Guldborgsund;TOT Total;TOT Total;TOT Age, total;TOT Total;2019 2019;40433
390 Vordingborg;TOT Total;H40 H40 Short cycle higher education;TOT Age, total;TOT Total;2019 2019;1296
390 Vordingborg;TOT Total;H50 H50 Vocational bachelors educations;TOT Age, total;TOT Total;2019 2019;4503
390 Vordingborg;TOT Total;H60 H60 Bachelors programs;TOT Age, total;TOT Total;2019 2019;250
390 Vordingborg;TOT Total;H70 H70 Masters programs;TOT Age, total;TOT Total;2019 2019;1363
390 Vordingborg;TOT Total;H80 H80 PhD programs;TOT Age, total;TOT Total;2019 2019;84
390 Vordingborg;TOT Total;TOT Total;TOT Age, total;TOT Total;2019 2019;30347
400 Bornholm;TOT Total;H40 H40 Short cycle higher education;TOT Age, total;TOT Total;2019 2019;949
400 Bornholm;TOT Total;H50 H50 Vocational bachelors educations;TOT Age, total;TOT Total;2019 2019;3644
400 Bornholm;TOT Total;H60 H60 Bachelors programs;TOT Age, total;TOT Total;2019 2019;243
400 Bornholm;TOT Total;H70 H70 Masters programs;TOT Age, total;TOT Total;2019 2019;1123
400 Bornholm;TOT Total;H80 H80 PhD programs;TOT Age, total;TOT Total;2019 2019;79
400 Bornholm;TOT Total;TOT Total;TOT Age, total;TOT Total;2019 2019;25974
410 Middelfart;TOT Total;H40 H40 Short cycle higher education;TOT Age, total;TOT Total;2019 2019;1320
410 Middelfart;TOT Total;H50 H50 Vocational bachelors educations;TOT Age, total;TOT Total;2019 2019;4136
410 Middelfart;TOT Total;H60 H60 Bachelors programs;TOT Age, total;TOT Total;2019 2019;252
410 Middelfart;TOT Total;H70 H70 Masters programs;TOT Age, total;TOT Total;2019 2019;1766
410 Middelfart;TOT Total;H80 H80 PhD programs;TOT Age, total;TOT Total;2019 2019;101
410 Middelfart;TOT Total;TOT Total;TOT Age, total;TOT Total;2019 2019;25939
420 Assens;TOT Total;H40 H40 Short cycle higher education;TOT Age, total;TOT Total;2019 2019;1343
420 Assens;TOT Total;H50 H50 Vocational bachelors educations;TOT Age, total;TOT Total;2019 2019;3833
420 Assens;TOT Total;H60 H60 Bachelors programs;TOT Age, total;TOT Total;2019 2019;228
420 Assens;TOT Total;H70 H70 Masters programs;TOT Age, total;TOT Total;2019 2019;1240
420 Assens;TOT Total;H80 H80 PhD programs;TOT Age, total;TOT Total;2019 2019;94
420 Assens;TOT Total;TOT Total;TOT Age, total;TOT Total;2019 2019;27511
430 Faaborg-Midtfyn;TOT Total;H40 H40 Short cycle higher education;TOT Age, total;TOT Total;2019 2019;1754
430 Faaborg-Midtfyn;TOT Total;H50 H50 Vocational bachelors educations;TOT Age, total;TOT Total;2019 2019;4879
430 Faaborg-Midtfyn;TOT Total;H60 H60 Bachelors programs;TOT Age, total;TOT Total;2019 2019;298
430 Faaborg-Midtfyn;TOT Total;H70 H70 Masters programs;TOT Age, total;TOT Total;2019 2019;1559
430 Faaborg-Midtfyn;TOT Total;H80 H80 PhD programs;TOT Age, total;TOT Total;2019 2019;135
430 Faaborg-Midtfyn;TOT Total;TOT Total;TOT Age, total;TOT Total;2019 2019;33914
440 Kerteminde;TOT Total;H40 H40 Short cycle higher education;TOT Age, total;TOT Total;2019 2019;715
440 Kerteminde;TOT Total;H50 H50 Vocational bachelors educations;TOT Age, total;TOT Total;2019 2019;2272
440 Kerteminde;TOT Total;H60 H60 Bachelors programs;TOT Age, total;TOT Total;2019 2019;154
440 Kerteminde;TOT Total;H70 H70 Masters programs;TOT Age, total;TOT Total;2019 2019;752
440 Kerteminde;TOT Total;H80 H80 PhD programs;TOT Age, total;TOT Total;2019 2019;64
440 Kerteminde;TOT Total;TOT Total;TOT Age, total;TOT Total;2019 2019;15637
450 Nyborg;TOT Total;H40 H40 Short cycle higher education;TOT Age, total;TOT Total;2019 2019;998
450 Nyborg;TOT Total;H50 H50 Vocational bachelors educations;TOT Age, total;TOT Total;2019 2019;3109
450 Nyborg;TOT Total;H60 H60 Bachelors programs;TOT Age, total;TOT Total;2019 2019;183
450 Nyborg;TOT Total;H70 H70 Masters programs;TOT Age, total;TOT Total;2019 2019;1090
450 Nyborg;TOT Total;H80 H80 PhD programs;TOT Age, total;TOT Total;2019 2019;111
450 Nyborg;TOT Total;TOT Total;TOT Age, total;TOT Total;2019 2019;21268
461 Odense;TOT Total;H40 H40 Short cycle higher education;TOT Age, total;TOT Total;2019 2019;7503
461 Odense;TOT Total;H50 H50 Vocational bachelors educations;TOT Age, total;TOT Total;2019 2019;24671
461 Odense;TOT Total;H60 H60 Bachelors programs;TOT Age, total;TOT Total;2019 2019;6030
461 Odense;TOT Total;H70 H70 Masters programs;TOT Age, total;TOT Total;2019 2019;15074
461 Odense;TOT Total;H80 H80 PhD programs;TOT Age, total;TOT Total;2019 2019;1554
461 Odense;TOT Total;TOT Total;TOT Age, total;TOT Total;2019 2019;148005
479 Svendborg;TOT Total;H40 H40 Short cycle higher education;TOT Age, total;TOT Total;2019 2019;1741
479 Svendborg;TOT Total;H50 H50 Vocational bachelors educations;TOT Age, total;TOT Total;2019 2019;7493
479 Svendborg;TOT Total;H60 H60 Bachelors programs;TOT Age, total;TOT Total;2019 2019;401
479 Svendborg;TOT Total;H70 H70 Masters programs;TOT Age, total;TOT Total;2019 2019;2214
479 Svendborg;TOT Total;H80 H80 PhD programs;TOT Age, total;TOT Total;2019 2019;106
479 Svendborg;TOT Total;TOT Total;TOT Age, total;TOT Total;2019 2019;39420
480 Nordfyns;TOT Total;H40 H40 Short cycle higher education;TOT Age, total;TOT Total;2019 2019;954
480 Nordfyns;TOT Total;H50 H50 Vocational bachelors educations;TOT Age, total;TOT Total;2019 2019;2601
480 Nordfyns;TOT Total;H60 H60 Bachelors programs;TOT Age, total;TOT Total;2019 2019;130
480 Nordfyns;TOT Total;H70 H70 Masters programs;TOT Age, total;TOT Total;2019 2019;827
480 Nordfyns;TOT Total;H80 H80 PhD programs;TOT Age, total;TOT Total;2019 2019;69
480 Nordfyns;TOT Total;TOT Total;TOT Age, total;TOT Total;2019 2019;20024
482 Langeland;TOT Total;H40 H40 Short cycle higher education;TOT Age, total;TOT Total;2019 2019;249
482 Langeland;TOT Total;H50 H50 Vocational bachelors educations;TOT Age, total;TOT Total;2019 2019;892
482 Langeland;TOT Total;H60 H60 Bachelors programs;TOT Age, total;TOT Total;2019 2019;55
482 Langeland;TOT Total;H70 H70 Masters programs;TOT Age, total;TOT Total;2019 2019;261
482 Langeland;TOT Total;H80 H80 PhD programs;TOT Age, total;TOT Total;2019 2019;17
482 Langeland;TOT Total;TOT Total;TOT Age, total;TOT Total;2019 2019;8028
492 Ærø;TOT Total;H40 H40 Short cycle higher education;TOT Age, total;TOT Total;2019 2019;194
492 Ærø;TOT Total;H50 H50 Vocational bachelors educations;TOT Age, total;TOT Total;2019 2019;560
492 Ærø;TOT Total;H60 H60 Bachelors programs;TOT Age, total;TOT Total;2019 2019;32
492 Ærø;TOT Total;H70 H70 Masters programs;TOT Age, total;TOT Total;2019 2019;190
492 Ærø;TOT Total;H80 H80 PhD programs;TOT Age, total;TOT Total;2019 2019;14
492 Ærø;TOT Total;TOT Total;TOT Age, total;TOT Total;2019 2019;3725
510 Haderslev;TOT Total;H40 H40 Short cycle higher education;TOT Age, total;TOT Total;2019 2019;1717
510 Haderslev;TOT Total;H50 H50 Vocational bachelors educations;TOT Age, total;TOT Total;2019 2019;5545
510 Haderslev;TOT Total;H60 H60 Bachelors programs;TOT Age, total;TOT Total;2019 2019;276
510 Haderslev;TOT Total;H70 H70 Masters programs;TOT Age, total;TOT Total;2019 2019;1570
510 Haderslev;TOT Total;H80 H80 PhD programs;TOT Age, total;TOT Total;2019 2019;56
510 Haderslev;TOT Total;TOT Total;TOT Age, total;TOT Total;2019 2019;37604
530 Billund;TOT Total;H40 H40 Short cycle higher education;TOT Age, total;TOT Total;2019 2019;851
530 Billund;TOT Total;H50 H50 Vocational bachelors educations;TOT Age, total;TOT Total;2019 2019;2148
530 Billund;TOT Total;H60 H60 Bachelors programs;TOT Age, total;TOT Total;2019 2019;98
530 Billund;TOT Total;H70 H70 Masters programs;TOT Age, total;TOT Total;2019 2019;780
530 Billund;TOT Total;H80 H80 PhD programs;TOT Age, total;TOT Total;2019 2019;59
530 Billund;TOT Total;TOT Total;TOT Age, total;TOT Total;2019 2019;17906
540 Sønderborg;TOT Total;H40 H40 Short cycle higher education;TOT Age, total;TOT Total;2019 2019;2805
540 Sønderborg;TOT Total;H50 H50 Vocational bachelors educations;TOT Age, total;TOT Total;2019 2019;7398
540 Sønderborg;TOT Total;H60 H60 Bachelors programs;TOT Age, total;TOT Total;2019 2019;600
540 Sønderborg;TOT Total;H70 H70 Masters programs;TOT Age, total;TOT Total;2019 2019;2989
540 Sønderborg;TOT Total;H80 H80 PhD programs;TOT Age, total;TOT Total;2019 2019;206
540 Sønderborg;TOT Total;TOT Total;TOT Age, total;TOT Total;2019 2019;49285
550 Tønder;TOT Total;H40 H40 Short cycle higher education;TOT Age, total;TOT Total;2019 2019;1104
550 Tønder;TOT Total;H50 H50 Vocational bachelors educations;TOT Age, total;TOT Total;2019 2019;2972
550 Tønder;TOT Total;H60 H60 Bachelors programs;TOT Age, total;TOT Total;2019 2019;99
550 Tønder;TOT Total;H70 H70 Masters programs;TOT Age, total;TOT Total;2019 2019;863
550 Tønder;TOT Total;H80 H80 PhD programs;TOT Age, total;TOT Total;2019 2019;47
550 Tønder;TOT Total;TOT Total;TOT Age, total;TOT Total;2019 2019;25006
561 Esbjerg;TOT Total;H40 H40 Short cycle higher education;TOT Age, total;TOT Total;2019 2019;4075
561 Esbjerg;TOT Total;H50 H50 Vocational bachelors educations;TOT Age, total;TOT Total;2019 2019;13738
561 Esbjerg;TOT Total;H60 H60 Bachelors programs;TOT Age, total;TOT Total;2019 2019;868
561 Esbjerg;TOT Total;H70 H70 Masters programs;TOT Age, total;TOT Total;2019 2019;4080
561 Esbjerg;TOT Total;H80 H80 PhD programs;TOT Age, total;TOT Total;2019 2019;229
561 Esbjerg;TOT Total;TOT Total;TOT Age, total;TOT Total;2019 2019;79616
563 Fanø;TOT Total;H40 H40 Short cycle higher education;TOT Age, total;TOT Total;2019 2019;123
563 Fanø;TOT Total;H50 H50 Vocational bachelors educations;TOT Age, total;TOT Total;2019 2019;542
563 Fanø;TOT Total;H60 H60 Bachelors programs;TOT Age, total;TOT Total;2019 2019;32
563 Fanø;TOT Total;H70 H70 Masters programs;TOT Age, total;TOT Total;2019 2019;181
563 Fanø;TOT Total;H80 H80 PhD programs;TOT Age, total;TOT Total;2019 2019;11
563 Fanø;TOT Total;TOT Total;TOT Age, total;TOT Total;2019 2019;2155
573 Varde;TOT Total;H40 H40 Short cycle higher education;TOT Age, total;TOT Total;2019 2019;1622
573 Varde;TOT Total;H50 H50 Vocational bachelors educations;TOT Age, total;TOT Total;2019 2019;4654
573 Varde;TOT Total;H60 H60 Bachelors programs;TOT Age, total;TOT Total;2019 2019;177
573 Varde;TOT Total;H70 H70 Masters programs;TOT Age, total;TOT Total;2019 2019;1170
573 Varde;TOT Total;H80 H80 PhD programs;TOT Age, total;TOT Total;2019 2019;74
573 Varde;TOT Total;TOT Total;TOT Age, total;TOT Total;2019 2019;33451
575 Vejen;TOT Total;H40 H40 Short cycle higher education;TOT Age, total;TOT Total;2019 2019;1384
575 Vejen;TOT Total;H50 H50 Vocational bachelors educations;TOT Age, total;TOT Total;2019 2019;3482
575 Vejen;TOT Total;H60 H60 Bachelors programs;TOT Age, total;TOT Total;2019 2019;185
575 Vejen;TOT Total;H70 H70 Masters programs;TOT Age, total;TOT Total;2019 2019;1119
575 Vejen;TOT Total;H80 H80 PhD programs;TOT Age, total;TOT Total;2019 2019;43
575 Vejen;TOT Total;TOT Total;TOT Age, total;TOT Total;2019 2019;28780
580 Aabenraa;TOT Total;H40 H40 Short cycle higher education;TOT Age, total;TOT Total;2019 2019;1817
580 Aabenraa;TOT Total;H50 H50 Vocational bachelors educations;TOT Age, total;TOT Total;2019 2019;5136
580 Aabenraa;TOT Total;H60 H60 Bachelors programs;TOT Age, total;TOT Total;2019 2019;259
580 Aabenraa;TOT Total;H70 H70 Masters programs;TOT Age, total;TOT Total;2019 2019;1736
580 Aabenraa;TOT Total;H80 H80 PhD programs;TOT Age, total;TOT Total;2019 2019;115
580 Aabenraa;TOT Total;TOT Total;TOT Age, total;TOT Total;2019 2019;39525
607 Fredericia;TOT Total;H40 H40 Short cycle higher education;TOT Age, total;TOT Total;2019 2019;1724
607 Fredericia;TOT Total;H50 H50 Vocational bachelors educations;TOT Age, total;TOT Total;2019 2019;5126
607 Fredericia;TOT Total;H60 H60 Bachelors programs;TOT Age, total;TOT Total;2019 2019;386
607 Fredericia;TOT Total;H70 H70 Masters programs;TOT Age, total;TOT Total;2019 2019;1856
607 Fredericia;TOT Total;H80 H80 PhD programs;TOT Age, total;TOT Total;2019 2019;124
607 Fredericia;TOT Total;TOT Total;TOT Age, total;TOT Total;2019 2019;35022
615 Horsens;TOT Total;H40 H40 Short cycle higher education;TOT Age, total;TOT Total;2019 2019;3892
615 Horsens;TOT Total;H50 H50 Vocational bachelors educations;TOT Age, total;TOT Total;2019 2019;10606
615 Horsens;TOT Total;H60 H60 Bachelors programs;TOT Age, total;TOT Total;2019 2019;571
615 Horsens;TOT Total;H70 H70 Masters programs;TOT Age, total;TOT Total;2019 2019;3735
615 Horsens;TOT Total;H80 H80 PhD programs;TOT Age, total;TOT Total;2019 2019;203
615 Horsens;TOT Total;TOT Total;TOT Age, total;TOT Total;2019 2019;63165
621 Kolding;TOT Total;H40 H40 Short cycle higher education;TOT Age, total;TOT Total;2019 2019;3785
621 Kolding;TOT Total;H50 H50 Vocational bachelors educations;TOT Age, total;TOT Total;2019 2019;10007
621 Kolding;TOT Total;H60 H60 Bachelors programs;TOT Age, total;TOT Total;2019 2019;1098
621 Kolding;TOT Total;H70 H70 Masters programs;TOT Age, total;TOT Total;2019 2019;4753
621 Kolding;TOT Total;H80 H80 PhD programs;TOT Age, total;TOT Total;2019 2019;226
621 Kolding;TOT Total;TOT Total;TOT Age, total;TOT Total;2019 2019;64256
630 Vejle;TOT Total;H40 H40 Short cycle higher education;TOT Age, total;TOT Total;2019 2019;4398
630 Vejle;TOT Total;H50 H50 Vocational bachelors educations;TOT Age, total;TOT Total;2019 2019;13400
630 Vejle;TOT Total;H60 H60 Bachelors programs;TOT Age, total;TOT Total;2019 2019;825
630 Vejle;TOT Total;H70 H70 Masters programs;TOT Age, total;TOT Total;2019 2019;6249
630 Vejle;TOT Total;H80 H80 PhD programs;TOT Age, total;TOT Total;2019 2019;353
630 Vejle;TOT Total;TOT Total;TOT Age, total;TOT Total;2019 2019;79073
657 Herning;TOT Total;H40 H40 Short cycle higher education;TOT Age, total;TOT Total;2019 2019;3670
657 Herning;TOT Total;H50 H50 Vocational bachelors educations;TOT Age, total;TOT Total;2019 2019;9196
657 Herning;TOT Total;H60 H60 Bachelors programs;TOT Age, total;TOT Total;2019 2019;689
657 Herning;TOT Total;H70 H70 Masters programs;TOT Age, total;TOT Total;2019 2019;2771
657 Herning;TOT Total;H80 H80 PhD programs;TOT Age, total;TOT Total;2019 2019;145
657 Herning;TOT Total;TOT Total;TOT Age, total;TOT Total;2019 2019;61055
661 Holstebro;TOT Total;H40 H40 Short cycle higher education;TOT Age, total;TOT Total;2019 2019;2019
661 Holstebro;TOT Total;H50 H50 Vocational bachelors educations;TOT Age, total;TOT Total;2019 2019;6695
661 Holstebro;TOT Total;H60 H60 Bachelors programs;TOT Age, total;TOT Total;2019 2019;270
661 Holstebro;TOT Total;H70 H70 Masters programs;TOT Age, total;TOT Total;2019 2019;1859
661 Holstebro;TOT Total;H80 H80 PhD programs;TOT Age, total;TOT Total;2019 2019;68
661 Holstebro;TOT Total;TOT Total;TOT Age, total;TOT Total;2019 2019;39573
665 Lemvig;TOT Total;H40 H40 Short cycle higher education;TOT Age, total;TOT Total;2019 2019;483
665 Lemvig;TOT Total;H50 H50 Vocational bachelors educations;TOT Age, total;TOT Total;2019 2019;1823
665 Lemvig;TOT Total;H60 H60 Bachelors programs;TOT Age, total;TOT Total;2019 2019;67
665 Lemvig;TOT Total;H70 H70 Masters programs;TOT Age, total;TOT Total;2019 2019;464
665 Lemvig;TOT Total;H80 H80 PhD programs;TOT Age, total;TOT Total;2019 2019;40
665 Lemvig;TOT Total;TOT Total;TOT Age, total;TOT Total;2019 2019;13170
671 Struer;TOT Total;H40 H40 Short cycle higher education;TOT Age, total;TOT Total;2019 2019;555
671 Struer;TOT Total;H50 H50 Vocational bachelors educations;TOT Age, total;TOT Total;2019 2019;2010
671 Struer;TOT Total;H60 H60 Bachelors programs;TOT Age, total;TOT Total;2019 2019;84
671 Struer;TOT Total;H70 H70 Masters programs;TOT Age, total;TOT Total;2019 2019;520
671 Struer;TOT Total;H80 H80 PhD programs;TOT Age, total;TOT Total;2019 2019;27
671 Struer;TOT Total;TOT Total;TOT Age, total;TOT Total;2019 2019;13971
706 Syddjurs;TOT Total;H40 H40 Short cycle higher education;TOT Age, total;TOT Total;2019 2019;1434
706 Syddjurs;TOT Total;H50 H50 Vocational bachelors educations;TOT Age, total;TOT Total;2019 2019;4486
706 Syddjurs;TOT Total;H60 H60 Bachelors programs;TOT Age, total;TOT Total;2019 2019;353
706 Syddjurs;TOT Total;H70 H70 Masters programs;TOT Age, total;TOT Total;2019 2019;1952
706 Syddjurs;TOT Total;H80 H80 PhD programs;TOT Age, total;TOT Total;2019 2019;157
706 Syddjurs;TOT Total;TOT Total;TOT Age, total;TOT Total;2019 2019;28369
707 Norddjurs;TOT Total;H40 H40 Short cycle higher education;TOT Age, total;TOT Total;2019 2019;1072
707 Norddjurs;TOT Total;H50 H50 Vocational bachelors educations;TOT Age, total;TOT Total;2019 2019;2925
707 Norddjurs;TOT Total;H60 H60 Bachelors programs;TOT Age, total;TOT Total;2019 2019;130
707 Norddjurs;TOT Total;H70 H70 Masters programs;TOT Age, total;TOT Total;2019 2019;711
707 Norddjurs;TOT Total;H80 H80 PhD programs;TOT Age, total;TOT Total;2019 2019;45
707 Norddjurs;TOT Total;TOT Total;TOT Age, total;TOT Total;2019 2019;25573
710 Favrskov;TOT Total;H40 H40 Short cycle higher education;TOT Age, total;TOT Total;2019 2019;1893
710 Favrskov;TOT Total;H50 H50 Vocational bachelors educations;TOT Age, total;TOT Total;2019 2019;5160
710 Favrskov;TOT Total;H60 H60 Bachelors programs;TOT Age, total;TOT Total;2019 2019;359
710 Favrskov;TOT Total;H70 H70 Masters programs;TOT Age, total;TOT Total;2019 2019;2821
710 Favrskov;TOT Total;H80 H80 PhD programs;TOT Age, total;TOT Total;2019 2019;310
710 Favrskov;TOT Total;TOT Total;TOT Age, total;TOT Total;2019 2019;32353
727 Odder;TOT Total;H40 H40 Short cycle higher education;TOT Age, total;TOT Total;2019 2019;775
727 Odder;TOT Total;H50 H50 Vocational bachelors educations;TOT Age, total;TOT Total;2019 2019;2515
727 Odder;TOT Total;H60 H60 Bachelors programs;TOT Age, total;TOT Total;2019 2019;193
727 Odder;TOT Total;H70 H70 Masters programs;TOT Age, total;TOT Total;2019 2019;1158
727 Odder;TOT Total;H80 H80 PhD programs;TOT Age, total;TOT Total;2019 2019;88
727 Odder;TOT Total;TOT Total;TOT Age, total;TOT Total;2019 2019;15181
730 Randers;TOT Total;H40 H40 Short cycle higher education;TOT Age, total;TOT Total;2019 2019;4072
730 Randers;TOT Total;H50 H50 Vocational bachelors educations;TOT Age, total;TOT Total;2019 2019;9209
730 Randers;TOT Total;H60 H60 Bachelors programs;TOT Age, total;TOT Total;2019 2019;644
730 Randers;TOT Total;H70 H70 Masters programs;TOT Age, total;TOT Total;2019 2019;3239
730 Randers;TOT Total;H80 H80 PhD programs;TOT Age, total;TOT Total;2019 2019;224
730 Randers;TOT Total;TOT Total;TOT Age, total;TOT Total;2019 2019;67172
740 Silkeborg;TOT Total;H40 H40 Short cycle higher education;TOT Age, total;TOT Total;2019 2019;3841
740 Silkeborg;TOT Total;H50 H50 Vocational bachelors educations;TOT Age, total;TOT Total;2019 2019;11021
740 Silkeborg;TOT Total;H60 H60 Bachelors programs;TOT Age, total;TOT Total;2019 2019;728
740 Silkeborg;TOT Total;H70 H70 Masters programs;TOT Age, total;TOT Total;2019 2019;5006
740 Silkeborg;TOT Total;H80 H80 PhD programs;TOT Age, total;TOT Total;2019 2019;296
740 Silkeborg;TOT Total;TOT Total;TOT Age, total;TOT Total;2019 2019;63676
741 Samsø;TOT Total;H40 H40 Short cycle higher education;TOT Age, total;TOT Total;2019 2019;102
741 Samsø;TOT Total;H50 H50 Vocational bachelors educations;TOT Age, total;TOT Total;2019 2019;360
741 Samsø;TOT Total;H60 H60 Bachelors programs;TOT Age, total;TOT Total;2019 2019;37
741 Samsø;TOT Total;H70 H70 Masters programs;TOT Age, total;TOT Total;2019 2019;133
741 Samsø;TOT Total;H80 H80 PhD programs;TOT Age, total;TOT Total;2019 2019;8
741 Samsø;TOT Total;TOT Total;TOT Age, total;TOT Total;2019 2019;2300
746 Skanderborg;TOT Total;H40 H40 Short cycle higher education;TOT Age, total;TOT Total;2019 2019;2649
746 Skanderborg;TOT Total;H50 H50 Vocational bachelors educations;TOT Age, total;TOT Total;2019 2019;7238
746 Skanderborg;TOT Total;H60 H60 Bachelors programs;TOT Age, total;TOT Total;2019 2019;572
746 Skanderborg;TOT Total;H70 H70 Masters programs;TOT Age, total;TOT Total;2019 2019;5002
746 Skanderborg;TOT Total;H80 H80 PhD programs;TOT Age, total;TOT Total;2019 2019;412
746 Skanderborg;TOT Total;TOT Total;TOT Age, total;TOT Total;2019 2019;41547
751 Aarhus;TOT Total;H40 H40 Short cycle higher education;TOT Age, total;TOT Total;2019 2019;13311
751 Aarhus;TOT Total;H50 H50 Vocational bachelors educations;TOT Age, total;TOT Total;2019 2019;44320
751 Aarhus;TOT Total;H60 H60 Bachelors programs;TOT Age, total;TOT Total;2019 2019;13084
751 Aarhus;TOT Total;H70 H70 Masters programs;TOT Age, total;TOT Total;2019 2019;40739
751 Aarhus;TOT Total;H80 H80 PhD programs;TOT Age, total;TOT Total;2019 2019;4464
751 Aarhus;TOT Total;TOT Total;TOT Age, total;TOT Total;2019 2019;260373
756 Ikast-Brande;TOT Total;H40 H40 Short cycle higher education;TOT Age, total;TOT Total;2019 2019;1482
756 Ikast-Brande;TOT Total;H50 H50 Vocational bachelors educations;TOT Age, total;TOT Total;2019 2019;3557
756 Ikast-Brande;TOT Total;H60 H60 Bachelors programs;TOT Age, total;TOT Total;2019 2019;208
756 Ikast-Brande;TOT Total;H70 H70 Masters programs;TOT Age, total;TOT Total;2019 2019;1237
756 Ikast-Brande;TOT Total;H80 H80 PhD programs;TOT Age, total;TOT Total;2019 2019;88
756 Ikast-Brande;TOT Total;TOT Total;TOT Age, total;TOT Total;2019 2019;28105
760 Ringkøbing-Skjern;TOT Total;H40 H40 Short cycle higher education;TOT Age, total;TOT Total;2019 2019;1722
760 Ringkøbing-Skjern;TOT Total;H50 H50 Vocational bachelors educations;TOT Age, total;TOT Total;2019 2019;5089
760 Ringkøbing-Skjern;TOT Total;H60 H60 Bachelors programs;TOT Age, total;TOT Total;2019 2019;204
760 Ringkøbing-Skjern;TOT Total;H70 H70 Masters programs;TOT Age, total;TOT Total;2019 2019;1432
760 Ringkøbing-Skjern;TOT Total;H80 H80 PhD programs;TOT Age, total;TOT Total;2019 2019;67
760 Ringkøbing-Skjern;TOT Total;TOT Total;TOT Age, total;TOT Total;2019 2019;37918
766 Hedensted;TOT Total;H40 H40 Short cycle higher education;TOT Age, total;TOT Total;2019 2019;1777
766 Hedensted;TOT Total;H50 H50 Vocational bachelors educations;TOT Age, total;TOT Total;2019 2019;4247
766 Hedensted;TOT Total;H60 H60 Bachelors programs;TOT Age, total;TOT Total;2019 2019;189
766 Hedensted;TOT Total;H70 H70 Masters programs;TOT Age, total;TOT Total;2019 2019;1117
766 Hedensted;TOT Total;H80 H80 PhD programs;TOT Age, total;TOT Total;2019 2019;55
766 Hedensted;TOT Total;TOT Total;TOT Age, total;TOT Total;2019 2019;31571
773 Morsø;TOT Total;H40 H40 Short cycle higher education;TOT Age, total;TOT Total;2019 2019;496
773 Morsø;TOT Total;H50 H50 Vocational bachelors educations;TOT Age, total;TOT Total;2019 2019;1485
773 Morsø;TOT Total;H60 H60 Bachelors programs;TOT Age, total;TOT Total;2019 2019;56
773 Morsø;TOT Total;H70 H70 Masters programs;TOT Age, total;TOT Total;2019 2019;353
773 Morsø;TOT Total;H80 H80 PhD programs;TOT Age, total;TOT Total;2019 2019;17
773 Morsø;TOT Total;TOT Total;TOT Age, total;TOT Total;2019 2019;13353
779 Skive;TOT Total;H40 H40 Short cycle higher education;TOT Age, total;TOT Total;2019 2019;1500
779 Skive;TOT Total;H50 H50 Vocational bachelors educations;TOT Age, total;TOT Total;2019 2019;4372
779 Skive;TOT Total;H60 H60 Bachelors programs;TOT Age, total;TOT Total;2019 2019;141
779 Skive;TOT Total;H70 H70 Masters programs;TOT Age, total;TOT Total;2019 2019;1080
779 Skive;TOT Total;H80 H80 PhD programs;TOT Age, total;TOT Total;2019 2019;45
779 Skive;TOT Total;TOT Total;TOT Age, total;TOT Total;2019 2019;31024
787 Thisted;TOT Total;H40 H40 Short cycle higher education;TOT Age, total;TOT Total;2019 2019;1250
787 Thisted;TOT Total;H50 H50 Vocational bachelors educations;TOT Age, total;TOT Total;2019 2019;3598
787 Thisted;TOT Total;H60 H60 Bachelors programs;TOT Age, total;TOT Total;2019 2019;165
787 Thisted;TOT Total;H70 H70 Masters programs;TOT Age, total;TOT Total;2019 2019;1135
787 Thisted;TOT Total;H80 H80 PhD programs;TOT Age, total;TOT Total;2019 2019;40
787 Thisted;TOT Total;TOT Total;TOT Age, total;TOT Total;2019 2019;29050
791 Viborg;TOT Total;H40 H40 Short cycle higher education;TOT Age, total;TOT Total;2019 2019;3573
791 Viborg;TOT Total;H50 H50 Vocational bachelors educations;TOT Age, total;TOT Total;2019 2019;10187
791 Viborg;TOT Total;H60 H60 Bachelors programs;TOT Age, total;TOT Total;2019 2019;459
791 Viborg;TOT Total;H70 H70 Masters programs;TOT Age, total;TOT Total;2019 2019;4260
791 Viborg;TOT Total;H80 H80 PhD programs;TOT Age, total;TOT Total;2019 2019;357
791 Viborg;TOT Total;TOT Total;TOT Age, total;TOT Total;2019 2019;65818
810 Brønderslev;TOT Total;H40 H40 Short cycle higher education;TOT Age, total;TOT Total;2019 2019;1070
810 Brønderslev;TOT Total;H50 H50 Vocational bachelors educations;TOT Age, total;TOT Total;2019 2019;3558
810 Brønderslev;TOT Total;H60 H60 Bachelors programs;TOT Age, total;TOT Total;2019 2019;176
810 Brønderslev;TOT Total;H70 H70 Masters programs;TOT Age, total;TOT Total;2019 2019;1124
810 Brønderslev;TOT Total;H80 H80 PhD programs;TOT Age, total;TOT Total;2019 2019;64
810 Brønderslev;TOT Total;TOT Total;TOT Age, total;TOT Total;2019 2019;24037
813 Frederikshavn;TOT Total;H40 H40 Short cycle higher education;TOT Age, total;TOT Total;2019 2019;1806
813 Frederikshavn;TOT Total;H50 H50 Vocational bachelors educations;TOT Age, total;TOT Total;2019 2019;5043
813 Frederikshavn;TOT Total;H60 H60 Bachelors programs;TOT Age, total;TOT Total;2019 2019;221
813 Frederikshavn;TOT Total;H70 H70 Masters programs;TOT Age, total;TOT Total;2019 2019;1233
813 Frederikshavn;TOT Total;H80 H80 PhD programs;TOT Age, total;TOT Total;2019 2019;63
813 Frederikshavn;TOT Total;TOT Total;TOT Age, total;TOT Total;2019 2019;39596
820 Vesthimmerlands;TOT Total;H40 H40 Short cycle higher education;TOT Age, total;TOT Total;2019 2019;1091
820 Vesthimmerlands;TOT Total;H50 H50 Vocational bachelors educations;TOT Age, total;TOT Total;2019 2019;3034
820 Vesthimmerlands;TOT Total;H60 H60 Bachelors programs;TOT Age, total;TOT Total;2019 2019;103
820 Vesthimmerlands;TOT Total;H70 H70 Masters programs;TOT Age, total;TOT Total;2019 2019;811
820 Vesthimmerlands;TOT Total;H80 H80 PhD programs;TOT Age, total;TOT Total;2019 2019;35
820 Vesthimmerlands;TOT Total;TOT Total;TOT Age, total;TOT Total;2019 2019;24582
825 Læsø;TOT Total;H40 H40 Short cycle higher education;TOT Age, total;TOT Total;2019 2019;28
825 Læsø;TOT Total;H50 H50 Vocational bachelors educations;TOT Age, total;TOT Total;2019 2019;148
825 Læsø;TOT Total;H60 H60 Bachelors programs;TOT Age, total;TOT Total;2019 2019;9
825 Læsø;TOT Total;H70 H70 Masters programs;TOT Age, total;TOT Total;2019 2019;29
825 Læsø;TOT Total;H80 H80 PhD programs;TOT Age, total;TOT Total;2019 2019;2
825 Læsø;TOT Total;TOT Total;TOT Age, total;TOT Total;2019 2019;1094
840 Rebild;TOT Total;H40 H40 Short cycle higher education;TOT Age, total;TOT Total;2019 2019;1032
840 Rebild;TOT Total;H50 H50 Vocational bachelors educations;TOT Age, total;TOT Total;2019 2019;3076
840 Rebild;TOT Total;H60 H60 Bachelors programs;TOT Age, total;TOT Total;2019 2019;215
840 Rebild;TOT Total;H70 H70 Masters programs;TOT Age, total;TOT Total;2019 2019;1803
840 Rebild;TOT Total;H80 H80 PhD programs;TOT Age, total;TOT Total;2019 2019;162
840 Rebild;TOT Total;TOT Total;TOT Age, total;TOT Total;2019 2019;19929
846 Mariagerfjord;TOT Total;H40 H40 Short cycle higher education;TOT Age, total;TOT Total;2019 2019;1379
846 Mariagerfjord;TOT Total;H50 H50 Vocational bachelors educations;TOT Age, total;TOT Total;2019 2019;3885
846 Mariagerfjord;TOT Total;H60 H60 Bachelors programs;TOT Age, total;TOT Total;2019 2019;215
846 Mariagerfjord;TOT Total;H70 H70 Masters programs;TOT Age, total;TOT Total;2019 2019;1246
846 Mariagerfjord;TOT Total;H80 H80 PhD programs;TOT Age, total;TOT Total;2019 2019;70
846 Mariagerfjord;TOT Total;TOT Total;TOT Age, total;TOT Total;2019 2019;28480
849 Jammerbugt;TOT Total;H40 H40 Short cycle higher education;TOT Age, total;TOT Total;2019 2019;1097
849 Jammerbugt;TOT Total;H50 H50 Vocational bachelors educations;TOT Age, total;TOT Total;2019 2019;3237
849 Jammerbugt;TOT Total;H60 H60 Bachelors programs;TOT Age, total;TOT Total;2019 2019;202
849 Jammerbugt;TOT Total;H70 H70 Masters programs;TOT Age, total;TOT Total;2019 2019;1083
849 Jammerbugt;TOT Total;H80 H80 PhD programs;TOT Age, total;TOT Total;2019 2019;52
849 Jammerbugt;TOT Total;TOT Total;TOT Age, total;TOT Total;2019 2019;25497
851 Aalborg;TOT Total;H40 H40 Short cycle higher education;TOT Age, total;TOT Total;2019 2019;7653
851 Aalborg;TOT Total;H50 H50 Vocational bachelors educations;TOT Age, total;TOT Total;2019 2019;23863
851 Aalborg;TOT Total;H60 H60 Bachelors programs;TOT Age, total;TOT Total;2019 2019;6079
851 Aalborg;TOT Total;H70 H70 Masters programs;TOT Age, total;TOT Total;2019 2019;17283
851 Aalborg;TOT Total;H80 H80 PhD programs;TOT Age, total;TOT Total;2019 2019;1439
851 Aalborg;TOT Total;TOT Total;TOT Age, total;TOT Total;2019 2019;156291
860 Hjørring;TOT Total;H40 H40 Short cycle higher education;TOT Age, total;TOT Total;2019 2019;1789
860 Hjørring;TOT Total;H50 H50 Vocational bachelors educations;TOT Age, total;TOT Total;2019 2019;6549
860 Hjørring;TOT Total;H60 H60 Bachelors programs;TOT Age, total;TOT Total;2019 2019;259
860 Hjørring;TOT Total;H70 H70 Masters programs;TOT Age, total;TOT Total;2019 2019;1656
860 Hjørring;TOT Total;H80 H80 PhD programs;TOT Age, total;TOT Total;2019 2019;79
860 Hjørring;TOT Total;TOT Total;TOT Age, total;TOT Total;2019 2019;43453
000 All Denmark;TOT Total;H40 H40 Short cycle higher education;TOT Age, total;TOT Total;2020 2020;203594
000 All Denmark;TOT Total;H50 H50 Vocational bachelors educations;TOT Age, total;TOT Total;2020 2020;619354
000 All Denmark;TOT Total;H60 H60 Bachelors programs;TOT Age, total;TOT Total;2020 2020;102757
000 All Denmark;TOT Total;H70 H70 Masters programs;TOT Age, total;TOT Total;2020 2020;431112
000 All Denmark;TOT Total;H80 H80 PhD programs;TOT Age, total;TOT Total;2020 2020;39256
000 All Denmark;TOT Total;TOT Total;TOT Age, total;TOT Total;2020 2020;4033670
101 Copenhagen;TOT Total;H40 H40 Short cycle higher education;TOT Age, total;TOT Total;2020 2020;21997
101 Copenhagen;TOT Total;H50 H50 Vocational bachelors educations;TOT Age, total;TOT Total;2020 2020;77595
101 Copenhagen;TOT Total;H60 H60 Bachelors programs;TOT Age, total;TOT Total;2020 2020;34808
101 Copenhagen;TOT Total;H70 H70 Masters programs;TOT Age, total;TOT Total;2020 2020;114530
101 Copenhagen;TOT Total;H80 H80 PhD programs;TOT Age, total;TOT Total;2020 2020;10144
101 Copenhagen;TOT Total;TOT Total;TOT Age, total;TOT Total;2020 2020;495640
147 Frederiksberg;TOT Total;H40 H40 Short cycle higher education;TOT Age, total;TOT Total;2020 2020;3257
147 Frederiksberg;TOT Total;H50 H50 Vocational bachelors educations;TOT Age, total;TOT Total;2020 2020;11946
147 Frederiksberg;TOT Total;H60 H60 Bachelors programs;TOT Age, total;TOT Total;2020 2020;5057
147 Frederiksberg;TOT Total;H70 H70 Masters programs;TOT Age, total;TOT Total;2020 2020;20610
147 Frederiksberg;TOT Total;H80 H80 PhD programs;TOT Age, total;TOT Total;2020 2020;1819
147 Frederiksberg;TOT Total;TOT Total;TOT Age, total;TOT Total;2020 2020;74984
151 Ballerup;TOT Total;H40 H40 Short cycle higher education;TOT Age, total;TOT Total;2020 2020;1707
151 Ballerup;TOT Total;H50 H50 Vocational bachelors educations;TOT Age, total;TOT Total;2020 2020;4767
151 Ballerup;TOT Total;H60 H60 Bachelors programs;TOT Age, total;TOT Total;2020 2020;459
151 Ballerup;TOT Total;H70 H70 Masters programs;TOT Age, total;TOT Total;2020 2020;3268
151 Ballerup;TOT Total;H80 H80 PhD programs;TOT Age, total;TOT Total;2020 2020;410
151 Ballerup;TOT Total;TOT Total;TOT Age, total;TOT Total;2020 2020;32500
153 Brøndby;TOT Total;H40 H40 Short cycle higher education;TOT Age, total;TOT Total;2020 2020;1195
153 Brøndby;TOT Total;H50 H50 Vocational bachelors educations;TOT Age, total;TOT Total;2020 2020;2911
153 Brøndby;TOT Total;H60 H60 Bachelors programs;TOT Age, total;TOT Total;2020 2020;336
153 Brøndby;TOT Total;H70 H70 Masters programs;TOT Age, total;TOT Total;2020 2020;1530
153 Brøndby;TOT Total;H80 H80 PhD programs;TOT Age, total;TOT Total;2020 2020;107
153 Brøndby;TOT Total;TOT Total;TOT Age, total;TOT Total;2020 2020;24013
155 Dragør;TOT Total;H40 H40 Short cycle higher education;TOT Age, total;TOT Total;2020 2020;591
155 Dragør;TOT Total;H50 H50 Vocational bachelors educations;TOT Age, total;TOT Total;2020 2020;1442
155 Dragør;TOT Total;H60 H60 Bachelors programs;TOT Age, total;TOT Total;2020 2020;176
155 Dragør;TOT Total;H70 H70 Masters programs;TOT Age, total;TOT Total;2020 2020;1311
155 Dragør;TOT Total;H80 H80 PhD programs;TOT Age, total;TOT Total;2020 2020;98
155 Dragør;TOT Total;TOT Total;TOT Age, total;TOT Total;2020 2020;9073
157 Gentofte;TOT Total;H40 H40 Short cycle higher education;TOT Age, total;TOT Total;2020 2020;2390
157 Gentofte;TOT Total;H50 H50 Vocational bachelors educations;TOT Age, total;TOT Total;2020 2020;7921
157 Gentofte;TOT Total;H60 H60 Bachelors programs;TOT Age, total;TOT Total;2020 2020;1802
157 Gentofte;TOT Total;H70 H70 Masters programs;TOT Age, total;TOT Total;2020 2020;13972
157 Gentofte;TOT Total;H80 H80 PhD programs;TOT Age, total;TOT Total;2020 2020;1586
157 Gentofte;TOT Total;TOT Total;TOT Age, total;TOT Total;2020 2020;49425
159 Gladsaxe;TOT Total;H40 H40 Short cycle higher education;TOT Age, total;TOT Total;2020 2020;2395
159 Gladsaxe;TOT Total;H50 H50 Vocational bachelors educations;TOT Age, total;TOT Total;2020 2020;7922
159 Gladsaxe;TOT Total;H60 H60 Bachelors programs;TOT Age, total;TOT Total;2020 2020;1308
159 Gladsaxe;TOT Total;H70 H70 Masters programs;TOT Age, total;TOT Total;2020 2020;7661
159 Gladsaxe;TOT Total;H80 H80 PhD programs;TOT Age, total;TOT Total;2020 2020;1106
159 Gladsaxe;TOT Total;TOT Total;TOT Age, total;TOT Total;2020 2020;47779
161 Glostrup;TOT Total;H40 H40 Short cycle higher education;TOT Age, total;TOT Total;2020 2020;911
161 Glostrup;TOT Total;H50 H50 Vocational bachelors educations;TOT Age, total;TOT Total;2020 2020;2362
161 Glostrup;TOT Total;H60 H60 Bachelors programs;TOT Age, total;TOT Total;2020 2020;268
161 Glostrup;TOT Total;H70 H70 Masters programs;TOT Age, total;TOT Total;2020 2020;1424
161 Glostrup;TOT Total;H80 H80 PhD programs;TOT Age, total;TOT Total;2020 2020;113
161 Glostrup;TOT Total;TOT Total;TOT Age, total;TOT Total;2020 2020;16158
163 Herlev;TOT Total;H40 H40 Short cycle higher education;TOT Age, total;TOT Total;2020 2020;1030
163 Herlev;TOT Total;H50 H50 Vocational bachelors educations;TOT Age, total;TOT Total;2020 2020;2935
163 Herlev;TOT Total;H60 H60 Bachelors programs;TOT Age, total;TOT Total;2020 2020;312
163 Herlev;TOT Total;H70 H70 Masters programs;TOT Age, total;TOT Total;2020 2020;1871
163 Herlev;TOT Total;H80 H80 PhD programs;TOT Age, total;TOT Total;2020 2020;237
163 Herlev;TOT Total;TOT Total;TOT Age, total;TOT Total;2020 2020;19577
165 Albertslund;TOT Total;H40 H40 Short cycle higher education;TOT Age, total;TOT Total;2020 2020;916
165 Albertslund;TOT Total;H50 H50 Vocational bachelors educations;TOT Age, total;TOT Total;2020 2020;2776
165 Albertslund;TOT Total;H60 H60 Bachelors programs;TOT Age, total;TOT Total;2020 2020;386
165 Albertslund;TOT Total;H70 H70 Masters programs;TOT Age, total;TOT Total;2020 2020;1327
165 Albertslund;TOT Total;H80 H80 PhD programs;TOT Age, total;TOT Total;2020 2020;95
165 Albertslund;TOT Total;TOT Total;TOT Age, total;TOT Total;2020 2020;18838
167 Hvidovre;TOT Total;H40 H40 Short cycle higher education;TOT Age, total;TOT Total;2020 2020;2004
167 Hvidovre;TOT Total;H50 H50 Vocational bachelors educations;TOT Age, total;TOT Total;2020 2020;5155
167 Hvidovre;TOT Total;H60 H60 Bachelors programs;TOT Age, total;TOT Total;2020 2020;795
167 Hvidovre;TOT Total;H70 H70 Masters programs;TOT Age, total;TOT Total;2020 2020;3542
167 Hvidovre;TOT Total;H80 H80 PhD programs;TOT Age, total;TOT Total;2020 2020;288
167 Hvidovre;TOT Total;TOT Total;TOT Age, total;TOT Total;2020 2020;36710
169 Høje-Taastrup;TOT Total;H40 H40 Short cycle higher education;TOT Age, total;TOT Total;2020 2020;2068
169 Høje-Taastrup;TOT Total;H50 H50 Vocational bachelors educations;TOT Age, total;TOT Total;2020 2020;4606
169 Høje-Taastrup;TOT Total;H60 H60 Bachelors programs;TOT Age, total;TOT Total;2020 2020;497
169 Høje-Taastrup;TOT Total;H70 H70 Masters programs;TOT Age, total;TOT Total;2020 2020;2816
169 Høje-Taastrup;TOT Total;H80 H80 PhD programs;TOT Age, total;TOT Total;2020 2020;238
169 Høje-Taastrup;TOT Total;TOT Total;TOT Age, total;TOT Total;2020 2020;35253
173 Lyngby-Taarbæk;TOT Total;H40 H40 Short cycle higher education;TOT Age, total;TOT Total;2020 2020;1646
173 Lyngby-Taarbæk;TOT Total;H50 H50 Vocational bachelors educations;TOT Age, total;TOT Total;2020 2020;6458
173 Lyngby-Taarbæk;TOT Total;H60 H60 Bachelors programs;TOT Age, total;TOT Total;2020 2020;1789
173 Lyngby-Taarbæk;TOT Total;H70 H70 Masters programs;TOT Age, total;TOT Total;2020 2020;9219
173 Lyngby-Taarbæk;TOT Total;H80 H80 PhD programs;TOT Age, total;TOT Total;2020 2020;1391
173 Lyngby-Taarbæk;TOT Total;TOT Total;TOT Age, total;TOT Total;2020 2020;38444
175 Rødovre;TOT Total;H40 H40 Short cycle higher education;TOT Age, total;TOT Total;2020 2020;1427
175 Rødovre;TOT Total;H50 H50 Vocational bachelors educations;TOT Age, total;TOT Total;2020 2020;4275
175 Rødovre;TOT Total;H60 H60 Bachelors programs;TOT Age, total;TOT Total;2020 2020;536
175 Rødovre;TOT Total;H70 H70 Masters programs;TOT Age, total;TOT Total;2020 2020;2960
175 Rødovre;TOT Total;H80 H80 PhD programs;TOT Age, total;TOT Total;2020 2020;270
175 Rødovre;TOT Total;TOT Total;TOT Age, total;TOT Total;2020 2020;27998
183 Ishøj;TOT Total;H40 H40 Short cycle higher education;TOT Age, total;TOT Total;2020 2020;763
183 Ishøj;TOT Total;H50 H50 Vocational bachelors educations;TOT Age, total;TOT Total;2020 2020;1903
183 Ishøj;TOT Total;H60 H60 Bachelors programs;TOT Age, total;TOT Total;2020 2020;216
183 Ishøj;TOT Total;H70 H70 Masters programs;TOT Age, total;TOT Total;2020 2020;1002
183 Ishøj;TOT Total;H80 H80 PhD programs;TOT Age, total;TOT Total;2020 2020;77
183 Ishøj;TOT Total;TOT Total;TOT Age, total;TOT Total;2020 2020;15964
185 Tårnby;TOT Total;H40 H40 Short cycle higher education;TOT Age, total;TOT Total;2020 2020;1536
185 Tårnby;TOT Total;H50 H50 Vocational bachelors educations;TOT Age, total;TOT Total;2020 2020;3651
185 Tårnby;TOT Total;H60 H60 Bachelors programs;TOT Age, total;TOT Total;2020 2020;414
185 Tårnby;TOT Total;H70 H70 Masters programs;TOT Age, total;TOT Total;2020 2020;2326
185 Tårnby;TOT Total;H80 H80 PhD programs;TOT Age, total;TOT Total;2020 2020;179
185 Tårnby;TOT Total;TOT Total;TOT Age, total;TOT Total;2020 2020;28808
187 Vallensbæk;TOT Total;H40 H40 Short cycle higher education;TOT Age, total;TOT Total;2020 2020;741
187 Vallensbæk;TOT Total;H50 H50 Vocational bachelors educations;TOT Age, total;TOT Total;2020 2020;1649
187 Vallensbæk;TOT Total;H60 H60 Bachelors programs;TOT Age, total;TOT Total;2020 2020;201
187 Vallensbæk;TOT Total;H70 H70 Masters programs;TOT Age, total;TOT Total;2020 2020;1168
187 Vallensbæk;TOT Total;H80 H80 PhD programs;TOT Age, total;TOT Total;2020 2020;92
187 Vallensbæk;TOT Total;TOT Total;TOT Age, total;TOT Total;2020 2020;10700
190 Furesø;TOT Total;H40 H40 Short cycle higher education;TOT Age, total;TOT Total;2020 2020;1427
190 Furesø;TOT Total;H50 H50 Vocational bachelors educations;TOT Age, total;TOT Total;2020 2020;4667
190 Furesø;TOT Total;H60 H60 Bachelors programs;TOT Age, total;TOT Total;2020 2020;505
190 Furesø;TOT Total;H70 H70 Masters programs;TOT Age, total;TOT Total;2020 2020;5376
190 Furesø;TOT Total;H80 H80 PhD programs;TOT Age, total;TOT Total;2020 2020;834
190 Furesø;TOT Total;TOT Total;TOT Age, total;TOT Total;2020 2020;26121
201 Allerød;TOT Total;H40 H40 Short cycle higher education;TOT Age, total;TOT Total;2020 2020;1017
201 Allerød;TOT Total;H50 H50 Vocational bachelors educations;TOT Age, total;TOT Total;2020 2020;2951
201 Allerød;TOT Total;H60 H60 Bachelors programs;TOT Age, total;TOT Total;2020 2020;359
201 Allerød;TOT Total;H70 H70 Masters programs;TOT Age, total;TOT Total;2020 2020;3149
201 Allerød;TOT Total;H80 H80 PhD programs;TOT Age, total;TOT Total;2020 2020;414
201 Allerød;TOT Total;TOT Total;TOT Age, total;TOT Total;2020 2020;16668
210 Fredensborg;TOT Total;H40 H40 Short cycle higher education;TOT Age, total;TOT Total;2020 2020;1422
210 Fredensborg;TOT Total;H50 H50 Vocational bachelors educations;TOT Age, total;TOT Total;2020 2020;4384
210 Fredensborg;TOT Total;H60 H60 Bachelors programs;TOT Age, total;TOT Total;2020 2020;639
210 Fredensborg;TOT Total;H70 H70 Masters programs;TOT Age, total;TOT Total;2020 2020;3815
210 Fredensborg;TOT Total;H80 H80 PhD programs;TOT Age, total;TOT Total;2020 2020;402
210 Fredensborg;TOT Total;TOT Total;TOT Age, total;TOT Total;2020 2020;26736
217 Helsingør;TOT Total;H40 H40 Short cycle higher education;TOT Age, total;TOT Total;2020 2020;2187
217 Helsingør;TOT Total;H50 H50 Vocational bachelors educations;TOT Age, total;TOT Total;2020 2020;6975
217 Helsingør;TOT Total;H60 H60 Bachelors programs;TOT Age, total;TOT Total;2020 2020;696
217 Helsingør;TOT Total;H70 H70 Masters programs;TOT Age, total;TOT Total;2020 2020;4093
217 Helsingør;TOT Total;H80 H80 PhD programs;TOT Age, total;TOT Total;2020 2020;337
217 Helsingør;TOT Total;TOT Total;TOT Age, total;TOT Total;2020 2020;41749
219 Hillerød;TOT Total;H40 H40 Short cycle higher education;TOT Age, total;TOT Total;2020 2020;2064
219 Hillerød;TOT Total;H50 H50 Vocational bachelors educations;TOT Age, total;TOT Total;2020 2020;6300
219 Hillerød;TOT Total;H60 H60 Bachelors programs;TOT Age, total;TOT Total;2020 2020;519
219 Hillerød;TOT Total;H70 H70 Masters programs;TOT Age, total;TOT Total;2020 2020;4087
219 Hillerød;TOT Total;H80 H80 PhD programs;TOT Age, total;TOT Total;2020 2020;459
219 Hillerød;TOT Total;TOT Total;TOT Age, total;TOT Total;2020 2020;34922
223 Hørsholm;TOT Total;H40 H40 Short cycle higher education;TOT Age, total;TOT Total;2020 2020;869
223 Hørsholm;TOT Total;H50 H50 Vocational bachelors educations;TOT Age, total;TOT Total;2020 2020;2455
223 Hørsholm;TOT Total;H60 H60 Bachelors programs;TOT Age, total;TOT Total;2020 2020;380
223 Hørsholm;TOT Total;H70 H70 Masters programs;TOT Age, total;TOT Total;2020 2020;3356
223 Hørsholm;TOT Total;H80 H80 PhD programs;TOT Age, total;TOT Total;2020 2020;301
223 Hørsholm;TOT Total;TOT Total;TOT Age, total;TOT Total;2020 2020;15198
230 Rudersdal;TOT Total;H40 H40 Short cycle higher education;TOT Age, total;TOT Total;2020 2020;1647
230 Rudersdal;TOT Total;H50 H50 Vocational bachelors educations;TOT Age, total;TOT Total;2020 2020;5726
230 Rudersdal;TOT Total;H60 H60 Bachelors programs;TOT Age, total;TOT Total;2020 2020;1231
230 Rudersdal;TOT Total;H70 H70 Masters programs;TOT Age, total;TOT Total;2020 2020;9369
230 Rudersdal;TOT Total;H80 H80 PhD programs;TOT Age, total;TOT Total;2020 2020;1235
230 Rudersdal;TOT Total;TOT Total;TOT Age, total;TOT Total;2020 2020;36258
240 Egedal;TOT Total;H40 H40 Short cycle higher education;TOT Age, total;TOT Total;2020 2020;1965
240 Egedal;TOT Total;H50 H50 Vocational bachelors educations;TOT Age, total;TOT Total;2020 2020;4651
240 Egedal;TOT Total;H60 H60 Bachelors programs;TOT Age, total;TOT Total;2020 2020;428
240 Egedal;TOT Total;H70 H70 Masters programs;TOT Age, total;TOT Total;2020 2020;2902
240 Egedal;TOT Total;H80 H80 PhD programs;TOT Age, total;TOT Total;2020 2020;351
240 Egedal;TOT Total;TOT Total;TOT Age, total;TOT Total;2020 2020;28855
250 Frederikssund;TOT Total;H40 H40 Short cycle higher education;TOT Age, total;TOT Total;2020 2020;1711
250 Frederikssund;TOT Total;H50 H50 Vocational bachelors educations;TOT Age, total;TOT Total;2020 2020;4659
250 Frederikssund;TOT Total;H60 H60 Bachelors programs;TOT Age, total;TOT Total;2020 2020;302
250 Frederikssund;TOT Total;H70 H70 Masters programs;TOT Age, total;TOT Total;2020 2020;1875
250 Frederikssund;TOT Total;H80 H80 PhD programs;TOT Age, total;TOT Total;2020 2020;167
250 Frederikssund;TOT Total;TOT Total;TOT Age, total;TOT Total;2020 2020;30264
253 Greve;TOT Total;H40 H40 Short cycle higher education;TOT Age, total;TOT Total;2020 2020;2060
253 Greve;TOT Total;H50 H50 Vocational bachelors educations;TOT Age, total;TOT Total;2020 2020;4490
253 Greve;TOT Total;H60 H60 Bachelors programs;TOT Age, total;TOT Total;2020 2020;458
253 Greve;TOT Total;H70 H70 Masters programs;TOT Age, total;TOT Total;2020 2020;2694
253 Greve;TOT Total;H80 H80 PhD programs;TOT Age, total;TOT Total;2020 2020;190
253 Greve;TOT Total;TOT Total;TOT Age, total;TOT Total;2020 2020;33261
259 Køge;TOT Total;H40 H40 Short cycle higher education;TOT Age, total;TOT Total;2020 2020;2426
259 Køge;TOT Total;H50 H50 Vocational bachelors educations;TOT Age, total;TOT Total;2020 2020;5789
259 Køge;TOT Total;H60 H60 Bachelors programs;TOT Age, total;TOT Total;2020 2020;511
259 Køge;TOT Total;H70 H70 Masters programs;TOT Age, total;TOT Total;2020 2020;2792
259 Køge;TOT Total;H80 H80 PhD programs;TOT Age, total;TOT Total;2020 2020;197
259 Køge;TOT Total;TOT Total;TOT Age, total;TOT Total;2020 2020;41664
260 Halsnæs;TOT Total;H40 H40 Short cycle higher education;TOT Age, total;TOT Total;2020 2020;971
260 Halsnæs;TOT Total;H50 H50 Vocational bachelors educations;TOT Age, total;TOT Total;2020 2020;2990
260 Halsnæs;TOT Total;H60 H60 Bachelors programs;TOT Age, total;TOT Total;2020 2020;177
260 Halsnæs;TOT Total;H70 H70 Masters programs;TOT Age, total;TOT Total;2020 2020;983
260 Halsnæs;TOT Total;H80 H80 PhD programs;TOT Age, total;TOT Total;2020 2020;84
260 Halsnæs;TOT Total;TOT Total;TOT Age, total;TOT Total;2020 2020;20906
265 Roskilde;TOT Total;H40 H40 Short cycle higher education;TOT Age, total;TOT Total;2020 2020;3586
265 Roskilde;TOT Total;H50 H50 Vocational bachelors educations;TOT Age, total;TOT Total;2020 2020;9984
265 Roskilde;TOT Total;H60 H60 Bachelors programs;TOT Age, total;TOT Total;2020 2020;1295
265 Roskilde;TOT Total;H70 H70 Masters programs;TOT Age, total;TOT Total;2020 2020;7660
265 Roskilde;TOT Total;H80 H80 PhD programs;TOT Age, total;TOT Total;2020 2020;890
265 Roskilde;TOT Total;TOT Total;TOT Age, total;TOT Total;2020 2020;60756
269 Solrød;TOT Total;H40 H40 Short cycle higher education;TOT Age, total;TOT Total;2020 2020;1076
269 Solrød;TOT Total;H50 H50 Vocational bachelors educations;TOT Age, total;TOT Total;2020 2020;2260
269 Solrød;TOT Total;H60 H60 Bachelors programs;TOT Age, total;TOT Total;2020 2020;211
269 Solrød;TOT Total;H70 H70 Masters programs;TOT Age, total;TOT Total;2020 2020;1421
269 Solrød;TOT Total;H80 H80 PhD programs;TOT Age, total;TOT Total;2020 2020;92
269 Solrød;TOT Total;TOT Total;TOT Age, total;TOT Total;2020 2020;15388
270 Gribskov;TOT Total;H40 H40 Short cycle higher education;TOT Age, total;TOT Total;2020 2020;1339
270 Gribskov;TOT Total;H50 H50 Vocational bachelors educations;TOT Age, total;TOT Total;2020 2020;4216
270 Gribskov;TOT Total;H60 H60 Bachelors programs;TOT Age, total;TOT Total;2020 2020;311
270 Gribskov;TOT Total;H70 H70 Masters programs;TOT Age, total;TOT Total;2020 2020;1766
270 Gribskov;TOT Total;H80 H80 PhD programs;TOT Age, total;TOT Total;2020 2020;163
270 Gribskov;TOT Total;TOT Total;TOT Age, total;TOT Total;2020 2020;26851
306 Odsherred;TOT Total;H40 H40 Short cycle higher education;TOT Age, total;TOT Total;2020 2020;782
306 Odsherred;TOT Total;H50 H50 Vocational bachelors educations;TOT Age, total;TOT Total;2020 2020;2668
306 Odsherred;TOT Total;H60 H60 Bachelors programs;TOT Age, total;TOT Total;2020 2020;155
306 Odsherred;TOT Total;H70 H70 Masters programs;TOT Age, total;TOT Total;2020 2020;767
306 Odsherred;TOT Total;H80 H80 PhD programs;TOT Age, total;TOT Total;2020 2020;48
306 Odsherred;TOT Total;TOT Total;TOT Age, total;TOT Total;2020 2020;21309
316 Holbæk;TOT Total;H40 H40 Short cycle higher education;TOT Age, total;TOT Total;2020 2020;2419
316 Holbæk;TOT Total;H50 H50 Vocational bachelors educations;TOT Age, total;TOT Total;2020 2020;7609
316 Holbæk;TOT Total;H60 H60 Bachelors programs;TOT Age, total;TOT Total;2020 2020;474
316 Holbæk;TOT Total;H70 H70 Masters programs;TOT Age, total;TOT Total;2020 2020;2703
316 Holbæk;TOT Total;H80 H80 PhD programs;TOT Age, total;TOT Total;2020 2020;167
316 Holbæk;TOT Total;TOT Total;TOT Age, total;TOT Total;2020 2020;48941
320 Faxe;TOT Total;H40 H40 Short cycle higher education;TOT Age, total;TOT Total;2020 2020;1200
320 Faxe;TOT Total;H50 H50 Vocational bachelors educations;TOT Age, total;TOT Total;2020 2020;3223
320 Faxe;TOT Total;H60 H60 Bachelors programs;TOT Age, total;TOT Total;2020 2020;212
320 Faxe;TOT Total;H70 H70 Masters programs;TOT Age, total;TOT Total;2020 2020;1026
320 Faxe;TOT Total;H80 H80 PhD programs;TOT Age, total;TOT Total;2020 2020;62
320 Faxe;TOT Total;TOT Total;TOT Age, total;TOT Total;2020 2020;25001
326 Kalundborg;TOT Total;H40 H40 Short cycle higher education;TOT Age, total;TOT Total;2020 2020;1548
326 Kalundborg;TOT Total;H50 H50 Vocational bachelors educations;TOT Age, total;TOT Total;2020 2020;3858
326 Kalundborg;TOT Total;H60 H60 Bachelors programs;TOT Age, total;TOT Total;2020 2020;173
326 Kalundborg;TOT Total;H70 H70 Masters programs;TOT Age, total;TOT Total;2020 2020;1161
326 Kalundborg;TOT Total;H80 H80 PhD programs;TOT Age, total;TOT Total;2020 2020;86
326 Kalundborg;TOT Total;TOT Total;TOT Age, total;TOT Total;2020 2020;32414
329 Ringsted;TOT Total;H40 H40 Short cycle higher education;TOT Age, total;TOT Total;2020 2020;1400
329 Ringsted;TOT Total;H50 H50 Vocational bachelors educations;TOT Age, total;TOT Total;2020 2020;3293
329 Ringsted;TOT Total;H60 H60 Bachelors programs;TOT Age, total;TOT Total;2020 2020;316
329 Ringsted;TOT Total;H70 H70 Masters programs;TOT Age, total;TOT Total;2020 2020;1445
329 Ringsted;TOT Total;H80 H80 PhD programs;TOT Age, total;TOT Total;2020 2020;132
329 Ringsted;TOT Total;TOT Total;TOT Age, total;TOT Total;2020 2020;24321
330 Slagelse;TOT Total;H40 H40 Short cycle higher education;TOT Age, total;TOT Total;2020 2020;2694
330 Slagelse;TOT Total;H50 H50 Vocational bachelors educations;TOT Age, total;TOT Total;2020 2020;7763
330 Slagelse;TOT Total;H60 H60 Bachelors programs;TOT Age, total;TOT Total;2020 2020;586
330 Slagelse;TOT Total;H70 H70 Masters programs;TOT Age, total;TOT Total;2020 2020;2230
330 Slagelse;TOT Total;H80 H80 PhD programs;TOT Age, total;TOT Total;2020 2020;135
330 Slagelse;TOT Total;TOT Total;TOT Age, total;TOT Total;2020 2020;54318
336 Stevns;TOT Total;H40 H40 Short cycle higher education;TOT Age, total;TOT Total;2020 2020;783
336 Stevns;TOT Total;H50 H50 Vocational bachelors educations;TOT Age, total;TOT Total;2020 2020;2008
336 Stevns;TOT Total;H60 H60 Bachelors programs;TOT Age, total;TOT Total;2020 2020;119
336 Stevns;TOT Total;H70 H70 Masters programs;TOT Age, total;TOT Total;2020 2020;771
336 Stevns;TOT Total;H80 H80 PhD programs;TOT Age, total;TOT Total;2020 2020;67
336 Stevns;TOT Total;TOT Total;TOT Age, total;TOT Total;2020 2020;15231
340 Sorø;TOT Total;H40 H40 Short cycle higher education;TOT Age, total;TOT Total;2020 2020;952
340 Sorø;TOT Total;H50 H50 Vocational bachelors educations;TOT Age, total;TOT Total;2020 2020;2883
340 Sorø;TOT Total;H60 H60 Bachelors programs;TOT Age, total;TOT Total;2020 2020;232
340 Sorø;TOT Total;H70 H70 Masters programs;TOT Age, total;TOT Total;2020 2020;1550
340 Sorø;TOT Total;H80 H80 PhD programs;TOT Age, total;TOT Total;2020 2020;104
340 Sorø;TOT Total;TOT Total;TOT Age, total;TOT Total;2020 2020;20350
350 Lejre;TOT Total;H40 H40 Short cycle higher education;TOT Age, total;TOT Total;2020 2020;1095
350 Lejre;TOT Total;H50 H50 Vocational bachelors educations;TOT Age, total;TOT Total;2020 2020;2875
350 Lejre;TOT Total;H60 H60 Bachelors programs;TOT Age, total;TOT Total;2020 2020;236
350 Lejre;TOT Total;H70 H70 Masters programs;TOT Age, total;TOT Total;2020 2020;1820
350 Lejre;TOT Total;H80 H80 PhD programs;TOT Age, total;TOT Total;2020 2020;205
350 Lejre;TOT Total;TOT Total;TOT Age, total;TOT Total;2020 2020;18471
360 Lolland;TOT Total;H40 H40 Short cycle higher education;TOT Age, total;TOT Total;2020 2020;815
360 Lolland;TOT Total;H50 H50 Vocational bachelors educations;TOT Age, total;TOT Total;2020 2020;2901
360 Lolland;TOT Total;H60 H60 Bachelors programs;TOT Age, total;TOT Total;2020 2020;125
360 Lolland;TOT Total;H70 H70 Masters programs;TOT Age, total;TOT Total;2020 2020;611
360 Lolland;TOT Total;H80 H80 PhD programs;TOT Age, total;TOT Total;2020 2020;37
360 Lolland;TOT Total;TOT Total;TOT Age, total;TOT Total;2020 2020;26569
370 Næstved;TOT Total;H40 H40 Short cycle higher education;TOT Age, total;TOT Total;2020 2020;2898
370 Næstved;TOT Total;H50 H50 Vocational bachelors educations;TOT Age, total;TOT Total;2020 2020;8872
370 Næstved;TOT Total;H60 H60 Bachelors programs;TOT Age, total;TOT Total;2020 2020;459
370 Næstved;TOT Total;H70 H70 Masters programs;TOT Age, total;TOT Total;2020 2020;2484
370 Næstved;TOT Total;H80 H80 PhD programs;TOT Age, total;TOT Total;2020 2020;152
370 Næstved;TOT Total;TOT Total;TOT Age, total;TOT Total;2020 2020;56881
376 Guldborgsund;TOT Total;H40 H40 Short cycle higher education;TOT Age, total;TOT Total;2020 2020;1638
376 Guldborgsund;TOT Total;H50 H50 Vocational bachelors educations;TOT Age, total;TOT Total;2020 2020;5791
376 Guldborgsund;TOT Total;H60 H60 Bachelors programs;TOT Age, total;TOT Total;2020 2020;252
376 Guldborgsund;TOT Total;H70 H70 Masters programs;TOT Age, total;TOT Total;2020 2020;1503
376 Guldborgsund;TOT Total;H80 H80 PhD programs;TOT Age, total;TOT Total;2020 2020;58
376 Guldborgsund;TOT Total;TOT Total;TOT Age, total;TOT Total;2020 2020;39977
390 Vordingborg;TOT Total;H40 H40 Short cycle higher education;TOT Age, total;TOT Total;2020 2020;1285
390 Vordingborg;TOT Total;H50 H50 Vocational bachelors educations;TOT Age, total;TOT Total;2020 2020;4556
390 Vordingborg;TOT Total;H60 H60 Bachelors programs;TOT Age, total;TOT Total;2020 2020;278
390 Vordingborg;TOT Total;H70 H70 Masters programs;TOT Age, total;TOT Total;2020 2020;1398
390 Vordingborg;TOT Total;H80 H80 PhD programs;TOT Age, total;TOT Total;2020 2020;93
390 Vordingborg;TOT Total;TOT Total;TOT Age, total;TOT Total;2020 2020;30015
400 Bornholm;TOT Total;H40 H40 Short cycle higher education;TOT Age, total;TOT Total;2020 2020;964
400 Bornholm;TOT Total;H50 H50 Vocational bachelors educations;TOT Age, total;TOT Total;2020 2020;3708
400 Bornholm;TOT Total;H60 H60 Bachelors programs;TOT Age, total;TOT Total;2020 2020;252
400 Bornholm;TOT Total;H70 H70 Masters programs;TOT Age, total;TOT Total;2020 2020;1174
400 Bornholm;TOT Total;H80 H80 PhD programs;TOT Age, total;TOT Total;2020 2020;81
400 Bornholm;TOT Total;TOT Total;TOT Age, total;TOT Total;2020 2020;25652
410 Middelfart;TOT Total;H40 H40 Short cycle higher education;TOT Age, total;TOT Total;2020 2020;1354
410 Middelfart;TOT Total;H50 H50 Vocational bachelors educations;TOT Age, total;TOT Total;2020 2020;4196
410 Middelfart;TOT Total;H60 H60 Bachelors programs;TOT Age, total;TOT Total;2020 2020;282
410 Middelfart;TOT Total;H70 H70 Masters programs;TOT Age, total;TOT Total;2020 2020;1856
410 Middelfart;TOT Total;H80 H80 PhD programs;TOT Age, total;TOT Total;2020 2020;109
410 Middelfart;TOT Total;TOT Total;TOT Age, total;TOT Total;2020 2020;26013
420 Assens;TOT Total;H40 H40 Short cycle higher education;TOT Age, total;TOT Total;2020 2020;1330
420 Assens;TOT Total;H50 H50 Vocational bachelors educations;TOT Age, total;TOT Total;2020 2020;3869
420 Assens;TOT Total;H60 H60 Bachelors programs;TOT Age, total;TOT Total;2020 2020;247
420 Assens;TOT Total;H70 H70 Masters programs;TOT Age, total;TOT Total;2020 2020;1256
420 Assens;TOT Total;H80 H80 PhD programs;TOT Age, total;TOT Total;2020 2020;102
420 Assens;TOT Total;TOT Total;TOT Age, total;TOT Total;2020 2020;27164
430 Faaborg-Midtfyn;TOT Total;H40 H40 Short cycle higher education;TOT Age, total;TOT Total;2020 2020;1763
430 Faaborg-Midtfyn;TOT Total;H50 H50 Vocational bachelors educations;TOT Age, total;TOT Total;2020 2020;4974
430 Faaborg-Midtfyn;TOT Total;H60 H60 Bachelors programs;TOT Age, total;TOT Total;2020 2020;315
430 Faaborg-Midtfyn;TOT Total;H70 H70 Masters programs;TOT Age, total;TOT Total;2020 2020;1594
430 Faaborg-Midtfyn;TOT Total;H80 H80 PhD programs;TOT Age, total;TOT Total;2020 2020;130
430 Faaborg-Midtfyn;TOT Total;TOT Total;TOT Age, total;TOT Total;2020 2020;33837
440 Kerteminde;TOT Total;H40 H40 Short cycle higher education;TOT Age, total;TOT Total;2020 2020;706
440 Kerteminde;TOT Total;H50 H50 Vocational bachelors educations;TOT Age, total;TOT Total;2020 2020;2324
440 Kerteminde;TOT Total;H60 H60 Bachelors programs;TOT Age, total;TOT Total;2020 2020;155
440 Kerteminde;TOT Total;H70 H70 Masters programs;TOT Age, total;TOT Total;2020 2020;755
440 Kerteminde;TOT Total;H80 H80 PhD programs;TOT Age, total;TOT Total;2020 2020;75
440 Kerteminde;TOT Total;TOT Total;TOT Age, total;TOT Total;2020 2020;15595
450 Nyborg;TOT Total;H40 H40 Short cycle higher education;TOT Age, total;TOT Total;2020 2020;1025
450 Nyborg;TOT Total;H50 H50 Vocational bachelors educations;TOT Age, total;TOT Total;2020 2020;3116
450 Nyborg;TOT Total;H60 H60 Bachelors programs;TOT Age, total;TOT Total;2020 2020;206
450 Nyborg;TOT Total;H70 H70 Masters programs;TOT Age, total;TOT Total;2020 2020;1117
450 Nyborg;TOT Total;H80 H80 PhD programs;TOT Age, total;TOT Total;2020 2020;113
450 Nyborg;TOT Total;TOT Total;TOT Age, total;TOT Total;2020 2020;21180
461 Odense;TOT Total;H40 H40 Short cycle higher education;TOT Age, total;TOT Total;2020 2020;7360
461 Odense;TOT Total;H50 H50 Vocational bachelors educations;TOT Age, total;TOT Total;2020 2020;24719
461 Odense;TOT Total;H60 H60 Bachelors programs;TOT Age, total;TOT Total;2020 2020;6268
461 Odense;TOT Total;H70 H70 Masters programs;TOT Age, total;TOT Total;2020 2020;15675
461 Odense;TOT Total;H80 H80 PhD programs;TOT Age, total;TOT Total;2020 2020;1647
461 Odense;TOT Total;TOT Total;TOT Age, total;TOT Total;2020 2020;147995
479 Svendborg;TOT Total;H40 H40 Short cycle higher education;TOT Age, total;TOT Total;2020 2020;1750
479 Svendborg;TOT Total;H50 H50 Vocational bachelors educations;TOT Age, total;TOT Total;2020 2020;7547
479 Svendborg;TOT Total;H60 H60 Bachelors programs;TOT Age, total;TOT Total;2020 2020;462
479 Svendborg;TOT Total;H70 H70 Masters programs;TOT Age, total;TOT Total;2020 2020;2328
479 Svendborg;TOT Total;H80 H80 PhD programs;TOT Age, total;TOT Total;2020 2020;115
479 Svendborg;TOT Total;TOT Total;TOT Age, total;TOT Total;2020 2020;39121
480 Nordfyns;TOT Total;H40 H40 Short cycle higher education;TOT Age, total;TOT Total;2020 2020;960
480 Nordfyns;TOT Total;H50 H50 Vocational bachelors educations;TOT Age, total;TOT Total;2020 2020;2606
480 Nordfyns;TOT Total;H60 H60 Bachelors programs;TOT Age, total;TOT Total;2020 2020;139
480 Nordfyns;TOT Total;H70 H70 Masters programs;TOT Age, total;TOT Total;2020 2020;819
480 Nordfyns;TOT Total;H80 H80 PhD programs;TOT Age, total;TOT Total;2020 2020;75
480 Nordfyns;TOT Total;TOT Total;TOT Age, total;TOT Total;2020 2020;19816
482 Langeland;TOT Total;H40 H40 Short cycle higher education;TOT Age, total;TOT Total;2020 2020;247
482 Langeland;TOT Total;H50 H50 Vocational bachelors educations;TOT Age, total;TOT Total;2020 2020;892
482 Langeland;TOT Total;H60 H60 Bachelors programs;TOT Age, total;TOT Total;2020 2020;55
482 Langeland;TOT Total;H70 H70 Masters programs;TOT Age, total;TOT Total;2020 2020;256
482 Langeland;TOT Total;H80 H80 PhD programs;TOT Age, total;TOT Total;2020 2020;22
482 Langeland;TOT Total;TOT Total;TOT Age, total;TOT Total;2020 2020;7829
492 Ærø;TOT Total;H40 H40 Short cycle higher education;TOT Age, total;TOT Total;2020 2020;205
492 Ærø;TOT Total;H50 H50 Vocational bachelors educations;TOT Age, total;TOT Total;2020 2020;552
492 Ærø;TOT Total;H60 H60 Bachelors programs;TOT Age, total;TOT Total;2020 2020;38
492 Ærø;TOT Total;H70 H70 Masters programs;TOT Age, total;TOT Total;2020 2020;195
492 Ærø;TOT Total;H80 H80 PhD programs;TOT Age, total;TOT Total;2020 2020;17
492 Ærø;TOT Total;TOT Total;TOT Age, total;TOT Total;2020 2020;3676
510 Haderslev;TOT Total;H40 H40 Short cycle higher education;TOT Age, total;TOT Total;2020 2020;1716
510 Haderslev;TOT Total;H50 H50 Vocational bachelors educations;TOT Age, total;TOT Total;2020 2020;5557
510 Haderslev;TOT Total;H60 H60 Bachelors programs;TOT Age, total;TOT Total;2020 2020;281
510 Haderslev;TOT Total;H70 H70 Masters programs;TOT Age, total;TOT Total;2020 2020;1590
510 Haderslev;TOT Total;H80 H80 PhD programs;TOT Age, total;TOT Total;2020 2020;62
510 Haderslev;TOT Total;TOT Total;TOT Age, total;TOT Total;2020 2020;37405
530 Billund;TOT Total;H40 H40 Short cycle higher education;TOT Age, total;TOT Total;2020 2020;842
530 Billund;TOT Total;H50 H50 Vocational bachelors educations;TOT Age, total;TOT Total;2020 2020;2183
530 Billund;TOT Total;H60 H60 Bachelors programs;TOT Age, total;TOT Total;2020 2020;115
530 Billund;TOT Total;H70 H70 Masters programs;TOT Age, total;TOT Total;2020 2020;780
530 Billund;TOT Total;H80 H80 PhD programs;TOT Age, total;TOT Total;2020 2020;51
530 Billund;TOT Total;TOT Total;TOT Age, total;TOT Total;2020 2020;17770
540 Sønderborg;TOT Total;H40 H40 Short cycle higher education;TOT Age, total;TOT Total;2020 2020;2796
540 Sønderborg;TOT Total;H50 H50 Vocational bachelors educations;TOT Age, total;TOT Total;2020 2020;7434
540 Sønderborg;TOT Total;H60 H60 Bachelors programs;TOT Age, total;TOT Total;2020 2020;601
540 Sønderborg;TOT Total;H70 H70 Masters programs;TOT Age, total;TOT Total;2020 2020;3025
540 Sønderborg;TOT Total;H80 H80 PhD programs;TOT Age, total;TOT Total;2020 2020;213
540 Sønderborg;TOT Total;TOT Total;TOT Age, total;TOT Total;2020 2020;48807
550 Tønder;TOT Total;H40 H40 Short cycle higher education;TOT Age, total;TOT Total;2020 2020;1085
550 Tønder;TOT Total;H50 H50 Vocational bachelors educations;TOT Age, total;TOT Total;2020 2020;3012
550 Tønder;TOT Total;H60 H60 Bachelors programs;TOT Age, total;TOT Total;2020 2020;129
550 Tønder;TOT Total;H70 H70 Masters programs;TOT Age, total;TOT Total;2020 2020;843
550 Tønder;TOT Total;H80 H80 PhD programs;TOT Age, total;TOT Total;2020 2020;57
550 Tønder;TOT Total;TOT Total;TOT Age, total;TOT Total;2020 2020;24717
561 Esbjerg;TOT Total;H40 H40 Short cycle higher education;TOT Age, total;TOT Total;2020 2020;4077
561 Esbjerg;TOT Total;H50 H50 Vocational bachelors educations;TOT Age, total;TOT Total;2020 2020;13837
561 Esbjerg;TOT Total;H60 H60 Bachelors programs;TOT Age, total;TOT Total;2020 2020;905
561 Esbjerg;TOT Total;H70 H70 Masters programs;TOT Age, total;TOT Total;2020 2020;4239
561 Esbjerg;TOT Total;H80 H80 PhD programs;TOT Age, total;TOT Total;2020 2020;232
561 Esbjerg;TOT Total;TOT Total;TOT Age, total;TOT Total;2020 2020;79095
563 Fanø;TOT Total;H40 H40 Short cycle higher education;TOT Age, total;TOT Total;2020 2020;120
563 Fanø;TOT Total;H50 H50 Vocational bachelors educations;TOT Age, total;TOT Total;2020 2020;528
563 Fanø;TOT Total;H60 H60 Bachelors programs;TOT Age, total;TOT Total;2020 2020;32
563 Fanø;TOT Total;H70 H70 Masters programs;TOT Age, total;TOT Total;2020 2020;176
563 Fanø;TOT Total;H80 H80 PhD programs;TOT Age, total;TOT Total;2020 2020;10
563 Fanø;TOT Total;TOT Total;TOT Age, total;TOT Total;2020 2020;2082
573 Varde;TOT Total;H40 H40 Short cycle higher education;TOT Age, total;TOT Total;2020 2020;1645
573 Varde;TOT Total;H50 H50 Vocational bachelors educations;TOT Age, total;TOT Total;2020 2020;4770
573 Varde;TOT Total;H60 H60 Bachelors programs;TOT Age, total;TOT Total;2020 2020;206
573 Varde;TOT Total;H70 H70 Masters programs;TOT Age, total;TOT Total;2020 2020;1169
573 Varde;TOT Total;H80 H80 PhD programs;TOT Age, total;TOT Total;2020 2020;76
573 Varde;TOT Total;TOT Total;TOT Age, total;TOT Total;2020 2020;33108
575 Vejen;TOT Total;H40 H40 Short cycle higher education;TOT Age, total;TOT Total;2020 2020;1391
575 Vejen;TOT Total;H50 H50 Vocational bachelors educations;TOT Age, total;TOT Total;2020 2020;3619
575 Vejen;TOT Total;H60 H60 Bachelors programs;TOT Age, total;TOT Total;2020 2020;214
575 Vejen;TOT Total;H70 H70 Masters programs;TOT Age, total;TOT Total;2020 2020;1120
575 Vejen;TOT Total;H80 H80 PhD programs;TOT Age, total;TOT Total;2020 2020;46
575 Vejen;TOT Total;TOT Total;TOT Age, total;TOT Total;2020 2020;28760
580 Aabenraa;TOT Total;H40 H40 Short cycle higher education;TOT Age, total;TOT Total;2020 2020;1826
580 Aabenraa;TOT Total;H50 H50 Vocational bachelors educations;TOT Age, total;TOT Total;2020 2020;5180
580 Aabenraa;TOT Total;H60 H60 Bachelors programs;TOT Age, total;TOT Total;2020 2020;285
580 Aabenraa;TOT Total;H70 H70 Masters programs;TOT Age, total;TOT Total;2020 2020;1806
580 Aabenraa;TOT Total;H80 H80 PhD programs;TOT Age, total;TOT Total;2020 2020;104
580 Aabenraa;TOT Total;TOT Total;TOT Age, total;TOT Total;2020 2020;39263
607 Fredericia;TOT Total;H40 H40 Short cycle higher education;TOT Age, total;TOT Total;2020 2020;1728
607 Fredericia;TOT Total;H50 H50 Vocational bachelors educations;TOT Age, total;TOT Total;2020 2020;5285
607 Fredericia;TOT Total;H60 H60 Bachelors programs;TOT Age, total;TOT Total;2020 2020;376
607 Fredericia;TOT Total;H70 H70 Masters programs;TOT Age, total;TOT Total;2020 2020;1932
607 Fredericia;TOT Total;H80 H80 PhD programs;TOT Age, total;TOT Total;2020 2020;135
607 Fredericia;TOT Total;TOT Total;TOT Age, total;TOT Total;2020 2020;34935
615 Horsens;TOT Total;H40 H40 Short cycle higher education;TOT Age, total;TOT Total;2020 2020;3939
615 Horsens;TOT Total;H50 H50 Vocational bachelors educations;TOT Age, total;TOT Total;2020 2020;10764
615 Horsens;TOT Total;H60 H60 Bachelors programs;TOT Age, total;TOT Total;2020 2020;606
615 Horsens;TOT Total;H70 H70 Masters programs;TOT Age, total;TOT Total;2020 2020;3889
615 Horsens;TOT Total;H80 H80 PhD programs;TOT Age, total;TOT Total;2020 2020;214
615 Horsens;TOT Total;TOT Total;TOT Age, total;TOT Total;2020 2020;63200
621 Kolding;TOT Total;H40 H40 Short cycle higher education;TOT Age, total;TOT Total;2020 2020;3791
621 Kolding;TOT Total;H50 H50 Vocational bachelors educations;TOT Age, total;TOT Total;2020 2020;10092
621 Kolding;TOT Total;H60 H60 Bachelors programs;TOT Age, total;TOT Total;2020 2020;1121
621 Kolding;TOT Total;H70 H70 Masters programs;TOT Age, total;TOT Total;2020 2020;4883
621 Kolding;TOT Total;H80 H80 PhD programs;TOT Age, total;TOT Total;2020 2020;232
621 Kolding;TOT Total;TOT Total;TOT Age, total;TOT Total;2020 2020;63813
630 Vejle;TOT Total;H40 H40 Short cycle higher education;TOT Age, total;TOT Total;2020 2020;4517
630 Vejle;TOT Total;H50 H50 Vocational bachelors educations;TOT Age, total;TOT Total;2020 2020;13678
630 Vejle;TOT Total;H60 H60 Bachelors programs;TOT Age, total;TOT Total;2020 2020;926
630 Vejle;TOT Total;H70 H70 Masters programs;TOT Age, total;TOT Total;2020 2020;6589
630 Vejle;TOT Total;H80 H80 PhD programs;TOT Age, total;TOT Total;2020 2020;381
630 Vejle;TOT Total;TOT Total;TOT Age, total;TOT Total;2020 2020;79696
657 Herning;TOT Total;H40 H40 Short cycle higher education;TOT Age, total;TOT Total;2020 2020;3696
657 Herning;TOT Total;H50 H50 Vocational bachelors educations;TOT Age, total;TOT Total;2020 2020;9336
657 Herning;TOT Total;H60 H60 Bachelors programs;TOT Age, total;TOT Total;2020 2020;726
657 Herning;TOT Total;H70 H70 Masters programs;TOT Age, total;TOT Total;2020 2020;2844
657 Herning;TOT Total;H80 H80 PhD programs;TOT Age, total;TOT Total;2020 2020;148
657 Herning;TOT Total;TOT Total;TOT Age, total;TOT Total;2020 2020;60897
661 Holstebro;TOT Total;H40 H40 Short cycle higher education;TOT Age, total;TOT Total;2020 2020;2017
661 Holstebro;TOT Total;H50 H50 Vocational bachelors educations;TOT Age, total;TOT Total;2020 2020;6822
661 Holstebro;TOT Total;H60 H60 Bachelors programs;TOT Age, total;TOT Total;2020 2020;316
661 Holstebro;TOT Total;H70 H70 Masters programs;TOT Age, total;TOT Total;2020 2020;1905
661 Holstebro;TOT Total;H80 H80 PhD programs;TOT Age, total;TOT Total;2020 2020;73
661 Holstebro;TOT Total;TOT Total;TOT Age, total;TOT Total;2020 2020;39415
665 Lemvig;TOT Total;H40 H40 Short cycle higher education;TOT Age, total;TOT Total;2020 2020;480
665 Lemvig;TOT Total;H50 H50 Vocational bachelors educations;TOT Age, total;TOT Total;2020 2020;1824
665 Lemvig;TOT Total;H60 H60 Bachelors programs;TOT Age, total;TOT Total;2020 2020;76
665 Lemvig;TOT Total;H70 H70 Masters programs;TOT Age, total;TOT Total;2020 2020;452
665 Lemvig;TOT Total;H80 H80 PhD programs;TOT Age, total;TOT Total;2020 2020;34
665 Lemvig;TOT Total;TOT Total;TOT Age, total;TOT Total;2020 2020;12995
671 Struer;TOT Total;H40 H40 Short cycle higher education;TOT Age, total;TOT Total;2020 2020;543
671 Struer;TOT Total;H50 H50 Vocational bachelors educations;TOT Age, total;TOT Total;2020 2020;2031
671 Struer;TOT Total;H60 H60 Bachelors programs;TOT Age, total;TOT Total;2020 2020;93
671 Struer;TOT Total;H70 H70 Masters programs;TOT Age, total;TOT Total;2020 2020;533
671 Struer;TOT Total;H80 H80 PhD programs;TOT Age, total;TOT Total;2020 2020;23
671 Struer;TOT Total;TOT Total;TOT Age, total;TOT Total;2020 2020;13751
706 Syddjurs;TOT Total;H40 H40 Short cycle higher education;TOT Age, total;TOT Total;2020 2020;1464
706 Syddjurs;TOT Total;H50 H50 Vocational bachelors educations;TOT Age, total;TOT Total;2020 2020;4584
706 Syddjurs;TOT Total;H60 H60 Bachelors programs;TOT Age, total;TOT Total;2020 2020;394
706 Syddjurs;TOT Total;H70 H70 Masters programs;TOT Age, total;TOT Total;2020 2020;2042
706 Syddjurs;TOT Total;H80 H80 PhD programs;TOT Age, total;TOT Total;2020 2020;171
706 Syddjurs;TOT Total;TOT Total;TOT Age, total;TOT Total;2020 2020;28311
707 Norddjurs;TOT Total;H40 H40 Short cycle higher education;TOT Age, total;TOT Total;2020 2020;1048
707 Norddjurs;TOT Total;H50 H50 Vocational bachelors educations;TOT Age, total;TOT Total;2020 2020;2910
707 Norddjurs;TOT Total;H60 H60 Bachelors programs;TOT Age, total;TOT Total;2020 2020;147
707 Norddjurs;TOT Total;H70 H70 Masters programs;TOT Age, total;TOT Total;2020 2020;723
707 Norddjurs;TOT Total;H80 H80 PhD programs;TOT Age, total;TOT Total;2020 2020;40
707 Norddjurs;TOT Total;TOT Total;TOT Age, total;TOT Total;2020 2020;25104
710 Favrskov;TOT Total;H40 H40 Short cycle higher education;TOT Age, total;TOT Total;2020 2020;1903
710 Favrskov;TOT Total;H50 H50 Vocational bachelors educations;TOT Age, total;TOT Total;2020 2020;5228
710 Favrskov;TOT Total;H60 H60 Bachelors programs;TOT Age, total;TOT Total;2020 2020;375
710 Favrskov;TOT Total;H70 H70 Masters programs;TOT Age, total;TOT Total;2020 2020;2901
710 Favrskov;TOT Total;H80 H80 PhD programs;TOT Age, total;TOT Total;2020 2020;327
710 Favrskov;TOT Total;TOT Total;TOT Age, total;TOT Total;2020 2020;32035
727 Odder;TOT Total;H40 H40 Short cycle higher education;TOT Age, total;TOT Total;2020 2020;774
727 Odder;TOT Total;H50 H50 Vocational bachelors educations;TOT Age, total;TOT Total;2020 2020;2550
727 Odder;TOT Total;H60 H60 Bachelors programs;TOT Age, total;TOT Total;2020 2020;201
727 Odder;TOT Total;H70 H70 Masters programs;TOT Age, total;TOT Total;2020 2020;1233
727 Odder;TOT Total;H80 H80 PhD programs;TOT Age, total;TOT Total;2020 2020;95
727 Odder;TOT Total;TOT Total;TOT Age, total;TOT Total;2020 2020;15101
730 Randers;TOT Total;H40 H40 Short cycle higher education;TOT Age, total;TOT Total;2020 2020;4136
730 Randers;TOT Total;H50 H50 Vocational bachelors educations;TOT Age, total;TOT Total;2020 2020;9338
730 Randers;TOT Total;H60 H60 Bachelors programs;TOT Age, total;TOT Total;2020 2020;667
730 Randers;TOT Total;H70 H70 Masters programs;TOT Age, total;TOT Total;2020 2020;3413
730 Randers;TOT Total;H80 H80 PhD programs;TOT Age, total;TOT Total;2020 2020;222
730 Randers;TOT Total;TOT Total;TOT Age, total;TOT Total;2020 2020;67083
740 Silkeborg;TOT Total;H40 H40 Short cycle higher education;TOT Age, total;TOT Total;2020 2020;3939
740 Silkeborg;TOT Total;H50 H50 Vocational bachelors educations;TOT Age, total;TOT Total;2020 2020;11315
740 Silkeborg;TOT Total;H60 H60 Bachelors programs;TOT Age, total;TOT Total;2020 2020;770
740 Silkeborg;TOT Total;H70 H70 Masters programs;TOT Age, total;TOT Total;2020 2020;5382
740 Silkeborg;TOT Total;H80 H80 PhD programs;TOT Age, total;TOT Total;2020 2020;314
740 Silkeborg;TOT Total;TOT Total;TOT Age, total;TOT Total;2020 2020;64163
741 Samsø;TOT Total;H40 H40 Short cycle higher education;TOT Age, total;TOT Total;2020 2020;108
741 Samsø;TOT Total;H50 H50 Vocational bachelors educations;TOT Age, total;TOT Total;2020 2020;358
741 Samsø;TOT Total;H60 H60 Bachelors programs;TOT Age, total;TOT Total;2020 2020;41
741 Samsø;TOT Total;H70 H70 Masters programs;TOT Age, total;TOT Total;2020 2020;131
741 Samsø;TOT Total;H80 H80 PhD programs;TOT Age, total;TOT Total;2020 2020;6
741 Samsø;TOT Total;TOT Total;TOT Age, total;TOT Total;2020 2020;2272
746 Skanderborg;TOT Total;H40 H40 Short cycle higher education;TOT Age, total;TOT Total;2020 2020;2671
746 Skanderborg;TOT Total;H50 H50 Vocational bachelors educations;TOT Age, total;TOT Total;2020 2020;7408
746 Skanderborg;TOT Total;H60 H60 Bachelors programs;TOT Age, total;TOT Total;2020 2020;573
746 Skanderborg;TOT Total;H70 H70 Masters programs;TOT Age, total;TOT Total;2020 2020;5314
746 Skanderborg;TOT Total;H80 H80 PhD programs;TOT Age, total;TOT Total;2020 2020;440
746 Skanderborg;TOT Total;TOT Total;TOT Age, total;TOT Total;2020 2020;41707
751 Aarhus;TOT Total;H40 H40 Short cycle higher education;TOT Age, total;TOT Total;2020 2020;12992
751 Aarhus;TOT Total;H50 H50 Vocational bachelors educations;TOT Age, total;TOT Total;2020 2020;44206
751 Aarhus;TOT Total;H60 H60 Bachelors programs;TOT Age, total;TOT Total;2020 2020;13760
751 Aarhus;TOT Total;H70 H70 Masters programs;TOT Age, total;TOT Total;2020 2020;41852
751 Aarhus;TOT Total;H80 H80 PhD programs;TOT Age, total;TOT Total;2020 2020;4654
751 Aarhus;TOT Total;TOT Total;TOT Age, total;TOT Total;2020 2020;262175
756 Ikast-Brande;TOT Total;H40 H40 Short cycle higher education;TOT Age, total;TOT Total;2020 2020;1483
756 Ikast-Brande;TOT Total;H50 H50 Vocational bachelors educations;TOT Age, total;TOT Total;2020 2020;3595
756 Ikast-Brande;TOT Total;H60 H60 Bachelors programs;TOT Age, total;TOT Total;2020 2020;226
756 Ikast-Brande;TOT Total;H70 H70 Masters programs;TOT Age, total;TOT Total;2020 2020;1261
756 Ikast-Brande;TOT Total;H80 H80 PhD programs;TOT Age, total;TOT Total;2020 2020;82
756 Ikast-Brande;TOT Total;TOT Total;TOT Age, total;TOT Total;2020 2020;27912
760 Ringkøbing-Skjern;TOT Total;H40 H40 Short cycle higher education;TOT Age, total;TOT Total;2020 2020;1752
760 Ringkøbing-Skjern;TOT Total;H50 H50 Vocational bachelors educations;TOT Age, total;TOT Total;2020 2020;5135
760 Ringkøbing-Skjern;TOT Total;H60 H60 Bachelors programs;TOT Age, total;TOT Total;2020 2020;229
760 Ringkøbing-Skjern;TOT Total;H70 H70 Masters programs;TOT Age, total;TOT Total;2020 2020;1429
760 Ringkøbing-Skjern;TOT Total;H80 H80 PhD programs;TOT Age, total;TOT Total;2020 2020;57
760 Ringkøbing-Skjern;TOT Total;TOT Total;TOT Age, total;TOT Total;2020 2020;37458
766 Hedensted;TOT Total;H40 H40 Short cycle higher education;TOT Age, total;TOT Total;2020 2020;1793
766 Hedensted;TOT Total;H50 H50 Vocational bachelors educations;TOT Age, total;TOT Total;2020 2020;4406
766 Hedensted;TOT Total;H60 H60 Bachelors programs;TOT Age, total;TOT Total;2020 2020;207
766 Hedensted;TOT Total;H70 H70 Masters programs;TOT Age, total;TOT Total;2020 2020;1149
766 Hedensted;TOT Total;H80 H80 PhD programs;TOT Age, total;TOT Total;2020 2020;55
766 Hedensted;TOT Total;TOT Total;TOT Age, total;TOT Total;2020 2020;31635
773 Morsø;TOT Total;H40 H40 Short cycle higher education;TOT Age, total;TOT Total;2020 2020;505
773 Morsø;TOT Total;H50 H50 Vocational bachelors educations;TOT Age, total;TOT Total;2020 2020;1521
773 Morsø;TOT Total;H60 H60 Bachelors programs;TOT Age, total;TOT Total;2020 2020;71
773 Morsø;TOT Total;H70 H70 Masters programs;TOT Age, total;TOT Total;2020 2020;362
773 Morsø;TOT Total;H80 H80 PhD programs;TOT Age, total;TOT Total;2020 2020;22
773 Morsø;TOT Total;TOT Total;TOT Age, total;TOT Total;2020 2020;13217
779 Skive;TOT Total;H40 H40 Short cycle higher education;TOT Age, total;TOT Total;2020 2020;1513
779 Skive;TOT Total;H50 H50 Vocational bachelors educations;TOT Age, total;TOT Total;2020 2020;4385
779 Skive;TOT Total;H60 H60 Bachelors programs;TOT Age, total;TOT Total;2020 2020;155
779 Skive;TOT Total;H70 H70 Masters programs;TOT Age, total;TOT Total;2020 2020;1071
779 Skive;TOT Total;H80 H80 PhD programs;TOT Age, total;TOT Total;2020 2020;44
779 Skive;TOT Total;TOT Total;TOT Age, total;TOT Total;2020 2020;30597
787 Thisted;TOT Total;H40 H40 Short cycle higher education;TOT Age, total;TOT Total;2020 2020;1243
787 Thisted;TOT Total;H50 H50 Vocational bachelors educations;TOT Age, total;TOT Total;2020 2020;3641
787 Thisted;TOT Total;H60 H60 Bachelors programs;TOT Age, total;TOT Total;2020 2020;166
787 Thisted;TOT Total;H70 H70 Masters programs;TOT Age, total;TOT Total;2020 2020;1172
787 Thisted;TOT Total;H80 H80 PhD programs;TOT Age, total;TOT Total;2020 2020;49
787 Thisted;TOT Total;TOT Total;TOT Age, total;TOT Total;2020 2020;28812
791 Viborg;TOT Total;H40 H40 Short cycle higher education;TOT Age, total;TOT Total;2020 2020;3567
791 Viborg;TOT Total;H50 H50 Vocational bachelors educations;TOT Age, total;TOT Total;2020 2020;10238
791 Viborg;TOT Total;H60 H60 Bachelors programs;TOT Age, total;TOT Total;2020 2020;507
791 Viborg;TOT Total;H70 H70 Masters programs;TOT Age, total;TOT Total;2020 2020;4198
791 Viborg;TOT Total;H80 H80 PhD programs;TOT Age, total;TOT Total;2020 2020;352
791 Viborg;TOT Total;TOT Total;TOT Age, total;TOT Total;2020 2020;65173
810 Brønderslev;TOT Total;H40 H40 Short cycle higher education;TOT Age, total;TOT Total;2020 2020;1077
810 Brønderslev;TOT Total;H50 H50 Vocational bachelors educations;TOT Age, total;TOT Total;2020 2020;3580
810 Brønderslev;TOT Total;H60 H60 Bachelors programs;TOT Age, total;TOT Total;2020 2020;179
810 Brønderslev;TOT Total;H70 H70 Masters programs;TOT Age, total;TOT Total;2020 2020;1164
810 Brønderslev;TOT Total;H80 H80 PhD programs;TOT Age, total;TOT Total;2020 2020;60
810 Brønderslev;TOT Total;TOT Total;TOT Age, total;TOT Total;2020 2020;23855
813 Frederikshavn;TOT Total;H40 H40 Short cycle higher education;TOT Age, total;TOT Total;2020 2020;1801
813 Frederikshavn;TOT Total;H50 H50 Vocational bachelors educations;TOT Age, total;TOT Total;2020 2020;5042
813 Frederikshavn;TOT Total;H60 H60 Bachelors programs;TOT Age, total;TOT Total;2020 2020;245
813 Frederikshavn;TOT Total;H70 H70 Masters programs;TOT Age, total;TOT Total;2020 2020;1254
813 Frederikshavn;TOT Total;H80 H80 PhD programs;TOT Age, total;TOT Total;2020 2020;65
813 Frederikshavn;TOT Total;TOT Total;TOT Age, total;TOT Total;2020 2020;38866
820 Vesthimmerlands;TOT Total;H40 H40 Short cycle higher education;TOT Age, total;TOT Total;2020 2020;1069
820 Vesthimmerlands;TOT Total;H50 H50 Vocational bachelors educations;TOT Age, total;TOT Total;2020 2020;3065
820 Vesthimmerlands;TOT Total;H60 H60 Bachelors programs;TOT Age, total;TOT Total;2020 2020;101
820 Vesthimmerlands;TOT Total;H70 H70 Masters programs;TOT Age, total;TOT Total;2020 2020;829
820 Vesthimmerlands;TOT Total;H80 H80 PhD programs;TOT Age, total;TOT Total;2020 2020;29
820 Vesthimmerlands;TOT Total;TOT Total;TOT Age, total;TOT Total;2020 2020;24204
825 Læsø;TOT Total;H40 H40 Short cycle higher education;TOT Age, total;TOT Total;2020 2020;24
825 Læsø;TOT Total;H50 H50 Vocational bachelors educations;TOT Age, total;TOT Total;2020 2020;139
825 Læsø;TOT Total;H60 H60 Bachelors programs;TOT Age, total;TOT Total;2020 2020;8
825 Læsø;TOT Total;H70 H70 Masters programs;TOT Age, total;TOT Total;2020 2020;30
825 Læsø;TOT Total;H80 H80 PhD programs;TOT Age, total;TOT Total;2020 2020;1
825 Læsø;TOT Total;TOT Total;TOT Age, total;TOT Total;2020 2020;1056
840 Rebild;TOT Total;H40 H40 Short cycle higher education;TOT Age, total;TOT Total;2020 2020;1066
840 Rebild;TOT Total;H50 H50 Vocational bachelors educations;TOT Age, total;TOT Total;2020 2020;3130
840 Rebild;TOT Total;H60 H60 Bachelors programs;TOT Age, total;TOT Total;2020 2020;232
840 Rebild;TOT Total;H70 H70 Masters programs;TOT Age, total;TOT Total;2020 2020;1921
840 Rebild;TOT Total;H80 H80 PhD programs;TOT Age, total;TOT Total;2020 2020;177
840 Rebild;TOT Total;TOT Total;TOT Age, total;TOT Total;2020 2020;20103
846 Mariagerfjord;TOT Total;H40 H40 Short cycle higher education;TOT Age, total;TOT Total;2020 2020;1379
846 Mariagerfjord;TOT Total;H50 H50 Vocational bachelors educations;TOT Age, total;TOT Total;2020 2020;3891
846 Mariagerfjord;TOT Total;H60 H60 Bachelors programs;TOT Age, total;TOT Total;2020 2020;231
846 Mariagerfjord;TOT Total;H70 H70 Masters programs;TOT Age, total;TOT Total;2020 2020;1278
846 Mariagerfjord;TOT Total;H80 H80 PhD programs;TOT Age, total;TOT Total;2020 2020;75
846 Mariagerfjord;TOT Total;TOT Total;TOT Age, total;TOT Total;2020 2020;28082
849 Jammerbugt;TOT Total;H40 H40 Short cycle higher education;TOT Age, total;TOT Total;2020 2020;1097
849 Jammerbugt;TOT Total;H50 H50 Vocational bachelors educations;TOT Age, total;TOT Total;2020 2020;3272
849 Jammerbugt;TOT Total;H60 H60 Bachelors programs;TOT Age, total;TOT Total;2020 2020;211
849 Jammerbugt;TOT Total;H70 H70 Masters programs;TOT Age, total;TOT Total;2020 2020;1121
849 Jammerbugt;TOT Total;H80 H80 PhD programs;TOT Age, total;TOT Total;2020 2020;52
849 Jammerbugt;TOT Total;TOT Total;TOT Age, total;TOT Total;2020 2020;25210
851 Aalborg;TOT Total;H40 H40 Short cycle higher education;TOT Age, total;TOT Total;2020 2020;7707
851 Aalborg;TOT Total;H50 H50 Vocational bachelors educations;TOT Age, total;TOT Total;2020 2020;24271
851 Aalborg;TOT Total;H60 H60 Bachelors programs;TOT Age, total;TOT Total;2020 2020;6357
851 Aalborg;TOT Total;H70 H70 Masters programs;TOT Age, total;TOT Total;2020 2020;18072
851 Aalborg;TOT Total;H80 H80 PhD programs;TOT Age, total;TOT Total;2020 2020;1491
851 Aalborg;TOT Total;TOT Total;TOT Age, total;TOT Total;2020 2020;157593
860 Hjørring;TOT Total;H40 H40 Short cycle higher education;TOT Age, total;TOT Total;2020 2020;1760
860 Hjørring;TOT Total;H50 H50 Vocational bachelors educations;TOT Age, total;TOT Total;2020 2020;6601
860 Hjørring;TOT Total;H60 H60 Bachelors programs;TOT Age, total;TOT Total;2020 2020;276
860 Hjørring;TOT Total;H70 H70 Masters programs;TOT Age, total;TOT Total;2020 2020;1661
860 Hjørring;TOT Total;H80 H80 PhD programs;TOT Age, total;TOT Total;2020 2020;87
860 Hjørring;TOT Total;TOT Total;TOT Age, total;TOT Total;2020 2020;43042
000 All Denmark;TOT Total;H40 H40 Short cycle higher education;TOT Age, total;TOT Total;2021 2021;207457
000 All Denmark;TOT Total;H50 H50 Vocational bachelors educations;TOT Age, total;TOT Total;2021 2021;629035
000 All Denmark;TOT Total;H60 H60 Bachelors programs;TOT Age, total;TOT Total;2021 2021;104327
000 All Denmark;TOT Total;H70 H70 Masters programs;TOT Age, total;TOT Total;2021 2021;449840
000 All Denmark;TOT Total;H80 H80 PhD programs;TOT Age, total;TOT Total;2021 2021;41473
000 All Denmark;TOT Total;TOT Total;TOT Age, total;TOT Total;2021 2021;4050662
101 Copenhagen;TOT Total;H40 H40 Short cycle higher education;TOT Age, total;TOT Total;2021 2021;22387
101 Copenhagen;TOT Total;H50 H50 Vocational bachelors educations;TOT Age, total;TOT Total;2021 2021;78394
101 Copenhagen;TOT Total;H60 H60 Bachelors programs;TOT Age, total;TOT Total;2021 2021;34957
101 Copenhagen;TOT Total;H70 H70 Masters programs;TOT Age, total;TOT Total;2021 2021;118374
101 Copenhagen;TOT Total;H80 H80 PhD programs;TOT Age, total;TOT Total;2021 2021;10630
101 Copenhagen;TOT Total;TOT Total;TOT Age, total;TOT Total;2021 2021;501212
147 Frederiksberg;TOT Total;H40 H40 Short cycle higher education;TOT Age, total;TOT Total;2021 2021;3289
147 Frederiksberg;TOT Total;H50 H50 Vocational bachelors educations;TOT Age, total;TOT Total;2021 2021;11729
147 Frederiksberg;TOT Total;H60 H60 Bachelors programs;TOT Age, total;TOT Total;2021 2021;5079
147 Frederiksberg;TOT Total;H70 H70 Masters programs;TOT Age, total;TOT Total;2021 2021;20643
147 Frederiksberg;TOT Total;H80 H80 PhD programs;TOT Age, total;TOT Total;2021 2021;1869
147 Frederiksberg;TOT Total;TOT Total;TOT Age, total;TOT Total;2021 2021;74788
151 Ballerup;TOT Total;H40 H40 Short cycle higher education;TOT Age, total;TOT Total;2021 2021;1735
151 Ballerup;TOT Total;H50 H50 Vocational bachelors educations;TOT Age, total;TOT Total;2021 2021;4842
151 Ballerup;TOT Total;H60 H60 Bachelors programs;TOT Age, total;TOT Total;2021 2021;516
151 Ballerup;TOT Total;H70 H70 Masters programs;TOT Age, total;TOT Total;2021 2021;3436
151 Ballerup;TOT Total;H80 H80 PhD programs;TOT Age, total;TOT Total;2021 2021;446
151 Ballerup;TOT Total;TOT Total;TOT Age, total;TOT Total;2021 2021;32780
153 Brøndby;TOT Total;H40 H40 Short cycle higher education;TOT Age, total;TOT Total;2021 2021;1252
153 Brøndby;TOT Total;H50 H50 Vocational bachelors educations;TOT Age, total;TOT Total;2021 2021;3057
153 Brøndby;TOT Total;H60 H60 Bachelors programs;TOT Age, total;TOT Total;2021 2021;327
153 Brøndby;TOT Total;H70 H70 Masters programs;TOT Age, total;TOT Total;2021 2021;1620
153 Brøndby;TOT Total;H80 H80 PhD programs;TOT Age, total;TOT Total;2021 2021;111
153 Brøndby;TOT Total;TOT Total;TOT Age, total;TOT Total;2021 2021;24328
155 Dragør;TOT Total;H40 H40 Short cycle higher education;TOT Age, total;TOT Total;2021 2021;591
155 Dragør;TOT Total;H50 H50 Vocational bachelors educations;TOT Age, total;TOT Total;2021 2021;1484
155 Dragør;TOT Total;H60 H60 Bachelors programs;TOT Age, total;TOT Total;2021 2021;185
155 Dragør;TOT Total;H70 H70 Masters programs;TOT Age, total;TOT Total;2021 2021;1370
155 Dragør;TOT Total;H80 H80 PhD programs;TOT Age, total;TOT Total;2021 2021;106
155 Dragør;TOT Total;TOT Total;TOT Age, total;TOT Total;2021 2021;9074
157 Gentofte;TOT Total;H40 H40 Short cycle higher education;TOT Age, total;TOT Total;2021 2021;2368
157 Gentofte;TOT Total;H50 H50 Vocational bachelors educations;TOT Age, total;TOT Total;2021 2021;7693
157 Gentofte;TOT Total;H60 H60 Bachelors programs;TOT Age, total;TOT Total;2021 2021;1791
157 Gentofte;TOT Total;H70 H70 Masters programs;TOT Age, total;TOT Total;2021 2021;14242
157 Gentofte;TOT Total;H80 H80 PhD programs;TOT Age, total;TOT Total;2021 2021;1604
157 Gentofte;TOT Total;TOT Total;TOT Age, total;TOT Total;2021 2021;48978
159 Gladsaxe;TOT Total;H40 H40 Short cycle higher education;TOT Age, total;TOT Total;2021 2021;2417
159 Gladsaxe;TOT Total;H50 H50 Vocational bachelors educations;TOT Age, total;TOT Total;2021 2021;7908
159 Gladsaxe;TOT Total;H60 H60 Bachelors programs;TOT Age, total;TOT Total;2021 2021;1268
159 Gladsaxe;TOT Total;H70 H70 Masters programs;TOT Age, total;TOT Total;2021 2021;7939
159 Gladsaxe;TOT Total;H80 H80 PhD programs;TOT Age, total;TOT Total;2021 2021;1153
159 Gladsaxe;TOT Total;TOT Total;TOT Age, total;TOT Total;2021 2021;47649
161 Glostrup;TOT Total;H40 H40 Short cycle higher education;TOT Age, total;TOT Total;2021 2021;937
161 Glostrup;TOT Total;H50 H50 Vocational bachelors educations;TOT Age, total;TOT Total;2021 2021;2448
161 Glostrup;TOT Total;H60 H60 Bachelors programs;TOT Age, total;TOT Total;2021 2021;291
161 Glostrup;TOT Total;H70 H70 Masters programs;TOT Age, total;TOT Total;2021 2021;1515
161 Glostrup;TOT Total;H80 H80 PhD programs;TOT Age, total;TOT Total;2021 2021;127
161 Glostrup;TOT Total;TOT Total;TOT Age, total;TOT Total;2021 2021;16317
163 Herlev;TOT Total;H40 H40 Short cycle higher education;TOT Age, total;TOT Total;2021 2021;1035
163 Herlev;TOT Total;H50 H50 Vocational bachelors educations;TOT Age, total;TOT Total;2021 2021;3008
163 Herlev;TOT Total;H60 H60 Bachelors programs;TOT Age, total;TOT Total;2021 2021;293
163 Herlev;TOT Total;H70 H70 Masters programs;TOT Age, total;TOT Total;2021 2021;1941
163 Herlev;TOT Total;H80 H80 PhD programs;TOT Age, total;TOT Total;2021 2021;260
163 Herlev;TOT Total;TOT Total;TOT Age, total;TOT Total;2021 2021;19587
165 Albertslund;TOT Total;H40 H40 Short cycle higher education;TOT Age, total;TOT Total;2021 2021;910
165 Albertslund;TOT Total;H50 H50 Vocational bachelors educations;TOT Age, total;TOT Total;2021 2021;2768
165 Albertslund;TOT Total;H60 H60 Bachelors programs;TOT Age, total;TOT Total;2021 2021;379
165 Albertslund;TOT Total;H70 H70 Masters programs;TOT Age, total;TOT Total;2021 2021;1373
165 Albertslund;TOT Total;H80 H80 PhD programs;TOT Age, total;TOT Total;2021 2021;108
165 Albertslund;TOT Total;TOT Total;TOT Age, total;TOT Total;2021 2021;18664
167 Hvidovre;TOT Total;H40 H40 Short cycle higher education;TOT Age, total;TOT Total;2021 2021;2018
167 Hvidovre;TOT Total;H50 H50 Vocational bachelors educations;TOT Age, total;TOT Total;2021 2021;5160
167 Hvidovre;TOT Total;H60 H60 Bachelors programs;TOT Age, total;TOT Total;2021 2021;803
167 Hvidovre;TOT Total;H70 H70 Masters programs;TOT Age, total;TOT Total;2021 2021;3769
167 Hvidovre;TOT Total;H80 H80 PhD programs;TOT Age, total;TOT Total;2021 2021;310
167 Hvidovre;TOT Total;TOT Total;TOT Age, total;TOT Total;2021 2021;36515
169 Høje-Taastrup;TOT Total;H40 H40 Short cycle higher education;TOT Age, total;TOT Total;2021 2021;2221
169 Høje-Taastrup;TOT Total;H50 H50 Vocational bachelors educations;TOT Age, total;TOT Total;2021 2021;4916
169 Høje-Taastrup;TOT Total;H60 H60 Bachelors programs;TOT Age, total;TOT Total;2021 2021;569
169 Høje-Taastrup;TOT Total;H70 H70 Masters programs;TOT Age, total;TOT Total;2021 2021;3050
169 Høje-Taastrup;TOT Total;H80 H80 PhD programs;TOT Age, total;TOT Total;2021 2021;257
169 Høje-Taastrup;TOT Total;TOT Total;TOT Age, total;TOT Total;2021 2021;36379
173 Lyngby-Taarbæk;TOT Total;H40 H40 Short cycle higher education;TOT Age, total;TOT Total;2021 2021;1675
173 Lyngby-Taarbæk;TOT Total;H50 H50 Vocational bachelors educations;TOT Age, total;TOT Total;2021 2021;6634
173 Lyngby-Taarbæk;TOT Total;H60 H60 Bachelors programs;TOT Age, total;TOT Total;2021 2021;2000
173 Lyngby-Taarbæk;TOT Total;H70 H70 Masters programs;TOT Age, total;TOT Total;2021 2021;9926
173 Lyngby-Taarbæk;TOT Total;H80 H80 PhD programs;TOT Age, total;TOT Total;2021 2021;1474
173 Lyngby-Taarbæk;TOT Total;TOT Total;TOT Age, total;TOT Total;2021 2021;39602
175 Rødovre;TOT Total;H40 H40 Short cycle higher education;TOT Age, total;TOT Total;2021 2021;1462
175 Rødovre;TOT Total;H50 H50 Vocational bachelors educations;TOT Age, total;TOT Total;2021 2021;4394
175 Rødovre;TOT Total;H60 H60 Bachelors programs;TOT Age, total;TOT Total;2021 2021;553
175 Rødovre;TOT Total;H70 H70 Masters programs;TOT Age, total;TOT Total;2021 2021;3117
175 Rødovre;TOT Total;H80 H80 PhD programs;TOT Age, total;TOT Total;2021 2021;295
175 Rødovre;TOT Total;TOT Total;TOT Age, total;TOT Total;2021 2021;28185
183 Ishøj;TOT Total;H40 H40 Short cycle higher education;TOT Age, total;TOT Total;2021 2021;813
183 Ishøj;TOT Total;H50 H50 Vocational bachelors educations;TOT Age, total;TOT Total;2021 2021;1953
183 Ishøj;TOT Total;H60 H60 Bachelors programs;TOT Age, total;TOT Total;2021 2021;222
183 Ishøj;TOT Total;H70 H70 Masters programs;TOT Age, total;TOT Total;2021 2021;1067
183 Ishøj;TOT Total;H80 H80 PhD programs;TOT Age, total;TOT Total;2021 2021;87
183 Ishøj;TOT Total;TOT Total;TOT Age, total;TOT Total;2021 2021;16064
185 Tårnby;TOT Total;H40 H40 Short cycle higher education;TOT Age, total;TOT Total;2021 2021;1569
185 Tårnby;TOT Total;H50 H50 Vocational bachelors educations;TOT Age, total;TOT Total;2021 2021;3702
185 Tårnby;TOT Total;H60 H60 Bachelors programs;TOT Age, total;TOT Total;2021 2021;455
185 Tårnby;TOT Total;H70 H70 Masters programs;TOT Age, total;TOT Total;2021 2021;2492
185 Tårnby;TOT Total;H80 H80 PhD programs;TOT Age, total;TOT Total;2021 2021;192
185 Tårnby;TOT Total;TOT Total;TOT Age, total;TOT Total;2021 2021;28727
187 Vallensbæk;TOT Total;H40 H40 Short cycle higher education;TOT Age, total;TOT Total;2021 2021;734
187 Vallensbæk;TOT Total;H50 H50 Vocational bachelors educations;TOT Age, total;TOT Total;2021 2021;1694
187 Vallensbæk;TOT Total;H60 H60 Bachelors programs;TOT Age, total;TOT Total;2021 2021;203
187 Vallensbæk;TOT Total;H70 H70 Masters programs;TOT Age, total;TOT Total;2021 2021;1240
187 Vallensbæk;TOT Total;H80 H80 PhD programs;TOT Age, total;TOT Total;2021 2021;101
187 Vallensbæk;TOT Total;TOT Total;TOT Age, total;TOT Total;2021 2021;10643
190 Furesø;TOT Total;H40 H40 Short cycle higher education;TOT Age, total;TOT Total;2021 2021;1404
190 Furesø;TOT Total;H50 H50 Vocational bachelors educations;TOT Age, total;TOT Total;2021 2021;4667
190 Furesø;TOT Total;H60 H60 Bachelors programs;TOT Age, total;TOT Total;2021 2021;500
190 Furesø;TOT Total;H70 H70 Masters programs;TOT Age, total;TOT Total;2021 2021;5642
190 Furesø;TOT Total;H80 H80 PhD programs;TOT Age, total;TOT Total;2021 2021;892
190 Furesø;TOT Total;TOT Total;TOT Age, total;TOT Total;2021 2021;26290
201 Allerød;TOT Total;H40 H40 Short cycle higher education;TOT Age, total;TOT Total;2021 2021;1032
201 Allerød;TOT Total;H50 H50 Vocational bachelors educations;TOT Age, total;TOT Total;2021 2021;2935
201 Allerød;TOT Total;H60 H60 Bachelors programs;TOT Age, total;TOT Total;2021 2021;343
201 Allerød;TOT Total;H70 H70 Masters programs;TOT Age, total;TOT Total;2021 2021;3277
201 Allerød;TOT Total;H80 H80 PhD programs;TOT Age, total;TOT Total;2021 2021;444
201 Allerød;TOT Total;TOT Total;TOT Age, total;TOT Total;2021 2021;16538
210 Fredensborg;TOT Total;H40 H40 Short cycle higher education;TOT Age, total;TOT Total;2021 2021;1427
210 Fredensborg;TOT Total;H50 H50 Vocational bachelors educations;TOT Age, total;TOT Total;2021 2021;4403
210 Fredensborg;TOT Total;H60 H60 Bachelors programs;TOT Age, total;TOT Total;2021 2021;602
210 Fredensborg;TOT Total;H70 H70 Masters programs;TOT Age, total;TOT Total;2021 2021;3979
210 Fredensborg;TOT Total;H80 H80 PhD programs;TOT Age, total;TOT Total;2021 2021;427
210 Fredensborg;TOT Total;TOT Total;TOT Age, total;TOT Total;2021 2021;26682
217 Helsingør;TOT Total;H40 H40 Short cycle higher education;TOT Age, total;TOT Total;2021 2021;2225
217 Helsingør;TOT Total;H50 H50 Vocational bachelors educations;TOT Age, total;TOT Total;2021 2021;7070
217 Helsingør;TOT Total;H60 H60 Bachelors programs;TOT Age, total;TOT Total;2021 2021;712
217 Helsingør;TOT Total;H70 H70 Masters programs;TOT Age, total;TOT Total;2021 2021;4390
217 Helsingør;TOT Total;H80 H80 PhD programs;TOT Age, total;TOT Total;2021 2021;355
217 Helsingør;TOT Total;TOT Total;TOT Age, total;TOT Total;2021 2021;41605
219 Hillerød;TOT Total;H40 H40 Short cycle higher education;TOT Age, total;TOT Total;2021 2021;2118
219 Hillerød;TOT Total;H50 H50 Vocational bachelors educations;TOT Age, total;TOT Total;2021 2021;6470
219 Hillerød;TOT Total;H60 H60 Bachelors programs;TOT Age, total;TOT Total;2021 2021;556
219 Hillerød;TOT Total;H70 H70 Masters programs;TOT Age, total;TOT Total;2021 2021;4405
219 Hillerød;TOT Total;H80 H80 PhD programs;TOT Age, total;TOT Total;2021 2021;479
219 Hillerød;TOT Total;TOT Total;TOT Age, total;TOT Total;2021 2021;36044
223 Hørsholm;TOT Total;H40 H40 Short cycle higher education;TOT Age, total;TOT Total;2021 2021;856
223 Hørsholm;TOT Total;H50 H50 Vocational bachelors educations;TOT Age, total;TOT Total;2021 2021;2437
223 Hørsholm;TOT Total;H60 H60 Bachelors programs;TOT Age, total;TOT Total;2021 2021;382
223 Hørsholm;TOT Total;H70 H70 Masters programs;TOT Age, total;TOT Total;2021 2021;3417
223 Hørsholm;TOT Total;H80 H80 PhD programs;TOT Age, total;TOT Total;2021 2021;320
223 Hørsholm;TOT Total;TOT Total;TOT Age, total;TOT Total;2021 2021;15042
230 Rudersdal;TOT Total;H40 H40 Short cycle higher education;TOT Age, total;TOT Total;2021 2021;1643
230 Rudersdal;TOT Total;H50 H50 Vocational bachelors educations;TOT Age, total;TOT Total;2021 2021;5712
230 Rudersdal;TOT Total;H60 H60 Bachelors programs;TOT Age, total;TOT Total;2021 2021;1246
230 Rudersdal;TOT Total;H70 H70 Masters programs;TOT Age, total;TOT Total;2021 2021;9786
230 Rudersdal;TOT Total;H80 H80 PhD programs;TOT Age, total;TOT Total;2021 2021;1312
230 Rudersdal;TOT Total;TOT Total;TOT Age, total;TOT Total;2021 2021;36428
240 Egedal;TOT Total;H40 H40 Short cycle higher education;TOT Age, total;TOT Total;2021 2021;2001
240 Egedal;TOT Total;H50 H50 Vocational bachelors educations;TOT Age, total;TOT Total;2021 2021;4777
240 Egedal;TOT Total;H60 H60 Bachelors programs;TOT Age, total;TOT Total;2021 2021;444
240 Egedal;TOT Total;H70 H70 Masters programs;TOT Age, total;TOT Total;2021 2021;3122
240 Egedal;TOT Total;H80 H80 PhD programs;TOT Age, total;TOT Total;2021 2021;382
240 Egedal;TOT Total;TOT Total;TOT Age, total;TOT Total;2021 2021;29284
250 Frederikssund;TOT Total;H40 H40 Short cycle higher education;TOT Age, total;TOT Total;2021 2021;1765
250 Frederikssund;TOT Total;H50 H50 Vocational bachelors educations;TOT Age, total;TOT Total;2021 2021;4717
250 Frederikssund;TOT Total;H60 H60 Bachelors programs;TOT Age, total;TOT Total;2021 2021;320
250 Frederikssund;TOT Total;H70 H70 Masters programs;TOT Age, total;TOT Total;2021 2021;2012
250 Frederikssund;TOT Total;H80 H80 PhD programs;TOT Age, total;TOT Total;2021 2021;168
250 Frederikssund;TOT Total;TOT Total;TOT Age, total;TOT Total;2021 2021;30422
253 Greve;TOT Total;H40 H40 Short cycle higher education;TOT Age, total;TOT Total;2021 2021;2084
253 Greve;TOT Total;H50 H50 Vocational bachelors educations;TOT Age, total;TOT Total;2021 2021;4622
253 Greve;TOT Total;H60 H60 Bachelors programs;TOT Age, total;TOT Total;2021 2021;451
253 Greve;TOT Total;H70 H70 Masters programs;TOT Age, total;TOT Total;2021 2021;2809
253 Greve;TOT Total;H80 H80 PhD programs;TOT Age, total;TOT Total;2021 2021;195
253 Greve;TOT Total;TOT Total;TOT Age, total;TOT Total;2021 2021;33242
259 Køge;TOT Total;H40 H40 Short cycle higher education;TOT Age, total;TOT Total;2021 2021;2483
259 Køge;TOT Total;H50 H50 Vocational bachelors educations;TOT Age, total;TOT Total;2021 2021;5951
259 Køge;TOT Total;H60 H60 Bachelors programs;TOT Age, total;TOT Total;2021 2021;544
259 Køge;TOT Total;H70 H70 Masters programs;TOT Age, total;TOT Total;2021 2021;3005
259 Køge;TOT Total;H80 H80 PhD programs;TOT Age, total;TOT Total;2021 2021;214
259 Køge;TOT Total;TOT Total;TOT Age, total;TOT Total;2021 2021;41928
260 Halsnæs;TOT Total;H40 H40 Short cycle higher education;TOT Age, total;TOT Total;2021 2021;971
260 Halsnæs;TOT Total;H50 H50 Vocational bachelors educations;TOT Age, total;TOT Total;2021 2021;2999
260 Halsnæs;TOT Total;H60 H60 Bachelors programs;TOT Age, total;TOT Total;2021 2021;177
260 Halsnæs;TOT Total;H70 H70 Masters programs;TOT Age, total;TOT Total;2021 2021;1026
260 Halsnæs;TOT Total;H80 H80 PhD programs;TOT Age, total;TOT Total;2021 2021;94
260 Halsnæs;TOT Total;TOT Total;TOT Age, total;TOT Total;2021 2021;20759
265 Roskilde;TOT Total;H40 H40 Short cycle higher education;TOT Age, total;TOT Total;2021 2021;3644
265 Roskilde;TOT Total;H50 H50 Vocational bachelors educations;TOT Age, total;TOT Total;2021 2021;10179
265 Roskilde;TOT Total;H60 H60 Bachelors programs;TOT Age, total;TOT Total;2021 2021;1313
265 Roskilde;TOT Total;H70 H70 Masters programs;TOT Age, total;TOT Total;2021 2021;7938
265 Roskilde;TOT Total;H80 H80 PhD programs;TOT Age, total;TOT Total;2021 2021;897
265 Roskilde;TOT Total;TOT Total;TOT Age, total;TOT Total;2021 2021;61028
269 Solrød;TOT Total;H40 H40 Short cycle higher education;TOT Age, total;TOT Total;2021 2021;1094
269 Solrød;TOT Total;H50 H50 Vocational bachelors educations;TOT Age, total;TOT Total;2021 2021;2296
269 Solrød;TOT Total;H60 H60 Bachelors programs;TOT Age, total;TOT Total;2021 2021;216
269 Solrød;TOT Total;H70 H70 Masters programs;TOT Age, total;TOT Total;2021 2021;1548
269 Solrød;TOT Total;H80 H80 PhD programs;TOT Age, total;TOT Total;2021 2021;101
269 Solrød;TOT Total;TOT Total;TOT Age, total;TOT Total;2021 2021;15426
270 Gribskov;TOT Total;H40 H40 Short cycle higher education;TOT Age, total;TOT Total;2021 2021;1364
270 Gribskov;TOT Total;H50 H50 Vocational bachelors educations;TOT Age, total;TOT Total;2021 2021;4283
270 Gribskov;TOT Total;H60 H60 Bachelors programs;TOT Age, total;TOT Total;2021 2021;327
270 Gribskov;TOT Total;H70 H70 Masters programs;TOT Age, total;TOT Total;2021 2021;1864
270 Gribskov;TOT Total;H80 H80 PhD programs;TOT Age, total;TOT Total;2021 2021;167
270 Gribskov;TOT Total;TOT Total;TOT Age, total;TOT Total;2021 2021;26871
306 Odsherred;TOT Total;H40 H40 Short cycle higher education;TOT Age, total;TOT Total;2021 2021;814
306 Odsherred;TOT Total;H50 H50 Vocational bachelors educations;TOT Age, total;TOT Total;2021 2021;2701
306 Odsherred;TOT Total;H60 H60 Bachelors programs;TOT Age, total;TOT Total;2021 2021;167
306 Odsherred;TOT Total;H70 H70 Masters programs;TOT Age, total;TOT Total;2021 2021;820
306 Odsherred;TOT Total;H80 H80 PhD programs;TOT Age, total;TOT Total;2021 2021;60
306 Odsherred;TOT Total;TOT Total;TOT Age, total;TOT Total;2021 2021;21209
316 Holbæk;TOT Total;H40 H40 Short cycle higher education;TOT Age, total;TOT Total;2021 2021;2558
316 Holbæk;TOT Total;H50 H50 Vocational bachelors educations;TOT Age, total;TOT Total;2021 2021;7800
316 Holbæk;TOT Total;H60 H60 Bachelors programs;TOT Age, total;TOT Total;2021 2021;494
316 Holbæk;TOT Total;H70 H70 Masters programs;TOT Age, total;TOT Total;2021 2021;2910
316 Holbæk;TOT Total;H80 H80 PhD programs;TOT Age, total;TOT Total;2021 2021;177
316 Holbæk;TOT Total;TOT Total;TOT Age, total;TOT Total;2021 2021;49521
320 Faxe;TOT Total;H40 H40 Short cycle higher education;TOT Age, total;TOT Total;2021 2021;1232
320 Faxe;TOT Total;H50 H50 Vocational bachelors educations;TOT Age, total;TOT Total;2021 2021;3310
320 Faxe;TOT Total;H60 H60 Bachelors programs;TOT Age, total;TOT Total;2021 2021;230
320 Faxe;TOT Total;H70 H70 Masters programs;TOT Age, total;TOT Total;2021 2021;1117
320 Faxe;TOT Total;H80 H80 PhD programs;TOT Age, total;TOT Total;2021 2021;70
320 Faxe;TOT Total;TOT Total;TOT Age, total;TOT Total;2021 2021;25290
326 Kalundborg;TOT Total;H40 H40 Short cycle higher education;TOT Age, total;TOT Total;2021 2021;1581
326 Kalundborg;TOT Total;H50 H50 Vocational bachelors educations;TOT Age, total;TOT Total;2021 2021;3919
326 Kalundborg;TOT Total;H60 H60 Bachelors programs;TOT Age, total;TOT Total;2021 2021;184
326 Kalundborg;TOT Total;H70 H70 Masters programs;TOT Age, total;TOT Total;2021 2021;1204
326 Kalundborg;TOT Total;H80 H80 PhD programs;TOT Age, total;TOT Total;2021 2021;99
326 Kalundborg;TOT Total;TOT Total;TOT Age, total;TOT Total;2021 2021;32422
329 Ringsted;TOT Total;H40 H40 Short cycle higher education;TOT Age, total;TOT Total;2021 2021;1452
329 Ringsted;TOT Total;H50 H50 Vocational bachelors educations;TOT Age, total;TOT Total;2021 2021;3382
329 Ringsted;TOT Total;H60 H60 Bachelors programs;TOT Age, total;TOT Total;2021 2021;329
329 Ringsted;TOT Total;H70 H70 Masters programs;TOT Age, total;TOT Total;2021 2021;1560
329 Ringsted;TOT Total;H80 H80 PhD programs;TOT Age, total;TOT Total;2021 2021;140
329 Ringsted;TOT Total;TOT Total;TOT Age, total;TOT Total;2021 2021;24544
330 Slagelse;TOT Total;H40 H40 Short cycle higher education;TOT Age, total;TOT Total;2021 2021;2784
330 Slagelse;TOT Total;H50 H50 Vocational bachelors educations;TOT Age, total;TOT Total;2021 2021;8005
330 Slagelse;TOT Total;H60 H60 Bachelors programs;TOT Age, total;TOT Total;2021 2021;592
330 Slagelse;TOT Total;H70 H70 Masters programs;TOT Age, total;TOT Total;2021 2021;2381
330 Slagelse;TOT Total;H80 H80 PhD programs;TOT Age, total;TOT Total;2021 2021;148
330 Slagelse;TOT Total;TOT Total;TOT Age, total;TOT Total;2021 2021;54623
336 Stevns;TOT Total;H40 H40 Short cycle higher education;TOT Age, total;TOT Total;2021 2021;820
336 Stevns;TOT Total;H50 H50 Vocational bachelors educations;TOT Age, total;TOT Total;2021 2021;2073
336 Stevns;TOT Total;H60 H60 Bachelors programs;TOT Age, total;TOT Total;2021 2021;125
336 Stevns;TOT Total;H70 H70 Masters programs;TOT Age, total;TOT Total;2021 2021;845
336 Stevns;TOT Total;H80 H80 PhD programs;TOT Age, total;TOT Total;2021 2021;66
336 Stevns;TOT Total;TOT Total;TOT Age, total;TOT Total;2021 2021;15474
340 Sorø;TOT Total;H40 H40 Short cycle higher education;TOT Age, total;TOT Total;2021 2021;954
340 Sorø;TOT Total;H50 H50 Vocational bachelors educations;TOT Age, total;TOT Total;2021 2021;2929
340 Sorø;TOT Total;H60 H60 Bachelors programs;TOT Age, total;TOT Total;2021 2021;241
340 Sorø;TOT Total;H70 H70 Masters programs;TOT Age, total;TOT Total;2021 2021;1634
340 Sorø;TOT Total;H80 H80 PhD programs;TOT Age, total;TOT Total;2021 2021;113
340 Sorø;TOT Total;TOT Total;TOT Age, total;TOT Total;2021 2021;20286
350 Lejre;TOT Total;H40 H40 Short cycle higher education;TOT Age, total;TOT Total;2021 2021;1121
350 Lejre;TOT Total;H50 H50 Vocational bachelors educations;TOT Age, total;TOT Total;2021 2021;2954
350 Lejre;TOT Total;H60 H60 Bachelors programs;TOT Age, total;TOT Total;2021 2021;266
350 Lejre;TOT Total;H70 H70 Masters programs;TOT Age, total;TOT Total;2021 2021;2026
350 Lejre;TOT Total;H80 H80 PhD programs;TOT Age, total;TOT Total;2021 2021;222
350 Lejre;TOT Total;TOT Total;TOT Age, total;TOT Total;2021 2021;18725
360 Lolland;TOT Total;H40 H40 Short cycle higher education;TOT Age, total;TOT Total;2021 2021;842
360 Lolland;TOT Total;H50 H50 Vocational bachelors educations;TOT Age, total;TOT Total;2021 2021;2915
360 Lolland;TOT Total;H60 H60 Bachelors programs;TOT Age, total;TOT Total;2021 2021;123
360 Lolland;TOT Total;H70 H70 Masters programs;TOT Age, total;TOT Total;2021 2021;649
360 Lolland;TOT Total;H80 H80 PhD programs;TOT Age, total;TOT Total;2021 2021;45
360 Lolland;TOT Total;TOT Total;TOT Age, total;TOT Total;2021 2021;26204
370 Næstved;TOT Total;H40 H40 Short cycle higher education;TOT Age, total;TOT Total;2021 2021;2981
370 Næstved;TOT Total;H50 H50 Vocational bachelors educations;TOT Age, total;TOT Total;2021 2021;9044
370 Næstved;TOT Total;H60 H60 Bachelors programs;TOT Age, total;TOT Total;2021 2021;488
370 Næstved;TOT Total;H70 H70 Masters programs;TOT Age, total;TOT Total;2021 2021;2612
370 Næstved;TOT Total;H80 H80 PhD programs;TOT Age, total;TOT Total;2021 2021;168
370 Næstved;TOT Total;TOT Total;TOT Age, total;TOT Total;2021 2021;57199
376 Guldborgsund;TOT Total;H40 H40 Short cycle higher education;TOT Age, total;TOT Total;2021 2021;1661
376 Guldborgsund;TOT Total;H50 H50 Vocational bachelors educations;TOT Age, total;TOT Total;2021 2021;5945
376 Guldborgsund;TOT Total;H60 H60 Bachelors programs;TOT Age, total;TOT Total;2021 2021;264
376 Guldborgsund;TOT Total;H70 H70 Masters programs;TOT Age, total;TOT Total;2021 2021;1555
376 Guldborgsund;TOT Total;H80 H80 PhD programs;TOT Age, total;TOT Total;2021 2021;64
376 Guldborgsund;TOT Total;TOT Total;TOT Age, total;TOT Total;2021 2021;39788
390 Vordingborg;TOT Total;H40 H40 Short cycle higher education;TOT Age, total;TOT Total;2021 2021;1318
390 Vordingborg;TOT Total;H50 H50 Vocational bachelors educations;TOT Age, total;TOT Total;2021 2021;4561
390 Vordingborg;TOT Total;H60 H60 Bachelors programs;TOT Age, total;TOT Total;2021 2021;295
390 Vordingborg;TOT Total;H70 H70 Masters programs;TOT Age, total;TOT Total;2021 2021;1502
390 Vordingborg;TOT Total;H80 H80 PhD programs;TOT Age, total;TOT Total;2021 2021;134
390 Vordingborg;TOT Total;TOT Total;TOT Age, total;TOT Total;2021 2021;29968
400 Bornholm;TOT Total;H40 H40 Short cycle higher education;TOT Age, total;TOT Total;2021 2021;979
400 Bornholm;TOT Total;H50 H50 Vocational bachelors educations;TOT Age, total;TOT Total;2021 2021;3789
400 Bornholm;TOT Total;H60 H60 Bachelors programs;TOT Age, total;TOT Total;2021 2021;270
400 Bornholm;TOT Total;H70 H70 Masters programs;TOT Age, total;TOT Total;2021 2021;1266
400 Bornholm;TOT Total;H80 H80 PhD programs;TOT Age, total;TOT Total;2021 2021;86
400 Bornholm;TOT Total;TOT Total;TOT Age, total;TOT Total;2021 2021;25598
410 Middelfart;TOT Total;H40 H40 Short cycle higher education;TOT Age, total;TOT Total;2021 2021;1377
410 Middelfart;TOT Total;H50 H50 Vocational bachelors educations;TOT Age, total;TOT Total;2021 2021;4326
410 Middelfart;TOT Total;H60 H60 Bachelors programs;TOT Age, total;TOT Total;2021 2021;295
410 Middelfart;TOT Total;H70 H70 Masters programs;TOT Age, total;TOT Total;2021 2021;2008
410 Middelfart;TOT Total;H80 H80 PhD programs;TOT Age, total;TOT Total;2021 2021;113
410 Middelfart;TOT Total;TOT Total;TOT Age, total;TOT Total;2021 2021;26323
420 Assens;TOT Total;H40 H40 Short cycle higher education;TOT Age, total;TOT Total;2021 2021;1345
420 Assens;TOT Total;H50 H50 Vocational bachelors educations;TOT Age, total;TOT Total;2021 2021;3939
420 Assens;TOT Total;H60 H60 Bachelors programs;TOT Age, total;TOT Total;2021 2021;244
420 Assens;TOT Total;H70 H70 Masters programs;TOT Age, total;TOT Total;2021 2021;1337
420 Assens;TOT Total;H80 H80 PhD programs;TOT Age, total;TOT Total;2021 2021;110
420 Assens;TOT Total;TOT Total;TOT Age, total;TOT Total;2021 2021;27248
430 Faaborg-Midtfyn;TOT Total;H40 H40 Short cycle higher education;TOT Age, total;TOT Total;2021 2021;1789
430 Faaborg-Midtfyn;TOT Total;H50 H50 Vocational bachelors educations;TOT Age, total;TOT Total;2021 2021;5084
430 Faaborg-Midtfyn;TOT Total;H60 H60 Bachelors programs;TOT Age, total;TOT Total;2021 2021;328
430 Faaborg-Midtfyn;TOT Total;H70 H70 Masters programs;TOT Age, total;TOT Total;2021 2021;1740
430 Faaborg-Midtfyn;TOT Total;H80 H80 PhD programs;TOT Age, total;TOT Total;2021 2021;143
430 Faaborg-Midtfyn;TOT Total;TOT Total;TOT Age, total;TOT Total;2021 2021;33882
440 Kerteminde;TOT Total;H40 H40 Short cycle higher education;TOT Age, total;TOT Total;2021 2021;743
440 Kerteminde;TOT Total;H50 H50 Vocational bachelors educations;TOT Age, total;TOT Total;2021 2021;2403
440 Kerteminde;TOT Total;H60 H60 Bachelors programs;TOT Age, total;TOT Total;2021 2021;173
440 Kerteminde;TOT Total;H70 H70 Masters programs;TOT Age, total;TOT Total;2021 2021;803
440 Kerteminde;TOT Total;H80 H80 PhD programs;TOT Age, total;TOT Total;2021 2021;74
440 Kerteminde;TOT Total;TOT Total;TOT Age, total;TOT Total;2021 2021;15630
450 Nyborg;TOT Total;H40 H40 Short cycle higher education;TOT Age, total;TOT Total;2021 2021;1042
450 Nyborg;TOT Total;H50 H50 Vocational bachelors educations;TOT Age, total;TOT Total;2021 2021;3156
450 Nyborg;TOT Total;H60 H60 Bachelors programs;TOT Age, total;TOT Total;2021 2021;228
450 Nyborg;TOT Total;H70 H70 Masters programs;TOT Age, total;TOT Total;2021 2021;1218
450 Nyborg;TOT Total;H80 H80 PhD programs;TOT Age, total;TOT Total;2021 2021;116
450 Nyborg;TOT Total;TOT Total;TOT Age, total;TOT Total;2021 2021;21281
461 Odense;TOT Total;H40 H40 Short cycle higher education;TOT Age, total;TOT Total;2021 2021;7365
461 Odense;TOT Total;H50 H50 Vocational bachelors educations;TOT Age, total;TOT Total;2021 2021;25207
461 Odense;TOT Total;H60 H60 Bachelors programs;TOT Age, total;TOT Total;2021 2021;6231
461 Odense;TOT Total;H70 H70 Masters programs;TOT Age, total;TOT Total;2021 2021;16320
461 Odense;TOT Total;H80 H80 PhD programs;TOT Age, total;TOT Total;2021 2021;1718
461 Odense;TOT Total;TOT Total;TOT Age, total;TOT Total;2021 2021;148009
479 Svendborg;TOT Total;H40 H40 Short cycle higher education;TOT Age, total;TOT Total;2021 2021;1786
479 Svendborg;TOT Total;H50 H50 Vocational bachelors educations;TOT Age, total;TOT Total;2021 2021;7649
479 Svendborg;TOT Total;H60 H60 Bachelors programs;TOT Age, total;TOT Total;2021 2021;479
479 Svendborg;TOT Total;H70 H70 Masters programs;TOT Age, total;TOT Total;2021 2021;2580
479 Svendborg;TOT Total;H80 H80 PhD programs;TOT Age, total;TOT Total;2021 2021;144
479 Svendborg;TOT Total;TOT Total;TOT Age, total;TOT Total;2021 2021;39455
480 Nordfyns;TOT Total;H40 H40 Short cycle higher education;TOT Age, total;TOT Total;2021 2021;981
480 Nordfyns;TOT Total;H50 H50 Vocational bachelors educations;TOT Age, total;TOT Total;2021 2021;2658
480 Nordfyns;TOT Total;H60 H60 Bachelors programs;TOT Age, total;TOT Total;2021 2021;146
480 Nordfyns;TOT Total;H70 H70 Masters programs;TOT Age, total;TOT Total;2021 2021;861
480 Nordfyns;TOT Total;H80 H80 PhD programs;TOT Age, total;TOT Total;2021 2021;73
480 Nordfyns;TOT Total;TOT Total;TOT Age, total;TOT Total;2021 2021;19859
482 Langeland;TOT Total;H40 H40 Short cycle higher education;TOT Age, total;TOT Total;2021 2021;251
482 Langeland;TOT Total;H50 H50 Vocational bachelors educations;TOT Age, total;TOT Total;2021 2021;905
482 Langeland;TOT Total;H60 H60 Bachelors programs;TOT Age, total;TOT Total;2021 2021;63
482 Langeland;TOT Total;H70 H70 Masters programs;TOT Age, total;TOT Total;2021 2021;267
482 Langeland;TOT Total;H80 H80 PhD programs;TOT Age, total;TOT Total;2021 2021;21
482 Langeland;TOT Total;TOT Total;TOT Age, total;TOT Total;2021 2021;7799
492 Ærø;TOT Total;H40 H40 Short cycle higher education;TOT Age, total;TOT Total;2021 2021;216
492 Ærø;TOT Total;H50 H50 Vocational bachelors educations;TOT Age, total;TOT Total;2021 2021;566
492 Ærø;TOT Total;H60 H60 Bachelors programs;TOT Age, total;TOT Total;2021 2021;39
492 Ærø;TOT Total;H70 H70 Masters programs;TOT Age, total;TOT Total;2021 2021;222
492 Ærø;TOT Total;H80 H80 PhD programs;TOT Age, total;TOT Total;2021 2021;17
492 Ærø;TOT Total;TOT Total;TOT Age, total;TOT Total;2021 2021;3718
510 Haderslev;TOT Total;H40 H40 Short cycle higher education;TOT Age, total;TOT Total;2021 2021;1760
510 Haderslev;TOT Total;H50 H50 Vocational bachelors educations;TOT Age, total;TOT Total;2021 2021;5582
510 Haderslev;TOT Total;H60 H60 Bachelors programs;TOT Age, total;TOT Total;2021 2021;287
510 Haderslev;TOT Total;H70 H70 Masters programs;TOT Age, total;TOT Total;2021 2021;1648
510 Haderslev;TOT Total;H80 H80 PhD programs;TOT Age, total;TOT Total;2021 2021;61
510 Haderslev;TOT Total;TOT Total;TOT Age, total;TOT Total;2021 2021;37254
530 Billund;TOT Total;H40 H40 Short cycle higher education;TOT Age, total;TOT Total;2021 2021;875
530 Billund;TOT Total;H50 H50 Vocational bachelors educations;TOT Age, total;TOT Total;2021 2021;2190
530 Billund;TOT Total;H60 H60 Bachelors programs;TOT Age, total;TOT Total;2021 2021;113
530 Billund;TOT Total;H70 H70 Masters programs;TOT Age, total;TOT Total;2021 2021;827
530 Billund;TOT Total;H80 H80 PhD programs;TOT Age, total;TOT Total;2021 2021;68
530 Billund;TOT Total;TOT Total;TOT Age, total;TOT Total;2021 2021;17796
540 Sønderborg;TOT Total;H40 H40 Short cycle higher education;TOT Age, total;TOT Total;2021 2021;2813
540 Sønderborg;TOT Total;H50 H50 Vocational bachelors educations;TOT Age, total;TOT Total;2021 2021;7478
540 Sønderborg;TOT Total;H60 H60 Bachelors programs;TOT Age, total;TOT Total;2021 2021;562
540 Sønderborg;TOT Total;H70 H70 Masters programs;TOT Age, total;TOT Total;2021 2021;3100
540 Sønderborg;TOT Total;H80 H80 PhD programs;TOT Age, total;TOT Total;2021 2021;236
540 Sønderborg;TOT Total;TOT Total;TOT Age, total;TOT Total;2021 2021;48615
550 Tønder;TOT Total;H40 H40 Short cycle higher education;TOT Age, total;TOT Total;2021 2021;1076
550 Tønder;TOT Total;H50 H50 Vocational bachelors educations;TOT Age, total;TOT Total;2021 2021;3053
550 Tønder;TOT Total;H60 H60 Bachelors programs;TOT Age, total;TOT Total;2021 2021;136
550 Tønder;TOT Total;H70 H70 Masters programs;TOT Age, total;TOT Total;2021 2021;875
550 Tønder;TOT Total;H80 H80 PhD programs;TOT Age, total;TOT Total;2021 2021;68
550 Tønder;TOT Total;TOT Total;TOT Age, total;TOT Total;2021 2021;24457
561 Esbjerg;TOT Total;H40 H40 Short cycle higher education;TOT Age, total;TOT Total;2021 2021;4120
561 Esbjerg;TOT Total;H50 H50 Vocational bachelors educations;TOT Age, total;TOT Total;2021 2021;14042
561 Esbjerg;TOT Total;H60 H60 Bachelors programs;TOT Age, total;TOT Total;2021 2021;896
561 Esbjerg;TOT Total;H70 H70 Masters programs;TOT Age, total;TOT Total;2021 2021;4431
561 Esbjerg;TOT Total;H80 H80 PhD programs;TOT Age, total;TOT Total;2021 2021;249
561 Esbjerg;TOT Total;TOT Total;TOT Age, total;TOT Total;2021 2021;78912
563 Fanø;TOT Total;H40 H40 Short cycle higher education;TOT Age, total;TOT Total;2021 2021;126
563 Fanø;TOT Total;H50 H50 Vocational bachelors educations;TOT Age, total;TOT Total;2021 2021;529
563 Fanø;TOT Total;H60 H60 Bachelors programs;TOT Age, total;TOT Total;2021 2021;32
563 Fanø;TOT Total;H70 H70 Masters programs;TOT Age, total;TOT Total;2021 2021;173
563 Fanø;TOT Total;H80 H80 PhD programs;TOT Age, total;TOT Total;2021 2021;13
563 Fanø;TOT Total;TOT Total;TOT Age, total;TOT Total;2021 2021;2057
573 Varde;TOT Total;H40 H40 Short cycle higher education;TOT Age, total;TOT Total;2021 2021;1649
573 Varde;TOT Total;H50 H50 Vocational bachelors educations;TOT Age, total;TOT Total;2021 2021;4825
573 Varde;TOT Total;H60 H60 Bachelors programs;TOT Age, total;TOT Total;2021 2021;207
573 Varde;TOT Total;H70 H70 Masters programs;TOT Age, total;TOT Total;2021 2021;1231
573 Varde;TOT Total;H80 H80 PhD programs;TOT Age, total;TOT Total;2021 2021;81
573 Varde;TOT Total;TOT Total;TOT Age, total;TOT Total;2021 2021;33037
575 Vejen;TOT Total;H40 H40 Short cycle higher education;TOT Age, total;TOT Total;2021 2021;1418
575 Vejen;TOT Total;H50 H50 Vocational bachelors educations;TOT Age, total;TOT Total;2021 2021;3668
575 Vejen;TOT Total;H60 H60 Bachelors programs;TOT Age, total;TOT Total;2021 2021;223
575 Vejen;TOT Total;H70 H70 Masters programs;TOT Age, total;TOT Total;2021 2021;1150
575 Vejen;TOT Total;H80 H80 PhD programs;TOT Age, total;TOT Total;2021 2021;56
575 Vejen;TOT Total;TOT Total;TOT Age, total;TOT Total;2021 2021;28542
580 Aabenraa;TOT Total;H40 H40 Short cycle higher education;TOT Age, total;TOT Total;2021 2021;1863
580 Aabenraa;TOT Total;H50 H50 Vocational bachelors educations;TOT Age, total;TOT Total;2021 2021;5201
580 Aabenraa;TOT Total;H60 H60 Bachelors programs;TOT Age, total;TOT Total;2021 2021;296
580 Aabenraa;TOT Total;H70 H70 Masters programs;TOT Age, total;TOT Total;2021 2021;1869
580 Aabenraa;TOT Total;H80 H80 PhD programs;TOT Age, total;TOT Total;2021 2021;123
580 Aabenraa;TOT Total;TOT Total;TOT Age, total;TOT Total;2021 2021;39052
607 Fredericia;TOT Total;H40 H40 Short cycle higher education;TOT Age, total;TOT Total;2021 2021;1766
607 Fredericia;TOT Total;H50 H50 Vocational bachelors educations;TOT Age, total;TOT Total;2021 2021;5363
607 Fredericia;TOT Total;H60 H60 Bachelors programs;TOT Age, total;TOT Total;2021 2021;413
607 Fredericia;TOT Total;H70 H70 Masters programs;TOT Age, total;TOT Total;2021 2021;1997
607 Fredericia;TOT Total;H80 H80 PhD programs;TOT Age, total;TOT Total;2021 2021;145
607 Fredericia;TOT Total;TOT Total;TOT Age, total;TOT Total;2021 2021;35083
615 Horsens;TOT Total;H40 H40 Short cycle higher education;TOT Age, total;TOT Total;2021 2021;4097
615 Horsens;TOT Total;H50 H50 Vocational bachelors educations;TOT Age, total;TOT Total;2021 2021;11215
615 Horsens;TOT Total;H60 H60 Bachelors programs;TOT Age, total;TOT Total;2021 2021;667
615 Horsens;TOT Total;H70 H70 Masters programs;TOT Age, total;TOT Total;2021 2021;4260
615 Horsens;TOT Total;H80 H80 PhD programs;TOT Age, total;TOT Total;2021 2021;243
615 Horsens;TOT Total;TOT Total;TOT Age, total;TOT Total;2021 2021;64746
621 Kolding;TOT Total;H40 H40 Short cycle higher education;TOT Age, total;TOT Total;2021 2021;3823
621 Kolding;TOT Total;H50 H50 Vocational bachelors educations;TOT Age, total;TOT Total;2021 2021;10281
621 Kolding;TOT Total;H60 H60 Bachelors programs;TOT Age, total;TOT Total;2021 2021;1127
621 Kolding;TOT Total;H70 H70 Masters programs;TOT Age, total;TOT Total;2021 2021;5063
621 Kolding;TOT Total;H80 H80 PhD programs;TOT Age, total;TOT Total;2021 2021;240
621 Kolding;TOT Total;TOT Total;TOT Age, total;TOT Total;2021 2021;63927
630 Vejle;TOT Total;H40 H40 Short cycle higher education;TOT Age, total;TOT Total;2021 2021;4639
630 Vejle;TOT Total;H50 H50 Vocational bachelors educations;TOT Age, total;TOT Total;2021 2021;14080
630 Vejle;TOT Total;H60 H60 Bachelors programs;TOT Age, total;TOT Total;2021 2021;934
630 Vejle;TOT Total;H70 H70 Masters programs;TOT Age, total;TOT Total;2021 2021;7067
630 Vejle;TOT Total;H80 H80 PhD programs;TOT Age, total;TOT Total;2021 2021;411
630 Vejle;TOT Total;TOT Total;TOT Age, total;TOT Total;2021 2021;80703
657 Herning;TOT Total;H40 H40 Short cycle higher education;TOT Age, total;TOT Total;2021 2021;3727
657 Herning;TOT Total;H50 H50 Vocational bachelors educations;TOT Age, total;TOT Total;2021 2021;9510
657 Herning;TOT Total;H60 H60 Bachelors programs;TOT Age, total;TOT Total;2021 2021;743
657 Herning;TOT Total;H70 H70 Masters programs;TOT Age, total;TOT Total;2021 2021;2962
657 Herning;TOT Total;H80 H80 PhD programs;TOT Age, total;TOT Total;2021 2021;156
657 Herning;TOT Total;TOT Total;TOT Age, total;TOT Total;2021 2021;60732
661 Holstebro;TOT Total;H40 H40 Short cycle higher education;TOT Age, total;TOT Total;2021 2021;2068
661 Holstebro;TOT Total;H50 H50 Vocational bachelors educations;TOT Age, total;TOT Total;2021 2021;6872
661 Holstebro;TOT Total;H60 H60 Bachelors programs;TOT Age, total;TOT Total;2021 2021;318
661 Holstebro;TOT Total;H70 H70 Masters programs;TOT Age, total;TOT Total;2021 2021;1901
661 Holstebro;TOT Total;H80 H80 PhD programs;TOT Age, total;TOT Total;2021 2021;65
661 Holstebro;TOT Total;TOT Total;TOT Age, total;TOT Total;2021 2021;39331
665 Lemvig;TOT Total;H40 H40 Short cycle higher education;TOT Age, total;TOT Total;2021 2021;487
665 Lemvig;TOT Total;H50 H50 Vocational bachelors educations;TOT Age, total;TOT Total;2021 2021;1832
665 Lemvig;TOT Total;H60 H60 Bachelors programs;TOT Age, total;TOT Total;2021 2021;62
665 Lemvig;TOT Total;H70 H70 Masters programs;TOT Age, total;TOT Total;2021 2021;474
665 Lemvig;TOT Total;H80 H80 PhD programs;TOT Age, total;TOT Total;2021 2021;39
665 Lemvig;TOT Total;TOT Total;TOT Age, total;TOT Total;2021 2021;12784
671 Struer;TOT Total;H40 H40 Short cycle higher education;TOT Age, total;TOT Total;2021 2021;577
671 Struer;TOT Total;H50 H50 Vocational bachelors educations;TOT Age, total;TOT Total;2021 2021;2041
671 Struer;TOT Total;H60 H60 Bachelors programs;TOT Age, total;TOT Total;2021 2021;89
671 Struer;TOT Total;H70 H70 Masters programs;TOT Age, total;TOT Total;2021 2021;545
671 Struer;TOT Total;H80 H80 PhD programs;TOT Age, total;TOT Total;2021 2021;29
671 Struer;TOT Total;TOT Total;TOT Age, total;TOT Total;2021 2021;13655
706 Syddjurs;TOT Total;H40 H40 Short cycle higher education;TOT Age, total;TOT Total;2021 2021;1528
706 Syddjurs;TOT Total;H50 H50 Vocational bachelors educations;TOT Age, total;TOT Total;2021 2021;4720
706 Syddjurs;TOT Total;H60 H60 Bachelors programs;TOT Age, total;TOT Total;2021 2021;417
706 Syddjurs;TOT Total;H70 H70 Masters programs;TOT Age, total;TOT Total;2021 2021;2197
706 Syddjurs;TOT Total;H80 H80 PhD programs;TOT Age, total;TOT Total;2021 2021;183
706 Syddjurs;TOT Total;TOT Total;TOT Age, total;TOT Total;2021 2021;28408
707 Norddjurs;TOT Total;H40 H40 Short cycle higher education;TOT Age, total;TOT Total;2021 2021;1076
707 Norddjurs;TOT Total;H50 H50 Vocational bachelors educations;TOT Age, total;TOT Total;2021 2021;2919
707 Norddjurs;TOT Total;H60 H60 Bachelors programs;TOT Age, total;TOT Total;2021 2021;151
707 Norddjurs;TOT Total;H70 H70 Masters programs;TOT Age, total;TOT Total;2021 2021;742
707 Norddjurs;TOT Total;H80 H80 PhD programs;TOT Age, total;TOT Total;2021 2021;52
707 Norddjurs;TOT Total;TOT Total;TOT Age, total;TOT Total;2021 2021;25068
710 Favrskov;TOT Total;H40 H40 Short cycle higher education;TOT Age, total;TOT Total;2021 2021;1951
710 Favrskov;TOT Total;H50 H50 Vocational bachelors educations;TOT Age, total;TOT Total;2021 2021;5358
710 Favrskov;TOT Total;H60 H60 Bachelors programs;TOT Age, total;TOT Total;2021 2021;404
710 Favrskov;TOT Total;H70 H70 Masters programs;TOT Age, total;TOT Total;2021 2021;3133
710 Favrskov;TOT Total;H80 H80 PhD programs;TOT Age, total;TOT Total;2021 2021;352
710 Favrskov;TOT Total;TOT Total;TOT Age, total;TOT Total;2021 2021;32304
727 Odder;TOT Total;H40 H40 Short cycle higher education;TOT Age, total;TOT Total;2021 2021;773
727 Odder;TOT Total;H50 H50 Vocational bachelors educations;TOT Age, total;TOT Total;2021 2021;2614
727 Odder;TOT Total;H60 H60 Bachelors programs;TOT Age, total;TOT Total;2021 2021;204
727 Odder;TOT Total;H70 H70 Masters programs;TOT Age, total;TOT Total;2021 2021;1313
727 Odder;TOT Total;H80 H80 PhD programs;TOT Age, total;TOT Total;2021 2021;105
727 Odder;TOT Total;TOT Total;TOT Age, total;TOT Total;2021 2021;15149
730 Randers;TOT Total;H40 H40 Short cycle higher education;TOT Age, total;TOT Total;2021 2021;4260
730 Randers;TOT Total;H50 H50 Vocational bachelors educations;TOT Age, total;TOT Total;2021 2021;9620
730 Randers;TOT Total;H60 H60 Bachelors programs;TOT Age, total;TOT Total;2021 2021;673
730 Randers;TOT Total;H70 H70 Masters programs;TOT Age, total;TOT Total;2021 2021;3574
730 Randers;TOT Total;H80 H80 PhD programs;TOT Age, total;TOT Total;2021 2021;241
730 Randers;TOT Total;TOT Total;TOT Age, total;TOT Total;2021 2021;67537
740 Silkeborg;TOT Total;H40 H40 Short cycle higher education;TOT Age, total;TOT Total;2021 2021;4066
740 Silkeborg;TOT Total;H50 H50 Vocational bachelors educations;TOT Age, total;TOT Total;2021 2021;11646
740 Silkeborg;TOT Total;H60 H60 Bachelors programs;TOT Age, total;TOT Total;2021 2021;841
740 Silkeborg;TOT Total;H70 H70 Masters programs;TOT Age, total;TOT Total;2021 2021;5958
740 Silkeborg;TOT Total;H80 H80 PhD programs;TOT Age, total;TOT Total;2021 2021;336
740 Silkeborg;TOT Total;TOT Total;TOT Age, total;TOT Total;2021 2021;65214
741 Samsø;TOT Total;H40 H40 Short cycle higher education;TOT Age, total;TOT Total;2021 2021;105
741 Samsø;TOT Total;H50 H50 Vocational bachelors educations;TOT Age, total;TOT Total;2021 2021;373
741 Samsø;TOT Total;H60 H60 Bachelors programs;TOT Age, total;TOT Total;2021 2021;47
741 Samsø;TOT Total;H70 H70 Masters programs;TOT Age, total;TOT Total;2021 2021;158
741 Samsø;TOT Total;H80 H80 PhD programs;TOT Age, total;TOT Total;2021 2021;8
741 Samsø;TOT Total;TOT Total;TOT Age, total;TOT Total;2021 2021;2324
746 Skanderborg;TOT Total;H40 H40 Short cycle higher education;TOT Age, total;TOT Total;2021 2021;2673
746 Skanderborg;TOT Total;H50 H50 Vocational bachelors educations;TOT Age, total;TOT Total;2021 2021;7576
746 Skanderborg;TOT Total;H60 H60 Bachelors programs;TOT Age, total;TOT Total;2021 2021;607
746 Skanderborg;TOT Total;H70 H70 Masters programs;TOT Age, total;TOT Total;2021 2021;5686
746 Skanderborg;TOT Total;H80 H80 PhD programs;TOT Age, total;TOT Total;2021 2021;473
746 Skanderborg;TOT Total;TOT Total;TOT Age, total;TOT Total;2021 2021;42036
751 Aarhus;TOT Total;H40 H40 Short cycle higher education;TOT Age, total;TOT Total;2021 2021;13243
751 Aarhus;TOT Total;H50 H50 Vocational bachelors educations;TOT Age, total;TOT Total;2021 2021;44687
751 Aarhus;TOT Total;H60 H60 Bachelors programs;TOT Age, total;TOT Total;2021 2021;13902
751 Aarhus;TOT Total;H70 H70 Masters programs;TOT Age, total;TOT Total;2021 2021;42970
751 Aarhus;TOT Total;H80 H80 PhD programs;TOT Age, total;TOT Total;2021 2021;4865
751 Aarhus;TOT Total;TOT Total;TOT Age, total;TOT Total;2021 2021;263741
756 Ikast-Brande;TOT Total;H40 H40 Short cycle higher education;TOT Age, total;TOT Total;2021 2021;1542
756 Ikast-Brande;TOT Total;H50 H50 Vocational bachelors educations;TOT Age, total;TOT Total;2021 2021;3721
756 Ikast-Brande;TOT Total;H60 H60 Bachelors programs;TOT Age, total;TOT Total;2021 2021;237
756 Ikast-Brande;TOT Total;H70 H70 Masters programs;TOT Age, total;TOT Total;2021 2021;1332
756 Ikast-Brande;TOT Total;H80 H80 PhD programs;TOT Age, total;TOT Total;2021 2021;91
756 Ikast-Brande;TOT Total;TOT Total;TOT Age, total;TOT Total;2021 2021;28245
760 Ringkøbing-Skjern;TOT Total;H40 H40 Short cycle higher education;TOT Age, total;TOT Total;2021 2021;1827
760 Ringkøbing-Skjern;TOT Total;H50 H50 Vocational bachelors educations;TOT Age, total;TOT Total;2021 2021;5191
760 Ringkøbing-Skjern;TOT Total;H60 H60 Bachelors programs;TOT Age, total;TOT Total;2021 2021;239
760 Ringkøbing-Skjern;TOT Total;H70 H70 Masters programs;TOT Age, total;TOT Total;2021 2021;1475
760 Ringkøbing-Skjern;TOT Total;H80 H80 PhD programs;TOT Age, total;TOT Total;2021 2021;77
760 Ringkøbing-Skjern;TOT Total;TOT Total;TOT Age, total;TOT Total;2021 2021;37421
766 Hedensted;TOT Total;H40 H40 Short cycle higher education;TOT Age, total;TOT Total;2021 2021;1851
766 Hedensted;TOT Total;H50 H50 Vocational bachelors educations;TOT Age, total;TOT Total;2021 2021;4542
766 Hedensted;TOT Total;H60 H60 Bachelors programs;TOT Age, total;TOT Total;2021 2021;221
766 Hedensted;TOT Total;H70 H70 Masters programs;TOT Age, total;TOT Total;2021 2021;1230
766 Hedensted;TOT Total;H80 H80 PhD programs;TOT Age, total;TOT Total;2021 2021;56
766 Hedensted;TOT Total;TOT Total;TOT Age, total;TOT Total;2021 2021;31866
773 Morsø;TOT Total;H40 H40 Short cycle higher education;TOT Age, total;TOT Total;2021 2021;510
773 Morsø;TOT Total;H50 H50 Vocational bachelors educations;TOT Age, total;TOT Total;2021 2021;1531
773 Morsø;TOT Total;H60 H60 Bachelors programs;TOT Age, total;TOT Total;2021 2021;73
773 Morsø;TOT Total;H70 H70 Masters programs;TOT Age, total;TOT Total;2021 2021;381
773 Morsø;TOT Total;H80 H80 PhD programs;TOT Age, total;TOT Total;2021 2021;27
773 Morsø;TOT Total;TOT Total;TOT Age, total;TOT Total;2021 2021;13103
779 Skive;TOT Total;H40 H40 Short cycle higher education;TOT Age, total;TOT Total;2021 2021;1540
779 Skive;TOT Total;H50 H50 Vocational bachelors educations;TOT Age, total;TOT Total;2021 2021;4380
779 Skive;TOT Total;H60 H60 Bachelors programs;TOT Age, total;TOT Total;2021 2021;167
779 Skive;TOT Total;H70 H70 Masters programs;TOT Age, total;TOT Total;2021 2021;1084
779 Skive;TOT Total;H80 H80 PhD programs;TOT Age, total;TOT Total;2021 2021;44
779 Skive;TOT Total;TOT Total;TOT Age, total;TOT Total;2021 2021;30182
787 Thisted;TOT Total;H40 H40 Short cycle higher education;TOT Age, total;TOT Total;2021 2021;1268
787 Thisted;TOT Total;H50 H50 Vocational bachelors educations;TOT Age, total;TOT Total;2021 2021;3697
787 Thisted;TOT Total;H60 H60 Bachelors programs;TOT Age, total;TOT Total;2021 2021;173
787 Thisted;TOT Total;H70 H70 Masters programs;TOT Age, total;TOT Total;2021 2021;1213
787 Thisted;TOT Total;H80 H80 PhD programs;TOT Age, total;TOT Total;2021 2021;51
787 Thisted;TOT Total;TOT Total;TOT Age, total;TOT Total;2021 2021;28630
791 Viborg;TOT Total;H40 H40 Short cycle higher education;TOT Age, total;TOT Total;2021 2021;3619
791 Viborg;TOT Total;H50 H50 Vocational bachelors educations;TOT Age, total;TOT Total;2021 2021;10450
791 Viborg;TOT Total;H60 H60 Bachelors programs;TOT Age, total;TOT Total;2021 2021;516
791 Viborg;TOT Total;H70 H70 Masters programs;TOT Age, total;TOT Total;2021 2021;4377
791 Viborg;TOT Total;H80 H80 PhD programs;TOT Age, total;TOT Total;2021 2021;363
791 Viborg;TOT Total;TOT Total;TOT Age, total;TOT Total;2021 2021;65372
810 Brønderslev;TOT Total;H40 H40 Short cycle higher education;TOT Age, total;TOT Total;2021 2021;1091
810 Brønderslev;TOT Total;H50 H50 Vocational bachelors educations;TOT Age, total;TOT Total;2021 2021;3658
810 Brønderslev;TOT Total;H60 H60 Bachelors programs;TOT Age, total;TOT Total;2021 2021;191
810 Brønderslev;TOT Total;H70 H70 Masters programs;TOT Age, total;TOT Total;2021 2021;1219
810 Brønderslev;TOT Total;H80 H80 PhD programs;TOT Age, total;TOT Total;2021 2021;64
810 Brønderslev;TOT Total;TOT Total;TOT Age, total;TOT Total;2021 2021;23868
813 Frederikshavn;TOT Total;H40 H40 Short cycle higher education;TOT Age, total;TOT Total;2021 2021;1817
813 Frederikshavn;TOT Total;H50 H50 Vocational bachelors educations;TOT Age, total;TOT Total;2021 2021;5113
813 Frederikshavn;TOT Total;H60 H60 Bachelors programs;TOT Age, total;TOT Total;2021 2021;242
813 Frederikshavn;TOT Total;H70 H70 Masters programs;TOT Age, total;TOT Total;2021 2021;1327
813 Frederikshavn;TOT Total;H80 H80 PhD programs;TOT Age, total;TOT Total;2021 2021;84
813 Frederikshavn;TOT Total;TOT Total;TOT Age, total;TOT Total;2021 2021;38653
820 Vesthimmerlands;TOT Total;H40 H40 Short cycle higher education;TOT Age, total;TOT Total;2021 2021;1075
820 Vesthimmerlands;TOT Total;H50 H50 Vocational bachelors educations;TOT Age, total;TOT Total;2021 2021;3033
820 Vesthimmerlands;TOT Total;H60 H60 Bachelors programs;TOT Age, total;TOT Total;2021 2021;116
820 Vesthimmerlands;TOT Total;H70 H70 Masters programs;TOT Age, total;TOT Total;2021 2021;840
820 Vesthimmerlands;TOT Total;H80 H80 PhD programs;TOT Age, total;TOT Total;2021 2021;38
820 Vesthimmerlands;TOT Total;TOT Total;TOT Age, total;TOT Total;2021 2021;24005
825 Læsø;TOT Total;H40 H40 Short cycle higher education;TOT Age, total;TOT Total;2021 2021;24
825 Læsø;TOT Total;H50 H50 Vocational bachelors educations;TOT Age, total;TOT Total;2021 2021;142
825 Læsø;TOT Total;H60 H60 Bachelors programs;TOT Age, total;TOT Total;2021 2021;12
825 Læsø;TOT Total;H70 H70 Masters programs;TOT Age, total;TOT Total;2021 2021;37
825 Læsø;TOT Total;H80 H80 PhD programs;TOT Age, total;TOT Total;2021 2021;3
825 Læsø;TOT Total;TOT Total;TOT Age, total;TOT Total;2021 2021;1065
840 Rebild;TOT Total;H40 H40 Short cycle higher education;TOT Age, total;TOT Total;2021 2021;1081
840 Rebild;TOT Total;H50 H50 Vocational bachelors educations;TOT Age, total;TOT Total;2021 2021;3195
840 Rebild;TOT Total;H60 H60 Bachelors programs;TOT Age, total;TOT Total;2021 2021;250
840 Rebild;TOT Total;H70 H70 Masters programs;TOT Age, total;TOT Total;2021 2021;2056
840 Rebild;TOT Total;H80 H80 PhD programs;TOT Age, total;TOT Total;2021 2021;186
840 Rebild;TOT Total;TOT Total;TOT Age, total;TOT Total;2021 2021;20166
846 Mariagerfjord;TOT Total;H40 H40 Short cycle higher education;TOT Age, total;TOT Total;2021 2021;1431
846 Mariagerfjord;TOT Total;H50 H50 Vocational bachelors educations;TOT Age, total;TOT Total;2021 2021;3898
846 Mariagerfjord;TOT Total;H60 H60 Bachelors programs;TOT Age, total;TOT Total;2021 2021;232
846 Mariagerfjord;TOT Total;H70 H70 Masters programs;TOT Age, total;TOT Total;2021 2021;1363
846 Mariagerfjord;TOT Total;H80 H80 PhD programs;TOT Age, total;TOT Total;2021 2021;78
846 Mariagerfjord;TOT Total;TOT Total;TOT Age, total;TOT Total;2021 2021;27999
849 Jammerbugt;TOT Total;H40 H40 Short cycle higher education;TOT Age, total;TOT Total;2021 2021;1125
849 Jammerbugt;TOT Total;H50 H50 Vocational bachelors educations;TOT Age, total;TOT Total;2021 2021;3297
849 Jammerbugt;TOT Total;H60 H60 Bachelors programs;TOT Age, total;TOT Total;2021 2021;211
849 Jammerbugt;TOT Total;H70 H70 Masters programs;TOT Age, total;TOT Total;2021 2021;1161
849 Jammerbugt;TOT Total;H80 H80 PhD programs;TOT Age, total;TOT Total;2021 2021;64
849 Jammerbugt;TOT Total;TOT Total;TOT Age, total;TOT Total;2021 2021;24970
851 Aalborg;TOT Total;H40 H40 Short cycle higher education;TOT Age, total;TOT Total;2021 2021;7814
851 Aalborg;TOT Total;H50 H50 Vocational bachelors educations;TOT Age, total;TOT Total;2021 2021;24679
851 Aalborg;TOT Total;H60 H60 Bachelors programs;TOT Age, total;TOT Total;2021 2021;6472
851 Aalborg;TOT Total;H70 H70 Masters programs;TOT Age, total;TOT Total;2021 2021;18902
851 Aalborg;TOT Total;H80 H80 PhD programs;TOT Age, total;TOT Total;2021 2021;1553
851 Aalborg;TOT Total;TOT Total;TOT Age, total;TOT Total;2021 2021;158831
860 Hjørring;TOT Total;H40 H40 Short cycle higher education;TOT Age, total;TOT Total;2021 2021;1766
860 Hjørring;TOT Total;H50 H50 Vocational bachelors educations;TOT Age, total;TOT Total;2021 2021;6693
860 Hjørring;TOT Total;H60 H60 Bachelors programs;TOT Age, total;TOT Total;2021 2021;304
860 Hjørring;TOT Total;H70 H70 Masters programs;TOT Age, total;TOT Total;2021 2021;1761
860 Hjørring;TOT Total;H80 H80 PhD programs;TOT Age, total;TOT Total;2021 2021;98
860 Hjørring;TOT Total;TOT Total;TOT Age, total;TOT Total;2021 2021;42627
000 All Denmark;TOT Total;H40 H40 Short cycle higher education;TOT Age, total;TOT Total;2022 2022;212741
000 All Denmark;TOT Total;H50 H50 Vocational bachelors educations;TOT Age, total;TOT Total;2022 2022;651500
000 All Denmark;TOT Total;H60 H60 Bachelors programs;TOT Age, total;TOT Total;2022 2022;106454
000 All Denmark;TOT Total;H70 H70 Masters programs;TOT Age, total;TOT Total;2022 2022;470853
000 All Denmark;TOT Total;H80 H80 PhD programs;TOT Age, total;TOT Total;2022 2022;45081
000 All Denmark;TOT Total;TOT Total;TOT Age, total;TOT Total;2022 2022;4093404
101 Copenhagen;TOT Total;H40 H40 Short cycle higher education;TOT Age, total;TOT Total;2022 2022;22953
101 Copenhagen;TOT Total;H50 H50 Vocational bachelors educations;TOT Age, total;TOT Total;2022 2022;82555
101 Copenhagen;TOT Total;H60 H60 Bachelors programs;TOT Age, total;TOT Total;2022 2022;35342
101 Copenhagen;TOT Total;H70 H70 Masters programs;TOT Age, total;TOT Total;2022 2022;123010
101 Copenhagen;TOT Total;H80 H80 PhD programs;TOT Age, total;TOT Total;2022 2022;11313
101 Copenhagen;TOT Total;TOT Total;TOT Age, total;TOT Total;2022 2022;509615
147 Frederiksberg;TOT Total;H40 H40 Short cycle higher education;TOT Age, total;TOT Total;2022 2022;3270
147 Frederiksberg;TOT Total;H50 H50 Vocational bachelors educations;TOT Age, total;TOT Total;2022 2022;11993
147 Frederiksberg;TOT Total;H60 H60 Bachelors programs;TOT Age, total;TOT Total;2022 2022;5116
147 Frederiksberg;TOT Total;H70 H70 Masters programs;TOT Age, total;TOT Total;2022 2022;21243
147 Frederiksberg;TOT Total;H80 H80 PhD programs;TOT Age, total;TOT Total;2022 2022;1939
147 Frederiksberg;TOT Total;TOT Total;TOT Age, total;TOT Total;2022 2022;75929
151 Ballerup;TOT Total;H40 H40 Short cycle higher education;TOT Age, total;TOT Total;2022 2022;1776
151 Ballerup;TOT Total;H50 H50 Vocational bachelors educations;TOT Age, total;TOT Total;2022 2022;5077
151 Ballerup;TOT Total;H60 H60 Bachelors programs;TOT Age, total;TOT Total;2022 2022;585
151 Ballerup;TOT Total;H70 H70 Masters programs;TOT Age, total;TOT Total;2022 2022;3673
151 Ballerup;TOT Total;H80 H80 PhD programs;TOT Age, total;TOT Total;2022 2022;519
151 Ballerup;TOT Total;TOT Total;TOT Age, total;TOT Total;2022 2022;33301
153 Brøndby;TOT Total;H40 H40 Short cycle higher education;TOT Age, total;TOT Total;2022 2022;1293
153 Brøndby;TOT Total;H50 H50 Vocational bachelors educations;TOT Age, total;TOT Total;2022 2022;3350
153 Brøndby;TOT Total;H60 H60 Bachelors programs;TOT Age, total;TOT Total;2022 2022;380
153 Brøndby;TOT Total;H70 H70 Masters programs;TOT Age, total;TOT Total;2022 2022;1814
153 Brøndby;TOT Total;H80 H80 PhD programs;TOT Age, total;TOT Total;2022 2022;140
153 Brøndby;TOT Total;TOT Total;TOT Age, total;TOT Total;2022 2022;25310
155 Dragør;TOT Total;H40 H40 Short cycle higher education;TOT Age, total;TOT Total;2022 2022;581
155 Dragør;TOT Total;H50 H50 Vocational bachelors educations;TOT Age, total;TOT Total;2022 2022;1469
155 Dragør;TOT Total;H60 H60 Bachelors programs;TOT Age, total;TOT Total;2022 2022;187
155 Dragør;TOT Total;H70 H70 Masters programs;TOT Age, total;TOT Total;2022 2022;1413
155 Dragør;TOT Total;H80 H80 PhD programs;TOT Age, total;TOT Total;2022 2022;113
155 Dragør;TOT Total;TOT Total;TOT Age, total;TOT Total;2022 2022;9020
157 Gentofte;TOT Total;H40 H40 Short cycle higher education;TOT Age, total;TOT Total;2022 2022;2414
157 Gentofte;TOT Total;H50 H50 Vocational bachelors educations;TOT Age, total;TOT Total;2022 2022;7745
157 Gentofte;TOT Total;H60 H60 Bachelors programs;TOT Age, total;TOT Total;2022 2022;1796
157 Gentofte;TOT Total;H70 H70 Masters programs;TOT Age, total;TOT Total;2022 2022;14497
157 Gentofte;TOT Total;H80 H80 PhD programs;TOT Age, total;TOT Total;2022 2022;1700
157 Gentofte;TOT Total;TOT Total;TOT Age, total;TOT Total;2022 2022;49372
159 Gladsaxe;TOT Total;H40 H40 Short cycle higher education;TOT Age, total;TOT Total;2022 2022;2489
159 Gladsaxe;TOT Total;H50 H50 Vocational bachelors educations;TOT Age, total;TOT Total;2022 2022;8145
159 Gladsaxe;TOT Total;H60 H60 Bachelors programs;TOT Age, total;TOT Total;2022 2022;1308
159 Gladsaxe;TOT Total;H70 H70 Masters programs;TOT Age, total;TOT Total;2022 2022;8325
159 Gladsaxe;TOT Total;H80 H80 PhD programs;TOT Age, total;TOT Total;2022 2022;1233
159 Gladsaxe;TOT Total;TOT Total;TOT Age, total;TOT Total;2022 2022;48284
161 Glostrup;TOT Total;H40 H40 Short cycle higher education;TOT Age, total;TOT Total;2022 2022;975
161 Glostrup;TOT Total;H50 H50 Vocational bachelors educations;TOT Age, total;TOT Total;2022 2022;2584
161 Glostrup;TOT Total;H60 H60 Bachelors programs;TOT Age, total;TOT Total;2022 2022;295
161 Glostrup;TOT Total;H70 H70 Masters programs;TOT Age, total;TOT Total;2022 2022;1577
161 Glostrup;TOT Total;H80 H80 PhD programs;TOT Age, total;TOT Total;2022 2022;142
161 Glostrup;TOT Total;TOT Total;TOT Age, total;TOT Total;2022 2022;16455
163 Herlev;TOT Total;H40 H40 Short cycle higher education;TOT Age, total;TOT Total;2022 2022;1059
163 Herlev;TOT Total;H50 H50 Vocational bachelors educations;TOT Age, total;TOT Total;2022 2022;3099
163 Herlev;TOT Total;H60 H60 Bachelors programs;TOT Age, total;TOT Total;2022 2022;314
163 Herlev;TOT Total;H70 H70 Masters programs;TOT Age, total;TOT Total;2022 2022;2049
163 Herlev;TOT Total;H80 H80 PhD programs;TOT Age, total;TOT Total;2022 2022;282
163 Herlev;TOT Total;TOT Total;TOT Age, total;TOT Total;2022 2022;19639
165 Albertslund;TOT Total;H40 H40 Short cycle higher education;TOT Age, total;TOT Total;2022 2022;910
165 Albertslund;TOT Total;H50 H50 Vocational bachelors educations;TOT Age, total;TOT Total;2022 2022;2867
165 Albertslund;TOT Total;H60 H60 Bachelors programs;TOT Age, total;TOT Total;2022 2022;411
165 Albertslund;TOT Total;H70 H70 Masters programs;TOT Age, total;TOT Total;2022 2022;1400
165 Albertslund;TOT Total;H80 H80 PhD programs;TOT Age, total;TOT Total;2022 2022;111
165 Albertslund;TOT Total;TOT Total;TOT Age, total;TOT Total;2022 2022;18788
167 Hvidovre;TOT Total;H40 H40 Short cycle higher education;TOT Age, total;TOT Total;2022 2022;2049
167 Hvidovre;TOT Total;H50 H50 Vocational bachelors educations;TOT Age, total;TOT Total;2022 2022;5325
167 Hvidovre;TOT Total;H60 H60 Bachelors programs;TOT Age, total;TOT Total;2022 2022;792
167 Hvidovre;TOT Total;H70 H70 Masters programs;TOT Age, total;TOT Total;2022 2022;3927
167 Hvidovre;TOT Total;H80 H80 PhD programs;TOT Age, total;TOT Total;2022 2022;355
167 Hvidovre;TOT Total;TOT Total;TOT Age, total;TOT Total;2022 2022;36693
169 Høje-Taastrup;TOT Total;H40 H40 Short cycle higher education;TOT Age, total;TOT Total;2022 2022;2368
169 Høje-Taastrup;TOT Total;H50 H50 Vocational bachelors educations;TOT Age, total;TOT Total;2022 2022;5520
169 Høje-Taastrup;TOT Total;H60 H60 Bachelors programs;TOT Age, total;TOT Total;2022 2022;607
169 Høje-Taastrup;TOT Total;H70 H70 Masters programs;TOT Age, total;TOT Total;2022 2022;3368
169 Høje-Taastrup;TOT Total;H80 H80 PhD programs;TOT Age, total;TOT Total;2022 2022;331
169 Høje-Taastrup;TOT Total;TOT Total;TOT Age, total;TOT Total;2022 2022;38008
173 Lyngby-Taarbæk;TOT Total;H40 H40 Short cycle higher education;TOT Age, total;TOT Total;2022 2022;1710
173 Lyngby-Taarbæk;TOT Total;H50 H50 Vocational bachelors educations;TOT Age, total;TOT Total;2022 2022;6795
173 Lyngby-Taarbæk;TOT Total;H60 H60 Bachelors programs;TOT Age, total;TOT Total;2022 2022;2089
173 Lyngby-Taarbæk;TOT Total;H70 H70 Masters programs;TOT Age, total;TOT Total;2022 2022;10187
173 Lyngby-Taarbæk;TOT Total;H80 H80 PhD programs;TOT Age, total;TOT Total;2022 2022;1586
173 Lyngby-Taarbæk;TOT Total;TOT Total;TOT Age, total;TOT Total;2022 2022;40179
175 Rødovre;TOT Total;H40 H40 Short cycle higher education;TOT Age, total;TOT Total;2022 2022;1523
175 Rødovre;TOT Total;H50 H50 Vocational bachelors educations;TOT Age, total;TOT Total;2022 2022;4697
175 Rødovre;TOT Total;H60 H60 Bachelors programs;TOT Age, total;TOT Total;2022 2022;618
175 Rødovre;TOT Total;H70 H70 Masters programs;TOT Age, total;TOT Total;2022 2022;3413
175 Rødovre;TOT Total;H80 H80 PhD programs;TOT Age, total;TOT Total;2022 2022;341
175 Rødovre;TOT Total;TOT Total;TOT Age, total;TOT Total;2022 2022;29137
183 Ishøj;TOT Total;H40 H40 Short cycle higher education;TOT Age, total;TOT Total;2022 2022;872
183 Ishøj;TOT Total;H50 H50 Vocational bachelors educations;TOT Age, total;TOT Total;2022 2022;2135
183 Ishøj;TOT Total;H60 H60 Bachelors programs;TOT Age, total;TOT Total;2022 2022;251
183 Ishøj;TOT Total;H70 H70 Masters programs;TOT Age, total;TOT Total;2022 2022;1097
183 Ishøj;TOT Total;H80 H80 PhD programs;TOT Age, total;TOT Total;2022 2022;91
183 Ishøj;TOT Total;TOT Total;TOT Age, total;TOT Total;2022 2022;16419
185 Tårnby;TOT Total;H40 H40 Short cycle higher education;TOT Age, total;TOT Total;2022 2022;1619
185 Tårnby;TOT Total;H50 H50 Vocational bachelors educations;TOT Age, total;TOT Total;2022 2022;3861
185 Tårnby;TOT Total;H60 H60 Bachelors programs;TOT Age, total;TOT Total;2022 2022;468
185 Tårnby;TOT Total;H70 H70 Masters programs;TOT Age, total;TOT Total;2022 2022;2689
185 Tårnby;TOT Total;H80 H80 PhD programs;TOT Age, total;TOT Total;2022 2022;203
185 Tårnby;TOT Total;TOT Total;TOT Age, total;TOT Total;2022 2022;29141
187 Vallensbæk;TOT Total;H40 H40 Short cycle higher education;TOT Age, total;TOT Total;2022 2022;778
187 Vallensbæk;TOT Total;H50 H50 Vocational bachelors educations;TOT Age, total;TOT Total;2022 2022;1817
187 Vallensbæk;TOT Total;H60 H60 Bachelors programs;TOT Age, total;TOT Total;2022 2022;208
187 Vallensbæk;TOT Total;H70 H70 Masters programs;TOT Age, total;TOT Total;2022 2022;1305
187 Vallensbæk;TOT Total;H80 H80 PhD programs;TOT Age, total;TOT Total;2022 2022;104
187 Vallensbæk;TOT Total;TOT Total;TOT Age, total;TOT Total;2022 2022;10937
190 Furesø;TOT Total;H40 H40 Short cycle higher education;TOT Age, total;TOT Total;2022 2022;1430
190 Furesø;TOT Total;H50 H50 Vocational bachelors educations;TOT Age, total;TOT Total;2022 2022;4729
190 Furesø;TOT Total;H60 H60 Bachelors programs;TOT Age, total;TOT Total;2022 2022;502
190 Furesø;TOT Total;H70 H70 Masters programs;TOT Age, total;TOT Total;2022 2022;5922
190 Furesø;TOT Total;H80 H80 PhD programs;TOT Age, total;TOT Total;2022 2022;911
190 Furesø;TOT Total;TOT Total;TOT Age, total;TOT Total;2022 2022;26585
201 Allerød;TOT Total;H40 H40 Short cycle higher education;TOT Age, total;TOT Total;2022 2022;1029
201 Allerød;TOT Total;H50 H50 Vocational bachelors educations;TOT Age, total;TOT Total;2022 2022;2934
201 Allerød;TOT Total;H60 H60 Bachelors programs;TOT Age, total;TOT Total;2022 2022;339
201 Allerød;TOT Total;H70 H70 Masters programs;TOT Age, total;TOT Total;2022 2022;3385
201 Allerød;TOT Total;H80 H80 PhD programs;TOT Age, total;TOT Total;2022 2022;468
201 Allerød;TOT Total;TOT Total;TOT Age, total;TOT Total;2022 2022;16648
210 Fredensborg;TOT Total;H40 H40 Short cycle higher education;TOT Age, total;TOT Total;2022 2022;1485
210 Fredensborg;TOT Total;H50 H50 Vocational bachelors educations;TOT Age, total;TOT Total;2022 2022;4519
210 Fredensborg;TOT Total;H60 H60 Bachelors programs;TOT Age, total;TOT Total;2022 2022;627
210 Fredensborg;TOT Total;H70 H70 Masters programs;TOT Age, total;TOT Total;2022 2022;4188
210 Fredensborg;TOT Total;H80 H80 PhD programs;TOT Age, total;TOT Total;2022 2022;471
210 Fredensborg;TOT Total;TOT Total;TOT Age, total;TOT Total;2022 2022;26934
217 Helsingør;TOT Total;H40 H40 Short cycle higher education;TOT Age, total;TOT Total;2022 2022;2241
217 Helsingør;TOT Total;H50 H50 Vocational bachelors educations;TOT Age, total;TOT Total;2022 2022;7137
217 Helsingør;TOT Total;H60 H60 Bachelors programs;TOT Age, total;TOT Total;2022 2022;704
217 Helsingør;TOT Total;H70 H70 Masters programs;TOT Age, total;TOT Total;2022 2022;4602
217 Helsingør;TOT Total;H80 H80 PhD programs;TOT Age, total;TOT Total;2022 2022;383
217 Helsingør;TOT Total;TOT Total;TOT Age, total;TOT Total;2022 2022;41696
219 Hillerød;TOT Total;H40 H40 Short cycle higher education;TOT Age, total;TOT Total;2022 2022;2175
219 Hillerød;TOT Total;H50 H50 Vocational bachelors educations;TOT Age, total;TOT Total;2022 2022;6732
219 Hillerød;TOT Total;H60 H60 Bachelors programs;TOT Age, total;TOT Total;2022 2022;587
219 Hillerød;TOT Total;H70 H70 Masters programs;TOT Age, total;TOT Total;2022 2022;4696
219 Hillerød;TOT Total;H80 H80 PhD programs;TOT Age, total;TOT Total;2022 2022;547
219 Hillerød;TOT Total;TOT Total;TOT Age, total;TOT Total;2022 2022;36993
223 Hørsholm;TOT Total;H40 H40 Short cycle higher education;TOT Age, total;TOT Total;2022 2022;864
223 Hørsholm;TOT Total;H50 H50 Vocational bachelors educations;TOT Age, total;TOT Total;2022 2022;2448
223 Hørsholm;TOT Total;H60 H60 Bachelors programs;TOT Age, total;TOT Total;2022 2022;390
223 Hørsholm;TOT Total;H70 H70 Masters programs;TOT Age, total;TOT Total;2022 2022;3503
223 Hørsholm;TOT Total;H80 H80 PhD programs;TOT Age, total;TOT Total;2022 2022;331
223 Hørsholm;TOT Total;TOT Total;TOT Age, total;TOT Total;2022 2022;15130
230 Rudersdal;TOT Total;H40 H40 Short cycle higher education;TOT Age, total;TOT Total;2022 2022;1626
230 Rudersdal;TOT Total;H50 H50 Vocational bachelors educations;TOT Age, total;TOT Total;2022 2022;5706
230 Rudersdal;TOT Total;H60 H60 Bachelors programs;TOT Age, total;TOT Total;2022 2022;1264
230 Rudersdal;TOT Total;H70 H70 Masters programs;TOT Age, total;TOT Total;2022 2022;9933
230 Rudersdal;TOT Total;H80 H80 PhD programs;TOT Age, total;TOT Total;2022 2022;1355
230 Rudersdal;TOT Total;TOT Total;TOT Age, total;TOT Total;2022 2022;36402
240 Egedal;TOT Total;H40 H40 Short cycle higher education;TOT Age, total;TOT Total;2022 2022;2090
240 Egedal;TOT Total;H50 H50 Vocational bachelors educations;TOT Age, total;TOT Total;2022 2022;4999
240 Egedal;TOT Total;H60 H60 Bachelors programs;TOT Age, total;TOT Total;2022 2022;462
240 Egedal;TOT Total;H70 H70 Masters programs;TOT Age, total;TOT Total;2022 2022;3326
240 Egedal;TOT Total;H80 H80 PhD programs;TOT Age, total;TOT Total;2022 2022;411
240 Egedal;TOT Total;TOT Total;TOT Age, total;TOT Total;2022 2022;29916
250 Frederikssund;TOT Total;H40 H40 Short cycle higher education;TOT Age, total;TOT Total;2022 2022;1792
250 Frederikssund;TOT Total;H50 H50 Vocational bachelors educations;TOT Age, total;TOT Total;2022 2022;4866
250 Frederikssund;TOT Total;H60 H60 Bachelors programs;TOT Age, total;TOT Total;2022 2022;328
250 Frederikssund;TOT Total;H70 H70 Masters programs;TOT Age, total;TOT Total;2022 2022;2086
250 Frederikssund;TOT Total;H80 H80 PhD programs;TOT Age, total;TOT Total;2022 2022;188
250 Frederikssund;TOT Total;TOT Total;TOT Age, total;TOT Total;2022 2022;30708
253 Greve;TOT Total;H40 H40 Short cycle higher education;TOT Age, total;TOT Total;2022 2022;2108
253 Greve;TOT Total;H50 H50 Vocational bachelors educations;TOT Age, total;TOT Total;2022 2022;4813
253 Greve;TOT Total;H60 H60 Bachelors programs;TOT Age, total;TOT Total;2022 2022;488
253 Greve;TOT Total;H70 H70 Masters programs;TOT Age, total;TOT Total;2022 2022;3023
253 Greve;TOT Total;H80 H80 PhD programs;TOT Age, total;TOT Total;2022 2022;218
253 Greve;TOT Total;TOT Total;TOT Age, total;TOT Total;2022 2022;33723
259 Køge;TOT Total;H40 H40 Short cycle higher education;TOT Age, total;TOT Total;2022 2022;2573
259 Køge;TOT Total;H50 H50 Vocational bachelors educations;TOT Age, total;TOT Total;2022 2022;6136
259 Køge;TOT Total;H60 H60 Bachelors programs;TOT Age, total;TOT Total;2022 2022;555
259 Køge;TOT Total;H70 H70 Masters programs;TOT Age, total;TOT Total;2022 2022;3177
259 Køge;TOT Total;H80 H80 PhD programs;TOT Age, total;TOT Total;2022 2022;261
259 Køge;TOT Total;TOT Total;TOT Age, total;TOT Total;2022 2022;42477
260 Halsnæs;TOT Total;H40 H40 Short cycle higher education;TOT Age, total;TOT Total;2022 2022;988
260 Halsnæs;TOT Total;H50 H50 Vocational bachelors educations;TOT Age, total;TOT Total;2022 2022;3059
260 Halsnæs;TOT Total;H60 H60 Bachelors programs;TOT Age, total;TOT Total;2022 2022;193
260 Halsnæs;TOT Total;H70 H70 Masters programs;TOT Age, total;TOT Total;2022 2022;1103
260 Halsnæs;TOT Total;H80 H80 PhD programs;TOT Age, total;TOT Total;2022 2022;106
260 Halsnæs;TOT Total;TOT Total;TOT Age, total;TOT Total;2022 2022;20758
265 Roskilde;TOT Total;H40 H40 Short cycle higher education;TOT Age, total;TOT Total;2022 2022;3731
265 Roskilde;TOT Total;H50 H50 Vocational bachelors educations;TOT Age, total;TOT Total;2022 2022;10473
265 Roskilde;TOT Total;H60 H60 Bachelors programs;TOT Age, total;TOT Total;2022 2022;1402
265 Roskilde;TOT Total;H70 H70 Masters programs;TOT Age, total;TOT Total;2022 2022;8280
265 Roskilde;TOT Total;H80 H80 PhD programs;TOT Age, total;TOT Total;2022 2022;954
265 Roskilde;TOT Total;TOT Total;TOT Age, total;TOT Total;2022 2022;61910
269 Solrød;TOT Total;H40 H40 Short cycle higher education;TOT Age, total;TOT Total;2022 2022;1087
269 Solrød;TOT Total;H50 H50 Vocational bachelors educations;TOT Age, total;TOT Total;2022 2022;2394
269 Solrød;TOT Total;H60 H60 Bachelors programs;TOT Age, total;TOT Total;2022 2022;219
269 Solrød;TOT Total;H70 H70 Masters programs;TOT Age, total;TOT Total;2022 2022;1663
269 Solrød;TOT Total;H80 H80 PhD programs;TOT Age, total;TOT Total;2022 2022;114
269 Solrød;TOT Total;TOT Total;TOT Age, total;TOT Total;2022 2022;15622
270 Gribskov;TOT Total;H40 H40 Short cycle higher education;TOT Age, total;TOT Total;2022 2022;1392
270 Gribskov;TOT Total;H50 H50 Vocational bachelors educations;TOT Age, total;TOT Total;2022 2022;4407
270 Gribskov;TOT Total;H60 H60 Bachelors programs;TOT Age, total;TOT Total;2022 2022;342
270 Gribskov;TOT Total;H70 H70 Masters programs;TOT Age, total;TOT Total;2022 2022;1944
270 Gribskov;TOT Total;H80 H80 PhD programs;TOT Age, total;TOT Total;2022 2022;200
270 Gribskov;TOT Total;TOT Total;TOT Age, total;TOT Total;2022 2022;27141
306 Odsherred;TOT Total;H40 H40 Short cycle higher education;TOT Age, total;TOT Total;2022 2022;831
306 Odsherred;TOT Total;H50 H50 Vocational bachelors educations;TOT Age, total;TOT Total;2022 2022;2708
306 Odsherred;TOT Total;H60 H60 Bachelors programs;TOT Age, total;TOT Total;2022 2022;182
306 Odsherred;TOT Total;H70 H70 Masters programs;TOT Age, total;TOT Total;2022 2022;857
306 Odsherred;TOT Total;H80 H80 PhD programs;TOT Age, total;TOT Total;2022 2022;78
306 Odsherred;TOT Total;TOT Total;TOT Age, total;TOT Total;2022 2022;21100
316 Holbæk;TOT Total;H40 H40 Short cycle higher education;TOT Age, total;TOT Total;2022 2022;2630
316 Holbæk;TOT Total;H50 H50 Vocational bachelors educations;TOT Age, total;TOT Total;2022 2022;7999
316 Holbæk;TOT Total;H60 H60 Bachelors programs;TOT Age, total;TOT Total;2022 2022;512
316 Holbæk;TOT Total;H70 H70 Masters programs;TOT Age, total;TOT Total;2022 2022;3126
316 Holbæk;TOT Total;H80 H80 PhD programs;TOT Age, total;TOT Total;2022 2022;204
316 Holbæk;TOT Total;TOT Total;TOT Age, total;TOT Total;2022 2022;49771
320 Faxe;TOT Total;H40 H40 Short cycle higher education;TOT Age, total;TOT Total;2022 2022;1255
320 Faxe;TOT Total;H50 H50 Vocational bachelors educations;TOT Age, total;TOT Total;2022 2022;3389
320 Faxe;TOT Total;H60 H60 Bachelors programs;TOT Age, total;TOT Total;2022 2022;219
320 Faxe;TOT Total;H70 H70 Masters programs;TOT Age, total;TOT Total;2022 2022;1146
320 Faxe;TOT Total;H80 H80 PhD programs;TOT Age, total;TOT Total;2022 2022;86
320 Faxe;TOT Total;TOT Total;TOT Age, total;TOT Total;2022 2022;25399
326 Kalundborg;TOT Total;H40 H40 Short cycle higher education;TOT Age, total;TOT Total;2022 2022;1618
326 Kalundborg;TOT Total;H50 H50 Vocational bachelors educations;TOT Age, total;TOT Total;2022 2022;4038
326 Kalundborg;TOT Total;H60 H60 Bachelors programs;TOT Age, total;TOT Total;2022 2022;210
326 Kalundborg;TOT Total;H70 H70 Masters programs;TOT Age, total;TOT Total;2022 2022;1296
326 Kalundborg;TOT Total;H80 H80 PhD programs;TOT Age, total;TOT Total;2022 2022;115
326 Kalundborg;TOT Total;TOT Total;TOT Age, total;TOT Total;2022 2022;32625
329 Ringsted;TOT Total;H40 H40 Short cycle higher education;TOT Age, total;TOT Total;2022 2022;1472
329 Ringsted;TOT Total;H50 H50 Vocational bachelors educations;TOT Age, total;TOT Total;2022 2022;3585
329 Ringsted;TOT Total;H60 H60 Bachelors programs;TOT Age, total;TOT Total;2022 2022;319
329 Ringsted;TOT Total;H70 H70 Masters programs;TOT Age, total;TOT Total;2022 2022;1660
329 Ringsted;TOT Total;H80 H80 PhD programs;TOT Age, total;TOT Total;2022 2022;162
329 Ringsted;TOT Total;TOT Total;TOT Age, total;TOT Total;2022 2022;25067
330 Slagelse;TOT Total;H40 H40 Short cycle higher education;TOT Age, total;TOT Total;2022 2022;2820
330 Slagelse;TOT Total;H50 H50 Vocational bachelors educations;TOT Age, total;TOT Total;2022 2022;8234
330 Slagelse;TOT Total;H60 H60 Bachelors programs;TOT Age, total;TOT Total;2022 2022;572
330 Slagelse;TOT Total;H70 H70 Masters programs;TOT Age, total;TOT Total;2022 2022;2505
330 Slagelse;TOT Total;H80 H80 PhD programs;TOT Age, total;TOT Total;2022 2022;152
330 Slagelse;TOT Total;TOT Total;TOT Age, total;TOT Total;2022 2022;54699
336 Stevns;TOT Total;H40 H40 Short cycle higher education;TOT Age, total;TOT Total;2022 2022;840
336 Stevns;TOT Total;H50 H50 Vocational bachelors educations;TOT Age, total;TOT Total;2022 2022;2180
336 Stevns;TOT Total;H60 H60 Bachelors programs;TOT Age, total;TOT Total;2022 2022;144
336 Stevns;TOT Total;H70 H70 Masters programs;TOT Age, total;TOT Total;2022 2022;890
336 Stevns;TOT Total;H80 H80 PhD programs;TOT Age, total;TOT Total;2022 2022;77
336 Stevns;TOT Total;TOT Total;TOT Age, total;TOT Total;2022 2022;15710
340 Sorø;TOT Total;H40 H40 Short cycle higher education;TOT Age, total;TOT Total;2022 2022;941
340 Sorø;TOT Total;H50 H50 Vocational bachelors educations;TOT Age, total;TOT Total;2022 2022;3037
340 Sorø;TOT Total;H60 H60 Bachelors programs;TOT Age, total;TOT Total;2022 2022;266
340 Sorø;TOT Total;H70 H70 Masters programs;TOT Age, total;TOT Total;2022 2022;1730
340 Sorø;TOT Total;H80 H80 PhD programs;TOT Age, total;TOT Total;2022 2022;132
340 Sorø;TOT Total;TOT Total;TOT Age, total;TOT Total;2022 2022;20470
350 Lejre;TOT Total;H40 H40 Short cycle higher education;TOT Age, total;TOT Total;2022 2022;1143
350 Lejre;TOT Total;H50 H50 Vocational bachelors educations;TOT Age, total;TOT Total;2022 2022;3093
350 Lejre;TOT Total;H60 H60 Bachelors programs;TOT Age, total;TOT Total;2022 2022;274
350 Lejre;TOT Total;H70 H70 Masters programs;TOT Age, total;TOT Total;2022 2022;2111
350 Lejre;TOT Total;H80 H80 PhD programs;TOT Age, total;TOT Total;2022 2022;249
350 Lejre;TOT Total;TOT Total;TOT Age, total;TOT Total;2022 2022;18956
360 Lolland;TOT Total;H40 H40 Short cycle higher education;TOT Age, total;TOT Total;2022 2022;849
360 Lolland;TOT Total;H50 H50 Vocational bachelors educations;TOT Age, total;TOT Total;2022 2022;2961
360 Lolland;TOT Total;H60 H60 Bachelors programs;TOT Age, total;TOT Total;2022 2022;116
360 Lolland;TOT Total;H70 H70 Masters programs;TOT Age, total;TOT Total;2022 2022;700
360 Lolland;TOT Total;H80 H80 PhD programs;TOT Age, total;TOT Total;2022 2022;59
360 Lolland;TOT Total;TOT Total;TOT Age, total;TOT Total;2022 2022;26039
370 Næstved;TOT Total;H40 H40 Short cycle higher education;TOT Age, total;TOT Total;2022 2022;3064
370 Næstved;TOT Total;H50 H50 Vocational bachelors educations;TOT Age, total;TOT Total;2022 2022;9289
370 Næstved;TOT Total;H60 H60 Bachelors programs;TOT Age, total;TOT Total;2022 2022;517
370 Næstved;TOT Total;H70 H70 Masters programs;TOT Age, total;TOT Total;2022 2022;2760
370 Næstved;TOT Total;H80 H80 PhD programs;TOT Age, total;TOT Total;2022 2022;192
370 Næstved;TOT Total;TOT Total;TOT Age, total;TOT Total;2022 2022;57670
376 Guldborgsund;TOT Total;H40 H40 Short cycle higher education;TOT Age, total;TOT Total;2022 2022;1708
376 Guldborgsund;TOT Total;H50 H50 Vocational bachelors educations;TOT Age, total;TOT Total;2022 2022;6038
376 Guldborgsund;TOT Total;H60 H60 Bachelors programs;TOT Age, total;TOT Total;2022 2022;289
376 Guldborgsund;TOT Total;H70 H70 Masters programs;TOT Age, total;TOT Total;2022 2022;1621
376 Guldborgsund;TOT Total;H80 H80 PhD programs;TOT Age, total;TOT Total;2022 2022;92
376 Guldborgsund;TOT Total;TOT Total;TOT Age, total;TOT Total;2022 2022;39816
390 Vordingborg;TOT Total;H40 H40 Short cycle higher education;TOT Age, total;TOT Total;2022 2022;1362
390 Vordingborg;TOT Total;H50 H50 Vocational bachelors educations;TOT Age, total;TOT Total;2022 2022;4751
390 Vordingborg;TOT Total;H60 H60 Bachelors programs;TOT Age, total;TOT Total;2022 2022;315
390 Vordingborg;TOT Total;H70 H70 Masters programs;TOT Age, total;TOT Total;2022 2022;1590
390 Vordingborg;TOT Total;H80 H80 PhD programs;TOT Age, total;TOT Total;2022 2022;139
390 Vordingborg;TOT Total;TOT Total;TOT Age, total;TOT Total;2022 2022;29968
400 Bornholm;TOT Total;H40 H40 Short cycle higher education;TOT Age, total;TOT Total;2022 2022;1020
400 Bornholm;TOT Total;H50 H50 Vocational bachelors educations;TOT Age, total;TOT Total;2022 2022;3897
400 Bornholm;TOT Total;H60 H60 Bachelors programs;TOT Age, total;TOT Total;2022 2022;270
400 Bornholm;TOT Total;H70 H70 Masters programs;TOT Age, total;TOT Total;2022 2022;1347
400 Bornholm;TOT Total;H80 H80 PhD programs;TOT Age, total;TOT Total;2022 2022;107
400 Bornholm;TOT Total;TOT Total;TOT Age, total;TOT Total;2022 2022;25500
410 Middelfart;TOT Total;H40 H40 Short cycle higher education;TOT Age, total;TOT Total;2022 2022;1435
410 Middelfart;TOT Total;H50 H50 Vocational bachelors educations;TOT Age, total;TOT Total;2022 2022;4421
410 Middelfart;TOT Total;H60 H60 Bachelors programs;TOT Age, total;TOT Total;2022 2022;308
410 Middelfart;TOT Total;H70 H70 Masters programs;TOT Age, total;TOT Total;2022 2022;2144
410 Middelfart;TOT Total;H80 H80 PhD programs;TOT Age, total;TOT Total;2022 2022;136
410 Middelfart;TOT Total;TOT Total;TOT Age, total;TOT Total;2022 2022;26536
420 Assens;TOT Total;H40 H40 Short cycle higher education;TOT Age, total;TOT Total;2022 2022;1359
420 Assens;TOT Total;H50 H50 Vocational bachelors educations;TOT Age, total;TOT Total;2022 2022;4054
420 Assens;TOT Total;H60 H60 Bachelors programs;TOT Age, total;TOT Total;2022 2022;256
420 Assens;TOT Total;H70 H70 Masters programs;TOT Age, total;TOT Total;2022 2022;1436
420 Assens;TOT Total;H80 H80 PhD programs;TOT Age, total;TOT Total;2022 2022;124
420 Assens;TOT Total;TOT Total;TOT Age, total;TOT Total;2022 2022;27351
430 Faaborg-Midtfyn;TOT Total;H40 H40 Short cycle higher education;TOT Age, total;TOT Total;2022 2022;1849
430 Faaborg-Midtfyn;TOT Total;H50 H50 Vocational bachelors educations;TOT Age, total;TOT Total;2022 2022;5301
430 Faaborg-Midtfyn;TOT Total;H60 H60 Bachelors programs;TOT Age, total;TOT Total;2022 2022;359
430 Faaborg-Midtfyn;TOT Total;H70 H70 Masters programs;TOT Age, total;TOT Total;2022 2022;1856
430 Faaborg-Midtfyn;TOT Total;H80 H80 PhD programs;TOT Age, total;TOT Total;2022 2022;162
430 Faaborg-Midtfyn;TOT Total;TOT Total;TOT Age, total;TOT Total;2022 2022;34209
440 Kerteminde;TOT Total;H40 H40 Short cycle higher education;TOT Age, total;TOT Total;2022 2022;756
440 Kerteminde;TOT Total;H50 H50 Vocational bachelors educations;TOT Age, total;TOT Total;2022 2022;2471
440 Kerteminde;TOT Total;H60 H60 Bachelors programs;TOT Age, total;TOT Total;2022 2022;177
440 Kerteminde;TOT Total;H70 H70 Masters programs;TOT Age, total;TOT Total;2022 2022;850
440 Kerteminde;TOT Total;H80 H80 PhD programs;TOT Age, total;TOT Total;2022 2022;91
440 Kerteminde;TOT Total;TOT Total;TOT Age, total;TOT Total;2022 2022;15609
450 Nyborg;TOT Total;H40 H40 Short cycle higher education;TOT Age, total;TOT Total;2022 2022;1051
450 Nyborg;TOT Total;H50 H50 Vocational bachelors educations;TOT Age, total;TOT Total;2022 2022;3210
450 Nyborg;TOT Total;H60 H60 Bachelors programs;TOT Age, total;TOT Total;2022 2022;236
450 Nyborg;TOT Total;H70 H70 Masters programs;TOT Age, total;TOT Total;2022 2022;1283
450 Nyborg;TOT Total;H80 H80 PhD programs;TOT Age, total;TOT Total;2022 2022;126
450 Nyborg;TOT Total;TOT Total;TOT Age, total;TOT Total;2022 2022;21361
461 Odense;TOT Total;H40 H40 Short cycle higher education;TOT Age, total;TOT Total;2022 2022;7577
461 Odense;TOT Total;H50 H50 Vocational bachelors educations;TOT Age, total;TOT Total;2022 2022;25954
461 Odense;TOT Total;H60 H60 Bachelors programs;TOT Age, total;TOT Total;2022 2022;6366
461 Odense;TOT Total;H70 H70 Masters programs;TOT Age, total;TOT Total;2022 2022;17226
461 Odense;TOT Total;H80 H80 PhD programs;TOT Age, total;TOT Total;2022 2022;1863
461 Odense;TOT Total;TOT Total;TOT Age, total;TOT Total;2022 2022;149463
479 Svendborg;TOT Total;H40 H40 Short cycle higher education;TOT Age, total;TOT Total;2022 2022;1844
479 Svendborg;TOT Total;H50 H50 Vocational bachelors educations;TOT Age, total;TOT Total;2022 2022;7831
479 Svendborg;TOT Total;H60 H60 Bachelors programs;TOT Age, total;TOT Total;2022 2022;494
479 Svendborg;TOT Total;H70 H70 Masters programs;TOT Age, total;TOT Total;2022 2022;2820
479 Svendborg;TOT Total;H80 H80 PhD programs;TOT Age, total;TOT Total;2022 2022;164
479 Svendborg;TOT Total;TOT Total;TOT Age, total;TOT Total;2022 2022;39657
480 Nordfyns;TOT Total;H40 H40 Short cycle higher education;TOT Age, total;TOT Total;2022 2022;1015
480 Nordfyns;TOT Total;H50 H50 Vocational bachelors educations;TOT Age, total;TOT Total;2022 2022;2782
480 Nordfyns;TOT Total;H60 H60 Bachelors programs;TOT Age, total;TOT Total;2022 2022;150
480 Nordfyns;TOT Total;H70 H70 Masters programs;TOT Age, total;TOT Total;2022 2022;919
480 Nordfyns;TOT Total;H80 H80 PhD programs;TOT Age, total;TOT Total;2022 2022;94
480 Nordfyns;TOT Total;TOT Total;TOT Age, total;TOT Total;2022 2022;19985
482 Langeland;TOT Total;H40 H40 Short cycle higher education;TOT Age, total;TOT Total;2022 2022;255
482 Langeland;TOT Total;H50 H50 Vocational bachelors educations;TOT Age, total;TOT Total;2022 2022;906
482 Langeland;TOT Total;H60 H60 Bachelors programs;TOT Age, total;TOT Total;2022 2022;62
482 Langeland;TOT Total;H70 H70 Masters programs;TOT Age, total;TOT Total;2022 2022;299
482 Langeland;TOT Total;H80 H80 PhD programs;TOT Age, total;TOT Total;2022 2022;29
482 Langeland;TOT Total;TOT Total;TOT Age, total;TOT Total;2022 2022;7747
492 Ærø;TOT Total;H40 H40 Short cycle higher education;TOT Age, total;TOT Total;2022 2022;228
492 Ærø;TOT Total;H50 H50 Vocational bachelors educations;TOT Age, total;TOT Total;2022 2022;579
492 Ærø;TOT Total;H60 H60 Bachelors programs;TOT Age, total;TOT Total;2022 2022;41
492 Ærø;TOT Total;H70 H70 Masters programs;TOT Age, total;TOT Total;2022 2022;234
492 Ærø;TOT Total;H80 H80 PhD programs;TOT Age, total;TOT Total;2022 2022;23
492 Ærø;TOT Total;TOT Total;TOT Age, total;TOT Total;2022 2022;3689
510 Haderslev;TOT Total;H40 H40 Short cycle higher education;TOT Age, total;TOT Total;2022 2022;1953
510 Haderslev;TOT Total;H50 H50 Vocational bachelors educations;TOT Age, total;TOT Total;2022 2022;5685
510 Haderslev;TOT Total;H60 H60 Bachelors programs;TOT Age, total;TOT Total;2022 2022;293
510 Haderslev;TOT Total;H70 H70 Masters programs;TOT Age, total;TOT Total;2022 2022;1655
510 Haderslev;TOT Total;H80 H80 PhD programs;TOT Age, total;TOT Total;2022 2022;76
510 Haderslev;TOT Total;TOT Total;TOT Age, total;TOT Total;2022 2022;37224
530 Billund;TOT Total;H40 H40 Short cycle higher education;TOT Age, total;TOT Total;2022 2022;883
530 Billund;TOT Total;H50 H50 Vocational bachelors educations;TOT Age, total;TOT Total;2022 2022;2394
530 Billund;TOT Total;H60 H60 Bachelors programs;TOT Age, total;TOT Total;2022 2022;117
530 Billund;TOT Total;H70 H70 Masters programs;TOT Age, total;TOT Total;2022 2022;919
530 Billund;TOT Total;H80 H80 PhD programs;TOT Age, total;TOT Total;2022 2022;86
530 Billund;TOT Total;TOT Total;TOT Age, total;TOT Total;2022 2022;18118
540 Sønderborg;TOT Total;H40 H40 Short cycle higher education;TOT Age, total;TOT Total;2022 2022;2897
540 Sønderborg;TOT Total;H50 H50 Vocational bachelors educations;TOT Age, total;TOT Total;2022 2022;7758
540 Sønderborg;TOT Total;H60 H60 Bachelors programs;TOT Age, total;TOT Total;2022 2022;577
540 Sønderborg;TOT Total;H70 H70 Masters programs;TOT Age, total;TOT Total;2022 2022;3301
540 Sønderborg;TOT Total;H80 H80 PhD programs;TOT Age, total;TOT Total;2022 2022;276
540 Sønderborg;TOT Total;TOT Total;TOT Age, total;TOT Total;2022 2022;49077
550 Tønder;TOT Total;H40 H40 Short cycle higher education;TOT Age, total;TOT Total;2022 2022;1103
550 Tønder;TOT Total;H50 H50 Vocational bachelors educations;TOT Age, total;TOT Total;2022 2022;3089
550 Tønder;TOT Total;H60 H60 Bachelors programs;TOT Age, total;TOT Total;2022 2022;127
550 Tønder;TOT Total;H70 H70 Masters programs;TOT Age, total;TOT Total;2022 2022;868
550 Tønder;TOT Total;H80 H80 PhD programs;TOT Age, total;TOT Total;2022 2022;79
550 Tønder;TOT Total;TOT Total;TOT Age, total;TOT Total;2022 2022;24388
561 Esbjerg;TOT Total;H40 H40 Short cycle higher education;TOT Age, total;TOT Total;2022 2022;4186
561 Esbjerg;TOT Total;H50 H50 Vocational bachelors educations;TOT Age, total;TOT Total;2022 2022;14409
561 Esbjerg;TOT Total;H60 H60 Bachelors programs;TOT Age, total;TOT Total;2022 2022;916
561 Esbjerg;TOT Total;H70 H70 Masters programs;TOT Age, total;TOT Total;2022 2022;4543
561 Esbjerg;TOT Total;H80 H80 PhD programs;TOT Age, total;TOT Total;2022 2022;257
561 Esbjerg;TOT Total;TOT Total;TOT Age, total;TOT Total;2022 2022;78853
563 Fanø;TOT Total;H40 H40 Short cycle higher education;TOT Age, total;TOT Total;2022 2022;126
563 Fanø;TOT Total;H50 H50 Vocational bachelors educations;TOT Age, total;TOT Total;2022 2022;517
563 Fanø;TOT Total;H60 H60 Bachelors programs;TOT Age, total;TOT Total;2022 2022;32
563 Fanø;TOT Total;H70 H70 Masters programs;TOT Age, total;TOT Total;2022 2022;186
563 Fanø;TOT Total;H80 H80 PhD programs;TOT Age, total;TOT Total;2022 2022;12
563 Fanø;TOT Total;TOT Total;TOT Age, total;TOT Total;2022 2022;2016
573 Varde;TOT Total;H40 H40 Short cycle higher education;TOT Age, total;TOT Total;2022 2022;1713
573 Varde;TOT Total;H50 H50 Vocational bachelors educations;TOT Age, total;TOT Total;2022 2022;5041
573 Varde;TOT Total;H60 H60 Bachelors programs;TOT Age, total;TOT Total;2022 2022;212
573 Varde;TOT Total;H70 H70 Masters programs;TOT Age, total;TOT Total;2022 2022;1318
573 Varde;TOT Total;H80 H80 PhD programs;TOT Age, total;TOT Total;2022 2022;98
573 Varde;TOT Total;TOT Total;TOT Age, total;TOT Total;2022 2022;33170
575 Vejen;TOT Total;H40 H40 Short cycle higher education;TOT Age, total;TOT Total;2022 2022;1433
575 Vejen;TOT Total;H50 H50 Vocational bachelors educations;TOT Age, total;TOT Total;2022 2022;3791
575 Vejen;TOT Total;H60 H60 Bachelors programs;TOT Age, total;TOT Total;2022 2022;226
575 Vejen;TOT Total;H70 H70 Masters programs;TOT Age, total;TOT Total;2022 2022;1215
575 Vejen;TOT Total;H80 H80 PhD programs;TOT Age, total;TOT Total;2022 2022;73
575 Vejen;TOT Total;TOT Total;TOT Age, total;TOT Total;2022 2022;28607
580 Aabenraa;TOT Total;H40 H40 Short cycle higher education;TOT Age, total;TOT Total;2022 2022;1961
580 Aabenraa;TOT Total;H50 H50 Vocational bachelors educations;TOT Age, total;TOT Total;2022 2022;5419
580 Aabenraa;TOT Total;H60 H60 Bachelors programs;TOT Age, total;TOT Total;2022 2022;295
580 Aabenraa;TOT Total;H70 H70 Masters programs;TOT Age, total;TOT Total;2022 2022;1923
580 Aabenraa;TOT Total;H80 H80 PhD programs;TOT Age, total;TOT Total;2022 2022;152
580 Aabenraa;TOT Total;TOT Total;TOT Age, total;TOT Total;2022 2022;39155
607 Fredericia;TOT Total;H40 H40 Short cycle higher education;TOT Age, total;TOT Total;2022 2022;1824
607 Fredericia;TOT Total;H50 H50 Vocational bachelors educations;TOT Age, total;TOT Total;2022 2022;5512
607 Fredericia;TOT Total;H60 H60 Bachelors programs;TOT Age, total;TOT Total;2022 2022;412
607 Fredericia;TOT Total;H70 H70 Masters programs;TOT Age, total;TOT Total;2022 2022;2129
607 Fredericia;TOT Total;H80 H80 PhD programs;TOT Age, total;TOT Total;2022 2022;168
607 Fredericia;TOT Total;TOT Total;TOT Age, total;TOT Total;2022 2022;35575
615 Horsens;TOT Total;H40 H40 Short cycle higher education;TOT Age, total;TOT Total;2022 2022;4207
615 Horsens;TOT Total;H50 H50 Vocational bachelors educations;TOT Age, total;TOT Total;2022 2022;11801
615 Horsens;TOT Total;H60 H60 Bachelors programs;TOT Age, total;TOT Total;2022 2022;681
615 Horsens;TOT Total;H70 H70 Masters programs;TOT Age, total;TOT Total;2022 2022;4583
615 Horsens;TOT Total;H80 H80 PhD programs;TOT Age, total;TOT Total;2022 2022;287
615 Horsens;TOT Total;TOT Total;TOT Age, total;TOT Total;2022 2022;66174
621 Kolding;TOT Total;H40 H40 Short cycle higher education;TOT Age, total;TOT Total;2022 2022;3913
621 Kolding;TOT Total;H50 H50 Vocational bachelors educations;TOT Age, total;TOT Total;2022 2022;10629
621 Kolding;TOT Total;H60 H60 Bachelors programs;TOT Age, total;TOT Total;2022 2022;1130
621 Kolding;TOT Total;H70 H70 Masters programs;TOT Age, total;TOT Total;2022 2022;5418
621 Kolding;TOT Total;H80 H80 PhD programs;TOT Age, total;TOT Total;2022 2022;251
621 Kolding;TOT Total;TOT Total;TOT Age, total;TOT Total;2022 2022;64784
630 Vejle;TOT Total;H40 H40 Short cycle higher education;TOT Age, total;TOT Total;2022 2022;4819
630 Vejle;TOT Total;H50 H50 Vocational bachelors educations;TOT Age, total;TOT Total;2022 2022;14732
630 Vejle;TOT Total;H60 H60 Bachelors programs;TOT Age, total;TOT Total;2022 2022;965
630 Vejle;TOT Total;H70 H70 Masters programs;TOT Age, total;TOT Total;2022 2022;7573
630 Vejle;TOT Total;H80 H80 PhD programs;TOT Age, total;TOT Total;2022 2022;464
630 Vejle;TOT Total;TOT Total;TOT Age, total;TOT Total;2022 2022;82322
657 Herning;TOT Total;H40 H40 Short cycle higher education;TOT Age, total;TOT Total;2022 2022;3863
657 Herning;TOT Total;H50 H50 Vocational bachelors educations;TOT Age, total;TOT Total;2022 2022;9813
657 Herning;TOT Total;H60 H60 Bachelors programs;TOT Age, total;TOT Total;2022 2022;732
657 Herning;TOT Total;H70 H70 Masters programs;TOT Age, total;TOT Total;2022 2022;3145
657 Herning;TOT Total;H80 H80 PhD programs;TOT Age, total;TOT Total;2022 2022;191
657 Herning;TOT Total;TOT Total;TOT Age, total;TOT Total;2022 2022;61055
661 Holstebro;TOT Total;H40 H40 Short cycle higher education;TOT Age, total;TOT Total;2022 2022;2160
661 Holstebro;TOT Total;H50 H50 Vocational bachelors educations;TOT Age, total;TOT Total;2022 2022;7017
661 Holstebro;TOT Total;H60 H60 Bachelors programs;TOT Age, total;TOT Total;2022 2022;318
661 Holstebro;TOT Total;H70 H70 Masters programs;TOT Age, total;TOT Total;2022 2022;1945
661 Holstebro;TOT Total;H80 H80 PhD programs;TOT Age, total;TOT Total;2022 2022;80
661 Holstebro;TOT Total;TOT Total;TOT Age, total;TOT Total;2022 2022;39581
665 Lemvig;TOT Total;H40 H40 Short cycle higher education;TOT Age, total;TOT Total;2022 2022;519
665 Lemvig;TOT Total;H50 H50 Vocational bachelors educations;TOT Age, total;TOT Total;2022 2022;1906
665 Lemvig;TOT Total;H60 H60 Bachelors programs;TOT Age, total;TOT Total;2022 2022;65
665 Lemvig;TOT Total;H70 H70 Masters programs;TOT Age, total;TOT Total;2022 2022;485
665 Lemvig;TOT Total;H80 H80 PhD programs;TOT Age, total;TOT Total;2022 2022;51
665 Lemvig;TOT Total;TOT Total;TOT Age, total;TOT Total;2022 2022;12768
671 Struer;TOT Total;H40 H40 Short cycle higher education;TOT Age, total;TOT Total;2022 2022;605
671 Struer;TOT Total;H50 H50 Vocational bachelors educations;TOT Age, total;TOT Total;2022 2022;2077
671 Struer;TOT Total;H60 H60 Bachelors programs;TOT Age, total;TOT Total;2022 2022;94
671 Struer;TOT Total;H70 H70 Masters programs;TOT Age, total;TOT Total;2022 2022;568
671 Struer;TOT Total;H80 H80 PhD programs;TOT Age, total;TOT Total;2022 2022;36
671 Struer;TOT Total;TOT Total;TOT Age, total;TOT Total;2022 2022;13662
706 Syddjurs;TOT Total;H40 H40 Short cycle higher education;TOT Age, total;TOT Total;2022 2022;1546
706 Syddjurs;TOT Total;H50 H50 Vocational bachelors educations;TOT Age, total;TOT Total;2022 2022;4864
706 Syddjurs;TOT Total;H60 H60 Bachelors programs;TOT Age, total;TOT Total;2022 2022;420
706 Syddjurs;TOT Total;H70 H70 Masters programs;TOT Age, total;TOT Total;2022 2022;2359
706 Syddjurs;TOT Total;H80 H80 PhD programs;TOT Age, total;TOT Total;2022 2022;202
706 Syddjurs;TOT Total;TOT Total;TOT Age, total;TOT Total;2022 2022;28674
707 Norddjurs;TOT Total;H40 H40 Short cycle higher education;TOT Age, total;TOT Total;2022 2022;1110
707 Norddjurs;TOT Total;H50 H50 Vocational bachelors educations;TOT Age, total;TOT Total;2022 2022;3052
707 Norddjurs;TOT Total;H60 H60 Bachelors programs;TOT Age, total;TOT Total;2022 2022;158
707 Norddjurs;TOT Total;H70 H70 Masters programs;TOT Age, total;TOT Total;2022 2022;785
707 Norddjurs;TOT Total;H80 H80 PhD programs;TOT Age, total;TOT Total;2022 2022;68
707 Norddjurs;TOT Total;TOT Total;TOT Age, total;TOT Total;2022 2022;24980
710 Favrskov;TOT Total;H40 H40 Short cycle higher education;TOT Age, total;TOT Total;2022 2022;1983
710 Favrskov;TOT Total;H50 H50 Vocational bachelors educations;TOT Age, total;TOT Total;2022 2022;5523
710 Favrskov;TOT Total;H60 H60 Bachelors programs;TOT Age, total;TOT Total;2022 2022;409
710 Favrskov;TOT Total;H70 H70 Masters programs;TOT Age, total;TOT Total;2022 2022;3289
710 Favrskov;TOT Total;H80 H80 PhD programs;TOT Age, total;TOT Total;2022 2022;386
710 Favrskov;TOT Total;TOT Total;TOT Age, total;TOT Total;2022 2022;32522
727 Odder;TOT Total;H40 H40 Short cycle higher education;TOT Age, total;TOT Total;2022 2022;806
727 Odder;TOT Total;H50 H50 Vocational bachelors educations;TOT Age, total;TOT Total;2022 2022;2702
727 Odder;TOT Total;H60 H60 Bachelors programs;TOT Age, total;TOT Total;2022 2022;225
727 Odder;TOT Total;H70 H70 Masters programs;TOT Age, total;TOT Total;2022 2022;1381
727 Odder;TOT Total;H80 H80 PhD programs;TOT Age, total;TOT Total;2022 2022;106
727 Odder;TOT Total;TOT Total;TOT Age, total;TOT Total;2022 2022;15340
730 Randers;TOT Total;H40 H40 Short cycle higher education;TOT Age, total;TOT Total;2022 2022;4378
730 Randers;TOT Total;H50 H50 Vocational bachelors educations;TOT Age, total;TOT Total;2022 2022;10043
730 Randers;TOT Total;H60 H60 Bachelors programs;TOT Age, total;TOT Total;2022 2022;702
730 Randers;TOT Total;H70 H70 Masters programs;TOT Age, total;TOT Total;2022 2022;3794
730 Randers;TOT Total;H80 H80 PhD programs;TOT Age, total;TOT Total;2022 2022;286
730 Randers;TOT Total;TOT Total;TOT Age, total;TOT Total;2022 2022;68273
740 Silkeborg;TOT Total;H40 H40 Short cycle higher education;TOT Age, total;TOT Total;2022 2022;4184
740 Silkeborg;TOT Total;H50 H50 Vocational bachelors educations;TOT Age, total;TOT Total;2022 2022;12178
740 Silkeborg;TOT Total;H60 H60 Bachelors programs;TOT Age, total;TOT Total;2022 2022;886
740 Silkeborg;TOT Total;H70 H70 Masters programs;TOT Age, total;TOT Total;2022 2022;6522
740 Silkeborg;TOT Total;H80 H80 PhD programs;TOT Age, total;TOT Total;2022 2022;405
740 Silkeborg;TOT Total;TOT Total;TOT Age, total;TOT Total;2022 2022;66881
741 Samsø;TOT Total;H40 H40 Short cycle higher education;TOT Age, total;TOT Total;2022 2022;114
741 Samsø;TOT Total;H50 H50 Vocational bachelors educations;TOT Age, total;TOT Total;2022 2022;374
741 Samsø;TOT Total;H60 H60 Bachelors programs;TOT Age, total;TOT Total;2022 2022;47
741 Samsø;TOT Total;H70 H70 Masters programs;TOT Age, total;TOT Total;2022 2022;178
741 Samsø;TOT Total;H80 H80 PhD programs;TOT Age, total;TOT Total;2022 2022;9
741 Samsø;TOT Total;TOT Total;TOT Age, total;TOT Total;2022 2022;2357
746 Skanderborg;TOT Total;H40 H40 Short cycle higher education;TOT Age, total;TOT Total;2022 2022;2689
746 Skanderborg;TOT Total;H50 H50 Vocational bachelors educations;TOT Age, total;TOT Total;2022 2022;7732
746 Skanderborg;TOT Total;H60 H60 Bachelors programs;TOT Age, total;TOT Total;2022 2022;657
746 Skanderborg;TOT Total;H70 H70 Masters programs;TOT Age, total;TOT Total;2022 2022;6062
746 Skanderborg;TOT Total;H80 H80 PhD programs;TOT Age, total;TOT Total;2022 2022;503
746 Skanderborg;TOT Total;TOT Total;TOT Age, total;TOT Total;2022 2022;42514
751 Aarhus;TOT Total;H40 H40 Short cycle higher education;TOT Age, total;TOT Total;2022 2022;13487
751 Aarhus;TOT Total;H50 H50 Vocational bachelors educations;TOT Age, total;TOT Total;2022 2022;46331
751 Aarhus;TOT Total;H60 H60 Bachelors programs;TOT Age, total;TOT Total;2022 2022;14094
751 Aarhus;TOT Total;H70 H70 Masters programs;TOT Age, total;TOT Total;2022 2022;44725
751 Aarhus;TOT Total;H80 H80 PhD programs;TOT Age, total;TOT Total;2022 2022;5184
751 Aarhus;TOT Total;TOT Total;TOT Age, total;TOT Total;2022 2022;268224
756 Ikast-Brande;TOT Total;H40 H40 Short cycle higher education;TOT Age, total;TOT Total;2022 2022;1603
756 Ikast-Brande;TOT Total;H50 H50 Vocational bachelors educations;TOT Age, total;TOT Total;2022 2022;3973
756 Ikast-Brande;TOT Total;H60 H60 Bachelors programs;TOT Age, total;TOT Total;2022 2022;239
756 Ikast-Brande;TOT Total;H70 H70 Masters programs;TOT Age, total;TOT Total;2022 2022;1416
756 Ikast-Brande;TOT Total;H80 H80 PhD programs;TOT Age, total;TOT Total;2022 2022;108
756 Ikast-Brande;TOT Total;TOT Total;TOT Age, total;TOT Total;2022 2022;28656
760 Ringkøbing-Skjern;TOT Total;H40 H40 Short cycle higher education;TOT Age, total;TOT Total;2022 2022;1892
760 Ringkøbing-Skjern;TOT Total;H50 H50 Vocational bachelors educations;TOT Age, total;TOT Total;2022 2022;5353
760 Ringkøbing-Skjern;TOT Total;H60 H60 Bachelors programs;TOT Age, total;TOT Total;2022 2022;232
760 Ringkøbing-Skjern;TOT Total;H70 H70 Masters programs;TOT Age, total;TOT Total;2022 2022;1498
760 Ringkøbing-Skjern;TOT Total;H80 H80 PhD programs;TOT Age, total;TOT Total;2022 2022;89
760 Ringkøbing-Skjern;TOT Total;TOT Total;TOT Age, total;TOT Total;2022 2022;37456
766 Hedensted;TOT Total;H40 H40 Short cycle higher education;TOT Age, total;TOT Total;2022 2022;1916
766 Hedensted;TOT Total;H50 H50 Vocational bachelors educations;TOT Age, total;TOT Total;2022 2022;4669
766 Hedensted;TOT Total;H60 H60 Bachelors programs;TOT Age, total;TOT Total;2022 2022;248
766 Hedensted;TOT Total;H70 H70 Masters programs;TOT Age, total;TOT Total;2022 2022;1339
766 Hedensted;TOT Total;H80 H80 PhD programs;TOT Age, total;TOT Total;2022 2022;79
766 Hedensted;TOT Total;TOT Total;TOT Age, total;TOT Total;2022 2022;32234
773 Morsø;TOT Total;H40 H40 Short cycle higher education;TOT Age, total;TOT Total;2022 2022;545
773 Morsø;TOT Total;H50 H50 Vocational bachelors educations;TOT Age, total;TOT Total;2022 2022;1573
773 Morsø;TOT Total;H60 H60 Bachelors programs;TOT Age, total;TOT Total;2022 2022;71
773 Morsø;TOT Total;H70 H70 Masters programs;TOT Age, total;TOT Total;2022 2022;381
773 Morsø;TOT Total;H80 H80 PhD programs;TOT Age, total;TOT Total;2022 2022;34
773 Morsø;TOT Total;TOT Total;TOT Age, total;TOT Total;2022 2022;13087
779 Skive;TOT Total;H40 H40 Short cycle higher education;TOT Age, total;TOT Total;2022 2022;1555
779 Skive;TOT Total;H50 H50 Vocational bachelors educations;TOT Age, total;TOT Total;2022 2022;4465
779 Skive;TOT Total;H60 H60 Bachelors programs;TOT Age, total;TOT Total;2022 2022;176
779 Skive;TOT Total;H70 H70 Masters programs;TOT Age, total;TOT Total;2022 2022;1171
779 Skive;TOT Total;H80 H80 PhD programs;TOT Age, total;TOT Total;2022 2022;62
779 Skive;TOT Total;TOT Total;TOT Age, total;TOT Total;2022 2022;30258
787 Thisted;TOT Total;H40 H40 Short cycle higher education;TOT Age, total;TOT Total;2022 2022;1339
787 Thisted;TOT Total;H50 H50 Vocational bachelors educations;TOT Age, total;TOT Total;2022 2022;3804
787 Thisted;TOT Total;H60 H60 Bachelors programs;TOT Age, total;TOT Total;2022 2022;188
787 Thisted;TOT Total;H70 H70 Masters programs;TOT Age, total;TOT Total;2022 2022;1282
787 Thisted;TOT Total;H80 H80 PhD programs;TOT Age, total;TOT Total;2022 2022;58
787 Thisted;TOT Total;TOT Total;TOT Age, total;TOT Total;2022 2022;28674
791 Viborg;TOT Total;H40 H40 Short cycle higher education;TOT Age, total;TOT Total;2022 2022;3718
791 Viborg;TOT Total;H50 H50 Vocational bachelors educations;TOT Age, total;TOT Total;2022 2022;10784
791 Viborg;TOT Total;H60 H60 Bachelors programs;TOT Age, total;TOT Total;2022 2022;517
791 Viborg;TOT Total;H70 H70 Masters programs;TOT Age, total;TOT Total;2022 2022;4544
791 Viborg;TOT Total;H80 H80 PhD programs;TOT Age, total;TOT Total;2022 2022;410
791 Viborg;TOT Total;TOT Total;TOT Age, total;TOT Total;2022 2022;65889
810 Brønderslev;TOT Total;H40 H40 Short cycle higher education;TOT Age, total;TOT Total;2022 2022;1126
810 Brønderslev;TOT Total;H50 H50 Vocational bachelors educations;TOT Age, total;TOT Total;2022 2022;3748
810 Brønderslev;TOT Total;H60 H60 Bachelors programs;TOT Age, total;TOT Total;2022 2022;197
810 Brønderslev;TOT Total;H70 H70 Masters programs;TOT Age, total;TOT Total;2022 2022;1267
810 Brønderslev;TOT Total;H80 H80 PhD programs;TOT Age, total;TOT Total;2022 2022;82
810 Brønderslev;TOT Total;TOT Total;TOT Age, total;TOT Total;2022 2022;24019
813 Frederikshavn;TOT Total;H40 H40 Short cycle higher education;TOT Age, total;TOT Total;2022 2022;1843
813 Frederikshavn;TOT Total;H50 H50 Vocational bachelors educations;TOT Age, total;TOT Total;2022 2022;5262
813 Frederikshavn;TOT Total;H60 H60 Bachelors programs;TOT Age, total;TOT Total;2022 2022;249
813 Frederikshavn;TOT Total;H70 H70 Masters programs;TOT Age, total;TOT Total;2022 2022;1405
813 Frederikshavn;TOT Total;H80 H80 PhD programs;TOT Age, total;TOT Total;2022 2022;116
813 Frederikshavn;TOT Total;TOT Total;TOT Age, total;TOT Total;2022 2022;38639
820 Vesthimmerlands;TOT Total;H40 H40 Short cycle higher education;TOT Age, total;TOT Total;2022 2022;1070
820 Vesthimmerlands;TOT Total;H50 H50 Vocational bachelors educations;TOT Age, total;TOT Total;2022 2022;3158
820 Vesthimmerlands;TOT Total;H60 H60 Bachelors programs;TOT Age, total;TOT Total;2022 2022;130
820 Vesthimmerlands;TOT Total;H70 H70 Masters programs;TOT Age, total;TOT Total;2022 2022;949
820 Vesthimmerlands;TOT Total;H80 H80 PhD programs;TOT Age, total;TOT Total;2022 2022;44
820 Vesthimmerlands;TOT Total;TOT Total;TOT Age, total;TOT Total;2022 2022;24035
825 Læsø;TOT Total;H40 H40 Short cycle higher education;TOT Age, total;TOT Total;2022 2022;22
825 Læsø;TOT Total;H50 H50 Vocational bachelors educations;TOT Age, total;TOT Total;2022 2022;147
825 Læsø;TOT Total;H60 H60 Bachelors programs;TOT Age, total;TOT Total;2022 2022;10
825 Læsø;TOT Total;H70 H70 Masters programs;TOT Age, total;TOT Total;2022 2022;44
825 Læsø;TOT Total;H80 H80 PhD programs;TOT Age, total;TOT Total;2022 2022;3
825 Læsø;TOT Total;TOT Total;TOT Age, total;TOT Total;2022 2022;1062
840 Rebild;TOT Total;H40 H40 Short cycle higher education;TOT Age, total;TOT Total;2022 2022;1108
840 Rebild;TOT Total;H50 H50 Vocational bachelors educations;TOT Age, total;TOT Total;2022 2022;3269
840 Rebild;TOT Total;H60 H60 Bachelors programs;TOT Age, total;TOT Total;2022 2022;256
840 Rebild;TOT Total;H70 H70 Masters programs;TOT Age, total;TOT Total;2022 2022;2162
840 Rebild;TOT Total;H80 H80 PhD programs;TOT Age, total;TOT Total;2022 2022;204
840 Rebild;TOT Total;TOT Total;TOT Age, total;TOT Total;2022 2022;20234
846 Mariagerfjord;TOT Total;H40 H40 Short cycle higher education;TOT Age, total;TOT Total;2022 2022;1466
846 Mariagerfjord;TOT Total;H50 H50 Vocational bachelors educations;TOT Age, total;TOT Total;2022 2022;3993
846 Mariagerfjord;TOT Total;H60 H60 Bachelors programs;TOT Age, total;TOT Total;2022 2022;234
846 Mariagerfjord;TOT Total;H70 H70 Masters programs;TOT Age, total;TOT Total;2022 2022;1455
846 Mariagerfjord;TOT Total;H80 H80 PhD programs;TOT Age, total;TOT Total;2022 2022;93
846 Mariagerfjord;TOT Total;TOT Total;TOT Age, total;TOT Total;2022 2022;28184
849 Jammerbugt;TOT Total;H40 H40 Short cycle higher education;TOT Age, total;TOT Total;2022 2022;1150
849 Jammerbugt;TOT Total;H50 H50 Vocational bachelors educations;TOT Age, total;TOT Total;2022 2022;3382
849 Jammerbugt;TOT Total;H60 H60 Bachelors programs;TOT Age, total;TOT Total;2022 2022;221
849 Jammerbugt;TOT Total;H70 H70 Masters programs;TOT Age, total;TOT Total;2022 2022;1192
849 Jammerbugt;TOT Total;H80 H80 PhD programs;TOT Age, total;TOT Total;2022 2022;63
849 Jammerbugt;TOT Total;TOT Total;TOT Age, total;TOT Total;2022 2022;25018
851 Aalborg;TOT Total;H40 H40 Short cycle higher education;TOT Age, total;TOT Total;2022 2022;7942
851 Aalborg;TOT Total;H50 H50 Vocational bachelors educations;TOT Age, total;TOT Total;2022 2022;25570
851 Aalborg;TOT Total;H60 H60 Bachelors programs;TOT Age, total;TOT Total;2022 2022;6564
851 Aalborg;TOT Total;H70 H70 Masters programs;TOT Age, total;TOT Total;2022 2022;19778
851 Aalborg;TOT Total;H80 H80 PhD programs;TOT Age, total;TOT Total;2022 2022;1661
851 Aalborg;TOT Total;TOT Total;TOT Age, total;TOT Total;2022 2022;159717
860 Hjørring;TOT Total;H40 H40 Short cycle higher education;TOT Age, total;TOT Total;2022 2022;1811
860 Hjørring;TOT Total;H50 H50 Vocational bachelors educations;TOT Age, total;TOT Total;2022 2022;6848
860 Hjørring;TOT Total;H60 H60 Bachelors programs;TOT Age, total;TOT Total;2022 2022;306
860 Hjørring;TOT Total;H70 H70 Masters programs;TOT Age, total;TOT Total;2022 2022;1867
860 Hjørring;TOT Total;H80 H80 PhD programs;TOT Age, total;TOT Total;2022 2022;112
860 Hjørring;TOT Total;TOT Total;TOT Age, total;TOT Total;2022 2022;42614
000 All Denmark;TOT Total;H40 H40 Short cycle higher education;TOT Age, total;TOT Total;2023 2023;218235
000 All Denmark;TOT Total;H50 H50 Vocational bachelors educations;TOT Age, total;TOT Total;2023 2023;643478
000 All Denmark;TOT Total;H60 H60 Bachelors programs;TOT Age, total;TOT Total;2023 2023;131064
000 All Denmark;TOT Total;H70 H70 Masters programs;TOT Age, total;TOT Total;2023 2023;488711
000 All Denmark;TOT Total;H80 H80 PhD programs;TOT Age, total;TOT Total;2023 2023;46406
000 All Denmark;TOT Total;TOT Total;TOT Age, total;TOT Total;2023 2023;4116473
101 Copenhagen;TOT Total;H40 H40 Short cycle higher education;TOT Age, total;TOT Total;2023 2023;23751
101 Copenhagen;TOT Total;H50 H50 Vocational bachelors educations;TOT Age, total;TOT Total;2023 2023;78969
101 Copenhagen;TOT Total;H60 H60 Bachelors programs;TOT Age, total;TOT Total;2023 2023;43128
101 Copenhagen;TOT Total;H70 H70 Masters programs;TOT Age, total;TOT Total;2023 2023;127861
101 Copenhagen;TOT Total;H80 H80 PhD programs;TOT Age, total;TOT Total;2023 2023;11777
101 Copenhagen;TOT Total;TOT Total;TOT Age, total;TOT Total;2023 2023;516980
147 Frederiksberg;TOT Total;H40 H40 Short cycle higher education;TOT Age, total;TOT Total;2023 2023;3287
147 Frederiksberg;TOT Total;H50 H50 Vocational bachelors educations;TOT Age, total;TOT Total;2023 2023;11399
147 Frederiksberg;TOT Total;H60 H60 Bachelors programs;TOT Age, total;TOT Total;2023 2023;6036
147 Frederiksberg;TOT Total;H70 H70 Masters programs;TOT Age, total;TOT Total;2023 2023;21904
147 Frederiksberg;TOT Total;H80 H80 PhD programs;TOT Age, total;TOT Total;2023 2023;1983
147 Frederiksberg;TOT Total;TOT Total;TOT Age, total;TOT Total;2023 2023;76485
151 Ballerup;TOT Total;H40 H40 Short cycle higher education;TOT Age, total;TOT Total;2023 2023;1814
151 Ballerup;TOT Total;H50 H50 Vocational bachelors educations;TOT Age, total;TOT Total;2023 2023;5151
151 Ballerup;TOT Total;H60 H60 Bachelors programs;TOT Age, total;TOT Total;2023 2023;872
151 Ballerup;TOT Total;H70 H70 Masters programs;TOT Age, total;TOT Total;2023 2023;3914
151 Ballerup;TOT Total;H80 H80 PhD programs;TOT Age, total;TOT Total;2023 2023;550
151 Ballerup;TOT Total;TOT Total;TOT Age, total;TOT Total;2023 2023;34252
153 Brøndby;TOT Total;H40 H40 Short cycle higher education;TOT Age, total;TOT Total;2023 2023;1537
153 Brøndby;TOT Total;H50 H50 Vocational bachelors educations;TOT Age, total;TOT Total;2023 2023;3547
153 Brøndby;TOT Total;H60 H60 Bachelors programs;TOT Age, total;TOT Total;2023 2023;892
153 Brøndby;TOT Total;H70 H70 Masters programs;TOT Age, total;TOT Total;2023 2023;2043
153 Brøndby;TOT Total;H80 H80 PhD programs;TOT Age, total;TOT Total;2023 2023;178
153 Brøndby;TOT Total;TOT Total;TOT Age, total;TOT Total;2023 2023;27021
155 Dragør;TOT Total;H40 H40 Short cycle higher education;TOT Age, total;TOT Total;2023 2023;586
155 Dragør;TOT Total;H50 H50 Vocational bachelors educations;TOT Age, total;TOT Total;2023 2023;1449
155 Dragør;TOT Total;H60 H60 Bachelors programs;TOT Age, total;TOT Total;2023 2023;199
155 Dragør;TOT Total;H70 H70 Masters programs;TOT Age, total;TOT Total;2023 2023;1434
155 Dragør;TOT Total;H80 H80 PhD programs;TOT Age, total;TOT Total;2023 2023;107
155 Dragør;TOT Total;TOT Total;TOT Age, total;TOT Total;2023 2023;8957
157 Gentofte;TOT Total;H40 H40 Short cycle higher education;TOT Age, total;TOT Total;2023 2023;2378
157 Gentofte;TOT Total;H50 H50 Vocational bachelors educations;TOT Age, total;TOT Total;2023 2023;7395
157 Gentofte;TOT Total;H60 H60 Bachelors programs;TOT Age, total;TOT Total;2023 2023;2222
157 Gentofte;TOT Total;H70 H70 Masters programs;TOT Age, total;TOT Total;2023 2023;14671
157 Gentofte;TOT Total;H80 H80 PhD programs;TOT Age, total;TOT Total;2023 2023;1731
157 Gentofte;TOT Total;TOT Total;TOT Age, total;TOT Total;2023 2023;49731
159 Gladsaxe;TOT Total;H40 H40 Short cycle higher education;TOT Age, total;TOT Total;2023 2023;2567
159 Gladsaxe;TOT Total;H50 H50 Vocational bachelors educations;TOT Age, total;TOT Total;2023 2023;8054
159 Gladsaxe;TOT Total;H60 H60 Bachelors programs;TOT Age, total;TOT Total;2023 2023;1673
159 Gladsaxe;TOT Total;H70 H70 Masters programs;TOT Age, total;TOT Total;2023 2023;8580
159 Gladsaxe;TOT Total;H80 H80 PhD programs;TOT Age, total;TOT Total;2023 2023;1338
159 Gladsaxe;TOT Total;TOT Total;TOT Age, total;TOT Total;2023 2023;48960
161 Glostrup;TOT Total;H40 H40 Short cycle higher education;TOT Age, total;TOT Total;2023 2023;1012
161 Glostrup;TOT Total;H50 H50 Vocational bachelors educations;TOT Age, total;TOT Total;2023 2023;2516
161 Glostrup;TOT Total;H60 H60 Bachelors programs;TOT Age, total;TOT Total;2023 2023;430
161 Glostrup;TOT Total;H70 H70 Masters programs;TOT Age, total;TOT Total;2023 2023;1624
161 Glostrup;TOT Total;H80 H80 PhD programs;TOT Age, total;TOT Total;2023 2023;153
161 Glostrup;TOT Total;TOT Total;TOT Age, total;TOT Total;2023 2023;16519
163 Herlev;TOT Total;H40 H40 Short cycle higher education;TOT Age, total;TOT Total;2023 2023;1116
163 Herlev;TOT Total;H50 H50 Vocational bachelors educations;TOT Age, total;TOT Total;2023 2023;3154
163 Herlev;TOT Total;H60 H60 Bachelors programs;TOT Age, total;TOT Total;2023 2023;466
163 Herlev;TOT Total;H70 H70 Masters programs;TOT Age, total;TOT Total;2023 2023;2146
163 Herlev;TOT Total;H80 H80 PhD programs;TOT Age, total;TOT Total;2023 2023;313
163 Herlev;TOT Total;TOT Total;TOT Age, total;TOT Total;2023 2023;20088
165 Albertslund;TOT Total;H40 H40 Short cycle higher education;TOT Age, total;TOT Total;2023 2023;948
165 Albertslund;TOT Total;H50 H50 Vocational bachelors educations;TOT Age, total;TOT Total;2023 2023;2801
165 Albertslund;TOT Total;H60 H60 Bachelors programs;TOT Age, total;TOT Total;2023 2023;543
165 Albertslund;TOT Total;H70 H70 Masters programs;TOT Age, total;TOT Total;2023 2023;1454
165 Albertslund;TOT Total;H80 H80 PhD programs;TOT Age, total;TOT Total;2023 2023;109
165 Albertslund;TOT Total;TOT Total;TOT Age, total;TOT Total;2023 2023;18879
167 Hvidovre;TOT Total;H40 H40 Short cycle higher education;TOT Age, total;TOT Total;2023 2023;2144
167 Hvidovre;TOT Total;H50 H50 Vocational bachelors educations;TOT Age, total;TOT Total;2023 2023;5315
167 Hvidovre;TOT Total;H60 H60 Bachelors programs;TOT Age, total;TOT Total;2023 2023;985
167 Hvidovre;TOT Total;H70 H70 Masters programs;TOT Age, total;TOT Total;2023 2023;4154
167 Hvidovre;TOT Total;H80 H80 PhD programs;TOT Age, total;TOT Total;2023 2023;361
167 Hvidovre;TOT Total;TOT Total;TOT Age, total;TOT Total;2023 2023;36896
169 Høje-Taastrup;TOT Total;H40 H40 Short cycle higher education;TOT Age, total;TOT Total;2023 2023;2606
169 Høje-Taastrup;TOT Total;H50 H50 Vocational bachelors educations;TOT Age, total;TOT Total;2023 2023;5699
169 Høje-Taastrup;TOT Total;H60 H60 Bachelors programs;TOT Age, total;TOT Total;2023 2023;1204
169 Høje-Taastrup;TOT Total;H70 H70 Masters programs;TOT Age, total;TOT Total;2023 2023;3639
169 Høje-Taastrup;TOT Total;H80 H80 PhD programs;TOT Age, total;TOT Total;2023 2023;347
169 Høje-Taastrup;TOT Total;TOT Total;TOT Age, total;TOT Total;2023 2023;40089
173 Lyngby-Taarbæk;TOT Total;H40 H40 Short cycle higher education;TOT Age, total;TOT Total;2023 2023;1746
173 Lyngby-Taarbæk;TOT Total;H50 H50 Vocational bachelors educations;TOT Age, total;TOT Total;2023 2023;6254
173 Lyngby-Taarbæk;TOT Total;H60 H60 Bachelors programs;TOT Age, total;TOT Total;2023 2023;2816
173 Lyngby-Taarbæk;TOT Total;H70 H70 Masters programs;TOT Age, total;TOT Total;2023 2023;10344
173 Lyngby-Taarbæk;TOT Total;H80 H80 PhD programs;TOT Age, total;TOT Total;2023 2023;1656
173 Lyngby-Taarbæk;TOT Total;TOT Total;TOT Age, total;TOT Total;2023 2023;40447
175 Rødovre;TOT Total;H40 H40 Short cycle higher education;TOT Age, total;TOT Total;2023 2023;1794
175 Rødovre;TOT Total;H50 H50 Vocational bachelors educations;TOT Age, total;TOT Total;2023 2023;4809
175 Rødovre;TOT Total;H60 H60 Bachelors programs;TOT Age, total;TOT Total;2023 2023;897
175 Rødovre;TOT Total;H70 H70 Masters programs;TOT Age, total;TOT Total;2023 2023;3781
175 Rødovre;TOT Total;H80 H80 PhD programs;TOT Age, total;TOT Total;2023 2023;379
175 Rødovre;TOT Total;TOT Total;TOT Age, total;TOT Total;2023 2023;30432
183 Ishøj;TOT Total;H40 H40 Short cycle higher education;TOT Age, total;TOT Total;2023 2023;999
183 Ishøj;TOT Total;H50 H50 Vocational bachelors educations;TOT Age, total;TOT Total;2023 2023;2086
183 Ishøj;TOT Total;H60 H60 Bachelors programs;TOT Age, total;TOT Total;2023 2023;378
183 Ishøj;TOT Total;H70 H70 Masters programs;TOT Age, total;TOT Total;2023 2023;1139
183 Ishøj;TOT Total;H80 H80 PhD programs;TOT Age, total;TOT Total;2023 2023;75
183 Ishøj;TOT Total;TOT Total;TOT Age, total;TOT Total;2023 2023;16532
185 Tårnby;TOT Total;H40 H40 Short cycle higher education;TOT Age, total;TOT Total;2023 2023;1671
185 Tårnby;TOT Total;H50 H50 Vocational bachelors educations;TOT Age, total;TOT Total;2023 2023;3891
185 Tårnby;TOT Total;H60 H60 Bachelors programs;TOT Age, total;TOT Total;2023 2023;597
185 Tårnby;TOT Total;H70 H70 Masters programs;TOT Age, total;TOT Total;2023 2023;2870
185 Tårnby;TOT Total;H80 H80 PhD programs;TOT Age, total;TOT Total;2023 2023;210
185 Tårnby;TOT Total;TOT Total;TOT Age, total;TOT Total;2023 2023;29628
187 Vallensbæk;TOT Total;H40 H40 Short cycle higher education;TOT Age, total;TOT Total;2023 2023;897
187 Vallensbæk;TOT Total;H50 H50 Vocational bachelors educations;TOT Age, total;TOT Total;2023 2023;1875
187 Vallensbæk;TOT Total;H60 H60 Bachelors programs;TOT Age, total;TOT Total;2023 2023;359
187 Vallensbæk;TOT Total;H70 H70 Masters programs;TOT Age, total;TOT Total;2023 2023;1401
187 Vallensbæk;TOT Total;H80 H80 PhD programs;TOT Age, total;TOT Total;2023 2023;113
187 Vallensbæk;TOT Total;TOT Total;TOT Age, total;TOT Total;2023 2023;11684
190 Furesø;TOT Total;H40 H40 Short cycle higher education;TOT Age, total;TOT Total;2023 2023;1492
190 Furesø;TOT Total;H50 H50 Vocational bachelors educations;TOT Age, total;TOT Total;2023 2023;4620
190 Furesø;TOT Total;H60 H60 Bachelors programs;TOT Age, total;TOT Total;2023 2023;610
190 Furesø;TOT Total;H70 H70 Masters programs;TOT Age, total;TOT Total;2023 2023;6121
190 Furesø;TOT Total;H80 H80 PhD programs;TOT Age, total;TOT Total;2023 2023;941
190 Furesø;TOT Total;TOT Total;TOT Age, total;TOT Total;2023 2023;27051
201 Allerød;TOT Total;H40 H40 Short cycle higher education;TOT Age, total;TOT Total;2023 2023;1000
201 Allerød;TOT Total;H50 H50 Vocational bachelors educations;TOT Age, total;TOT Total;2023 2023;2929
201 Allerød;TOT Total;H60 H60 Bachelors programs;TOT Age, total;TOT Total;2023 2023;360
201 Allerød;TOT Total;H70 H70 Masters programs;TOT Age, total;TOT Total;2023 2023;3470
201 Allerød;TOT Total;H80 H80 PhD programs;TOT Age, total;TOT Total;2023 2023;468
201 Allerød;TOT Total;TOT Total;TOT Age, total;TOT Total;2023 2023;16605
210 Fredensborg;TOT Total;H40 H40 Short cycle higher education;TOT Age, total;TOT Total;2023 2023;1492
210 Fredensborg;TOT Total;H50 H50 Vocational bachelors educations;TOT Age, total;TOT Total;2023 2023;4461
210 Fredensborg;TOT Total;H60 H60 Bachelors programs;TOT Age, total;TOT Total;2023 2023;715
210 Fredensborg;TOT Total;H70 H70 Masters programs;TOT Age, total;TOT Total;2023 2023;4281
210 Fredensborg;TOT Total;H80 H80 PhD programs;TOT Age, total;TOT Total;2023 2023;477
210 Fredensborg;TOT Total;TOT Total;TOT Age, total;TOT Total;2023 2023;27009
217 Helsingør;TOT Total;H40 H40 Short cycle higher education;TOT Age, total;TOT Total;2023 2023;2255
217 Helsingør;TOT Total;H50 H50 Vocational bachelors educations;TOT Age, total;TOT Total;2023 2023;7090
217 Helsingør;TOT Total;H60 H60 Bachelors programs;TOT Age, total;TOT Total;2023 2023;803
217 Helsingør;TOT Total;H70 H70 Masters programs;TOT Age, total;TOT Total;2023 2023;4785
217 Helsingør;TOT Total;H80 H80 PhD programs;TOT Age, total;TOT Total;2023 2023;387
217 Helsingør;TOT Total;TOT Total;TOT Age, total;TOT Total;2023 2023;41892
219 Hillerød;TOT Total;H40 H40 Short cycle higher education;TOT Age, total;TOT Total;2023 2023;2251
219 Hillerød;TOT Total;H50 H50 Vocational bachelors educations;TOT Age, total;TOT Total;2023 2023;6739
219 Hillerød;TOT Total;H60 H60 Bachelors programs;TOT Age, total;TOT Total;2023 2023;763
219 Hillerød;TOT Total;H70 H70 Masters programs;TOT Age, total;TOT Total;2023 2023;4893
219 Hillerød;TOT Total;H80 H80 PhD programs;TOT Age, total;TOT Total;2023 2023;577
219 Hillerød;TOT Total;TOT Total;TOT Age, total;TOT Total;2023 2023;37310
223 Hørsholm;TOT Total;H40 H40 Short cycle higher education;TOT Age, total;TOT Total;2023 2023;855
223 Hørsholm;TOT Total;H50 H50 Vocational bachelors educations;TOT Age, total;TOT Total;2023 2023;2435
223 Hørsholm;TOT Total;H60 H60 Bachelors programs;TOT Age, total;TOT Total;2023 2023;446
223 Hørsholm;TOT Total;H70 H70 Masters programs;TOT Age, total;TOT Total;2023 2023;3537
223 Hørsholm;TOT Total;H80 H80 PhD programs;TOT Age, total;TOT Total;2023 2023;341
223 Hørsholm;TOT Total;TOT Total;TOT Age, total;TOT Total;2023 2023;15162
230 Rudersdal;TOT Total;H40 H40 Short cycle higher education;TOT Age, total;TOT Total;2023 2023;1612
230 Rudersdal;TOT Total;H50 H50 Vocational bachelors educations;TOT Age, total;TOT Total;2023 2023;5441
230 Rudersdal;TOT Total;H60 H60 Bachelors programs;TOT Age, total;TOT Total;2023 2023;1483
230 Rudersdal;TOT Total;H70 H70 Masters programs;TOT Age, total;TOT Total;2023 2023;10069
230 Rudersdal;TOT Total;H80 H80 PhD programs;TOT Age, total;TOT Total;2023 2023;1405
230 Rudersdal;TOT Total;TOT Total;TOT Age, total;TOT Total;2023 2023;36398
240 Egedal;TOT Total;H40 H40 Short cycle higher education;TOT Age, total;TOT Total;2023 2023;2135
240 Egedal;TOT Total;H50 H50 Vocational bachelors educations;TOT Age, total;TOT Total;2023 2023;5020
240 Egedal;TOT Total;H60 H60 Bachelors programs;TOT Age, total;TOT Total;2023 2023;561
240 Egedal;TOT Total;H70 H70 Masters programs;TOT Age, total;TOT Total;2023 2023;3512
240 Egedal;TOT Total;H80 H80 PhD programs;TOT Age, total;TOT Total;2023 2023;425
240 Egedal;TOT Total;TOT Total;TOT Age, total;TOT Total;2023 2023;30323
250 Frederikssund;TOT Total;H40 H40 Short cycle higher education;TOT Age, total;TOT Total;2023 2023;1797
250 Frederikssund;TOT Total;H50 H50 Vocational bachelors educations;TOT Age, total;TOT Total;2023 2023;4830
250 Frederikssund;TOT Total;H60 H60 Bachelors programs;TOT Age, total;TOT Total;2023 2023;390
250 Frederikssund;TOT Total;H70 H70 Masters programs;TOT Age, total;TOT Total;2023 2023;2205
250 Frederikssund;TOT Total;H80 H80 PhD programs;TOT Age, total;TOT Total;2023 2023;205
250 Frederikssund;TOT Total;TOT Total;TOT Age, total;TOT Total;2023 2023;30729
253 Greve;TOT Total;H40 H40 Short cycle higher education;TOT Age, total;TOT Total;2023 2023;2180
253 Greve;TOT Total;H50 H50 Vocational bachelors educations;TOT Age, total;TOT Total;2023 2023;4821
253 Greve;TOT Total;H60 H60 Bachelors programs;TOT Age, total;TOT Total;2023 2023;581
253 Greve;TOT Total;H70 H70 Masters programs;TOT Age, total;TOT Total;2023 2023;3127
253 Greve;TOT Total;H80 H80 PhD programs;TOT Age, total;TOT Total;2023 2023;232
253 Greve;TOT Total;TOT Total;TOT Age, total;TOT Total;2023 2023;34002
259 Køge;TOT Total;H40 H40 Short cycle higher education;TOT Age, total;TOT Total;2023 2023;2633
259 Køge;TOT Total;H50 H50 Vocational bachelors educations;TOT Age, total;TOT Total;2023 2023;6112
259 Køge;TOT Total;H60 H60 Bachelors programs;TOT Age, total;TOT Total;2023 2023;652
259 Køge;TOT Total;H70 H70 Masters programs;TOT Age, total;TOT Total;2023 2023;3367
259 Køge;TOT Total;H80 H80 PhD programs;TOT Age, total;TOT Total;2023 2023;253
259 Køge;TOT Total;TOT Total;TOT Age, total;TOT Total;2023 2023;42716
260 Halsnæs;TOT Total;H40 H40 Short cycle higher education;TOT Age, total;TOT Total;2023 2023;1002
260 Halsnæs;TOT Total;H50 H50 Vocational bachelors educations;TOT Age, total;TOT Total;2023 2023;2956
260 Halsnæs;TOT Total;H60 H60 Bachelors programs;TOT Age, total;TOT Total;2023 2023;278
260 Halsnæs;TOT Total;H70 H70 Masters programs;TOT Age, total;TOT Total;2023 2023;1171
260 Halsnæs;TOT Total;H80 H80 PhD programs;TOT Age, total;TOT Total;2023 2023;111
260 Halsnæs;TOT Total;TOT Total;TOT Age, total;TOT Total;2023 2023;20641
265 Roskilde;TOT Total;H40 H40 Short cycle higher education;TOT Age, total;TOT Total;2023 2023;3788
265 Roskilde;TOT Total;H50 H50 Vocational bachelors educations;TOT Age, total;TOT Total;2023 2023;10307
265 Roskilde;TOT Total;H60 H60 Bachelors programs;TOT Age, total;TOT Total;2023 2023;1651
265 Roskilde;TOT Total;H70 H70 Masters programs;TOT Age, total;TOT Total;2023 2023;8619
265 Roskilde;TOT Total;H80 H80 PhD programs;TOT Age, total;TOT Total;2023 2023;979
265 Roskilde;TOT Total;TOT Total;TOT Age, total;TOT Total;2023 2023;62024
269 Solrød;TOT Total;H40 H40 Short cycle higher education;TOT Age, total;TOT Total;2023 2023;1135
269 Solrød;TOT Total;H50 H50 Vocational bachelors educations;TOT Age, total;TOT Total;2023 2023;2489
269 Solrød;TOT Total;H60 H60 Bachelors programs;TOT Age, total;TOT Total;2023 2023;273
269 Solrød;TOT Total;H70 H70 Masters programs;TOT Age, total;TOT Total;2023 2023;1734
269 Solrød;TOT Total;H80 H80 PhD programs;TOT Age, total;TOT Total;2023 2023;116
269 Solrød;TOT Total;TOT Total;TOT Age, total;TOT Total;2023 2023;16015
270 Gribskov;TOT Total;H40 H40 Short cycle higher education;TOT Age, total;TOT Total;2023 2023;1434
270 Gribskov;TOT Total;H50 H50 Vocational bachelors educations;TOT Age, total;TOT Total;2023 2023;4408
270 Gribskov;TOT Total;H60 H60 Bachelors programs;TOT Age, total;TOT Total;2023 2023;412
270 Gribskov;TOT Total;H70 H70 Masters programs;TOT Age, total;TOT Total;2023 2023;2028
270 Gribskov;TOT Total;H80 H80 PhD programs;TOT Age, total;TOT Total;2023 2023;191
270 Gribskov;TOT Total;TOT Total;TOT Age, total;TOT Total;2023 2023;27316
306 Odsherred;TOT Total;H40 H40 Short cycle higher education;TOT Age, total;TOT Total;2023 2023;845
306 Odsherred;TOT Total;H50 H50 Vocational bachelors educations;TOT Age, total;TOT Total;2023 2023;2647
306 Odsherred;TOT Total;H60 H60 Bachelors programs;TOT Age, total;TOT Total;2023 2023;195
306 Odsherred;TOT Total;H70 H70 Masters programs;TOT Age, total;TOT Total;2023 2023;870
306 Odsherred;TOT Total;H80 H80 PhD programs;TOT Age, total;TOT Total;2023 2023;79
306 Odsherred;TOT Total;TOT Total;TOT Age, total;TOT Total;2023 2023;20717
316 Holbæk;TOT Total;H40 H40 Short cycle higher education;TOT Age, total;TOT Total;2023 2023;2671
316 Holbæk;TOT Total;H50 H50 Vocational bachelors educations;TOT Age, total;TOT Total;2023 2023;8052
316 Holbæk;TOT Total;H60 H60 Bachelors programs;TOT Age, total;TOT Total;2023 2023;603
316 Holbæk;TOT Total;H70 H70 Masters programs;TOT Age, total;TOT Total;2023 2023;3277
316 Holbæk;TOT Total;H80 H80 PhD programs;TOT Age, total;TOT Total;2023 2023;214
316 Holbæk;TOT Total;TOT Total;TOT Age, total;TOT Total;2023 2023;50073
320 Faxe;TOT Total;H40 H40 Short cycle higher education;TOT Age, total;TOT Total;2023 2023;1296
320 Faxe;TOT Total;H50 H50 Vocational bachelors educations;TOT Age, total;TOT Total;2023 2023;3371
320 Faxe;TOT Total;H60 H60 Bachelors programs;TOT Age, total;TOT Total;2023 2023;280
320 Faxe;TOT Total;H70 H70 Masters programs;TOT Age, total;TOT Total;2023 2023;1174
320 Faxe;TOT Total;H80 H80 PhD programs;TOT Age, total;TOT Total;2023 2023;87
320 Faxe;TOT Total;TOT Total;TOT Age, total;TOT Total;2023 2023;25717
326 Kalundborg;TOT Total;H40 H40 Short cycle higher education;TOT Age, total;TOT Total;2023 2023;1653
326 Kalundborg;TOT Total;H50 H50 Vocational bachelors educations;TOT Age, total;TOT Total;2023 2023;4049
326 Kalundborg;TOT Total;H60 H60 Bachelors programs;TOT Age, total;TOT Total;2023 2023;386
326 Kalundborg;TOT Total;H70 H70 Masters programs;TOT Age, total;TOT Total;2023 2023;1383
326 Kalundborg;TOT Total;H80 H80 PhD programs;TOT Age, total;TOT Total;2023 2023;113
326 Kalundborg;TOT Total;TOT Total;TOT Age, total;TOT Total;2023 2023;32512
329 Ringsted;TOT Total;H40 H40 Short cycle higher education;TOT Age, total;TOT Total;2023 2023;1549
329 Ringsted;TOT Total;H50 H50 Vocational bachelors educations;TOT Age, total;TOT Total;2023 2023;3576
329 Ringsted;TOT Total;H60 H60 Bachelors programs;TOT Age, total;TOT Total;2023 2023;411
329 Ringsted;TOT Total;H70 H70 Masters programs;TOT Age, total;TOT Total;2023 2023;1750
329 Ringsted;TOT Total;H80 H80 PhD programs;TOT Age, total;TOT Total;2023 2023;158
329 Ringsted;TOT Total;TOT Total;TOT Age, total;TOT Total;2023 2023;25505
330 Slagelse;TOT Total;H40 H40 Short cycle higher education;TOT Age, total;TOT Total;2023 2023;2845
330 Slagelse;TOT Total;H50 H50 Vocational bachelors educations;TOT Age, total;TOT Total;2023 2023;8289
330 Slagelse;TOT Total;H60 H60 Bachelors programs;TOT Age, total;TOT Total;2023 2023;694
330 Slagelse;TOT Total;H70 H70 Masters programs;TOT Age, total;TOT Total;2023 2023;2578
330 Slagelse;TOT Total;H80 H80 PhD programs;TOT Age, total;TOT Total;2023 2023;154
330 Slagelse;TOT Total;TOT Total;TOT Age, total;TOT Total;2023 2023;54677
336 Stevns;TOT Total;H40 H40 Short cycle higher education;TOT Age, total;TOT Total;2023 2023;818
336 Stevns;TOT Total;H50 H50 Vocational bachelors educations;TOT Age, total;TOT Total;2023 2023;2150
336 Stevns;TOT Total;H60 H60 Bachelors programs;TOT Age, total;TOT Total;2023 2023;177
336 Stevns;TOT Total;H70 H70 Masters programs;TOT Age, total;TOT Total;2023 2023;922
336 Stevns;TOT Total;H80 H80 PhD programs;TOT Age, total;TOT Total;2023 2023;72
336 Stevns;TOT Total;TOT Total;TOT Age, total;TOT Total;2023 2023;15511
340 Sorø;TOT Total;H40 H40 Short cycle higher education;TOT Age, total;TOT Total;2023 2023;979
340 Sorø;TOT Total;H50 H50 Vocational bachelors educations;TOT Age, total;TOT Total;2023 2023;3025
340 Sorø;TOT Total;H60 H60 Bachelors programs;TOT Age, total;TOT Total;2023 2023;290
340 Sorø;TOT Total;H70 H70 Masters programs;TOT Age, total;TOT Total;2023 2023;1822
340 Sorø;TOT Total;H80 H80 PhD programs;TOT Age, total;TOT Total;2023 2023;130
340 Sorø;TOT Total;TOT Total;TOT Age, total;TOT Total;2023 2023;20544
350 Lejre;TOT Total;H40 H40 Short cycle higher education;TOT Age, total;TOT Total;2023 2023;1165
350 Lejre;TOT Total;H50 H50 Vocational bachelors educations;TOT Age, total;TOT Total;2023 2023;3045
350 Lejre;TOT Total;H60 H60 Bachelors programs;TOT Age, total;TOT Total;2023 2023;332
350 Lejre;TOT Total;H70 H70 Masters programs;TOT Age, total;TOT Total;2023 2023;2242
350 Lejre;TOT Total;H80 H80 PhD programs;TOT Age, total;TOT Total;2023 2023;274
350 Lejre;TOT Total;TOT Total;TOT Age, total;TOT Total;2023 2023;19196
360 Lolland;TOT Total;H40 H40 Short cycle higher education;TOT Age, total;TOT Total;2023 2023;867
360 Lolland;TOT Total;H50 H50 Vocational bachelors educations;TOT Age, total;TOT Total;2023 2023;2904
360 Lolland;TOT Total;H60 H60 Bachelors programs;TOT Age, total;TOT Total;2023 2023;216
360 Lolland;TOT Total;H70 H70 Masters programs;TOT Age, total;TOT Total;2023 2023;750
360 Lolland;TOT Total;H80 H80 PhD programs;TOT Age, total;TOT Total;2023 2023;56
360 Lolland;TOT Total;TOT Total;TOT Age, total;TOT Total;2023 2023;25750
370 Næstved;TOT Total;H40 H40 Short cycle higher education;TOT Age, total;TOT Total;2023 2023;3165
370 Næstved;TOT Total;H50 H50 Vocational bachelors educations;TOT Age, total;TOT Total;2023 2023;9290
370 Næstved;TOT Total;H60 H60 Bachelors programs;TOT Age, total;TOT Total;2023 2023;579
370 Næstved;TOT Total;H70 H70 Masters programs;TOT Age, total;TOT Total;2023 2023;2859
370 Næstved;TOT Total;H80 H80 PhD programs;TOT Age, total;TOT Total;2023 2023;183
370 Næstved;TOT Total;TOT Total;TOT Age, total;TOT Total;2023 2023;57664
376 Guldborgsund;TOT Total;H40 H40 Short cycle higher education;TOT Age, total;TOT Total;2023 2023;1748
376 Guldborgsund;TOT Total;H50 H50 Vocational bachelors educations;TOT Age, total;TOT Total;2023 2023;6004
376 Guldborgsund;TOT Total;H60 H60 Bachelors programs;TOT Age, total;TOT Total;2023 2023;363
376 Guldborgsund;TOT Total;H70 H70 Masters programs;TOT Age, total;TOT Total;2023 2023;1662
376 Guldborgsund;TOT Total;H80 H80 PhD programs;TOT Age, total;TOT Total;2023 2023;88
376 Guldborgsund;TOT Total;TOT Total;TOT Age, total;TOT Total;2023 2023;39315
390 Vordingborg;TOT Total;H40 H40 Short cycle higher education;TOT Age, total;TOT Total;2023 2023;1484
390 Vordingborg;TOT Total;H50 H50 Vocational bachelors educations;TOT Age, total;TOT Total;2023 2023;4655
390 Vordingborg;TOT Total;H60 H60 Bachelors programs;TOT Age, total;TOT Total;2023 2023;797
390 Vordingborg;TOT Total;H70 H70 Masters programs;TOT Age, total;TOT Total;2023 2023;1619
390 Vordingborg;TOT Total;H80 H80 PhD programs;TOT Age, total;TOT Total;2023 2023;152
390 Vordingborg;TOT Total;TOT Total;TOT Age, total;TOT Total;2023 2023;30327
400 Bornholm;TOT Total;H40 H40 Short cycle higher education;TOT Age, total;TOT Total;2023 2023;1007
400 Bornholm;TOT Total;H50 H50 Vocational bachelors educations;TOT Age, total;TOT Total;2023 2023;3824
400 Bornholm;TOT Total;H60 H60 Bachelors programs;TOT Age, total;TOT Total;2023 2023;332
400 Bornholm;TOT Total;H70 H70 Masters programs;TOT Age, total;TOT Total;2023 2023;1375
400 Bornholm;TOT Total;H80 H80 PhD programs;TOT Age, total;TOT Total;2023 2023;106
400 Bornholm;TOT Total;TOT Total;TOT Age, total;TOT Total;2023 2023;25159
410 Middelfart;TOT Total;H40 H40 Short cycle higher education;TOT Age, total;TOT Total;2023 2023;1458
410 Middelfart;TOT Total;H50 H50 Vocational bachelors educations;TOT Age, total;TOT Total;2023 2023;4427
410 Middelfart;TOT Total;H60 H60 Bachelors programs;TOT Age, total;TOT Total;2023 2023;351
410 Middelfart;TOT Total;H70 H70 Masters programs;TOT Age, total;TOT Total;2023 2023;2213
410 Middelfart;TOT Total;H80 H80 PhD programs;TOT Age, total;TOT Total;2023 2023;139
410 Middelfart;TOT Total;TOT Total;TOT Age, total;TOT Total;2023 2023;26566
420 Assens;TOT Total;H40 H40 Short cycle higher education;TOT Age, total;TOT Total;2023 2023;1405
420 Assens;TOT Total;H50 H50 Vocational bachelors educations;TOT Age, total;TOT Total;2023 2023;3999
420 Assens;TOT Total;H60 H60 Bachelors programs;TOT Age, total;TOT Total;2023 2023;298
420 Assens;TOT Total;H70 H70 Masters programs;TOT Age, total;TOT Total;2023 2023;1467
420 Assens;TOT Total;H80 H80 PhD programs;TOT Age, total;TOT Total;2023 2023;107
420 Assens;TOT Total;TOT Total;TOT Age, total;TOT Total;2023 2023;27139
430 Faaborg-Midtfyn;TOT Total;H40 H40 Short cycle higher education;TOT Age, total;TOT Total;2023 2023;1902
430 Faaborg-Midtfyn;TOT Total;H50 H50 Vocational bachelors educations;TOT Age, total;TOT Total;2023 2023;5280
430 Faaborg-Midtfyn;TOT Total;H60 H60 Bachelors programs;TOT Age, total;TOT Total;2023 2023;466
430 Faaborg-Midtfyn;TOT Total;H70 H70 Masters programs;TOT Age, total;TOT Total;2023 2023;1950
430 Faaborg-Midtfyn;TOT Total;H80 H80 PhD programs;TOT Age, total;TOT Total;2023 2023;168
430 Faaborg-Midtfyn;TOT Total;TOT Total;TOT Age, total;TOT Total;2023 2023;34239
440 Kerteminde;TOT Total;H40 H40 Short cycle higher education;TOT Age, total;TOT Total;2023 2023;764
440 Kerteminde;TOT Total;H50 H50 Vocational bachelors educations;TOT Age, total;TOT Total;2023 2023;2450
440 Kerteminde;TOT Total;H60 H60 Bachelors programs;TOT Age, total;TOT Total;2023 2023;220
440 Kerteminde;TOT Total;H70 H70 Masters programs;TOT Age, total;TOT Total;2023 2023;877
440 Kerteminde;TOT Total;H80 H80 PhD programs;TOT Age, total;TOT Total;2023 2023;81
440 Kerteminde;TOT Total;TOT Total;TOT Age, total;TOT Total;2023 2023;15466
450 Nyborg;TOT Total;H40 H40 Short cycle higher education;TOT Age, total;TOT Total;2023 2023;1057
450 Nyborg;TOT Total;H50 H50 Vocational bachelors educations;TOT Age, total;TOT Total;2023 2023;3205
450 Nyborg;TOT Total;H60 H60 Bachelors programs;TOT Age, total;TOT Total;2023 2023;263
450 Nyborg;TOT Total;H70 H70 Masters programs;TOT Age, total;TOT Total;2023 2023;1369
450 Nyborg;TOT Total;H80 H80 PhD programs;TOT Age, total;TOT Total;2023 2023;126
450 Nyborg;TOT Total;TOT Total;TOT Age, total;TOT Total;2023 2023;21429
461 Odense;TOT Total;H40 H40 Short cycle higher education;TOT Age, total;TOT Total;2023 2023;7787
461 Odense;TOT Total;H50 H50 Vocational bachelors educations;TOT Age, total;TOT Total;2023 2023;25600
461 Odense;TOT Total;H60 H60 Bachelors programs;TOT Age, total;TOT Total;2023 2023;7547
461 Odense;TOT Total;H70 H70 Masters programs;TOT Age, total;TOT Total;2023 2023;18138
461 Odense;TOT Total;H80 H80 PhD programs;TOT Age, total;TOT Total;2023 2023;1947
461 Odense;TOT Total;TOT Total;TOT Age, total;TOT Total;2023 2023;150513
479 Svendborg;TOT Total;H40 H40 Short cycle higher education;TOT Age, total;TOT Total;2023 2023;1896
479 Svendborg;TOT Total;H50 H50 Vocational bachelors educations;TOT Age, total;TOT Total;2023 2023;7792
479 Svendborg;TOT Total;H60 H60 Bachelors programs;TOT Age, total;TOT Total;2023 2023;560
479 Svendborg;TOT Total;H70 H70 Masters programs;TOT Age, total;TOT Total;2023 2023;2956
479 Svendborg;TOT Total;H80 H80 PhD programs;TOT Age, total;TOT Total;2023 2023;170
479 Svendborg;TOT Total;TOT Total;TOT Age, total;TOT Total;2023 2023;39486
480 Nordfyns;TOT Total;H40 H40 Short cycle higher education;TOT Age, total;TOT Total;2023 2023;1040
480 Nordfyns;TOT Total;H50 H50 Vocational bachelors educations;TOT Age, total;TOT Total;2023 2023;2731
480 Nordfyns;TOT Total;H60 H60 Bachelors programs;TOT Age, total;TOT Total;2023 2023;222
480 Nordfyns;TOT Total;H70 H70 Masters programs;TOT Age, total;TOT Total;2023 2023;919
480 Nordfyns;TOT Total;H80 H80 PhD programs;TOT Age, total;TOT Total;2023 2023;89
480 Nordfyns;TOT Total;TOT Total;TOT Age, total;TOT Total;2023 2023;19890
482 Langeland;TOT Total;H40 H40 Short cycle higher education;TOT Age, total;TOT Total;2023 2023;270
482 Langeland;TOT Total;H50 H50 Vocational bachelors educations;TOT Age, total;TOT Total;2023 2023;880
482 Langeland;TOT Total;H60 H60 Bachelors programs;TOT Age, total;TOT Total;2023 2023;96
482 Langeland;TOT Total;H70 H70 Masters programs;TOT Age, total;TOT Total;2023 2023;323
482 Langeland;TOT Total;H80 H80 PhD programs;TOT Age, total;TOT Total;2023 2023;26
482 Langeland;TOT Total;TOT Total;TOT Age, total;TOT Total;2023 2023;7659
492 Ærø;TOT Total;H40 H40 Short cycle higher education;TOT Age, total;TOT Total;2023 2023;230
492 Ærø;TOT Total;H50 H50 Vocational bachelors educations;TOT Age, total;TOT Total;2023 2023;556
492 Ærø;TOT Total;H60 H60 Bachelors programs;TOT Age, total;TOT Total;2023 2023;62
492 Ærø;TOT Total;H70 H70 Masters programs;TOT Age, total;TOT Total;2023 2023;242
492 Ærø;TOT Total;H80 H80 PhD programs;TOT Age, total;TOT Total;2023 2023;22
492 Ærø;TOT Total;TOT Total;TOT Age, total;TOT Total;2023 2023;3630
510 Haderslev;TOT Total;H40 H40 Short cycle higher education;TOT Age, total;TOT Total;2023 2023;1955
510 Haderslev;TOT Total;H50 H50 Vocational bachelors educations;TOT Age, total;TOT Total;2023 2023;5664
510 Haderslev;TOT Total;H60 H60 Bachelors programs;TOT Age, total;TOT Total;2023 2023;370
510 Haderslev;TOT Total;H70 H70 Masters programs;TOT Age, total;TOT Total;2023 2023;1707
510 Haderslev;TOT Total;H80 H80 PhD programs;TOT Age, total;TOT Total;2023 2023;75
510 Haderslev;TOT Total;TOT Total;TOT Age, total;TOT Total;2023 2023;37197
530 Billund;TOT Total;H40 H40 Short cycle higher education;TOT Age, total;TOT Total;2023 2023;917
530 Billund;TOT Total;H50 H50 Vocational bachelors educations;TOT Age, total;TOT Total;2023 2023;2347
530 Billund;TOT Total;H60 H60 Bachelors programs;TOT Age, total;TOT Total;2023 2023;272
530 Billund;TOT Total;H70 H70 Masters programs;TOT Age, total;TOT Total;2023 2023;1001
530 Billund;TOT Total;H80 H80 PhD programs;TOT Age, total;TOT Total;2023 2023;85
530 Billund;TOT Total;TOT Total;TOT Age, total;TOT Total;2023 2023;18248
540 Sønderborg;TOT Total;H40 H40 Short cycle higher education;TOT Age, total;TOT Total;2023 2023;2950
540 Sønderborg;TOT Total;H50 H50 Vocational bachelors educations;TOT Age, total;TOT Total;2023 2023;7674
540 Sønderborg;TOT Total;H60 H60 Bachelors programs;TOT Age, total;TOT Total;2023 2023;767
540 Sønderborg;TOT Total;H70 H70 Masters programs;TOT Age, total;TOT Total;2023 2023;3432
540 Sønderborg;TOT Total;H80 H80 PhD programs;TOT Age, total;TOT Total;2023 2023;281
540 Sønderborg;TOT Total;TOT Total;TOT Age, total;TOT Total;2023 2023;49167
550 Tønder;TOT Total;H40 H40 Short cycle higher education;TOT Age, total;TOT Total;2023 2023;1166
550 Tønder;TOT Total;H50 H50 Vocational bachelors educations;TOT Age, total;TOT Total;2023 2023;2985
550 Tønder;TOT Total;H60 H60 Bachelors programs;TOT Age, total;TOT Total;2023 2023;267
550 Tønder;TOT Total;H70 H70 Masters programs;TOT Age, total;TOT Total;2023 2023;861
550 Tønder;TOT Total;H80 H80 PhD programs;TOT Age, total;TOT Total;2023 2023;82
550 Tønder;TOT Total;TOT Total;TOT Age, total;TOT Total;2023 2023;24125
561 Esbjerg;TOT Total;H40 H40 Short cycle higher education;TOT Age, total;TOT Total;2023 2023;4188
561 Esbjerg;TOT Total;H50 H50 Vocational bachelors educations;TOT Age, total;TOT Total;2023 2023;14375
561 Esbjerg;TOT Total;H60 H60 Bachelors programs;TOT Age, total;TOT Total;2023 2023;1235
561 Esbjerg;TOT Total;H70 H70 Masters programs;TOT Age, total;TOT Total;2023 2023;4679
561 Esbjerg;TOT Total;H80 H80 PhD programs;TOT Age, total;TOT Total;2023 2023;271
561 Esbjerg;TOT Total;TOT Total;TOT Age, total;TOT Total;2023 2023;78444
563 Fanø;TOT Total;H40 H40 Short cycle higher education;TOT Age, total;TOT Total;2023 2023;126
563 Fanø;TOT Total;H50 H50 Vocational bachelors educations;TOT Age, total;TOT Total;2023 2023;487
563 Fanø;TOT Total;H60 H60 Bachelors programs;TOT Age, total;TOT Total;2023 2023;41
563 Fanø;TOT Total;H70 H70 Masters programs;TOT Age, total;TOT Total;2023 2023;189
563 Fanø;TOT Total;H80 H80 PhD programs;TOT Age, total;TOT Total;2023 2023;12
563 Fanø;TOT Total;TOT Total;TOT Age, total;TOT Total;2023 2023;1970
573 Varde;TOT Total;H40 H40 Short cycle higher education;TOT Age, total;TOT Total;2023 2023;1787
573 Varde;TOT Total;H50 H50 Vocational bachelors educations;TOT Age, total;TOT Total;2023 2023;4972
573 Varde;TOT Total;H60 H60 Bachelors programs;TOT Age, total;TOT Total;2023 2023;344
573 Varde;TOT Total;H70 H70 Masters programs;TOT Age, total;TOT Total;2023 2023;1328
573 Varde;TOT Total;H80 H80 PhD programs;TOT Age, total;TOT Total;2023 2023;88
573 Varde;TOT Total;TOT Total;TOT Age, total;TOT Total;2023 2023;32986
575 Vejen;TOT Total;H40 H40 Short cycle higher education;TOT Age, total;TOT Total;2023 2023;1501
575 Vejen;TOT Total;H50 H50 Vocational bachelors educations;TOT Age, total;TOT Total;2023 2023;3740
575 Vejen;TOT Total;H60 H60 Bachelors programs;TOT Age, total;TOT Total;2023 2023;326
575 Vejen;TOT Total;H70 H70 Masters programs;TOT Age, total;TOT Total;2023 2023;1236
575 Vejen;TOT Total;H80 H80 PhD programs;TOT Age, total;TOT Total;2023 2023;66
575 Vejen;TOT Total;TOT Total;TOT Age, total;TOT Total;2023 2023;28673
580 Aabenraa;TOT Total;H40 H40 Short cycle higher education;TOT Age, total;TOT Total;2023 2023;1972
580 Aabenraa;TOT Total;H50 H50 Vocational bachelors educations;TOT Age, total;TOT Total;2023 2023;5376
580 Aabenraa;TOT Total;H60 H60 Bachelors programs;TOT Age, total;TOT Total;2023 2023;398
580 Aabenraa;TOT Total;H70 H70 Masters programs;TOT Age, total;TOT Total;2023 2023;1950
580 Aabenraa;TOT Total;H80 H80 PhD programs;TOT Age, total;TOT Total;2023 2023;146
580 Aabenraa;TOT Total;TOT Total;TOT Age, total;TOT Total;2023 2023;38783
607 Fredericia;TOT Total;H40 H40 Short cycle higher education;TOT Age, total;TOT Total;2023 2023;1905
607 Fredericia;TOT Total;H50 H50 Vocational bachelors educations;TOT Age, total;TOT Total;2023 2023;5540
607 Fredericia;TOT Total;H60 H60 Bachelors programs;TOT Age, total;TOT Total;2023 2023;527
607 Fredericia;TOT Total;H70 H70 Masters programs;TOT Age, total;TOT Total;2023 2023;2235
607 Fredericia;TOT Total;H80 H80 PhD programs;TOT Age, total;TOT Total;2023 2023;168
607 Fredericia;TOT Total;TOT Total;TOT Age, total;TOT Total;2023 2023;35841
615 Horsens;TOT Total;H40 H40 Short cycle higher education;TOT Age, total;TOT Total;2023 2023;4305
615 Horsens;TOT Total;H50 H50 Vocational bachelors educations;TOT Age, total;TOT Total;2023 2023;11737
615 Horsens;TOT Total;H60 H60 Bachelors programs;TOT Age, total;TOT Total;2023 2023;904
615 Horsens;TOT Total;H70 H70 Masters programs;TOT Age, total;TOT Total;2023 2023;4770
615 Horsens;TOT Total;H80 H80 PhD programs;TOT Age, total;TOT Total;2023 2023;295
615 Horsens;TOT Total;TOT Total;TOT Age, total;TOT Total;2023 2023;66682
621 Kolding;TOT Total;H40 H40 Short cycle higher education;TOT Age, total;TOT Total;2023 2023;3977
621 Kolding;TOT Total;H50 H50 Vocational bachelors educations;TOT Age, total;TOT Total;2023 2023;10487
621 Kolding;TOT Total;H60 H60 Bachelors programs;TOT Age, total;TOT Total;2023 2023;1441
621 Kolding;TOT Total;H70 H70 Masters programs;TOT Age, total;TOT Total;2023 2023;5599
621 Kolding;TOT Total;H80 H80 PhD programs;TOT Age, total;TOT Total;2023 2023;269
621 Kolding;TOT Total;TOT Total;TOT Age, total;TOT Total;2023 2023;65076
630 Vejle;TOT Total;H40 H40 Short cycle higher education;TOT Age, total;TOT Total;2023 2023;4926
630 Vejle;TOT Total;H50 H50 Vocational bachelors educations;TOT Age, total;TOT Total;2023 2023;14716
630 Vejle;TOT Total;H60 H60 Bachelors programs;TOT Age, total;TOT Total;2023 2023;1308
630 Vejle;TOT Total;H70 H70 Masters programs;TOT Age, total;TOT Total;2023 2023;7891
630 Vejle;TOT Total;H80 H80 PhD programs;TOT Age, total;TOT Total;2023 2023;486
630 Vejle;TOT Total;TOT Total;TOT Age, total;TOT Total;2023 2023;82953
657 Herning;TOT Total;H40 H40 Short cycle higher education;TOT Age, total;TOT Total;2023 2023;3918
657 Herning;TOT Total;H50 H50 Vocational bachelors educations;TOT Age, total;TOT Total;2023 2023;9870
657 Herning;TOT Total;H60 H60 Bachelors programs;TOT Age, total;TOT Total;2023 2023;863
657 Herning;TOT Total;H70 H70 Masters programs;TOT Age, total;TOT Total;2023 2023;3204
657 Herning;TOT Total;H80 H80 PhD programs;TOT Age, total;TOT Total;2023 2023;169
657 Herning;TOT Total;TOT Total;TOT Age, total;TOT Total;2023 2023;60934
661 Holstebro;TOT Total;H40 H40 Short cycle higher education;TOT Age, total;TOT Total;2023 2023;2201
661 Holstebro;TOT Total;H50 H50 Vocational bachelors educations;TOT Age, total;TOT Total;2023 2023;6992
661 Holstebro;TOT Total;H60 H60 Bachelors programs;TOT Age, total;TOT Total;2023 2023;387
661 Holstebro;TOT Total;H70 H70 Masters programs;TOT Age, total;TOT Total;2023 2023;1962
661 Holstebro;TOT Total;H80 H80 PhD programs;TOT Age, total;TOT Total;2023 2023;89
661 Holstebro;TOT Total;TOT Total;TOT Age, total;TOT Total;2023 2023;39466
665 Lemvig;TOT Total;H40 H40 Short cycle higher education;TOT Age, total;TOT Total;2023 2023;518
665 Lemvig;TOT Total;H50 H50 Vocational bachelors educations;TOT Age, total;TOT Total;2023 2023;1847
665 Lemvig;TOT Total;H60 H60 Bachelors programs;TOT Age, total;TOT Total;2023 2023;134
665 Lemvig;TOT Total;H70 H70 Masters programs;TOT Age, total;TOT Total;2023 2023;485
665 Lemvig;TOT Total;H80 H80 PhD programs;TOT Age, total;TOT Total;2023 2023;49
665 Lemvig;TOT Total;TOT Total;TOT Age, total;TOT Total;2023 2023;12589
671 Struer;TOT Total;H40 H40 Short cycle higher education;TOT Age, total;TOT Total;2023 2023;620
671 Struer;TOT Total;H50 H50 Vocational bachelors educations;TOT Age, total;TOT Total;2023 2023;2045
671 Struer;TOT Total;H60 H60 Bachelors programs;TOT Age, total;TOT Total;2023 2023;124
671 Struer;TOT Total;H70 H70 Masters programs;TOT Age, total;TOT Total;2023 2023;575
671 Struer;TOT Total;H80 H80 PhD programs;TOT Age, total;TOT Total;2023 2023;38
671 Struer;TOT Total;TOT Total;TOT Age, total;TOT Total;2023 2023;13387
706 Syddjurs;TOT Total;H40 H40 Short cycle higher education;TOT Age, total;TOT Total;2023 2023;1560
706 Syddjurs;TOT Total;H50 H50 Vocational bachelors educations;TOT Age, total;TOT Total;2023 2023;4802
706 Syddjurs;TOT Total;H60 H60 Bachelors programs;TOT Age, total;TOT Total;2023 2023;460
706 Syddjurs;TOT Total;H70 H70 Masters programs;TOT Age, total;TOT Total;2023 2023;2474
706 Syddjurs;TOT Total;H80 H80 PhD programs;TOT Age, total;TOT Total;2023 2023;201
706 Syddjurs;TOT Total;TOT Total;TOT Age, total;TOT Total;2023 2023;28508
707 Norddjurs;TOT Total;H40 H40 Short cycle higher education;TOT Age, total;TOT Total;2023 2023;1126
707 Norddjurs;TOT Total;H50 H50 Vocational bachelors educations;TOT Age, total;TOT Total;2023 2023;2925
707 Norddjurs;TOT Total;H60 H60 Bachelors programs;TOT Age, total;TOT Total;2023 2023;217
707 Norddjurs;TOT Total;H70 H70 Masters programs;TOT Age, total;TOT Total;2023 2023;811
707 Norddjurs;TOT Total;H80 H80 PhD programs;TOT Age, total;TOT Total;2023 2023;51
707 Norddjurs;TOT Total;TOT Total;TOT Age, total;TOT Total;2023 2023;24675
710 Favrskov;TOT Total;H40 H40 Short cycle higher education;TOT Age, total;TOT Total;2023 2023;1982
710 Favrskov;TOT Total;H50 H50 Vocational bachelors educations;TOT Age, total;TOT Total;2023 2023;5492
710 Favrskov;TOT Total;H60 H60 Bachelors programs;TOT Age, total;TOT Total;2023 2023;463
710 Favrskov;TOT Total;H70 H70 Masters programs;TOT Age, total;TOT Total;2023 2023;3392
710 Favrskov;TOT Total;H80 H80 PhD programs;TOT Age, total;TOT Total;2023 2023;393
710 Favrskov;TOT Total;TOT Total;TOT Age, total;TOT Total;2023 2023;32642
727 Odder;TOT Total;H40 H40 Short cycle higher education;TOT Age, total;TOT Total;2023 2023;830
727 Odder;TOT Total;H50 H50 Vocational bachelors educations;TOT Age, total;TOT Total;2023 2023;2754
727 Odder;TOT Total;H60 H60 Bachelors programs;TOT Age, total;TOT Total;2023 2023;255
727 Odder;TOT Total;H70 H70 Masters programs;TOT Age, total;TOT Total;2023 2023;1485
727 Odder;TOT Total;H80 H80 PhD programs;TOT Age, total;TOT Total;2023 2023;112
727 Odder;TOT Total;TOT Total;TOT Age, total;TOT Total;2023 2023;15518
730 Randers;TOT Total;H40 H40 Short cycle higher education;TOT Age, total;TOT Total;2023 2023;4479
730 Randers;TOT Total;H50 H50 Vocational bachelors educations;TOT Age, total;TOT Total;2023 2023;10050
730 Randers;TOT Total;H60 H60 Bachelors programs;TOT Age, total;TOT Total;2023 2023;821
730 Randers;TOT Total;H70 H70 Masters programs;TOT Age, total;TOT Total;2023 2023;3865
730 Randers;TOT Total;H80 H80 PhD programs;TOT Age, total;TOT Total;2023 2023;269
730 Randers;TOT Total;TOT Total;TOT Age, total;TOT Total;2023 2023;68084
740 Silkeborg;TOT Total;H40 H40 Short cycle higher education;TOT Age, total;TOT Total;2023 2023;4288
740 Silkeborg;TOT Total;H50 H50 Vocational bachelors educations;TOT Age, total;TOT Total;2023 2023;12340
740 Silkeborg;TOT Total;H60 H60 Bachelors programs;TOT Age, total;TOT Total;2023 2023;1039
740 Silkeborg;TOT Total;H70 H70 Masters programs;TOT Age, total;TOT Total;2023 2023;6839
740 Silkeborg;TOT Total;H80 H80 PhD programs;TOT Age, total;TOT Total;2023 2023;432
740 Silkeborg;TOT Total;TOT Total;TOT Age, total;TOT Total;2023 2023;67447
741 Samsø;TOT Total;H40 H40 Short cycle higher education;TOT Age, total;TOT Total;2023 2023;125
741 Samsø;TOT Total;H50 H50 Vocational bachelors educations;TOT Age, total;TOT Total;2023 2023;358
741 Samsø;TOT Total;H60 H60 Bachelors programs;TOT Age, total;TOT Total;2023 2023;51
741 Samsø;TOT Total;H70 H70 Masters programs;TOT Age, total;TOT Total;2023 2023;181
741 Samsø;TOT Total;H80 H80 PhD programs;TOT Age, total;TOT Total;2023 2023;9
741 Samsø;TOT Total;TOT Total;TOT Age, total;TOT Total;2023 2023;2310
746 Skanderborg;TOT Total;H40 H40 Short cycle higher education;TOT Age, total;TOT Total;2023 2023;2702
746 Skanderborg;TOT Total;H50 H50 Vocational bachelors educations;TOT Age, total;TOT Total;2023 2023;7715
746 Skanderborg;TOT Total;H60 H60 Bachelors programs;TOT Age, total;TOT Total;2023 2023;662
746 Skanderborg;TOT Total;H70 H70 Masters programs;TOT Age, total;TOT Total;2023 2023;6239
746 Skanderborg;TOT Total;H80 H80 PhD programs;TOT Age, total;TOT Total;2023 2023;518
746 Skanderborg;TOT Total;TOT Total;TOT Age, total;TOT Total;2023 2023;42456
751 Aarhus;TOT Total;H40 H40 Short cycle higher education;TOT Age, total;TOT Total;2023 2023;13720
751 Aarhus;TOT Total;H50 H50 Vocational bachelors educations;TOT Age, total;TOT Total;2023 2023;45956
751 Aarhus;TOT Total;H60 H60 Bachelors programs;TOT Age, total;TOT Total;2023 2023;16521
751 Aarhus;TOT Total;H70 H70 Masters programs;TOT Age, total;TOT Total;2023 2023;46686
751 Aarhus;TOT Total;H80 H80 PhD programs;TOT Age, total;TOT Total;2023 2023;5347
751 Aarhus;TOT Total;TOT Total;TOT Age, total;TOT Total;2023 2023;272758
756 Ikast-Brande;TOT Total;H40 H40 Short cycle higher education;TOT Age, total;TOT Total;2023 2023;1684
756 Ikast-Brande;TOT Total;H50 H50 Vocational bachelors educations;TOT Age, total;TOT Total;2023 2023;3930
756 Ikast-Brande;TOT Total;H60 H60 Bachelors programs;TOT Age, total;TOT Total;2023 2023;346
756 Ikast-Brande;TOT Total;H70 H70 Masters programs;TOT Age, total;TOT Total;2023 2023;1493
756 Ikast-Brande;TOT Total;H80 H80 PhD programs;TOT Age, total;TOT Total;2023 2023;94
756 Ikast-Brande;TOT Total;TOT Total;TOT Age, total;TOT Total;2023 2023;28802
760 Ringkøbing-Skjern;TOT Total;H40 H40 Short cycle higher education;TOT Age, total;TOT Total;2023 2023;1948
760 Ringkøbing-Skjern;TOT Total;H50 H50 Vocational bachelors educations;TOT Age, total;TOT Total;2023 2023;5252
760 Ringkøbing-Skjern;TOT Total;H60 H60 Bachelors programs;TOT Age, total;TOT Total;2023 2023;353
760 Ringkøbing-Skjern;TOT Total;H70 H70 Masters programs;TOT Age, total;TOT Total;2023 2023;1506
760 Ringkøbing-Skjern;TOT Total;H80 H80 PhD programs;TOT Age, total;TOT Total;2023 2023;77
760 Ringkøbing-Skjern;TOT Total;TOT Total;TOT Age, total;TOT Total;2023 2023;37279
766 Hedensted;TOT Total;H40 H40 Short cycle higher education;TOT Age, total;TOT Total;2023 2023;1961
766 Hedensted;TOT Total;H50 H50 Vocational bachelors educations;TOT Age, total;TOT Total;2023 2023;4727
766 Hedensted;TOT Total;H60 H60 Bachelors programs;TOT Age, total;TOT Total;2023 2023;321
766 Hedensted;TOT Total;H70 H70 Masters programs;TOT Age, total;TOT Total;2023 2023;1396
766 Hedensted;TOT Total;H80 H80 PhD programs;TOT Age, total;TOT Total;2023 2023;84
766 Hedensted;TOT Total;TOT Total;TOT Age, total;TOT Total;2023 2023;32328
773 Morsø;TOT Total;H40 H40 Short cycle higher education;TOT Age, total;TOT Total;2023 2023;548
773 Morsø;TOT Total;H50 H50 Vocational bachelors educations;TOT Age, total;TOT Total;2023 2023;1560
773 Morsø;TOT Total;H60 H60 Bachelors programs;TOT Age, total;TOT Total;2023 2023;87
773 Morsø;TOT Total;H70 H70 Masters programs;TOT Age, total;TOT Total;2023 2023;384
773 Morsø;TOT Total;H80 H80 PhD programs;TOT Age, total;TOT Total;2023 2023;25
773 Morsø;TOT Total;TOT Total;TOT Age, total;TOT Total;2023 2023;12958
779 Skive;TOT Total;H40 H40 Short cycle higher education;TOT Age, total;TOT Total;2023 2023;1581
779 Skive;TOT Total;H50 H50 Vocational bachelors educations;TOT Age, total;TOT Total;2023 2023;4412
779 Skive;TOT Total;H60 H60 Bachelors programs;TOT Age, total;TOT Total;2023 2023;229
779 Skive;TOT Total;H70 H70 Masters programs;TOT Age, total;TOT Total;2023 2023;1171
779 Skive;TOT Total;H80 H80 PhD programs;TOT Age, total;TOT Total;2023 2023;50
779 Skive;TOT Total;TOT Total;TOT Age, total;TOT Total;2023 2023;29872
787 Thisted;TOT Total;H40 H40 Short cycle higher education;TOT Age, total;TOT Total;2023 2023;1345
787 Thisted;TOT Total;H50 H50 Vocational bachelors educations;TOT Age, total;TOT Total;2023 2023;3759
787 Thisted;TOT Total;H60 H60 Bachelors programs;TOT Age, total;TOT Total;2023 2023;208
787 Thisted;TOT Total;H70 H70 Masters programs;TOT Age, total;TOT Total;2023 2023;1314
787 Thisted;TOT Total;H80 H80 PhD programs;TOT Age, total;TOT Total;2023 2023;65
787 Thisted;TOT Total;TOT Total;TOT Age, total;TOT Total;2023 2023;28423
791 Viborg;TOT Total;H40 H40 Short cycle higher education;TOT Age, total;TOT Total;2023 2023;3729
791 Viborg;TOT Total;H50 H50 Vocational bachelors educations;TOT Age, total;TOT Total;2023 2023;10625
791 Viborg;TOT Total;H60 H60 Bachelors programs;TOT Age, total;TOT Total;2023 2023;693
791 Viborg;TOT Total;H70 H70 Masters programs;TOT Age, total;TOT Total;2023 2023;4664
791 Viborg;TOT Total;H80 H80 PhD programs;TOT Age, total;TOT Total;2023 2023;406
791 Viborg;TOT Total;TOT Total;TOT Age, total;TOT Total;2023 2023;65828
810 Brønderslev;TOT Total;H40 H40 Short cycle higher education;TOT Age, total;TOT Total;2023 2023;1177
810 Brønderslev;TOT Total;H50 H50 Vocational bachelors educations;TOT Age, total;TOT Total;2023 2023;3738
810 Brønderslev;TOT Total;H60 H60 Bachelors programs;TOT Age, total;TOT Total;2023 2023;245
810 Brønderslev;TOT Total;H70 H70 Masters programs;TOT Age, total;TOT Total;2023 2023;1332
810 Brønderslev;TOT Total;H80 H80 PhD programs;TOT Age, total;TOT Total;2023 2023;69
810 Brønderslev;TOT Total;TOT Total;TOT Age, total;TOT Total;2023 2023;24117
813 Frederikshavn;TOT Total;H40 H40 Short cycle higher education;TOT Age, total;TOT Total;2023 2023;1883
813 Frederikshavn;TOT Total;H50 H50 Vocational bachelors educations;TOT Age, total;TOT Total;2023 2023;5141
813 Frederikshavn;TOT Total;H60 H60 Bachelors programs;TOT Age, total;TOT Total;2023 2023;331
813 Frederikshavn;TOT Total;H70 H70 Masters programs;TOT Age, total;TOT Total;2023 2023;1438
813 Frederikshavn;TOT Total;H80 H80 PhD programs;TOT Age, total;TOT Total;2023 2023;106
813 Frederikshavn;TOT Total;TOT Total;TOT Age, total;TOT Total;2023 2023;38159
820 Vesthimmerlands;TOT Total;H40 H40 Short cycle higher education;TOT Age, total;TOT Total;2023 2023;1097
820 Vesthimmerlands;TOT Total;H50 H50 Vocational bachelors educations;TOT Age, total;TOT Total;2023 2023;3095
820 Vesthimmerlands;TOT Total;H60 H60 Bachelors programs;TOT Age, total;TOT Total;2023 2023;180
820 Vesthimmerlands;TOT Total;H70 H70 Masters programs;TOT Age, total;TOT Total;2023 2023;947
820 Vesthimmerlands;TOT Total;H80 H80 PhD programs;TOT Age, total;TOT Total;2023 2023;39
820 Vesthimmerlands;TOT Total;TOT Total;TOT Age, total;TOT Total;2023 2023;23829
825 Læsø;TOT Total;H40 H40 Short cycle higher education;TOT Age, total;TOT Total;2023 2023;23
825 Læsø;TOT Total;H50 H50 Vocational bachelors educations;TOT Age, total;TOT Total;2023 2023;138
825 Læsø;TOT Total;H60 H60 Bachelors programs;TOT Age, total;TOT Total;2023 2023;10
825 Læsø;TOT Total;H70 H70 Masters programs;TOT Age, total;TOT Total;2023 2023;46
825 Læsø;TOT Total;H80 H80 PhD programs;TOT Age, total;TOT Total;2023 2023;2
825 Læsø;TOT Total;TOT Total;TOT Age, total;TOT Total;2023 2023;1031
840 Rebild;TOT Total;H40 H40 Short cycle higher education;TOT Age, total;TOT Total;2023 2023;1120
840 Rebild;TOT Total;H50 H50 Vocational bachelors educations;TOT Age, total;TOT Total;2023 2023;3249
840 Rebild;TOT Total;H60 H60 Bachelors programs;TOT Age, total;TOT Total;2023 2023;287
840 Rebild;TOT Total;H70 H70 Masters programs;TOT Age, total;TOT Total;2023 2023;2241
840 Rebild;TOT Total;H80 H80 PhD programs;TOT Age, total;TOT Total;2023 2023;196
840 Rebild;TOT Total;TOT Total;TOT Age, total;TOT Total;2023 2023;20174
846 Mariagerfjord;TOT Total;H40 H40 Short cycle higher education;TOT Age, total;TOT Total;2023 2023;1500
846 Mariagerfjord;TOT Total;H50 H50 Vocational bachelors educations;TOT Age, total;TOT Total;2023 2023;3945
846 Mariagerfjord;TOT Total;H60 H60 Bachelors programs;TOT Age, total;TOT Total;2023 2023;297
846 Mariagerfjord;TOT Total;H70 H70 Masters programs;TOT Age, total;TOT Total;2023 2023;1508
846 Mariagerfjord;TOT Total;H80 H80 PhD programs;TOT Age, total;TOT Total;2023 2023;90
846 Mariagerfjord;TOT Total;TOT Total;TOT Age, total;TOT Total;2023 2023;27983
849 Jammerbugt;TOT Total;H40 H40 Short cycle higher education;TOT Age, total;TOT Total;2023 2023;1192
849 Jammerbugt;TOT Total;H50 H50 Vocational bachelors educations;TOT Age, total;TOT Total;2023 2023;3388
849 Jammerbugt;TOT Total;H60 H60 Bachelors programs;TOT Age, total;TOT Total;2023 2023;281
849 Jammerbugt;TOT Total;H70 H70 Masters programs;TOT Age, total;TOT Total;2023 2023;1213
849 Jammerbugt;TOT Total;H80 H80 PhD programs;TOT Age, total;TOT Total;2023 2023;60
849 Jammerbugt;TOT Total;TOT Total;TOT Age, total;TOT Total;2023 2023;24963
851 Aalborg;TOT Total;H40 H40 Short cycle higher education;TOT Age, total;TOT Total;2023 2023;8022
851 Aalborg;TOT Total;H50 H50 Vocational bachelors educations;TOT Age, total;TOT Total;2023 2023;25604
851 Aalborg;TOT Total;H60 H60 Bachelors programs;TOT Age, total;TOT Total;2023 2023;7194
851 Aalborg;TOT Total;H70 H70 Masters programs;TOT Age, total;TOT Total;2023 2023;20495
851 Aalborg;TOT Total;H80 H80 PhD programs;TOT Age, total;TOT Total;2023 2023;1706
851 Aalborg;TOT Total;TOT Total;TOT Age, total;TOT Total;2023 2023;159913
860 Hjørring;TOT Total;H40 H40 Short cycle higher education;TOT Age, total;TOT Total;2023 2023;1866
860 Hjørring;TOT Total;H50 H50 Vocational bachelors educations;TOT Age, total;TOT Total;2023 2023;6830
860 Hjørring;TOT Total;H60 H60 Bachelors programs;TOT Age, total;TOT Total;2023 2023;387
860 Hjørring;TOT Total;H70 H70 Masters programs;TOT Age, total;TOT Total;2023 2023;1863
860 Hjørring;TOT Total;H80 H80 PhD programs;TOT Age, total;TOT Total;2023 2023;107
860 Hjørring;TOT Total;TOT Total;TOT Age, total;TOT Total;2023 2023;42377
000 All Denmark;TOT Total;H40 H40 Short cycle higher education;TOT Age, total;TOT Total;2024 2024;223235
000 All Denmark;TOT Total;H50 H50 Vocational bachelors educations;TOT Age, total;TOT Total;2024 2024;648744
000 All Denmark;TOT Total;H60 H60 Bachelors programs;TOT Age, total;TOT Total;2024 2024;142432
000 All Denmark;TOT Total;H70 H70 Masters programs;TOT Age, total;TOT Total;2024 2024;504199
000 All Denmark;TOT Total;H80 H80 PhD programs;TOT Age, total;TOT Total;2024 2024;49445
000 All Denmark;TOT Total;TOT Total;TOT Age, total;TOT Total;2024 2024;4139094
101 Copenhagen;TOT Total;H40 H40 Short cycle higher education;TOT Age, total;TOT Total;2024 2024;24324
101 Copenhagen;TOT Total;H50 H50 Vocational bachelors educations;TOT Age, total;TOT Total;2024 2024;78342
101 Copenhagen;TOT Total;H60 H60 Bachelors programs;TOT Age, total;TOT Total;2024 2024;46272
101 Copenhagen;TOT Total;H70 H70 Masters programs;TOT Age, total;TOT Total;2024 2024;131636
101 Copenhagen;TOT Total;H80 H80 PhD programs;TOT Age, total;TOT Total;2024 2024;12605
101 Copenhagen;TOT Total;TOT Total;TOT Age, total;TOT Total;2024 2024;523292
147 Frederiksberg;TOT Total;H40 H40 Short cycle higher education;TOT Age, total;TOT Total;2024 2024;3327
147 Frederiksberg;TOT Total;H50 H50 Vocational bachelors educations;TOT Age, total;TOT Total;2024 2024;11366
147 Frederiksberg;TOT Total;H60 H60 Bachelors programs;TOT Age, total;TOT Total;2024 2024;6601
147 Frederiksberg;TOT Total;H70 H70 Masters programs;TOT Age, total;TOT Total;2024 2024;22321
147 Frederiksberg;TOT Total;H80 H80 PhD programs;TOT Age, total;TOT Total;2024 2024;2011
147 Frederiksberg;TOT Total;TOT Total;TOT Age, total;TOT Total;2024 2024;77388
151 Ballerup;TOT Total;H40 H40 Short cycle higher education;TOT Age, total;TOT Total;2024 2024;1973
151 Ballerup;TOT Total;H50 H50 Vocational bachelors educations;TOT Age, total;TOT Total;2024 2024;5422
151 Ballerup;TOT Total;H60 H60 Bachelors programs;TOT Age, total;TOT Total;2024 2024;1027
151 Ballerup;TOT Total;H70 H70 Masters programs;TOT Age, total;TOT Total;2024 2024;4320
151 Ballerup;TOT Total;H80 H80 PhD programs;TOT Age, total;TOT Total;2024 2024;634
151 Ballerup;TOT Total;TOT Total;TOT Age, total;TOT Total;2024 2024;35688
153 Brøndby;TOT Total;H40 H40 Short cycle higher education;TOT Age, total;TOT Total;2024 2024;1687
153 Brøndby;TOT Total;H50 H50 Vocational bachelors educations;TOT Age, total;TOT Total;2024 2024;3809
153 Brøndby;TOT Total;H60 H60 Bachelors programs;TOT Age, total;TOT Total;2024 2024;1035
153 Brøndby;TOT Total;H70 H70 Masters programs;TOT Age, total;TOT Total;2024 2024;2240
153 Brøndby;TOT Total;H80 H80 PhD programs;TOT Age, total;TOT Total;2024 2024;230
153 Brøndby;TOT Total;TOT Total;TOT Age, total;TOT Total;2024 2024;28222
155 Dragør;TOT Total;H40 H40 Short cycle higher education;TOT Age, total;TOT Total;2024 2024;584
155 Dragør;TOT Total;H50 H50 Vocational bachelors educations;TOT Age, total;TOT Total;2024 2024;1447
155 Dragør;TOT Total;H60 H60 Bachelors programs;TOT Age, total;TOT Total;2024 2024;198
155 Dragør;TOT Total;H70 H70 Masters programs;TOT Age, total;TOT Total;2024 2024;1463
155 Dragør;TOT Total;H80 H80 PhD programs;TOT Age, total;TOT Total;2024 2024;108
155 Dragør;TOT Total;TOT Total;TOT Age, total;TOT Total;2024 2024;8887
157 Gentofte;TOT Total;H40 H40 Short cycle higher education;TOT Age, total;TOT Total;2024 2024;2401
157 Gentofte;TOT Total;H50 H50 Vocational bachelors educations;TOT Age, total;TOT Total;2024 2024;7182
157 Gentofte;TOT Total;H60 H60 Bachelors programs;TOT Age, total;TOT Total;2024 2024;2404
157 Gentofte;TOT Total;H70 H70 Masters programs;TOT Age, total;TOT Total;2024 2024;14916
157 Gentofte;TOT Total;H80 H80 PhD programs;TOT Age, total;TOT Total;2024 2024;1789
157 Gentofte;TOT Total;TOT Total;TOT Age, total;TOT Total;2024 2024;49964
159 Gladsaxe;TOT Total;H40 H40 Short cycle higher education;TOT Age, total;TOT Total;2024 2024;2632
159 Gladsaxe;TOT Total;H50 H50 Vocational bachelors educations;TOT Age, total;TOT Total;2024 2024;8041
159 Gladsaxe;TOT Total;H60 H60 Bachelors programs;TOT Age, total;TOT Total;2024 2024;1974
159 Gladsaxe;TOT Total;H70 H70 Masters programs;TOT Age, total;TOT Total;2024 2024;8866
159 Gladsaxe;TOT Total;H80 H80 PhD programs;TOT Age, total;TOT Total;2024 2024;1433
159 Gladsaxe;TOT Total;TOT Total;TOT Age, total;TOT Total;2024 2024;49452
161 Glostrup;TOT Total;H40 H40 Short cycle higher education;TOT Age, total;TOT Total;2024 2024;1134
161 Glostrup;TOT Total;H50 H50 Vocational bachelors educations;TOT Age, total;TOT Total;2024 2024;2597
161 Glostrup;TOT Total;H60 H60 Bachelors programs;TOT Age, total;TOT Total;2024 2024;603
161 Glostrup;TOT Total;H70 H70 Masters programs;TOT Age, total;TOT Total;2024 2024;1708
161 Glostrup;TOT Total;H80 H80 PhD programs;TOT Age, total;TOT Total;2024 2024;173
161 Glostrup;TOT Total;TOT Total;TOT Age, total;TOT Total;2024 2024;17139
163 Herlev;TOT Total;H40 H40 Short cycle higher education;TOT Age, total;TOT Total;2024 2024;1197
163 Herlev;TOT Total;H50 H50 Vocational bachelors educations;TOT Age, total;TOT Total;2024 2024;3312
163 Herlev;TOT Total;H60 H60 Bachelors programs;TOT Age, total;TOT Total;2024 2024;535
163 Herlev;TOT Total;H70 H70 Masters programs;TOT Age, total;TOT Total;2024 2024;2392
163 Herlev;TOT Total;H80 H80 PhD programs;TOT Age, total;TOT Total;2024 2024;347
163 Herlev;TOT Total;TOT Total;TOT Age, total;TOT Total;2024 2024;20828
165 Albertslund;TOT Total;H40 H40 Short cycle higher education;TOT Age, total;TOT Total;2024 2024;1007
165 Albertslund;TOT Total;H50 H50 Vocational bachelors educations;TOT Age, total;TOT Total;2024 2024;2817
165 Albertslund;TOT Total;H60 H60 Bachelors programs;TOT Age, total;TOT Total;2024 2024;651
165 Albertslund;TOT Total;H70 H70 Masters programs;TOT Age, total;TOT Total;2024 2024;1511
165 Albertslund;TOT Total;H80 H80 PhD programs;TOT Age, total;TOT Total;2024 2024;134
165 Albertslund;TOT Total;TOT Total;TOT Age, total;TOT Total;2024 2024;19150
167 Hvidovre;TOT Total;H40 H40 Short cycle higher education;TOT Age, total;TOT Total;2024 2024;2231
167 Hvidovre;TOT Total;H50 H50 Vocational bachelors educations;TOT Age, total;TOT Total;2024 2024;5311
167 Hvidovre;TOT Total;H60 H60 Bachelors programs;TOT Age, total;TOT Total;2024 2024;1095
167 Hvidovre;TOT Total;H70 H70 Masters programs;TOT Age, total;TOT Total;2024 2024;4361
167 Hvidovre;TOT Total;H80 H80 PhD programs;TOT Age, total;TOT Total;2024 2024;389
167 Hvidovre;TOT Total;TOT Total;TOT Age, total;TOT Total;2024 2024;36932
169 Høje-Taastrup;TOT Total;H40 H40 Short cycle higher education;TOT Age, total;TOT Total;2024 2024;2881
169 Høje-Taastrup;TOT Total;H50 H50 Vocational bachelors educations;TOT Age, total;TOT Total;2024 2024;5948
169 Høje-Taastrup;TOT Total;H60 H60 Bachelors programs;TOT Age, total;TOT Total;2024 2024;1459
169 Høje-Taastrup;TOT Total;H70 H70 Masters programs;TOT Age, total;TOT Total;2024 2024;3951
169 Høje-Taastrup;TOT Total;H80 H80 PhD programs;TOT Age, total;TOT Total;2024 2024;425
169 Høje-Taastrup;TOT Total;TOT Total;TOT Age, total;TOT Total;2024 2024;41684
173 Lyngby-Taarbæk;TOT Total;H40 H40 Short cycle higher education;TOT Age, total;TOT Total;2024 2024;1772
173 Lyngby-Taarbæk;TOT Total;H50 H50 Vocational bachelors educations;TOT Age, total;TOT Total;2024 2024;6083
173 Lyngby-Taarbæk;TOT Total;H60 H60 Bachelors programs;TOT Age, total;TOT Total;2024 2024;3095
173 Lyngby-Taarbæk;TOT Total;H70 H70 Masters programs;TOT Age, total;TOT Total;2024 2024;10494
173 Lyngby-Taarbæk;TOT Total;H80 H80 PhD programs;TOT Age, total;TOT Total;2024 2024;1748
173 Lyngby-Taarbæk;TOT Total;TOT Total;TOT Age, total;TOT Total;2024 2024;40686
175 Rødovre;TOT Total;H40 H40 Short cycle higher education;TOT Age, total;TOT Total;2024 2024;1842
175 Rødovre;TOT Total;H50 H50 Vocational bachelors educations;TOT Age, total;TOT Total;2024 2024;4919
175 Rødovre;TOT Total;H60 H60 Bachelors programs;TOT Age, total;TOT Total;2024 2024;1024
175 Rødovre;TOT Total;H70 H70 Masters programs;TOT Age, total;TOT Total;2024 2024;3978
175 Rødovre;TOT Total;H80 H80 PhD programs;TOT Age, total;TOT Total;2024 2024;425
175 Rødovre;TOT Total;TOT Total;TOT Age, total;TOT Total;2024 2024;31086
183 Ishøj;TOT Total;H40 H40 Short cycle higher education;TOT Age, total;TOT Total;2024 2024;1168
183 Ishøj;TOT Total;H50 H50 Vocational bachelors educations;TOT Age, total;TOT Total;2024 2024;2181
183 Ishøj;TOT Total;H60 H60 Bachelors programs;TOT Age, total;TOT Total;2024 2024;494
183 Ishøj;TOT Total;H70 H70 Masters programs;TOT Age, total;TOT Total;2024 2024;1151
183 Ishøj;TOT Total;H80 H80 PhD programs;TOT Age, total;TOT Total;2024 2024;89
183 Ishøj;TOT Total;TOT Total;TOT Age, total;TOT Total;2024 2024;16992
185 Tårnby;TOT Total;H40 H40 Short cycle higher education;TOT Age, total;TOT Total;2024 2024;1711
185 Tårnby;TOT Total;H50 H50 Vocational bachelors educations;TOT Age, total;TOT Total;2024 2024;3957
185 Tårnby;TOT Total;H60 H60 Bachelors programs;TOT Age, total;TOT Total;2024 2024;664
185 Tårnby;TOT Total;H70 H70 Masters programs;TOT Age, total;TOT Total;2024 2024;3007
185 Tårnby;TOT Total;H80 H80 PhD programs;TOT Age, total;TOT Total;2024 2024;249
185 Tårnby;TOT Total;TOT Total;TOT Age, total;TOT Total;2024 2024;29920
187 Vallensbæk;TOT Total;H40 H40 Short cycle higher education;TOT Age, total;TOT Total;2024 2024;965
187 Vallensbæk;TOT Total;H50 H50 Vocational bachelors educations;TOT Age, total;TOT Total;2024 2024;1924
187 Vallensbæk;TOT Total;H60 H60 Bachelors programs;TOT Age, total;TOT Total;2024 2024;457
187 Vallensbæk;TOT Total;H70 H70 Masters programs;TOT Age, total;TOT Total;2024 2024;1473
187 Vallensbæk;TOT Total;H80 H80 PhD programs;TOT Age, total;TOT Total;2024 2024;136
187 Vallensbæk;TOT Total;TOT Total;TOT Age, total;TOT Total;2024 2024;12083
190 Furesø;TOT Total;H40 H40 Short cycle higher education;TOT Age, total;TOT Total;2024 2024;1502
190 Furesø;TOT Total;H50 H50 Vocational bachelors educations;TOT Age, total;TOT Total;2024 2024;4605
190 Furesø;TOT Total;H60 H60 Bachelors programs;TOT Age, total;TOT Total;2024 2024;651
190 Furesø;TOT Total;H70 H70 Masters programs;TOT Age, total;TOT Total;2024 2024;6290
190 Furesø;TOT Total;H80 H80 PhD programs;TOT Age, total;TOT Total;2024 2024;984
190 Furesø;TOT Total;TOT Total;TOT Age, total;TOT Total;2024 2024;27043
201 Allerød;TOT Total;H40 H40 Short cycle higher education;TOT Age, total;TOT Total;2024 2024;1010
201 Allerød;TOT Total;H50 H50 Vocational bachelors educations;TOT Age, total;TOT Total;2024 2024;2954
201 Allerød;TOT Total;H60 H60 Bachelors programs;TOT Age, total;TOT Total;2024 2024;366
201 Allerød;TOT Total;H70 H70 Masters programs;TOT Age, total;TOT Total;2024 2024;3577
201 Allerød;TOT Total;H80 H80 PhD programs;TOT Age, total;TOT Total;2024 2024;480
201 Allerød;TOT Total;TOT Total;TOT Age, total;TOT Total;2024 2024;16705
210 Fredensborg;TOT Total;H40 H40 Short cycle higher education;TOT Age, total;TOT Total;2024 2024;1574
210 Fredensborg;TOT Total;H50 H50 Vocational bachelors educations;TOT Age, total;TOT Total;2024 2024;4436
210 Fredensborg;TOT Total;H60 H60 Bachelors programs;TOT Age, total;TOT Total;2024 2024;767
210 Fredensborg;TOT Total;H70 H70 Masters programs;TOT Age, total;TOT Total;2024 2024;4371
210 Fredensborg;TOT Total;H80 H80 PhD programs;TOT Age, total;TOT Total;2024 2024;508
210 Fredensborg;TOT Total;TOT Total;TOT Age, total;TOT Total;2024 2024;27060
217 Helsingør;TOT Total;H40 H40 Short cycle higher education;TOT Age, total;TOT Total;2024 2024;2320
217 Helsingør;TOT Total;H50 H50 Vocational bachelors educations;TOT Age, total;TOT Total;2024 2024;7148
217 Helsingør;TOT Total;H60 H60 Bachelors programs;TOT Age, total;TOT Total;2024 2024;843
217 Helsingør;TOT Total;H70 H70 Masters programs;TOT Age, total;TOT Total;2024 2024;4926
217 Helsingør;TOT Total;H80 H80 PhD programs;TOT Age, total;TOT Total;2024 2024;410
217 Helsingør;TOT Total;TOT Total;TOT Age, total;TOT Total;2024 2024;42008
219 Hillerød;TOT Total;H40 H40 Short cycle higher education;TOT Age, total;TOT Total;2024 2024;2325
219 Hillerød;TOT Total;H50 H50 Vocational bachelors educations;TOT Age, total;TOT Total;2024 2024;6827
219 Hillerød;TOT Total;H60 H60 Bachelors programs;TOT Age, total;TOT Total;2024 2024;892
219 Hillerød;TOT Total;H70 H70 Masters programs;TOT Age, total;TOT Total;2024 2024;5127
219 Hillerød;TOT Total;H80 H80 PhD programs;TOT Age, total;TOT Total;2024 2024;636
219 Hillerød;TOT Total;TOT Total;TOT Age, total;TOT Total;2024 2024;37646
223 Hørsholm;TOT Total;H40 H40 Short cycle higher education;TOT Age, total;TOT Total;2024 2024;866
223 Hørsholm;TOT Total;H50 H50 Vocational bachelors educations;TOT Age, total;TOT Total;2024 2024;2446
223 Hørsholm;TOT Total;H60 H60 Bachelors programs;TOT Age, total;TOT Total;2024 2024;501
223 Hørsholm;TOT Total;H70 H70 Masters programs;TOT Age, total;TOT Total;2024 2024;3678
223 Hørsholm;TOT Total;H80 H80 PhD programs;TOT Age, total;TOT Total;2024 2024;375
223 Hørsholm;TOT Total;TOT Total;TOT Age, total;TOT Total;2024 2024;15372
230 Rudersdal;TOT Total;H40 H40 Short cycle higher education;TOT Age, total;TOT Total;2024 2024;1609
230 Rudersdal;TOT Total;H50 H50 Vocational bachelors educations;TOT Age, total;TOT Total;2024 2024;5361
230 Rudersdal;TOT Total;H60 H60 Bachelors programs;TOT Age, total;TOT Total;2024 2024;1571
230 Rudersdal;TOT Total;H70 H70 Masters programs;TOT Age, total;TOT Total;2024 2024;10241
230 Rudersdal;TOT Total;H80 H80 PhD programs;TOT Age, total;TOT Total;2024 2024;1467
230 Rudersdal;TOT Total;TOT Total;TOT Age, total;TOT Total;2024 2024;36583
240 Egedal;TOT Total;H40 H40 Short cycle higher education;TOT Age, total;TOT Total;2024 2024;2174
240 Egedal;TOT Total;H50 H50 Vocational bachelors educations;TOT Age, total;TOT Total;2024 2024;5098
240 Egedal;TOT Total;H60 H60 Bachelors programs;TOT Age, total;TOT Total;2024 2024;588
240 Egedal;TOT Total;H70 H70 Masters programs;TOT Age, total;TOT Total;2024 2024;3670
240 Egedal;TOT Total;H80 H80 PhD programs;TOT Age, total;TOT Total;2024 2024;438
240 Egedal;TOT Total;TOT Total;TOT Age, total;TOT Total;2024 2024;30361
250 Frederikssund;TOT Total;H40 H40 Short cycle higher education;TOT Age, total;TOT Total;2024 2024;1843
250 Frederikssund;TOT Total;H50 H50 Vocational bachelors educations;TOT Age, total;TOT Total;2024 2024;4930
250 Frederikssund;TOT Total;H60 H60 Bachelors programs;TOT Age, total;TOT Total;2024 2024;445
250 Frederikssund;TOT Total;H70 H70 Masters programs;TOT Age, total;TOT Total;2024 2024;2306
250 Frederikssund;TOT Total;H80 H80 PhD programs;TOT Age, total;TOT Total;2024 2024;229
250 Frederikssund;TOT Total;TOT Total;TOT Age, total;TOT Total;2024 2024;31249
253 Greve;TOT Total;H40 H40 Short cycle higher education;TOT Age, total;TOT Total;2024 2024;2310
253 Greve;TOT Total;H50 H50 Vocational bachelors educations;TOT Age, total;TOT Total;2024 2024;5070
253 Greve;TOT Total;H60 H60 Bachelors programs;TOT Age, total;TOT Total;2024 2024;668
253 Greve;TOT Total;H70 H70 Masters programs;TOT Age, total;TOT Total;2024 2024;3351
253 Greve;TOT Total;H80 H80 PhD programs;TOT Age, total;TOT Total;2024 2024;235
253 Greve;TOT Total;TOT Total;TOT Age, total;TOT Total;2024 2024;35120
259 Køge;TOT Total;H40 H40 Short cycle higher education;TOT Age, total;TOT Total;2024 2024;2704
259 Køge;TOT Total;H50 H50 Vocational bachelors educations;TOT Age, total;TOT Total;2024 2024;6263
259 Køge;TOT Total;H60 H60 Bachelors programs;TOT Age, total;TOT Total;2024 2024;714
259 Køge;TOT Total;H70 H70 Masters programs;TOT Age, total;TOT Total;2024 2024;3541
259 Køge;TOT Total;H80 H80 PhD programs;TOT Age, total;TOT Total;2024 2024;292
259 Køge;TOT Total;TOT Total;TOT Age, total;TOT Total;2024 2024;43114
260 Halsnæs;TOT Total;H40 H40 Short cycle higher education;TOT Age, total;TOT Total;2024 2024;1036
260 Halsnæs;TOT Total;H50 H50 Vocational bachelors educations;TOT Age, total;TOT Total;2024 2024;2969
260 Halsnæs;TOT Total;H60 H60 Bachelors programs;TOT Age, total;TOT Total;2024 2024;323
260 Halsnæs;TOT Total;H70 H70 Masters programs;TOT Age, total;TOT Total;2024 2024;1211
260 Halsnæs;TOT Total;H80 H80 PhD programs;TOT Age, total;TOT Total;2024 2024;141
260 Halsnæs;TOT Total;TOT Total;TOT Age, total;TOT Total;2024 2024;20707
265 Roskilde;TOT Total;H40 H40 Short cycle higher education;TOT Age, total;TOT Total;2024 2024;3907
265 Roskilde;TOT Total;H50 H50 Vocational bachelors educations;TOT Age, total;TOT Total;2024 2024;10495
265 Roskilde;TOT Total;H60 H60 Bachelors programs;TOT Age, total;TOT Total;2024 2024;1783
265 Roskilde;TOT Total;H70 H70 Masters programs;TOT Age, total;TOT Total;2024 2024;8931
265 Roskilde;TOT Total;H80 H80 PhD programs;TOT Age, total;TOT Total;2024 2024;1011
265 Roskilde;TOT Total;TOT Total;TOT Age, total;TOT Total;2024 2024;62736
269 Solrød;TOT Total;H40 H40 Short cycle higher education;TOT Age, total;TOT Total;2024 2024;1179
269 Solrød;TOT Total;H50 H50 Vocational bachelors educations;TOT Age, total;TOT Total;2024 2024;2544
269 Solrød;TOT Total;H60 H60 Bachelors programs;TOT Age, total;TOT Total;2024 2024;282
269 Solrød;TOT Total;H70 H70 Masters programs;TOT Age, total;TOT Total;2024 2024;1816
269 Solrød;TOT Total;H80 H80 PhD programs;TOT Age, total;TOT Total;2024 2024;130
269 Solrød;TOT Total;TOT Total;TOT Age, total;TOT Total;2024 2024;16101
270 Gribskov;TOT Total;H40 H40 Short cycle higher education;TOT Age, total;TOT Total;2024 2024;1467
270 Gribskov;TOT Total;H50 H50 Vocational bachelors educations;TOT Age, total;TOT Total;2024 2024;4363
270 Gribskov;TOT Total;H60 H60 Bachelors programs;TOT Age, total;TOT Total;2024 2024;426
270 Gribskov;TOT Total;H70 H70 Masters programs;TOT Age, total;TOT Total;2024 2024;2068
270 Gribskov;TOT Total;H80 H80 PhD programs;TOT Age, total;TOT Total;2024 2024;200
270 Gribskov;TOT Total;TOT Total;TOT Age, total;TOT Total;2024 2024;27164
306 Odsherred;TOT Total;H40 H40 Short cycle higher education;TOT Age, total;TOT Total;2024 2024;853
306 Odsherred;TOT Total;H50 H50 Vocational bachelors educations;TOT Age, total;TOT Total;2024 2024;2621
306 Odsherred;TOT Total;H60 H60 Bachelors programs;TOT Age, total;TOT Total;2024 2024;200
306 Odsherred;TOT Total;H70 H70 Masters programs;TOT Age, total;TOT Total;2024 2024;873
306 Odsherred;TOT Total;H80 H80 PhD programs;TOT Age, total;TOT Total;2024 2024;78
306 Odsherred;TOT Total;TOT Total;TOT Age, total;TOT Total;2024 2024;20409
316 Holbæk;TOT Total;H40 H40 Short cycle higher education;TOT Age, total;TOT Total;2024 2024;2726
316 Holbæk;TOT Total;H50 H50 Vocational bachelors educations;TOT Age, total;TOT Total;2024 2024;8127
316 Holbæk;TOT Total;H60 H60 Bachelors programs;TOT Age, total;TOT Total;2024 2024;699
316 Holbæk;TOT Total;H70 H70 Masters programs;TOT Age, total;TOT Total;2024 2024;3368
316 Holbæk;TOT Total;H80 H80 PhD programs;TOT Age, total;TOT Total;2024 2024;238
316 Holbæk;TOT Total;TOT Total;TOT Age, total;TOT Total;2024 2024;50280
320 Faxe;TOT Total;H40 H40 Short cycle higher education;TOT Age, total;TOT Total;2024 2024;1340
320 Faxe;TOT Total;H50 H50 Vocational bachelors educations;TOT Age, total;TOT Total;2024 2024;3390
320 Faxe;TOT Total;H60 H60 Bachelors programs;TOT Age, total;TOT Total;2024 2024;304
320 Faxe;TOT Total;H70 H70 Masters programs;TOT Age, total;TOT Total;2024 2024;1178
320 Faxe;TOT Total;H80 H80 PhD programs;TOT Age, total;TOT Total;2024 2024;94
320 Faxe;TOT Total;TOT Total;TOT Age, total;TOT Total;2024 2024;25751
326 Kalundborg;TOT Total;H40 H40 Short cycle higher education;TOT Age, total;TOT Total;2024 2024;1647
326 Kalundborg;TOT Total;H50 H50 Vocational bachelors educations;TOT Age, total;TOT Total;2024 2024;4108
326 Kalundborg;TOT Total;H60 H60 Bachelors programs;TOT Age, total;TOT Total;2024 2024;553
326 Kalundborg;TOT Total;H70 H70 Masters programs;TOT Age, total;TOT Total;2024 2024;1489
326 Kalundborg;TOT Total;H80 H80 PhD programs;TOT Age, total;TOT Total;2024 2024;143
326 Kalundborg;TOT Total;TOT Total;TOT Age, total;TOT Total;2024 2024;32516
329 Ringsted;TOT Total;H40 H40 Short cycle higher education;TOT Age, total;TOT Total;2024 2024;1588
329 Ringsted;TOT Total;H50 H50 Vocational bachelors educations;TOT Age, total;TOT Total;2024 2024;3596
329 Ringsted;TOT Total;H60 H60 Bachelors programs;TOT Age, total;TOT Total;2024 2024;455
329 Ringsted;TOT Total;H70 H70 Masters programs;TOT Age, total;TOT Total;2024 2024;1825
329 Ringsted;TOT Total;H80 H80 PhD programs;TOT Age, total;TOT Total;2024 2024;164
329 Ringsted;TOT Total;TOT Total;TOT Age, total;TOT Total;2024 2024;25497
330 Slagelse;TOT Total;H40 H40 Short cycle higher education;TOT Age, total;TOT Total;2024 2024;2939
330 Slagelse;TOT Total;H50 H50 Vocational bachelors educations;TOT Age, total;TOT Total;2024 2024;8413
330 Slagelse;TOT Total;H60 H60 Bachelors programs;TOT Age, total;TOT Total;2024 2024;766
330 Slagelse;TOT Total;H70 H70 Masters programs;TOT Age, total;TOT Total;2024 2024;2659
330 Slagelse;TOT Total;H80 H80 PhD programs;TOT Age, total;TOT Total;2024 2024;188
330 Slagelse;TOT Total;TOT Total;TOT Age, total;TOT Total;2024 2024;55045
336 Stevns;TOT Total;H40 H40 Short cycle higher education;TOT Age, total;TOT Total;2024 2024;792
336 Stevns;TOT Total;H50 H50 Vocational bachelors educations;TOT Age, total;TOT Total;2024 2024;2220
336 Stevns;TOT Total;H60 H60 Bachelors programs;TOT Age, total;TOT Total;2024 2024;192
336 Stevns;TOT Total;H70 H70 Masters programs;TOT Age, total;TOT Total;2024 2024;951
336 Stevns;TOT Total;H80 H80 PhD programs;TOT Age, total;TOT Total;2024 2024;71
336 Stevns;TOT Total;TOT Total;TOT Age, total;TOT Total;2024 2024;15476
340 Sorø;TOT Total;H40 H40 Short cycle higher education;TOT Age, total;TOT Total;2024 2024;1006
340 Sorø;TOT Total;H50 H50 Vocational bachelors educations;TOT Age, total;TOT Total;2024 2024;3058
340 Sorø;TOT Total;H60 H60 Bachelors programs;TOT Age, total;TOT Total;2024 2024;316
340 Sorø;TOT Total;H70 H70 Masters programs;TOT Age, total;TOT Total;2024 2024;1883
340 Sorø;TOT Total;H80 H80 PhD programs;TOT Age, total;TOT Total;2024 2024;141
340 Sorø;TOT Total;TOT Total;TOT Age, total;TOT Total;2024 2024;20598
350 Lejre;TOT Total;H40 H40 Short cycle higher education;TOT Age, total;TOT Total;2024 2024;1184
350 Lejre;TOT Total;H50 H50 Vocational bachelors educations;TOT Age, total;TOT Total;2024 2024;3097
350 Lejre;TOT Total;H60 H60 Bachelors programs;TOT Age, total;TOT Total;2024 2024;347
350 Lejre;TOT Total;H70 H70 Masters programs;TOT Age, total;TOT Total;2024 2024;2311
350 Lejre;TOT Total;H80 H80 PhD programs;TOT Age, total;TOT Total;2024 2024;290
350 Lejre;TOT Total;TOT Total;TOT Age, total;TOT Total;2024 2024;19382
360 Lolland;TOT Total;H40 H40 Short cycle higher education;TOT Age, total;TOT Total;2024 2024;876
360 Lolland;TOT Total;H50 H50 Vocational bachelors educations;TOT Age, total;TOT Total;2024 2024;2918
360 Lolland;TOT Total;H60 H60 Bachelors programs;TOT Age, total;TOT Total;2024 2024;308
360 Lolland;TOT Total;H70 H70 Masters programs;TOT Age, total;TOT Total;2024 2024;751
360 Lolland;TOT Total;H80 H80 PhD programs;TOT Age, total;TOT Total;2024 2024;59
360 Lolland;TOT Total;TOT Total;TOT Age, total;TOT Total;2024 2024;25317
370 Næstved;TOT Total;H40 H40 Short cycle higher education;TOT Age, total;TOT Total;2024 2024;3218
370 Næstved;TOT Total;H50 H50 Vocational bachelors educations;TOT Age, total;TOT Total;2024 2024;9399
370 Næstved;TOT Total;H60 H60 Bachelors programs;TOT Age, total;TOT Total;2024 2024;657
370 Næstved;TOT Total;H70 H70 Masters programs;TOT Age, total;TOT Total;2024 2024;2911
370 Næstved;TOT Total;H80 H80 PhD programs;TOT Age, total;TOT Total;2024 2024;207
370 Næstved;TOT Total;TOT Total;TOT Age, total;TOT Total;2024 2024;57826
376 Guldborgsund;TOT Total;H40 H40 Short cycle higher education;TOT Age, total;TOT Total;2024 2024;1764
376 Guldborgsund;TOT Total;H50 H50 Vocational bachelors educations;TOT Age, total;TOT Total;2024 2024;6029
376 Guldborgsund;TOT Total;H60 H60 Bachelors programs;TOT Age, total;TOT Total;2024 2024;408
376 Guldborgsund;TOT Total;H70 H70 Masters programs;TOT Age, total;TOT Total;2024 2024;1684
376 Guldborgsund;TOT Total;H80 H80 PhD programs;TOT Age, total;TOT Total;2024 2024;88
376 Guldborgsund;TOT Total;TOT Total;TOT Age, total;TOT Total;2024 2024;38917
390 Vordingborg;TOT Total;H40 H40 Short cycle higher education;TOT Age, total;TOT Total;2024 2024;1469
390 Vordingborg;TOT Total;H50 H50 Vocational bachelors educations;TOT Age, total;TOT Total;2024 2024;4618
390 Vordingborg;TOT Total;H60 H60 Bachelors programs;TOT Age, total;TOT Total;2024 2024;736
390 Vordingborg;TOT Total;H70 H70 Masters programs;TOT Age, total;TOT Total;2024 2024;1656
390 Vordingborg;TOT Total;H80 H80 PhD programs;TOT Age, total;TOT Total;2024 2024;134
390 Vordingborg;TOT Total;TOT Total;TOT Age, total;TOT Total;2024 2024;29747
400 Bornholm;TOT Total;H40 H40 Short cycle higher education;TOT Age, total;TOT Total;2024 2024;1018
400 Bornholm;TOT Total;H50 H50 Vocational bachelors educations;TOT Age, total;TOT Total;2024 2024;3792
400 Bornholm;TOT Total;H60 H60 Bachelors programs;TOT Age, total;TOT Total;2024 2024;343
400 Bornholm;TOT Total;H70 H70 Masters programs;TOT Age, total;TOT Total;2024 2024;1381
400 Bornholm;TOT Total;H80 H80 PhD programs;TOT Age, total;TOT Total;2024 2024;107
400 Bornholm;TOT Total;TOT Total;TOT Age, total;TOT Total;2024 2024;24765
410 Middelfart;TOT Total;H40 H40 Short cycle higher education;TOT Age, total;TOT Total;2024 2024;1472
410 Middelfart;TOT Total;H50 H50 Vocational bachelors educations;TOT Age, total;TOT Total;2024 2024;4497
410 Middelfart;TOT Total;H60 H60 Bachelors programs;TOT Age, total;TOT Total;2024 2024;381
410 Middelfart;TOT Total;H70 H70 Masters programs;TOT Age, total;TOT Total;2024 2024;2337
410 Middelfart;TOT Total;H80 H80 PhD programs;TOT Age, total;TOT Total;2024 2024;146
410 Middelfart;TOT Total;TOT Total;TOT Age, total;TOT Total;2024 2024;26696
420 Assens;TOT Total;H40 H40 Short cycle higher education;TOT Age, total;TOT Total;2024 2024;1407
420 Assens;TOT Total;H50 H50 Vocational bachelors educations;TOT Age, total;TOT Total;2024 2024;3963
420 Assens;TOT Total;H60 H60 Bachelors programs;TOT Age, total;TOT Total;2024 2024;341
420 Assens;TOT Total;H70 H70 Masters programs;TOT Age, total;TOT Total;2024 2024;1485
420 Assens;TOT Total;H80 H80 PhD programs;TOT Age, total;TOT Total;2024 2024;120
420 Assens;TOT Total;TOT Total;TOT Age, total;TOT Total;2024 2024;26822
430 Faaborg-Midtfyn;TOT Total;H40 H40 Short cycle higher education;TOT Age, total;TOT Total;2024 2024;1959
430 Faaborg-Midtfyn;TOT Total;H50 H50 Vocational bachelors educations;TOT Age, total;TOT Total;2024 2024;5286
430 Faaborg-Midtfyn;TOT Total;H60 H60 Bachelors programs;TOT Age, total;TOT Total;2024 2024;493
430 Faaborg-Midtfyn;TOT Total;H70 H70 Masters programs;TOT Age, total;TOT Total;2024 2024;2014
430 Faaborg-Midtfyn;TOT Total;H80 H80 PhD programs;TOT Age, total;TOT Total;2024 2024;191
430 Faaborg-Midtfyn;TOT Total;TOT Total;TOT Age, total;TOT Total;2024 2024;34220
440 Kerteminde;TOT Total;H40 H40 Short cycle higher education;TOT Age, total;TOT Total;2024 2024;797
440 Kerteminde;TOT Total;H50 H50 Vocational bachelors educations;TOT Age, total;TOT Total;2024 2024;2514
440 Kerteminde;TOT Total;H60 H60 Bachelors programs;TOT Age, total;TOT Total;2024 2024;244
440 Kerteminde;TOT Total;H70 H70 Masters programs;TOT Age, total;TOT Total;2024 2024;899
440 Kerteminde;TOT Total;H80 H80 PhD programs;TOT Age, total;TOT Total;2024 2024;84
440 Kerteminde;TOT Total;TOT Total;TOT Age, total;TOT Total;2024 2024;15507
450 Nyborg;TOT Total;H40 H40 Short cycle higher education;TOT Age, total;TOT Total;2024 2024;1080
450 Nyborg;TOT Total;H50 H50 Vocational bachelors educations;TOT Age, total;TOT Total;2024 2024;3223
450 Nyborg;TOT Total;H60 H60 Bachelors programs;TOT Age, total;TOT Total;2024 2024;254
450 Nyborg;TOT Total;H70 H70 Masters programs;TOT Age, total;TOT Total;2024 2024;1408
450 Nyborg;TOT Total;H80 H80 PhD programs;TOT Age, total;TOT Total;2024 2024;132
450 Nyborg;TOT Total;TOT Total;TOT Age, total;TOT Total;2024 2024;21408
461 Odense;TOT Total;H40 H40 Short cycle higher education;TOT Age, total;TOT Total;2024 2024;7991
461 Odense;TOT Total;H50 H50 Vocational bachelors educations;TOT Age, total;TOT Total;2024 2024;26135
461 Odense;TOT Total;H60 H60 Bachelors programs;TOT Age, total;TOT Total;2024 2024;8052
461 Odense;TOT Total;H70 H70 Masters programs;TOT Age, total;TOT Total;2024 2024;18815
461 Odense;TOT Total;H80 H80 PhD programs;TOT Age, total;TOT Total;2024 2024;2076
461 Odense;TOT Total;TOT Total;TOT Age, total;TOT Total;2024 2024;151903
479 Svendborg;TOT Total;H40 H40 Short cycle higher education;TOT Age, total;TOT Total;2024 2024;1867
479 Svendborg;TOT Total;H50 H50 Vocational bachelors educations;TOT Age, total;TOT Total;2024 2024;7890
479 Svendborg;TOT Total;H60 H60 Bachelors programs;TOT Age, total;TOT Total;2024 2024;578
479 Svendborg;TOT Total;H70 H70 Masters programs;TOT Age, total;TOT Total;2024 2024;3112
479 Svendborg;TOT Total;H80 H80 PhD programs;TOT Age, total;TOT Total;2024 2024;184
479 Svendborg;TOT Total;TOT Total;TOT Age, total;TOT Total;2024 2024;39341
480 Nordfyns;TOT Total;H40 H40 Short cycle higher education;TOT Age, total;TOT Total;2024 2024;1045
480 Nordfyns;TOT Total;H50 H50 Vocational bachelors educations;TOT Age, total;TOT Total;2024 2024;2727
480 Nordfyns;TOT Total;H60 H60 Bachelors programs;TOT Age, total;TOT Total;2024 2024;257
480 Nordfyns;TOT Total;H70 H70 Masters programs;TOT Age, total;TOT Total;2024 2024;918
480 Nordfyns;TOT Total;H80 H80 PhD programs;TOT Age, total;TOT Total;2024 2024;95
480 Nordfyns;TOT Total;TOT Total;TOT Age, total;TOT Total;2024 2024;19721
482 Langeland;TOT Total;H40 H40 Short cycle higher education;TOT Age, total;TOT Total;2024 2024;280
482 Langeland;TOT Total;H50 H50 Vocational bachelors educations;TOT Age, total;TOT Total;2024 2024;869
482 Langeland;TOT Total;H60 H60 Bachelors programs;TOT Age, total;TOT Total;2024 2024;100
482 Langeland;TOT Total;H70 H70 Masters programs;TOT Age, total;TOT Total;2024 2024;304
482 Langeland;TOT Total;H80 H80 PhD programs;TOT Age, total;TOT Total;2024 2024;31
482 Langeland;TOT Total;TOT Total;TOT Age, total;TOT Total;2024 2024;7490
492 Ærø;TOT Total;H40 H40 Short cycle higher education;TOT Age, total;TOT Total;2024 2024;239
492 Ærø;TOT Total;H50 H50 Vocational bachelors educations;TOT Age, total;TOT Total;2024 2024;542
492 Ærø;TOT Total;H60 H60 Bachelors programs;TOT Age, total;TOT Total;2024 2024;69
492 Ærø;TOT Total;H70 H70 Masters programs;TOT Age, total;TOT Total;2024 2024;239
492 Ærø;TOT Total;H80 H80 PhD programs;TOT Age, total;TOT Total;2024 2024;21
492 Ærø;TOT Total;TOT Total;TOT Age, total;TOT Total;2024 2024;3601
510 Haderslev;TOT Total;H40 H40 Short cycle higher education;TOT Age, total;TOT Total;2024 2024;1965
510 Haderslev;TOT Total;H50 H50 Vocational bachelors educations;TOT Age, total;TOT Total;2024 2024;5655
510 Haderslev;TOT Total;H60 H60 Bachelors programs;TOT Age, total;TOT Total;2024 2024;386
510 Haderslev;TOT Total;H70 H70 Masters programs;TOT Age, total;TOT Total;2024 2024;1725
510 Haderslev;TOT Total;H80 H80 PhD programs;TOT Age, total;TOT Total;2024 2024;79
510 Haderslev;TOT Total;TOT Total;TOT Age, total;TOT Total;2024 2024;37123
530 Billund;TOT Total;H40 H40 Short cycle higher education;TOT Age, total;TOT Total;2024 2024;935
530 Billund;TOT Total;H50 H50 Vocational bachelors educations;TOT Age, total;TOT Total;2024 2024;2372
530 Billund;TOT Total;H60 H60 Bachelors programs;TOT Age, total;TOT Total;2024 2024;330
530 Billund;TOT Total;H70 H70 Masters programs;TOT Age, total;TOT Total;2024 2024;1026
530 Billund;TOT Total;H80 H80 PhD programs;TOT Age, total;TOT Total;2024 2024;100
530 Billund;TOT Total;TOT Total;TOT Age, total;TOT Total;2024 2024;18205
540 Sønderborg;TOT Total;H40 H40 Short cycle higher education;TOT Age, total;TOT Total;2024 2024;2941
540 Sønderborg;TOT Total;H50 H50 Vocational bachelors educations;TOT Age, total;TOT Total;2024 2024;7657
540 Sønderborg;TOT Total;H60 H60 Bachelors programs;TOT Age, total;TOT Total;2024 2024;862
540 Sønderborg;TOT Total;H70 H70 Masters programs;TOT Age, total;TOT Total;2024 2024;3483
540 Sønderborg;TOT Total;H80 H80 PhD programs;TOT Age, total;TOT Total;2024 2024;301
540 Sønderborg;TOT Total;TOT Total;TOT Age, total;TOT Total;2024 2024;49064
550 Tønder;TOT Total;H40 H40 Short cycle higher education;TOT Age, total;TOT Total;2024 2024;1161
550 Tønder;TOT Total;H50 H50 Vocational bachelors educations;TOT Age, total;TOT Total;2024 2024;2926
550 Tønder;TOT Total;H60 H60 Bachelors programs;TOT Age, total;TOT Total;2024 2024;306
550 Tønder;TOT Total;H70 H70 Masters programs;TOT Age, total;TOT Total;2024 2024;854
550 Tønder;TOT Total;H80 H80 PhD programs;TOT Age, total;TOT Total;2024 2024;106
550 Tønder;TOT Total;TOT Total;TOT Age, total;TOT Total;2024 2024;23867
561 Esbjerg;TOT Total;H40 H40 Short cycle higher education;TOT Age, total;TOT Total;2024 2024;4284
561 Esbjerg;TOT Total;H50 H50 Vocational bachelors educations;TOT Age, total;TOT Total;2024 2024;14474
561 Esbjerg;TOT Total;H60 H60 Bachelors programs;TOT Age, total;TOT Total;2024 2024;1345
561 Esbjerg;TOT Total;H70 H70 Masters programs;TOT Age, total;TOT Total;2024 2024;4739
561 Esbjerg;TOT Total;H80 H80 PhD programs;TOT Age, total;TOT Total;2024 2024;273
561 Esbjerg;TOT Total;TOT Total;TOT Age, total;TOT Total;2024 2024;78072
563 Fanø;TOT Total;H40 H40 Short cycle higher education;TOT Age, total;TOT Total;2024 2024;112
563 Fanø;TOT Total;H50 H50 Vocational bachelors educations;TOT Age, total;TOT Total;2024 2024;471
563 Fanø;TOT Total;H60 H60 Bachelors programs;TOT Age, total;TOT Total;2024 2024;37
563 Fanø;TOT Total;H70 H70 Masters programs;TOT Age, total;TOT Total;2024 2024;193
563 Fanø;TOT Total;H80 H80 PhD programs;TOT Age, total;TOT Total;2024 2024;10
563 Fanø;TOT Total;TOT Total;TOT Age, total;TOT Total;2024 2024;1906
573 Varde;TOT Total;H40 H40 Short cycle higher education;TOT Age, total;TOT Total;2024 2024;1811
573 Varde;TOT Total;H50 H50 Vocational bachelors educations;TOT Age, total;TOT Total;2024 2024;4905
573 Varde;TOT Total;H60 H60 Bachelors programs;TOT Age, total;TOT Total;2024 2024;418
573 Varde;TOT Total;H70 H70 Masters programs;TOT Age, total;TOT Total;2024 2024;1310
573 Varde;TOT Total;H80 H80 PhD programs;TOT Age, total;TOT Total;2024 2024;86
573 Varde;TOT Total;TOT Total;TOT Age, total;TOT Total;2024 2024;32615
575 Vejen;TOT Total;H40 H40 Short cycle higher education;TOT Age, total;TOT Total;2024 2024;1540
575 Vejen;TOT Total;H50 H50 Vocational bachelors educations;TOT Age, total;TOT Total;2024 2024;3788
575 Vejen;TOT Total;H60 H60 Bachelors programs;TOT Age, total;TOT Total;2024 2024;359
575 Vejen;TOT Total;H70 H70 Masters programs;TOT Age, total;TOT Total;2024 2024;1250
575 Vejen;TOT Total;H80 H80 PhD programs;TOT Age, total;TOT Total;2024 2024;67
575 Vejen;TOT Total;TOT Total;TOT Age, total;TOT Total;2024 2024;28698
580 Aabenraa;TOT Total;H40 H40 Short cycle higher education;TOT Age, total;TOT Total;2024 2024;1964
580 Aabenraa;TOT Total;H50 H50 Vocational bachelors educations;TOT Age, total;TOT Total;2024 2024;5432
580 Aabenraa;TOT Total;H60 H60 Bachelors programs;TOT Age, total;TOT Total;2024 2024;446
580 Aabenraa;TOT Total;H70 H70 Masters programs;TOT Age, total;TOT Total;2024 2024;1992
580 Aabenraa;TOT Total;H80 H80 PhD programs;TOT Age, total;TOT Total;2024 2024;144
580 Aabenraa;TOT Total;TOT Total;TOT Age, total;TOT Total;2024 2024;38645
607 Fredericia;TOT Total;H40 H40 Short cycle higher education;TOT Age, total;TOT Total;2024 2024;1926
607 Fredericia;TOT Total;H50 H50 Vocational bachelors educations;TOT Age, total;TOT Total;2024 2024;5647
607 Fredericia;TOT Total;H60 H60 Bachelors programs;TOT Age, total;TOT Total;2024 2024;575
607 Fredericia;TOT Total;H70 H70 Masters programs;TOT Age, total;TOT Total;2024 2024;2291
607 Fredericia;TOT Total;H80 H80 PhD programs;TOT Age, total;TOT Total;2024 2024;189
607 Fredericia;TOT Total;TOT Total;TOT Age, total;TOT Total;2024 2024;35900
615 Horsens;TOT Total;H40 H40 Short cycle higher education;TOT Age, total;TOT Total;2024 2024;4406
615 Horsens;TOT Total;H50 H50 Vocational bachelors educations;TOT Age, total;TOT Total;2024 2024;11888
615 Horsens;TOT Total;H60 H60 Bachelors programs;TOT Age, total;TOT Total;2024 2024;1004
615 Horsens;TOT Total;H70 H70 Masters programs;TOT Age, total;TOT Total;2024 2024;4897
615 Horsens;TOT Total;H80 H80 PhD programs;TOT Age, total;TOT Total;2024 2024;313
615 Horsens;TOT Total;TOT Total;TOT Age, total;TOT Total;2024 2024;67043
621 Kolding;TOT Total;H40 H40 Short cycle higher education;TOT Age, total;TOT Total;2024 2024;4076
621 Kolding;TOT Total;H50 H50 Vocational bachelors educations;TOT Age, total;TOT Total;2024 2024;10561
621 Kolding;TOT Total;H60 H60 Bachelors programs;TOT Age, total;TOT Total;2024 2024;1746
621 Kolding;TOT Total;H70 H70 Masters programs;TOT Age, total;TOT Total;2024 2024;5820
621 Kolding;TOT Total;H80 H80 PhD programs;TOT Age, total;TOT Total;2024 2024;285
621 Kolding;TOT Total;TOT Total;TOT Age, total;TOT Total;2024 2024;65835
630 Vejle;TOT Total;H40 H40 Short cycle higher education;TOT Age, total;TOT Total;2024 2024;5032
630 Vejle;TOT Total;H50 H50 Vocational bachelors educations;TOT Age, total;TOT Total;2024 2024;14907
630 Vejle;TOT Total;H60 H60 Bachelors programs;TOT Age, total;TOT Total;2024 2024;1473
630 Vejle;TOT Total;H70 H70 Masters programs;TOT Age, total;TOT Total;2024 2024;8165
630 Vejle;TOT Total;H80 H80 PhD programs;TOT Age, total;TOT Total;2024 2024;534
630 Vejle;TOT Total;TOT Total;TOT Age, total;TOT Total;2024 2024;83360
657 Herning;TOT Total;H40 H40 Short cycle higher education;TOT Age, total;TOT Total;2024 2024;3954
657 Herning;TOT Total;H50 H50 Vocational bachelors educations;TOT Age, total;TOT Total;2024 2024;9999
657 Herning;TOT Total;H60 H60 Bachelors programs;TOT Age, total;TOT Total;2024 2024;926
657 Herning;TOT Total;H70 H70 Masters programs;TOT Age, total;TOT Total;2024 2024;3265
657 Herning;TOT Total;H80 H80 PhD programs;TOT Age, total;TOT Total;2024 2024;184
657 Herning;TOT Total;TOT Total;TOT Age, total;TOT Total;2024 2024;60745
661 Holstebro;TOT Total;H40 H40 Short cycle higher education;TOT Age, total;TOT Total;2024 2024;2265
661 Holstebro;TOT Total;H50 H50 Vocational bachelors educations;TOT Age, total;TOT Total;2024 2024;7102
661 Holstebro;TOT Total;H60 H60 Bachelors programs;TOT Age, total;TOT Total;2024 2024;409
661 Holstebro;TOT Total;H70 H70 Masters programs;TOT Age, total;TOT Total;2024 2024;1990
661 Holstebro;TOT Total;H80 H80 PhD programs;TOT Age, total;TOT Total;2024 2024;88
661 Holstebro;TOT Total;TOT Total;TOT Age, total;TOT Total;2024 2024;39531
665 Lemvig;TOT Total;H40 H40 Short cycle higher education;TOT Age, total;TOT Total;2024 2024;530
665 Lemvig;TOT Total;H50 H50 Vocational bachelors educations;TOT Age, total;TOT Total;2024 2024;1826
665 Lemvig;TOT Total;H60 H60 Bachelors programs;TOT Age, total;TOT Total;2024 2024;125
665 Lemvig;TOT Total;H70 H70 Masters programs;TOT Age, total;TOT Total;2024 2024;475
665 Lemvig;TOT Total;H80 H80 PhD programs;TOT Age, total;TOT Total;2024 2024;52
665 Lemvig;TOT Total;TOT Total;TOT Age, total;TOT Total;2024 2024;12322
671 Struer;TOT Total;H40 H40 Short cycle higher education;TOT Age, total;TOT Total;2024 2024;629
671 Struer;TOT Total;H50 H50 Vocational bachelors educations;TOT Age, total;TOT Total;2024 2024;2002
671 Struer;TOT Total;H60 H60 Bachelors programs;TOT Age, total;TOT Total;2024 2024;135
671 Struer;TOT Total;H70 H70 Masters programs;TOT Age, total;TOT Total;2024 2024;555
671 Struer;TOT Total;H80 H80 PhD programs;TOT Age, total;TOT Total;2024 2024;39
671 Struer;TOT Total;TOT Total;TOT Age, total;TOT Total;2024 2024;13167
706 Syddjurs;TOT Total;H40 H40 Short cycle higher education;TOT Age, total;TOT Total;2024 2024;1576
706 Syddjurs;TOT Total;H50 H50 Vocational bachelors educations;TOT Age, total;TOT Total;2024 2024;4821
706 Syddjurs;TOT Total;H60 H60 Bachelors programs;TOT Age, total;TOT Total;2024 2024;486
706 Syddjurs;TOT Total;H70 H70 Masters programs;TOT Age, total;TOT Total;2024 2024;2553
706 Syddjurs;TOT Total;H80 H80 PhD programs;TOT Age, total;TOT Total;2024 2024;208
706 Syddjurs;TOT Total;TOT Total;TOT Age, total;TOT Total;2024 2024;28370
707 Norddjurs;TOT Total;H40 H40 Short cycle higher education;TOT Age, total;TOT Total;2024 2024;1106
707 Norddjurs;TOT Total;H50 H50 Vocational bachelors educations;TOT Age, total;TOT Total;2024 2024;2930
707 Norddjurs;TOT Total;H60 H60 Bachelors programs;TOT Age, total;TOT Total;2024 2024;231
707 Norddjurs;TOT Total;H70 H70 Masters programs;TOT Age, total;TOT Total;2024 2024;801
707 Norddjurs;TOT Total;H80 H80 PhD programs;TOT Age, total;TOT Total;2024 2024;55
707 Norddjurs;TOT Total;TOT Total;TOT Age, total;TOT Total;2024 2024;24432
710 Favrskov;TOT Total;H40 H40 Short cycle higher education;TOT Age, total;TOT Total;2024 2024;1992
710 Favrskov;TOT Total;H50 H50 Vocational bachelors educations;TOT Age, total;TOT Total;2024 2024;5542
710 Favrskov;TOT Total;H60 H60 Bachelors programs;TOT Age, total;TOT Total;2024 2024;489
710 Favrskov;TOT Total;H70 H70 Masters programs;TOT Age, total;TOT Total;2024 2024;3499
710 Favrskov;TOT Total;H80 H80 PhD programs;TOT Age, total;TOT Total;2024 2024;411
710 Favrskov;TOT Total;TOT Total;TOT Age, total;TOT Total;2024 2024;32668
727 Odder;TOT Total;H40 H40 Short cycle higher education;TOT Age, total;TOT Total;2024 2024;848
727 Odder;TOT Total;H50 H50 Vocational bachelors educations;TOT Age, total;TOT Total;2024 2024;2771
727 Odder;TOT Total;H60 H60 Bachelors programs;TOT Age, total;TOT Total;2024 2024;262
727 Odder;TOT Total;H70 H70 Masters programs;TOT Age, total;TOT Total;2024 2024;1515
727 Odder;TOT Total;H80 H80 PhD programs;TOT Age, total;TOT Total;2024 2024;111
727 Odder;TOT Total;TOT Total;TOT Age, total;TOT Total;2024 2024;15543
730 Randers;TOT Total;H40 H40 Short cycle higher education;TOT Age, total;TOT Total;2024 2024;4515
730 Randers;TOT Total;H50 H50 Vocational bachelors educations;TOT Age, total;TOT Total;2024 2024;10262
730 Randers;TOT Total;H60 H60 Bachelors programs;TOT Age, total;TOT Total;2024 2024;911
730 Randers;TOT Total;H70 H70 Masters programs;TOT Age, total;TOT Total;2024 2024;3976
730 Randers;TOT Total;H80 H80 PhD programs;TOT Age, total;TOT Total;2024 2024;289
730 Randers;TOT Total;TOT Total;TOT Age, total;TOT Total;2024 2024;68394
740 Silkeborg;TOT Total;H40 H40 Short cycle higher education;TOT Age, total;TOT Total;2024 2024;4356
740 Silkeborg;TOT Total;H50 H50 Vocational bachelors educations;TOT Age, total;TOT Total;2024 2024;12508
740 Silkeborg;TOT Total;H60 H60 Bachelors programs;TOT Age, total;TOT Total;2024 2024;1082
740 Silkeborg;TOT Total;H70 H70 Masters programs;TOT Age, total;TOT Total;2024 2024;7168
740 Silkeborg;TOT Total;H80 H80 PhD programs;TOT Age, total;TOT Total;2024 2024;449
740 Silkeborg;TOT Total;TOT Total;TOT Age, total;TOT Total;2024 2024;68027
741 Samsø;TOT Total;H40 H40 Short cycle higher education;TOT Age, total;TOT Total;2024 2024;124
741 Samsø;TOT Total;H50 H50 Vocational bachelors educations;TOT Age, total;TOT Total;2024 2024;355
741 Samsø;TOT Total;H60 H60 Bachelors programs;TOT Age, total;TOT Total;2024 2024;52
741 Samsø;TOT Total;H70 H70 Masters programs;TOT Age, total;TOT Total;2024 2024;184
741 Samsø;TOT Total;H80 H80 PhD programs;TOT Age, total;TOT Total;2024 2024;8
741 Samsø;TOT Total;TOT Total;TOT Age, total;TOT Total;2024 2024;2247
746 Skanderborg;TOT Total;H40 H40 Short cycle higher education;TOT Age, total;TOT Total;2024 2024;2695
746 Skanderborg;TOT Total;H50 H50 Vocational bachelors educations;TOT Age, total;TOT Total;2024 2024;7774
746 Skanderborg;TOT Total;H60 H60 Bachelors programs;TOT Age, total;TOT Total;2024 2024;699
746 Skanderborg;TOT Total;H70 H70 Masters programs;TOT Age, total;TOT Total;2024 2024;6485
746 Skanderborg;TOT Total;H80 H80 PhD programs;TOT Age, total;TOT Total;2024 2024;542
746 Skanderborg;TOT Total;TOT Total;TOT Age, total;TOT Total;2024 2024;42544
751 Aarhus;TOT Total;H40 H40 Short cycle higher education;TOT Age, total;TOT Total;2024 2024;14025
751 Aarhus;TOT Total;H50 H50 Vocational bachelors educations;TOT Age, total;TOT Total;2024 2024;46838
751 Aarhus;TOT Total;H60 H60 Bachelors programs;TOT Age, total;TOT Total;2024 2024;17533
751 Aarhus;TOT Total;H70 H70 Masters programs;TOT Age, total;TOT Total;2024 2024;48564
751 Aarhus;TOT Total;H80 H80 PhD programs;TOT Age, total;TOT Total;2024 2024;5672
751 Aarhus;TOT Total;TOT Total;TOT Age, total;TOT Total;2024 2024;277565
756 Ikast-Brande;TOT Total;H40 H40 Short cycle higher education;TOT Age, total;TOT Total;2024 2024;1656
756 Ikast-Brande;TOT Total;H50 H50 Vocational bachelors educations;TOT Age, total;TOT Total;2024 2024;4005
756 Ikast-Brande;TOT Total;H60 H60 Bachelors programs;TOT Age, total;TOT Total;2024 2024;386
756 Ikast-Brande;TOT Total;H70 H70 Masters programs;TOT Age, total;TOT Total;2024 2024;1505
756 Ikast-Brande;TOT Total;H80 H80 PhD programs;TOT Age, total;TOT Total;2024 2024;91
756 Ikast-Brande;TOT Total;TOT Total;TOT Age, total;TOT Total;2024 2024;28966
760 Ringkøbing-Skjern;TOT Total;H40 H40 Short cycle higher education;TOT Age, total;TOT Total;2024 2024;2014
760 Ringkøbing-Skjern;TOT Total;H50 H50 Vocational bachelors educations;TOT Age, total;TOT Total;2024 2024;5248
760 Ringkøbing-Skjern;TOT Total;H60 H60 Bachelors programs;TOT Age, total;TOT Total;2024 2024;434
760 Ringkøbing-Skjern;TOT Total;H70 H70 Masters programs;TOT Age, total;TOT Total;2024 2024;1470
760 Ringkøbing-Skjern;TOT Total;H80 H80 PhD programs;TOT Age, total;TOT Total;2024 2024;87
760 Ringkøbing-Skjern;TOT Total;TOT Total;TOT Age, total;TOT Total;2024 2024;36910
766 Hedensted;TOT Total;H40 H40 Short cycle higher education;TOT Age, total;TOT Total;2024 2024;1986
766 Hedensted;TOT Total;H50 H50 Vocational bachelors educations;TOT Age, total;TOT Total;2024 2024;4830
766 Hedensted;TOT Total;H60 H60 Bachelors programs;TOT Age, total;TOT Total;2024 2024;341
766 Hedensted;TOT Total;H70 H70 Masters programs;TOT Age, total;TOT Total;2024 2024;1445
766 Hedensted;TOT Total;H80 H80 PhD programs;TOT Age, total;TOT Total;2024 2024;71
766 Hedensted;TOT Total;TOT Total;TOT Age, total;TOT Total;2024 2024;32491
773 Morsø;TOT Total;H40 H40 Short cycle higher education;TOT Age, total;TOT Total;2024 2024;556
773 Morsø;TOT Total;H50 H50 Vocational bachelors educations;TOT Age, total;TOT Total;2024 2024;1563
773 Morsø;TOT Total;H60 H60 Bachelors programs;TOT Age, total;TOT Total;2024 2024;104
773 Morsø;TOT Total;H70 H70 Masters programs;TOT Age, total;TOT Total;2024 2024;376
773 Morsø;TOT Total;H80 H80 PhD programs;TOT Age, total;TOT Total;2024 2024;23
773 Morsø;TOT Total;TOT Total;TOT Age, total;TOT Total;2024 2024;12705
779 Skive;TOT Total;H40 H40 Short cycle higher education;TOT Age, total;TOT Total;2024 2024;1603
779 Skive;TOT Total;H50 H50 Vocational bachelors educations;TOT Age, total;TOT Total;2024 2024;4396
779 Skive;TOT Total;H60 H60 Bachelors programs;TOT Age, total;TOT Total;2024 2024;224
779 Skive;TOT Total;H70 H70 Masters programs;TOT Age, total;TOT Total;2024 2024;1171
779 Skive;TOT Total;H80 H80 PhD programs;TOT Age, total;TOT Total;2024 2024;53
779 Skive;TOT Total;TOT Total;TOT Age, total;TOT Total;2024 2024;29448
787 Thisted;TOT Total;H40 H40 Short cycle higher education;TOT Age, total;TOT Total;2024 2024;1361
787 Thisted;TOT Total;H50 H50 Vocational bachelors educations;TOT Age, total;TOT Total;2024 2024;3760
787 Thisted;TOT Total;H60 H60 Bachelors programs;TOT Age, total;TOT Total;2024 2024;219
787 Thisted;TOT Total;H70 H70 Masters programs;TOT Age, total;TOT Total;2024 2024;1326
787 Thisted;TOT Total;H80 H80 PhD programs;TOT Age, total;TOT Total;2024 2024;67
787 Thisted;TOT Total;TOT Total;TOT Age, total;TOT Total;2024 2024;28030
791 Viborg;TOT Total;H40 H40 Short cycle higher education;TOT Age, total;TOT Total;2024 2024;3776
791 Viborg;TOT Total;H50 H50 Vocational bachelors educations;TOT Age, total;TOT Total;2024 2024;10703
791 Viborg;TOT Total;H60 H60 Bachelors programs;TOT Age, total;TOT Total;2024 2024;757
791 Viborg;TOT Total;H70 H70 Masters programs;TOT Age, total;TOT Total;2024 2024;4751
791 Viborg;TOT Total;H80 H80 PhD programs;TOT Age, total;TOT Total;2024 2024;434
791 Viborg;TOT Total;TOT Total;TOT Age, total;TOT Total;2024 2024;66009
810 Brønderslev;TOT Total;H40 H40 Short cycle higher education;TOT Age, total;TOT Total;2024 2024;1193
810 Brønderslev;TOT Total;H50 H50 Vocational bachelors educations;TOT Age, total;TOT Total;2024 2024;3770
810 Brønderslev;TOT Total;H60 H60 Bachelors programs;TOT Age, total;TOT Total;2024 2024;273
810 Brønderslev;TOT Total;H70 H70 Masters programs;TOT Age, total;TOT Total;2024 2024;1389
810 Brønderslev;TOT Total;H80 H80 PhD programs;TOT Age, total;TOT Total;2024 2024;67
810 Brønderslev;TOT Total;TOT Total;TOT Age, total;TOT Total;2024 2024;24069
813 Frederikshavn;TOT Total;H40 H40 Short cycle higher education;TOT Age, total;TOT Total;2024 2024;1930
813 Frederikshavn;TOT Total;H50 H50 Vocational bachelors educations;TOT Age, total;TOT Total;2024 2024;5166
813 Frederikshavn;TOT Total;H60 H60 Bachelors programs;TOT Age, total;TOT Total;2024 2024;398
813 Frederikshavn;TOT Total;H70 H70 Masters programs;TOT Age, total;TOT Total;2024 2024;1447
813 Frederikshavn;TOT Total;H80 H80 PhD programs;TOT Age, total;TOT Total;2024 2024;123
813 Frederikshavn;TOT Total;TOT Total;TOT Age, total;TOT Total;2024 2024;37726
820 Vesthimmerlands;TOT Total;H40 H40 Short cycle higher education;TOT Age, total;TOT Total;2024 2024;1110
820 Vesthimmerlands;TOT Total;H50 H50 Vocational bachelors educations;TOT Age, total;TOT Total;2024 2024;3074
820 Vesthimmerlands;TOT Total;H60 H60 Bachelors programs;TOT Age, total;TOT Total;2024 2024;197
820 Vesthimmerlands;TOT Total;H70 H70 Masters programs;TOT Age, total;TOT Total;2024 2024;962
820 Vesthimmerlands;TOT Total;H80 H80 PhD programs;TOT Age, total;TOT Total;2024 2024;45
820 Vesthimmerlands;TOT Total;TOT Total;TOT Age, total;TOT Total;2024 2024;23618
825 Læsø;TOT Total;H40 H40 Short cycle higher education;TOT Age, total;TOT Total;2024 2024;23
825 Læsø;TOT Total;H50 H50 Vocational bachelors educations;TOT Age, total;TOT Total;2024 2024;126
825 Læsø;TOT Total;H60 H60 Bachelors programs;TOT Age, total;TOT Total;2024 2024;9
825 Læsø;TOT Total;H70 H70 Masters programs;TOT Age, total;TOT Total;2024 2024;44
825 Læsø;TOT Total;H80 H80 PhD programs;TOT Age, total;TOT Total;2024 2024;2
825 Læsø;TOT Total;TOT Total;TOT Age, total;TOT Total;2024 2024;991
840 Rebild;TOT Total;H40 H40 Short cycle higher education;TOT Age, total;TOT Total;2024 2024;1132
840 Rebild;TOT Total;H50 H50 Vocational bachelors educations;TOT Age, total;TOT Total;2024 2024;3238
840 Rebild;TOT Total;H60 H60 Bachelors programs;TOT Age, total;TOT Total;2024 2024;304
840 Rebild;TOT Total;H70 H70 Masters programs;TOT Age, total;TOT Total;2024 2024;2312
840 Rebild;TOT Total;H80 H80 PhD programs;TOT Age, total;TOT Total;2024 2024;202
840 Rebild;TOT Total;TOT Total;TOT Age, total;TOT Total;2024 2024;20197
846 Mariagerfjord;TOT Total;H40 H40 Short cycle higher education;TOT Age, total;TOT Total;2024 2024;1531
846 Mariagerfjord;TOT Total;H50 H50 Vocational bachelors educations;TOT Age, total;TOT Total;2024 2024;3964
846 Mariagerfjord;TOT Total;H60 H60 Bachelors programs;TOT Age, total;TOT Total;2024 2024;328
846 Mariagerfjord;TOT Total;H70 H70 Masters programs;TOT Age, total;TOT Total;2024 2024;1553
846 Mariagerfjord;TOT Total;H80 H80 PhD programs;TOT Age, total;TOT Total;2024 2024;96
846 Mariagerfjord;TOT Total;TOT Total;TOT Age, total;TOT Total;2024 2024;27756
849 Jammerbugt;TOT Total;H40 H40 Short cycle higher education;TOT Age, total;TOT Total;2024 2024;1207
849 Jammerbugt;TOT Total;H50 H50 Vocational bachelors educations;TOT Age, total;TOT Total;2024 2024;3414
849 Jammerbugt;TOT Total;H60 H60 Bachelors programs;TOT Age, total;TOT Total;2024 2024;292
849 Jammerbugt;TOT Total;H70 H70 Masters programs;TOT Age, total;TOT Total;2024 2024;1225
849 Jammerbugt;TOT Total;H80 H80 PhD programs;TOT Age, total;TOT Total;2024 2024;64
849 Jammerbugt;TOT Total;TOT Total;TOT Age, total;TOT Total;2024 2024;24721
851 Aalborg;TOT Total;H40 H40 Short cycle higher education;TOT Age, total;TOT Total;2024 2024;8233
851 Aalborg;TOT Total;H50 H50 Vocational bachelors educations;TOT Age, total;TOT Total;2024 2024;26038
851 Aalborg;TOT Total;H60 H60 Bachelors programs;TOT Age, total;TOT Total;2024 2024;7655
851 Aalborg;TOT Total;H70 H70 Masters programs;TOT Age, total;TOT Total;2024 2024;21187
851 Aalborg;TOT Total;H80 H80 PhD programs;TOT Age, total;TOT Total;2024 2024;1773
851 Aalborg;TOT Total;TOT Total;TOT Age, total;TOT Total;2024 2024;160883
860 Hjørring;TOT Total;H40 H40 Short cycle higher education;TOT Age, total;TOT Total;2024 2024;1937
860 Hjørring;TOT Total;H50 H50 Vocational bachelors educations;TOT Age, total;TOT Total;2024 2024;6822
860 Hjørring;TOT Total;H60 H60 Bachelors programs;TOT Age, total;TOT Total;2024 2024;420
860 Hjørring;TOT Total;H70 H70 Masters programs;TOT Age, total;TOT Total;2024 2024;1908
860 Hjørring;TOT Total;H80 H80 PhD programs;TOT Age, total;TOT Total;2024 2024;109
860 Hjørring;TOT Total;TOT Total;TOT Age, total;TOT Total;2024 2024;42024
000 All Denmark;TOT Total;H40 H40 Short cycle higher education;TOT Age, total;TOT Total;2025 2025;227526
000 All Denmark;TOT Total;H50 H50 Vocational bachelors educations;TOT Age, total;TOT Total;2025 2025;656157
000 All Denmark;TOT Total;H60 H60 Bachelors programs;TOT Age, total;TOT Total;2025 2025;146828
000 All Denmark;TOT Total;H70 H70 Masters programs;TOT Age, total;TOT Total;2025 2025;521083
000 All Denmark;TOT Total;H80 H80 PhD programs;TOT Age, total;TOT Total;2025 2025;52004
000 All Denmark;TOT Total;TOT Total;TOT Age, total;TOT Total;2025 2025;4157750
101 Copenhagen;TOT Total;H40 H40 Short cycle higher education;TOT Age, total;TOT Total;2025 2025;24557
101 Copenhagen;TOT Total;H50 H50 Vocational bachelors educations;TOT Age, total;TOT Total;2025 2025;78253
101 Copenhagen;TOT Total;H60 H60 Bachelors programs;TOT Age, total;TOT Total;2025 2025;47594
101 Copenhagen;TOT Total;H70 H70 Masters programs;TOT Age, total;TOT Total;2025 2025;135551
101 Copenhagen;TOT Total;H80 H80 PhD programs;TOT Age, total;TOT Total;2025 2025;13192
101 Copenhagen;TOT Total;TOT Total;TOT Age, total;TOT Total;2025 2025;527923
147 Frederiksberg;TOT Total;H40 H40 Short cycle higher education;TOT Age, total;TOT Total;2025 2025;3394
147 Frederiksberg;TOT Total;H50 H50 Vocational bachelors educations;TOT Age, total;TOT Total;2025 2025;11323
147 Frederiksberg;TOT Total;H60 H60 Bachelors programs;TOT Age, total;TOT Total;2025 2025;6601
147 Frederiksberg;TOT Total;H70 H70 Masters programs;TOT Age, total;TOT Total;2025 2025;22751
147 Frederiksberg;TOT Total;H80 H80 PhD programs;TOT Age, total;TOT Total;2025 2025;2110
147 Frederiksberg;TOT Total;TOT Total;TOT Age, total;TOT Total;2025 2025;77885
151 Ballerup;TOT Total;H40 H40 Short cycle higher education;TOT Age, total;TOT Total;2025 2025;2101
151 Ballerup;TOT Total;H50 H50 Vocational bachelors educations;TOT Age, total;TOT Total;2025 2025;5640
151 Ballerup;TOT Total;H60 H60 Bachelors programs;TOT Age, total;TOT Total;2025 2025;1147
151 Ballerup;TOT Total;H70 H70 Masters programs;TOT Age, total;TOT Total;2025 2025;4733
151 Ballerup;TOT Total;H80 H80 PhD programs;TOT Age, total;TOT Total;2025 2025;694
151 Ballerup;TOT Total;TOT Total;TOT Age, total;TOT Total;2025 2025;36660
153 Brøndby;TOT Total;H40 H40 Short cycle higher education;TOT Age, total;TOT Total;2025 2025;1711
153 Brøndby;TOT Total;H50 H50 Vocational bachelors educations;TOT Age, total;TOT Total;2025 2025;3993
153 Brøndby;TOT Total;H60 H60 Bachelors programs;TOT Age, total;TOT Total;2025 2025;1031
153 Brøndby;TOT Total;H70 H70 Masters programs;TOT Age, total;TOT Total;2025 2025;2456
153 Brøndby;TOT Total;H80 H80 PhD programs;TOT Age, total;TOT Total;2025 2025;255
153 Brøndby;TOT Total;TOT Total;TOT Age, total;TOT Total;2025 2025;28619
155 Dragør;TOT Total;H40 H40 Short cycle higher education;TOT Age, total;TOT Total;2025 2025;595
155 Dragør;TOT Total;H50 H50 Vocational bachelors educations;TOT Age, total;TOT Total;2025 2025;1442
155 Dragør;TOT Total;H60 H60 Bachelors programs;TOT Age, total;TOT Total;2025 2025;205
155 Dragør;TOT Total;H70 H70 Masters programs;TOT Age, total;TOT Total;2025 2025;1494
155 Dragør;TOT Total;H80 H80 PhD programs;TOT Age, total;TOT Total;2025 2025;108
155 Dragør;TOT Total;TOT Total;TOT Age, total;TOT Total;2025 2025;8860
157 Gentofte;TOT Total;H40 H40 Short cycle higher education;TOT Age, total;TOT Total;2025 2025;2416
157 Gentofte;TOT Total;H50 H50 Vocational bachelors educations;TOT Age, total;TOT Total;2025 2025;7120
157 Gentofte;TOT Total;H60 H60 Bachelors programs;TOT Age, total;TOT Total;2025 2025;2538
157 Gentofte;TOT Total;H70 H70 Masters programs;TOT Age, total;TOT Total;2025 2025;15136
157 Gentofte;TOT Total;H80 H80 PhD programs;TOT Age, total;TOT Total;2025 2025;1880
157 Gentofte;TOT Total;TOT Total;TOT Age, total;TOT Total;2025 2025;50224
159 Gladsaxe;TOT Total;H40 H40 Short cycle higher education;TOT Age, total;TOT Total;2025 2025;2706
159 Gladsaxe;TOT Total;H50 H50 Vocational bachelors educations;TOT Age, total;TOT Total;2025 2025;8077
159 Gladsaxe;TOT Total;H60 H60 Bachelors programs;TOT Age, total;TOT Total;2025 2025;2102
159 Gladsaxe;TOT Total;H70 H70 Masters programs;TOT Age, total;TOT Total;2025 2025;9130
159 Gladsaxe;TOT Total;H80 H80 PhD programs;TOT Age, total;TOT Total;2025 2025;1518
159 Gladsaxe;TOT Total;TOT Total;TOT Age, total;TOT Total;2025 2025;49611
161 Glostrup;TOT Total;H40 H40 Short cycle higher education;TOT Age, total;TOT Total;2025 2025;1385
161 Glostrup;TOT Total;H50 H50 Vocational bachelors educations;TOT Age, total;TOT Total;2025 2025;2812
161 Glostrup;TOT Total;H60 H60 Bachelors programs;TOT Age, total;TOT Total;2025 2025;708
161 Glostrup;TOT Total;H70 H70 Masters programs;TOT Age, total;TOT Total;2025 2025;1886
161 Glostrup;TOT Total;H80 H80 PhD programs;TOT Age, total;TOT Total;2025 2025;195
161 Glostrup;TOT Total;TOT Total;TOT Age, total;TOT Total;2025 2025;18263
163 Herlev;TOT Total;H40 H40 Short cycle higher education;TOT Age, total;TOT Total;2025 2025;1374
163 Herlev;TOT Total;H50 H50 Vocational bachelors educations;TOT Age, total;TOT Total;2025 2025;3534
163 Herlev;TOT Total;H60 H60 Bachelors programs;TOT Age, total;TOT Total;2025 2025;782
163 Herlev;TOT Total;H70 H70 Masters programs;TOT Age, total;TOT Total;2025 2025;2722
163 Herlev;TOT Total;H80 H80 PhD programs;TOT Age, total;TOT Total;2025 2025;427
163 Herlev;TOT Total;TOT Total;TOT Age, total;TOT Total;2025 2025;22121
165 Albertslund;TOT Total;H40 H40 Short cycle higher education;TOT Age, total;TOT Total;2025 2025;1125
165 Albertslund;TOT Total;H50 H50 Vocational bachelors educations;TOT Age, total;TOT Total;2025 2025;2975
165 Albertslund;TOT Total;H60 H60 Bachelors programs;TOT Age, total;TOT Total;2025 2025;755
165 Albertslund;TOT Total;H70 H70 Masters programs;TOT Age, total;TOT Total;2025 2025;1618
165 Albertslund;TOT Total;H80 H80 PhD programs;TOT Age, total;TOT Total;2025 2025;150
165 Albertslund;TOT Total;TOT Total;TOT Age, total;TOT Total;2025 2025;20008
167 Hvidovre;TOT Total;H40 H40 Short cycle higher education;TOT Age, total;TOT Total;2025 2025;2249
167 Hvidovre;TOT Total;H50 H50 Vocational bachelors educations;TOT Age, total;TOT Total;2025 2025;5431
167 Hvidovre;TOT Total;H60 H60 Bachelors programs;TOT Age, total;TOT Total;2025 2025;1204
167 Hvidovre;TOT Total;H70 H70 Masters programs;TOT Age, total;TOT Total;2025 2025;4620
167 Hvidovre;TOT Total;H80 H80 PhD programs;TOT Age, total;TOT Total;2025 2025;427
167 Hvidovre;TOT Total;TOT Total;TOT Age, total;TOT Total;2025 2025;37338
169 Høje-Taastrup;TOT Total;H40 H40 Short cycle higher education;TOT Age, total;TOT Total;2025 2025;2988
169 Høje-Taastrup;TOT Total;H50 H50 Vocational bachelors educations;TOT Age, total;TOT Total;2025 2025;6271
169 Høje-Taastrup;TOT Total;H60 H60 Bachelors programs;TOT Age, total;TOT Total;2025 2025;1603
169 Høje-Taastrup;TOT Total;H70 H70 Masters programs;TOT Age, total;TOT Total;2025 2025;4246
169 Høje-Taastrup;TOT Total;H80 H80 PhD programs;TOT Age, total;TOT Total;2025 2025;421
169 Høje-Taastrup;TOT Total;TOT Total;TOT Age, total;TOT Total;2025 2025;42597
173 Lyngby-Taarbæk;TOT Total;H40 H40 Short cycle higher education;TOT Age, total;TOT Total;2025 2025;1739
173 Lyngby-Taarbæk;TOT Total;H50 H50 Vocational bachelors educations;TOT Age, total;TOT Total;2025 2025;5972
173 Lyngby-Taarbæk;TOT Total;H60 H60 Bachelors programs;TOT Age, total;TOT Total;2025 2025;3029
173 Lyngby-Taarbæk;TOT Total;H70 H70 Masters programs;TOT Age, total;TOT Total;2025 2025;10639
173 Lyngby-Taarbæk;TOT Total;H80 H80 PhD programs;TOT Age, total;TOT Total;2025 2025;1789
173 Lyngby-Taarbæk;TOT Total;TOT Total;TOT Age, total;TOT Total;2025 2025;40434
175 Rødovre;TOT Total;H40 H40 Short cycle higher education;TOT Age, total;TOT Total;2025 2025;1882
175 Rødovre;TOT Total;H50 H50 Vocational bachelors educations;TOT Age, total;TOT Total;2025 2025;5010
175 Rødovre;TOT Total;H60 H60 Bachelors programs;TOT Age, total;TOT Total;2025 2025;1053
175 Rødovre;TOT Total;H70 H70 Masters programs;TOT Age, total;TOT Total;2025 2025;4160
175 Rødovre;TOT Total;H80 H80 PhD programs;TOT Age, total;TOT Total;2025 2025;457
175 Rødovre;TOT Total;TOT Total;TOT Age, total;TOT Total;2025 2025;31412
183 Ishøj;TOT Total;H40 H40 Short cycle higher education;TOT Age, total;TOT Total;2025 2025;1290
183 Ishøj;TOT Total;H50 H50 Vocational bachelors educations;TOT Age, total;TOT Total;2025 2025;2286
183 Ishøj;TOT Total;H60 H60 Bachelors programs;TOT Age, total;TOT Total;2025 2025;582
183 Ishøj;TOT Total;H70 H70 Masters programs;TOT Age, total;TOT Total;2025 2025;1240
183 Ishøj;TOT Total;H80 H80 PhD programs;TOT Age, total;TOT Total;2025 2025;100
183 Ishøj;TOT Total;TOT Total;TOT Age, total;TOT Total;2025 2025;17366
185 Tårnby;TOT Total;H40 H40 Short cycle higher education;TOT Age, total;TOT Total;2025 2025;1751
185 Tårnby;TOT Total;H50 H50 Vocational bachelors educations;TOT Age, total;TOT Total;2025 2025;4032
185 Tårnby;TOT Total;H60 H60 Bachelors programs;TOT Age, total;TOT Total;2025 2025;678
185 Tårnby;TOT Total;H70 H70 Masters programs;TOT Age, total;TOT Total;2025 2025;3200
185 Tårnby;TOT Total;H80 H80 PhD programs;TOT Age, total;TOT Total;2025 2025;243
185 Tårnby;TOT Total;TOT Total;TOT Age, total;TOT Total;2025 2025;30080
187 Vallensbæk;TOT Total;H40 H40 Short cycle higher education;TOT Age, total;TOT Total;2025 2025;1028
187 Vallensbæk;TOT Total;H50 H50 Vocational bachelors educations;TOT Age, total;TOT Total;2025 2025;1990
187 Vallensbæk;TOT Total;H60 H60 Bachelors programs;TOT Age, total;TOT Total;2025 2025;533
187 Vallensbæk;TOT Total;H70 H70 Masters programs;TOT Age, total;TOT Total;2025 2025;1522
187 Vallensbæk;TOT Total;H80 H80 PhD programs;TOT Age, total;TOT Total;2025 2025;152
187 Vallensbæk;TOT Total;TOT Total;TOT Age, total;TOT Total;2025 2025;12400
190 Furesø;TOT Total;H40 H40 Short cycle higher education;TOT Age, total;TOT Total;2025 2025;1506
190 Furesø;TOT Total;H50 H50 Vocational bachelors educations;TOT Age, total;TOT Total;2025 2025;4562
190 Furesø;TOT Total;H60 H60 Bachelors programs;TOT Age, total;TOT Total;2025 2025;665
190 Furesø;TOT Total;H70 H70 Masters programs;TOT Age, total;TOT Total;2025 2025;6481
190 Furesø;TOT Total;H80 H80 PhD programs;TOT Age, total;TOT Total;2025 2025;1029
190 Furesø;TOT Total;TOT Total;TOT Age, total;TOT Total;2025 2025;27181
201 Allerød;TOT Total;H40 H40 Short cycle higher education;TOT Age, total;TOT Total;2025 2025;1014
201 Allerød;TOT Total;H50 H50 Vocational bachelors educations;TOT Age, total;TOT Total;2025 2025;3011
201 Allerød;TOT Total;H60 H60 Bachelors programs;TOT Age, total;TOT Total;2025 2025;380
201 Allerød;TOT Total;H70 H70 Masters programs;TOT Age, total;TOT Total;2025 2025;3709
201 Allerød;TOT Total;H80 H80 PhD programs;TOT Age, total;TOT Total;2025 2025;516
201 Allerød;TOT Total;TOT Total;TOT Age, total;TOT Total;2025 2025;16945
210 Fredensborg;TOT Total;H40 H40 Short cycle higher education;TOT Age, total;TOT Total;2025 2025;1577
210 Fredensborg;TOT Total;H50 H50 Vocational bachelors educations;TOT Age, total;TOT Total;2025 2025;4475
210 Fredensborg;TOT Total;H60 H60 Bachelors programs;TOT Age, total;TOT Total;2025 2025;784
210 Fredensborg;TOT Total;H70 H70 Masters programs;TOT Age, total;TOT Total;2025 2025;4488
210 Fredensborg;TOT Total;H80 H80 PhD programs;TOT Age, total;TOT Total;2025 2025;533
210 Fredensborg;TOT Total;TOT Total;TOT Age, total;TOT Total;2025 2025;27223
217 Helsingør;TOT Total;H40 H40 Short cycle higher education;TOT Age, total;TOT Total;2025 2025;2345
217 Helsingør;TOT Total;H50 H50 Vocational bachelors educations;TOT Age, total;TOT Total;2025 2025;7142
217 Helsingør;TOT Total;H60 H60 Bachelors programs;TOT Age, total;TOT Total;2025 2025;872
217 Helsingør;TOT Total;H70 H70 Masters programs;TOT Age, total;TOT Total;2025 2025;5085
217 Helsingør;TOT Total;H80 H80 PhD programs;TOT Age, total;TOT Total;2025 2025;438
217 Helsingør;TOT Total;TOT Total;TOT Age, total;TOT Total;2025 2025;41928
219 Hillerød;TOT Total;H40 H40 Short cycle higher education;TOT Age, total;TOT Total;2025 2025;2403
219 Hillerød;TOT Total;H50 H50 Vocational bachelors educations;TOT Age, total;TOT Total;2025 2025;6860
219 Hillerød;TOT Total;H60 H60 Bachelors programs;TOT Age, total;TOT Total;2025 2025;986
219 Hillerød;TOT Total;H70 H70 Masters programs;TOT Age, total;TOT Total;2025 2025;5279
219 Hillerød;TOT Total;H80 H80 PhD programs;TOT Age, total;TOT Total;2025 2025;640
219 Hillerød;TOT Total;TOT Total;TOT Age, total;TOT Total;2025 2025;37727
223 Hørsholm;TOT Total;H40 H40 Short cycle higher education;TOT Age, total;TOT Total;2025 2025;894
223 Hørsholm;TOT Total;H50 H50 Vocational bachelors educations;TOT Age, total;TOT Total;2025 2025;2443
223 Hørsholm;TOT Total;H60 H60 Bachelors programs;TOT Age, total;TOT Total;2025 2025;520
223 Hørsholm;TOT Total;H70 H70 Masters programs;TOT Age, total;TOT Total;2025 2025;3785
223 Hørsholm;TOT Total;H80 H80 PhD programs;TOT Age, total;TOT Total;2025 2025;381
223 Hørsholm;TOT Total;TOT Total;TOT Age, total;TOT Total;2025 2025;15536
230 Rudersdal;TOT Total;H40 H40 Short cycle higher education;TOT Age, total;TOT Total;2025 2025;1642
230 Rudersdal;TOT Total;H50 H50 Vocational bachelors educations;TOT Age, total;TOT Total;2025 2025;5314
230 Rudersdal;TOT Total;H60 H60 Bachelors programs;TOT Age, total;TOT Total;2025 2025;1658
230 Rudersdal;TOT Total;H70 H70 Masters programs;TOT Age, total;TOT Total;2025 2025;10489
230 Rudersdal;TOT Total;H80 H80 PhD programs;TOT Age, total;TOT Total;2025 2025;1516
230 Rudersdal;TOT Total;TOT Total;TOT Age, total;TOT Total;2025 2025;36982
240 Egedal;TOT Total;H40 H40 Short cycle higher education;TOT Age, total;TOT Total;2025 2025;2199
240 Egedal;TOT Total;H50 H50 Vocational bachelors educations;TOT Age, total;TOT Total;2025 2025;5188
240 Egedal;TOT Total;H60 H60 Bachelors programs;TOT Age, total;TOT Total;2025 2025;635
240 Egedal;TOT Total;H70 H70 Masters programs;TOT Age, total;TOT Total;2025 2025;3891
240 Egedal;TOT Total;H80 H80 PhD programs;TOT Age, total;TOT Total;2025 2025;457
240 Egedal;TOT Total;TOT Total;TOT Age, total;TOT Total;2025 2025;30633
250 Frederikssund;TOT Total;H40 H40 Short cycle higher education;TOT Age, total;TOT Total;2025 2025;1891
250 Frederikssund;TOT Total;H50 H50 Vocational bachelors educations;TOT Age, total;TOT Total;2025 2025;5018
250 Frederikssund;TOT Total;H60 H60 Bachelors programs;TOT Age, total;TOT Total;2025 2025;466
250 Frederikssund;TOT Total;H70 H70 Masters programs;TOT Age, total;TOT Total;2025 2025;2425
250 Frederikssund;TOT Total;H80 H80 PhD programs;TOT Age, total;TOT Total;2025 2025;233
250 Frederikssund;TOT Total;TOT Total;TOT Age, total;TOT Total;2025 2025;31540
253 Greve;TOT Total;H40 H40 Short cycle higher education;TOT Age, total;TOT Total;2025 2025;2388
253 Greve;TOT Total;H50 H50 Vocational bachelors educations;TOT Age, total;TOT Total;2025 2025;5256
253 Greve;TOT Total;H60 H60 Bachelors programs;TOT Age, total;TOT Total;2025 2025;723
253 Greve;TOT Total;H70 H70 Masters programs;TOT Age, total;TOT Total;2025 2025;3574
253 Greve;TOT Total;H80 H80 PhD programs;TOT Age, total;TOT Total;2025 2025;258
253 Greve;TOT Total;TOT Total;TOT Age, total;TOT Total;2025 2025;35635
259 Køge;TOT Total;H40 H40 Short cycle higher education;TOT Age, total;TOT Total;2025 2025;2797
259 Køge;TOT Total;H50 H50 Vocational bachelors educations;TOT Age, total;TOT Total;2025 2025;6441
259 Køge;TOT Total;H60 H60 Bachelors programs;TOT Age, total;TOT Total;2025 2025;788
259 Køge;TOT Total;H70 H70 Masters programs;TOT Age, total;TOT Total;2025 2025;3715
259 Køge;TOT Total;H80 H80 PhD programs;TOT Age, total;TOT Total;2025 2025;349
259 Køge;TOT Total;TOT Total;TOT Age, total;TOT Total;2025 2025;43671
260 Halsnæs;TOT Total;H40 H40 Short cycle higher education;TOT Age, total;TOT Total;2025 2025;1057
260 Halsnæs;TOT Total;H50 H50 Vocational bachelors educations;TOT Age, total;TOT Total;2025 2025;3001
260 Halsnæs;TOT Total;H60 H60 Bachelors programs;TOT Age, total;TOT Total;2025 2025;325
260 Halsnæs;TOT Total;H70 H70 Masters programs;TOT Age, total;TOT Total;2025 2025;1251
260 Halsnæs;TOT Total;H80 H80 PhD programs;TOT Age, total;TOT Total;2025 2025;156
260 Halsnæs;TOT Total;TOT Total;TOT Age, total;TOT Total;2025 2025;20683
265 Roskilde;TOT Total;H40 H40 Short cycle higher education;TOT Age, total;TOT Total;2025 2025;3949
265 Roskilde;TOT Total;H50 H50 Vocational bachelors educations;TOT Age, total;TOT Total;2025 2025;10627
265 Roskilde;TOT Total;H60 H60 Bachelors programs;TOT Age, total;TOT Total;2025 2025;1813
265 Roskilde;TOT Total;H70 H70 Masters programs;TOT Age, total;TOT Total;2025 2025;9323
265 Roskilde;TOT Total;H80 H80 PhD programs;TOT Age, total;TOT Total;2025 2025;1042
265 Roskilde;TOT Total;TOT Total;TOT Age, total;TOT Total;2025 2025;63423
269 Solrød;TOT Total;H40 H40 Short cycle higher education;TOT Age, total;TOT Total;2025 2025;1195
269 Solrød;TOT Total;H50 H50 Vocational bachelors educations;TOT Age, total;TOT Total;2025 2025;2637
269 Solrød;TOT Total;H60 H60 Bachelors programs;TOT Age, total;TOT Total;2025 2025;288
269 Solrød;TOT Total;H70 H70 Masters programs;TOT Age, total;TOT Total;2025 2025;1923
269 Solrød;TOT Total;H80 H80 PhD programs;TOT Age, total;TOT Total;2025 2025;144
269 Solrød;TOT Total;TOT Total;TOT Age, total;TOT Total;2025 2025;16298
270 Gribskov;TOT Total;H40 H40 Short cycle higher education;TOT Age, total;TOT Total;2025 2025;1461
270 Gribskov;TOT Total;H50 H50 Vocational bachelors educations;TOT Age, total;TOT Total;2025 2025;4365
270 Gribskov;TOT Total;H60 H60 Bachelors programs;TOT Age, total;TOT Total;2025 2025;433
270 Gribskov;TOT Total;H70 H70 Masters programs;TOT Age, total;TOT Total;2025 2025;2151
270 Gribskov;TOT Total;H80 H80 PhD programs;TOT Age, total;TOT Total;2025 2025;202
270 Gribskov;TOT Total;TOT Total;TOT Age, total;TOT Total;2025 2025;27024
306 Odsherred;TOT Total;H40 H40 Short cycle higher education;TOT Age, total;TOT Total;2025 2025;875
306 Odsherred;TOT Total;H50 H50 Vocational bachelors educations;TOT Age, total;TOT Total;2025 2025;2616
306 Odsherred;TOT Total;H60 H60 Bachelors programs;TOT Age, total;TOT Total;2025 2025;209
306 Odsherred;TOT Total;H70 H70 Masters programs;TOT Age, total;TOT Total;2025 2025;857
306 Odsherred;TOT Total;H80 H80 PhD programs;TOT Age, total;TOT Total;2025 2025;83
306 Odsherred;TOT Total;TOT Total;TOT Age, total;TOT Total;2025 2025;20109
316 Holbæk;TOT Total;H40 H40 Short cycle higher education;TOT Age, total;TOT Total;2025 2025;2817
316 Holbæk;TOT Total;H50 H50 Vocational bachelors educations;TOT Age, total;TOT Total;2025 2025;8269
316 Holbæk;TOT Total;H60 H60 Bachelors programs;TOT Age, total;TOT Total;2025 2025;756
316 Holbæk;TOT Total;H70 H70 Masters programs;TOT Age, total;TOT Total;2025 2025;3480
316 Holbæk;TOT Total;H80 H80 PhD programs;TOT Age, total;TOT Total;2025 2025;243
316 Holbæk;TOT Total;TOT Total;TOT Age, total;TOT Total;2025 2025;50716
320 Faxe;TOT Total;H40 H40 Short cycle higher education;TOT Age, total;TOT Total;2025 2025;1385
320 Faxe;TOT Total;H50 H50 Vocational bachelors educations;TOT Age, total;TOT Total;2025 2025;3414
320 Faxe;TOT Total;H60 H60 Bachelors programs;TOT Age, total;TOT Total;2025 2025;309
320 Faxe;TOT Total;H70 H70 Masters programs;TOT Age, total;TOT Total;2025 2025;1227
320 Faxe;TOT Total;H80 H80 PhD programs;TOT Age, total;TOT Total;2025 2025;96
320 Faxe;TOT Total;TOT Total;TOT Age, total;TOT Total;2025 2025;25888
326 Kalundborg;TOT Total;H40 H40 Short cycle higher education;TOT Age, total;TOT Total;2025 2025;1703
326 Kalundborg;TOT Total;H50 H50 Vocational bachelors educations;TOT Age, total;TOT Total;2025 2025;4166
326 Kalundborg;TOT Total;H60 H60 Bachelors programs;TOT Age, total;TOT Total;2025 2025;593
326 Kalundborg;TOT Total;H70 H70 Masters programs;TOT Age, total;TOT Total;2025 2025;1558
326 Kalundborg;TOT Total;H80 H80 PhD programs;TOT Age, total;TOT Total;2025 2025;150
326 Kalundborg;TOT Total;TOT Total;TOT Age, total;TOT Total;2025 2025;32256
329 Ringsted;TOT Total;H40 H40 Short cycle higher education;TOT Age, total;TOT Total;2025 2025;1581
329 Ringsted;TOT Total;H50 H50 Vocational bachelors educations;TOT Age, total;TOT Total;2025 2025;3630
329 Ringsted;TOT Total;H60 H60 Bachelors programs;TOT Age, total;TOT Total;2025 2025;482
329 Ringsted;TOT Total;H70 H70 Masters programs;TOT Age, total;TOT Total;2025 2025;1868
329 Ringsted;TOT Total;H80 H80 PhD programs;TOT Age, total;TOT Total;2025 2025;167
329 Ringsted;TOT Total;TOT Total;TOT Age, total;TOT Total;2025 2025;25279
330 Slagelse;TOT Total;H40 H40 Short cycle higher education;TOT Age, total;TOT Total;2025 2025;2972
330 Slagelse;TOT Total;H50 H50 Vocational bachelors educations;TOT Age, total;TOT Total;2025 2025;8544
330 Slagelse;TOT Total;H60 H60 Bachelors programs;TOT Age, total;TOT Total;2025 2025;793
330 Slagelse;TOT Total;H70 H70 Masters programs;TOT Age, total;TOT Total;2025 2025;2826
330 Slagelse;TOT Total;H80 H80 PhD programs;TOT Age, total;TOT Total;2025 2025;210
330 Slagelse;TOT Total;TOT Total;TOT Age, total;TOT Total;2025 2025;55392
336 Stevns;TOT Total;H40 H40 Short cycle higher education;TOT Age, total;TOT Total;2025 2025;848
336 Stevns;TOT Total;H50 H50 Vocational bachelors educations;TOT Age, total;TOT Total;2025 2025;2272
336 Stevns;TOT Total;H60 H60 Bachelors programs;TOT Age, total;TOT Total;2025 2025;182
336 Stevns;TOT Total;H70 H70 Masters programs;TOT Age, total;TOT Total;2025 2025;994
336 Stevns;TOT Total;H80 H80 PhD programs;TOT Age, total;TOT Total;2025 2025;84
336 Stevns;TOT Total;TOT Total;TOT Age, total;TOT Total;2025 2025;15553
340 Sorø;TOT Total;H40 H40 Short cycle higher education;TOT Age, total;TOT Total;2025 2025;1006
340 Sorø;TOT Total;H50 H50 Vocational bachelors educations;TOT Age, total;TOT Total;2025 2025;3082
340 Sorø;TOT Total;H60 H60 Bachelors programs;TOT Age, total;TOT Total;2025 2025;324
340 Sorø;TOT Total;H70 H70 Masters programs;TOT Age, total;TOT Total;2025 2025;1953
340 Sorø;TOT Total;H80 H80 PhD programs;TOT Age, total;TOT Total;2025 2025;148
340 Sorø;TOT Total;TOT Total;TOT Age, total;TOT Total;2025 2025;20588
350 Lejre;TOT Total;H40 H40 Short cycle higher education;TOT Age, total;TOT Total;2025 2025;1184
350 Lejre;TOT Total;H50 H50 Vocational bachelors educations;TOT Age, total;TOT Total;2025 2025;3106
350 Lejre;TOT Total;H60 H60 Bachelors programs;TOT Age, total;TOT Total;2025 2025;370
350 Lejre;TOT Total;H70 H70 Masters programs;TOT Age, total;TOT Total;2025 2025;2419
350 Lejre;TOT Total;H80 H80 PhD programs;TOT Age, total;TOT Total;2025 2025;302
350 Lejre;TOT Total;TOT Total;TOT Age, total;TOT Total;2025 2025;19432
360 Lolland;TOT Total;H40 H40 Short cycle higher education;TOT Age, total;TOT Total;2025 2025;883
360 Lolland;TOT Total;H50 H50 Vocational bachelors educations;TOT Age, total;TOT Total;2025 2025;2936
360 Lolland;TOT Total;H60 H60 Bachelors programs;TOT Age, total;TOT Total;2025 2025;361
360 Lolland;TOT Total;H70 H70 Masters programs;TOT Age, total;TOT Total;2025 2025;809
360 Lolland;TOT Total;H80 H80 PhD programs;TOT Age, total;TOT Total;2025 2025;75
360 Lolland;TOT Total;TOT Total;TOT Age, total;TOT Total;2025 2025;24917
370 Næstved;TOT Total;H40 H40 Short cycle higher education;TOT Age, total;TOT Total;2025 2025;3234
370 Næstved;TOT Total;H50 H50 Vocational bachelors educations;TOT Age, total;TOT Total;2025 2025;9494
370 Næstved;TOT Total;H60 H60 Bachelors programs;TOT Age, total;TOT Total;2025 2025;746
370 Næstved;TOT Total;H70 H70 Masters programs;TOT Age, total;TOT Total;2025 2025;2960
370 Næstved;TOT Total;H80 H80 PhD programs;TOT Age, total;TOT Total;2025 2025;205
370 Næstved;TOT Total;TOT Total;TOT Age, total;TOT Total;2025 2025;57759
376 Guldborgsund;TOT Total;H40 H40 Short cycle higher education;TOT Age, total;TOT Total;2025 2025;1804
376 Guldborgsund;TOT Total;H50 H50 Vocational bachelors educations;TOT Age, total;TOT Total;2025 2025;6076
376 Guldborgsund;TOT Total;H60 H60 Bachelors programs;TOT Age, total;TOT Total;2025 2025;422
376 Guldborgsund;TOT Total;H70 H70 Masters programs;TOT Age, total;TOT Total;2025 2025;1693
376 Guldborgsund;TOT Total;H80 H80 PhD programs;TOT Age, total;TOT Total;2025 2025;105
376 Guldborgsund;TOT Total;TOT Total;TOT Age, total;TOT Total;2025 2025;38606
390 Vordingborg;TOT Total;H40 H40 Short cycle higher education;TOT Age, total;TOT Total;2025 2025;1478
390 Vordingborg;TOT Total;H50 H50 Vocational bachelors educations;TOT Age, total;TOT Total;2025 2025;4646
390 Vordingborg;TOT Total;H60 H60 Bachelors programs;TOT Age, total;TOT Total;2025 2025;524
390 Vordingborg;TOT Total;H70 H70 Masters programs;TOT Age, total;TOT Total;2025 2025;1656
390 Vordingborg;TOT Total;H80 H80 PhD programs;TOT Age, total;TOT Total;2025 2025;122
390 Vordingborg;TOT Total;TOT Total;TOT Age, total;TOT Total;2025 2025;29173
400 Bornholm;TOT Total;H40 H40 Short cycle higher education;TOT Age, total;TOT Total;2025 2025;1059
400 Bornholm;TOT Total;H50 H50 Vocational bachelors educations;TOT Age, total;TOT Total;2025 2025;3759
400 Bornholm;TOT Total;H60 H60 Bachelors programs;TOT Age, total;TOT Total;2025 2025;374
400 Bornholm;TOT Total;H70 H70 Masters programs;TOT Age, total;TOT Total;2025 2025;1389
400 Bornholm;TOT Total;H80 H80 PhD programs;TOT Age, total;TOT Total;2025 2025;119
400 Bornholm;TOT Total;TOT Total;TOT Age, total;TOT Total;2025 2025;24459
410 Middelfart;TOT Total;H40 H40 Short cycle higher education;TOT Age, total;TOT Total;2025 2025;1518
410 Middelfart;TOT Total;H50 H50 Vocational bachelors educations;TOT Age, total;TOT Total;2025 2025;4498
410 Middelfart;TOT Total;H60 H60 Bachelors programs;TOT Age, total;TOT Total;2025 2025;382
410 Middelfart;TOT Total;H70 H70 Masters programs;TOT Age, total;TOT Total;2025 2025;2448
410 Middelfart;TOT Total;H80 H80 PhD programs;TOT Age, total;TOT Total;2025 2025;158
410 Middelfart;TOT Total;TOT Total;TOT Age, total;TOT Total;2025 2025;26613
420 Assens;TOT Total;H40 H40 Short cycle higher education;TOT Age, total;TOT Total;2025 2025;1416
420 Assens;TOT Total;H50 H50 Vocational bachelors educations;TOT Age, total;TOT Total;2025 2025;3951
420 Assens;TOT Total;H60 H60 Bachelors programs;TOT Age, total;TOT Total;2025 2025;374
420 Assens;TOT Total;H70 H70 Masters programs;TOT Age, total;TOT Total;2025 2025;1556
420 Assens;TOT Total;H80 H80 PhD programs;TOT Age, total;TOT Total;2025 2025;136
420 Assens;TOT Total;TOT Total;TOT Age, total;TOT Total;2025 2025;26682
430 Faaborg-Midtfyn;TOT Total;H40 H40 Short cycle higher education;TOT Age, total;TOT Total;2025 2025;1986
430 Faaborg-Midtfyn;TOT Total;H50 H50 Vocational bachelors educations;TOT Age, total;TOT Total;2025 2025;5361
430 Faaborg-Midtfyn;TOT Total;H60 H60 Bachelors programs;TOT Age, total;TOT Total;2025 2025;500
430 Faaborg-Midtfyn;TOT Total;H70 H70 Masters programs;TOT Age, total;TOT Total;2025 2025;2090
430 Faaborg-Midtfyn;TOT Total;H80 H80 PhD programs;TOT Age, total;TOT Total;2025 2025;199
430 Faaborg-Midtfyn;TOT Total;TOT Total;TOT Age, total;TOT Total;2025 2025;34166
440 Kerteminde;TOT Total;H40 H40 Short cycle higher education;TOT Age, total;TOT Total;2025 2025;827
440 Kerteminde;TOT Total;H50 H50 Vocational bachelors educations;TOT Age, total;TOT Total;2025 2025;2537
440 Kerteminde;TOT Total;H60 H60 Bachelors programs;TOT Age, total;TOT Total;2025 2025;261
440 Kerteminde;TOT Total;H70 H70 Masters programs;TOT Age, total;TOT Total;2025 2025;948
440 Kerteminde;TOT Total;H80 H80 PhD programs;TOT Age, total;TOT Total;2025 2025;116
440 Kerteminde;TOT Total;TOT Total;TOT Age, total;TOT Total;2025 2025;15693
450 Nyborg;TOT Total;H40 H40 Short cycle higher education;TOT Age, total;TOT Total;2025 2025;1098
450 Nyborg;TOT Total;H50 H50 Vocational bachelors educations;TOT Age, total;TOT Total;2025 2025;3280
450 Nyborg;TOT Total;H60 H60 Bachelors programs;TOT Age, total;TOT Total;2025 2025;276
450 Nyborg;TOT Total;H70 H70 Masters programs;TOT Age, total;TOT Total;2025 2025;1455
450 Nyborg;TOT Total;H80 H80 PhD programs;TOT Age, total;TOT Total;2025 2025;134
450 Nyborg;TOT Total;TOT Total;TOT Age, total;TOT Total;2025 2025;21394
461 Odense;TOT Total;H40 H40 Short cycle higher education;TOT Age, total;TOT Total;2025 2025;8149
461 Odense;TOT Total;H50 H50 Vocational bachelors educations;TOT Age, total;TOT Total;2025 2025;26636
461 Odense;TOT Total;H60 H60 Bachelors programs;TOT Age, total;TOT Total;2025 2025;7979
461 Odense;TOT Total;H70 H70 Masters programs;TOT Age, total;TOT Total;2025 2025;19607
461 Odense;TOT Total;H80 H80 PhD programs;TOT Age, total;TOT Total;2025 2025;2266
461 Odense;TOT Total;TOT Total;TOT Age, total;TOT Total;2025 2025;153114
479 Svendborg;TOT Total;H40 H40 Short cycle higher education;TOT Age, total;TOT Total;2025 2025;1884
479 Svendborg;TOT Total;H50 H50 Vocational bachelors educations;TOT Age, total;TOT Total;2025 2025;7904
479 Svendborg;TOT Total;H60 H60 Bachelors programs;TOT Age, total;TOT Total;2025 2025;607
479 Svendborg;TOT Total;H70 H70 Masters programs;TOT Age, total;TOT Total;2025 2025;3258
479 Svendborg;TOT Total;H80 H80 PhD programs;TOT Age, total;TOT Total;2025 2025;203
479 Svendborg;TOT Total;TOT Total;TOT Age, total;TOT Total;2025 2025;39167
480 Nordfyns;TOT Total;H40 H40 Short cycle higher education;TOT Age, total;TOT Total;2025 2025;1061
480 Nordfyns;TOT Total;H50 H50 Vocational bachelors educations;TOT Age, total;TOT Total;2025 2025;2681
480 Nordfyns;TOT Total;H60 H60 Bachelors programs;TOT Age, total;TOT Total;2025 2025;275
480 Nordfyns;TOT Total;H70 H70 Masters programs;TOT Age, total;TOT Total;2025 2025;924
480 Nordfyns;TOT Total;H80 H80 PhD programs;TOT Age, total;TOT Total;2025 2025;103
480 Nordfyns;TOT Total;TOT Total;TOT Age, total;TOT Total;2025 2025;19496
482 Langeland;TOT Total;H40 H40 Short cycle higher education;TOT Age, total;TOT Total;2025 2025;292
482 Langeland;TOT Total;H50 H50 Vocational bachelors educations;TOT Age, total;TOT Total;2025 2025;856
482 Langeland;TOT Total;H60 H60 Bachelors programs;TOT Age, total;TOT Total;2025 2025;100
482 Langeland;TOT Total;H70 H70 Masters programs;TOT Age, total;TOT Total;2025 2025;288
482 Langeland;TOT Total;H80 H80 PhD programs;TOT Age, total;TOT Total;2025 2025;39
482 Langeland;TOT Total;TOT Total;TOT Age, total;TOT Total;2025 2025;7272
492 Ærø;TOT Total;H40 H40 Short cycle higher education;TOT Age, total;TOT Total;2025 2025;227
492 Ærø;TOT Total;H50 H50 Vocational bachelors educations;TOT Age, total;TOT Total;2025 2025;529
492 Ærø;TOT Total;H60 H60 Bachelors programs;TOT Age, total;TOT Total;2025 2025;70
492 Ærø;TOT Total;H70 H70 Masters programs;TOT Age, total;TOT Total;2025 2025;239
492 Ærø;TOT Total;H80 H80 PhD programs;TOT Age, total;TOT Total;2025 2025;27
492 Ærø;TOT Total;TOT Total;TOT Age, total;TOT Total;2025 2025;3470
510 Haderslev;TOT Total;H40 H40 Short cycle higher education;TOT Age, total;TOT Total;2025 2025;1962
510 Haderslev;TOT Total;H50 H50 Vocational bachelors educations;TOT Age, total;TOT Total;2025 2025;5673
510 Haderslev;TOT Total;H60 H60 Bachelors programs;TOT Age, total;TOT Total;2025 2025;362
510 Haderslev;TOT Total;H70 H70 Masters programs;TOT Age, total;TOT Total;2025 2025;1756
510 Haderslev;TOT Total;H80 H80 PhD programs;TOT Age, total;TOT Total;2025 2025;85
510 Haderslev;TOT Total;TOT Total;TOT Age, total;TOT Total;2025 2025;36922
530 Billund;TOT Total;H40 H40 Short cycle higher education;TOT Age, total;TOT Total;2025 2025;961
530 Billund;TOT Total;H50 H50 Vocational bachelors educations;TOT Age, total;TOT Total;2025 2025;2400
530 Billund;TOT Total;H60 H60 Bachelors programs;TOT Age, total;TOT Total;2025 2025;349
530 Billund;TOT Total;H70 H70 Masters programs;TOT Age, total;TOT Total;2025 2025;1063
530 Billund;TOT Total;H80 H80 PhD programs;TOT Age, total;TOT Total;2025 2025;110
530 Billund;TOT Total;TOT Total;TOT Age, total;TOT Total;2025 2025;18163
540 Sønderborg;TOT Total;H40 H40 Short cycle higher education;TOT Age, total;TOT Total;2025 2025;2926
540 Sønderborg;TOT Total;H50 H50 Vocational bachelors educations;TOT Age, total;TOT Total;2025 2025;7712
540 Sønderborg;TOT Total;H60 H60 Bachelors programs;TOT Age, total;TOT Total;2025 2025;936
540 Sønderborg;TOT Total;H70 H70 Masters programs;TOT Age, total;TOT Total;2025 2025;3581
540 Sønderborg;TOT Total;H80 H80 PhD programs;TOT Age, total;TOT Total;2025 2025;349
540 Sønderborg;TOT Total;TOT Total;TOT Age, total;TOT Total;2025 2025;49129
550 Tønder;TOT Total;H40 H40 Short cycle higher education;TOT Age, total;TOT Total;2025 2025;1163
550 Tønder;TOT Total;H50 H50 Vocational bachelors educations;TOT Age, total;TOT Total;2025 2025;2923
550 Tønder;TOT Total;H60 H60 Bachelors programs;TOT Age, total;TOT Total;2025 2025;340
550 Tønder;TOT Total;H70 H70 Masters programs;TOT Age, total;TOT Total;2025 2025;870
550 Tønder;TOT Total;H80 H80 PhD programs;TOT Age, total;TOT Total;2025 2025;95
550 Tønder;TOT Total;TOT Total;TOT Age, total;TOT Total;2025 2025;23633
561 Esbjerg;TOT Total;H40 H40 Short cycle higher education;TOT Age, total;TOT Total;2025 2025;4412
561 Esbjerg;TOT Total;H50 H50 Vocational bachelors educations;TOT Age, total;TOT Total;2025 2025;14508
561 Esbjerg;TOT Total;H60 H60 Bachelors programs;TOT Age, total;TOT Total;2025 2025;1425
561 Esbjerg;TOT Total;H70 H70 Masters programs;TOT Age, total;TOT Total;2025 2025;4828
561 Esbjerg;TOT Total;H80 H80 PhD programs;TOT Age, total;TOT Total;2025 2025;284
561 Esbjerg;TOT Total;TOT Total;TOT Age, total;TOT Total;2025 2025;77755
563 Fanø;TOT Total;H40 H40 Short cycle higher education;TOT Age, total;TOT Total;2025 2025;108
563 Fanø;TOT Total;H50 H50 Vocational bachelors educations;TOT Age, total;TOT Total;2025 2025;466
563 Fanø;TOT Total;H60 H60 Bachelors programs;TOT Age, total;TOT Total;2025 2025;40
563 Fanø;TOT Total;H70 H70 Masters programs;TOT Age, total;TOT Total;2025 2025;204
563 Fanø;TOT Total;H80 H80 PhD programs;TOT Age, total;TOT Total;2025 2025;12
563 Fanø;TOT Total;TOT Total;TOT Age, total;TOT Total;2025 2025;1894
573 Varde;TOT Total;H40 H40 Short cycle higher education;TOT Age, total;TOT Total;2025 2025;1874
573 Varde;TOT Total;H50 H50 Vocational bachelors educations;TOT Age, total;TOT Total;2025 2025;4970
573 Varde;TOT Total;H60 H60 Bachelors programs;TOT Age, total;TOT Total;2025 2025;444
573 Varde;TOT Total;H70 H70 Masters programs;TOT Age, total;TOT Total;2025 2025;1307
573 Varde;TOT Total;H80 H80 PhD programs;TOT Age, total;TOT Total;2025 2025;101
573 Varde;TOT Total;TOT Total;TOT Age, total;TOT Total;2025 2025;32520
575 Vejen;TOT Total;H40 H40 Short cycle higher education;TOT Age, total;TOT Total;2025 2025;1582
575 Vejen;TOT Total;H50 H50 Vocational bachelors educations;TOT Age, total;TOT Total;2025 2025;3782
575 Vejen;TOT Total;H60 H60 Bachelors programs;TOT Age, total;TOT Total;2025 2025;394
575 Vejen;TOT Total;H70 H70 Masters programs;TOT Age, total;TOT Total;2025 2025;1262
575 Vejen;TOT Total;H80 H80 PhD programs;TOT Age, total;TOT Total;2025 2025;74
575 Vejen;TOT Total;TOT Total;TOT Age, total;TOT Total;2025 2025;28540
580 Aabenraa;TOT Total;H40 H40 Short cycle higher education;TOT Age, total;TOT Total;2025 2025;1968
580 Aabenraa;TOT Total;H50 H50 Vocational bachelors educations;TOT Age, total;TOT Total;2025 2025;5454
580 Aabenraa;TOT Total;H60 H60 Bachelors programs;TOT Age, total;TOT Total;2025 2025;472
580 Aabenraa;TOT Total;H70 H70 Masters programs;TOT Age, total;TOT Total;2025 2025;2039
580 Aabenraa;TOT Total;H80 H80 PhD programs;TOT Age, total;TOT Total;2025 2025;135
580 Aabenraa;TOT Total;TOT Total;TOT Age, total;TOT Total;2025 2025;38435
607 Fredericia;TOT Total;H40 H40 Short cycle higher education;TOT Age, total;TOT Total;2025 2025;1957
607 Fredericia;TOT Total;H50 H50 Vocational bachelors educations;TOT Age, total;TOT Total;2025 2025;5692
607 Fredericia;TOT Total;H60 H60 Bachelors programs;TOT Age, total;TOT Total;2025 2025;593
607 Fredericia;TOT Total;H70 H70 Masters programs;TOT Age, total;TOT Total;2025 2025;2392
607 Fredericia;TOT Total;H80 H80 PhD programs;TOT Age, total;TOT Total;2025 2025;185
607 Fredericia;TOT Total;TOT Total;TOT Age, total;TOT Total;2025 2025;36116
615 Horsens;TOT Total;H40 H40 Short cycle higher education;TOT Age, total;TOT Total;2025 2025;4501
615 Horsens;TOT Total;H50 H50 Vocational bachelors educations;TOT Age, total;TOT Total;2025 2025;12144
615 Horsens;TOT Total;H60 H60 Bachelors programs;TOT Age, total;TOT Total;2025 2025;1049
615 Horsens;TOT Total;H70 H70 Masters programs;TOT Age, total;TOT Total;2025 2025;5096
615 Horsens;TOT Total;H80 H80 PhD programs;TOT Age, total;TOT Total;2025 2025;319
615 Horsens;TOT Total;TOT Total;TOT Age, total;TOT Total;2025 2025;67490
621 Kolding;TOT Total;H40 H40 Short cycle higher education;TOT Age, total;TOT Total;2025 2025;4144
621 Kolding;TOT Total;H50 H50 Vocational bachelors educations;TOT Age, total;TOT Total;2025 2025;10745
621 Kolding;TOT Total;H60 H60 Bachelors programs;TOT Age, total;TOT Total;2025 2025;1796
621 Kolding;TOT Total;H70 H70 Masters programs;TOT Age, total;TOT Total;2025 2025;5920
621 Kolding;TOT Total;H80 H80 PhD programs;TOT Age, total;TOT Total;2025 2025;313
621 Kolding;TOT Total;TOT Total;TOT Age, total;TOT Total;2025 2025;66110
630 Vejle;TOT Total;H40 H40 Short cycle higher education;TOT Age, total;TOT Total;2025 2025;5151
630 Vejle;TOT Total;H50 H50 Vocational bachelors educations;TOT Age, total;TOT Total;2025 2025;15142
630 Vejle;TOT Total;H60 H60 Bachelors programs;TOT Age, total;TOT Total;2025 2025;1576
630 Vejle;TOT Total;H70 H70 Masters programs;TOT Age, total;TOT Total;2025 2025;8339
630 Vejle;TOT Total;H80 H80 PhD programs;TOT Age, total;TOT Total;2025 2025;563
630 Vejle;TOT Total;TOT Total;TOT Age, total;TOT Total;2025 2025;83866
657 Herning;TOT Total;H40 H40 Short cycle higher education;TOT Age, total;TOT Total;2025 2025;3980
657 Herning;TOT Total;H50 H50 Vocational bachelors educations;TOT Age, total;TOT Total;2025 2025;10181
657 Herning;TOT Total;H60 H60 Bachelors programs;TOT Age, total;TOT Total;2025 2025;938
657 Herning;TOT Total;H70 H70 Masters programs;TOT Age, total;TOT Total;2025 2025;3389
657 Herning;TOT Total;H80 H80 PhD programs;TOT Age, total;TOT Total;2025 2025;191
657 Herning;TOT Total;TOT Total;TOT Age, total;TOT Total;2025 2025;61002
661 Holstebro;TOT Total;H40 H40 Short cycle higher education;TOT Age, total;TOT Total;2025 2025;2318
661 Holstebro;TOT Total;H50 H50 Vocational bachelors educations;TOT Age, total;TOT Total;2025 2025;7165
661 Holstebro;TOT Total;H60 H60 Bachelors programs;TOT Age, total;TOT Total;2025 2025;427
661 Holstebro;TOT Total;H70 H70 Masters programs;TOT Age, total;TOT Total;2025 2025;2006
661 Holstebro;TOT Total;H80 H80 PhD programs;TOT Age, total;TOT Total;2025 2025;90
661 Holstebro;TOT Total;TOT Total;TOT Age, total;TOT Total;2025 2025;39505
665 Lemvig;TOT Total;H40 H40 Short cycle higher education;TOT Age, total;TOT Total;2025 2025;535
665 Lemvig;TOT Total;H50 H50 Vocational bachelors educations;TOT Age, total;TOT Total;2025 2025;1807
665 Lemvig;TOT Total;H60 H60 Bachelors programs;TOT Age, total;TOT Total;2025 2025;127
665 Lemvig;TOT Total;H70 H70 Masters programs;TOT Age, total;TOT Total;2025 2025;479
665 Lemvig;TOT Total;H80 H80 PhD programs;TOT Age, total;TOT Total;2025 2025;43
665 Lemvig;TOT Total;TOT Total;TOT Age, total;TOT Total;2025 2025;12083
671 Struer;TOT Total;H40 H40 Short cycle higher education;TOT Age, total;TOT Total;2025 2025;617
671 Struer;TOT Total;H50 H50 Vocational bachelors educations;TOT Age, total;TOT Total;2025 2025;2016
671 Struer;TOT Total;H60 H60 Bachelors programs;TOT Age, total;TOT Total;2025 2025;122
671 Struer;TOT Total;H70 H70 Masters programs;TOT Age, total;TOT Total;2025 2025;555
671 Struer;TOT Total;H80 H80 PhD programs;TOT Age, total;TOT Total;2025 2025;39
671 Struer;TOT Total;TOT Total;TOT Age, total;TOT Total;2025 2025;13033
706 Syddjurs;TOT Total;H40 H40 Short cycle higher education;TOT Age, total;TOT Total;2025 2025;1593
706 Syddjurs;TOT Total;H50 H50 Vocational bachelors educations;TOT Age, total;TOT Total;2025 2025;4935
706 Syddjurs;TOT Total;H60 H60 Bachelors programs;TOT Age, total;TOT Total;2025 2025;520
706 Syddjurs;TOT Total;H70 H70 Masters programs;TOT Age, total;TOT Total;2025 2025;2684
706 Syddjurs;TOT Total;H80 H80 PhD programs;TOT Age, total;TOT Total;2025 2025;224
706 Syddjurs;TOT Total;TOT Total;TOT Age, total;TOT Total;2025 2025;28481
707 Norddjurs;TOT Total;H40 H40 Short cycle higher education;TOT Age, total;TOT Total;2025 2025;1119
707 Norddjurs;TOT Total;H50 H50 Vocational bachelors educations;TOT Age, total;TOT Total;2025 2025;2950
707 Norddjurs;TOT Total;H60 H60 Bachelors programs;TOT Age, total;TOT Total;2025 2025;236
707 Norddjurs;TOT Total;H70 H70 Masters programs;TOT Age, total;TOT Total;2025 2025;794
707 Norddjurs;TOT Total;H80 H80 PhD programs;TOT Age, total;TOT Total;2025 2025;61
707 Norddjurs;TOT Total;TOT Total;TOT Age, total;TOT Total;2025 2025;24153
710 Favrskov;TOT Total;H40 H40 Short cycle higher education;TOT Age, total;TOT Total;2025 2025;2011
710 Favrskov;TOT Total;H50 H50 Vocational bachelors educations;TOT Age, total;TOT Total;2025 2025;5650
710 Favrskov;TOT Total;H60 H60 Bachelors programs;TOT Age, total;TOT Total;2025 2025;542
710 Favrskov;TOT Total;H70 H70 Masters programs;TOT Age, total;TOT Total;2025 2025;3631
710 Favrskov;TOT Total;H80 H80 PhD programs;TOT Age, total;TOT Total;2025 2025;422
710 Favrskov;TOT Total;TOT Total;TOT Age, total;TOT Total;2025 2025;32765
727 Odder;TOT Total;H40 H40 Short cycle higher education;TOT Age, total;TOT Total;2025 2025;875
727 Odder;TOT Total;H50 H50 Vocational bachelors educations;TOT Age, total;TOT Total;2025 2025;2827
727 Odder;TOT Total;H60 H60 Bachelors programs;TOT Age, total;TOT Total;2025 2025;277
727 Odder;TOT Total;H70 H70 Masters programs;TOT Age, total;TOT Total;2025 2025;1585
727 Odder;TOT Total;H80 H80 PhD programs;TOT Age, total;TOT Total;2025 2025;116
727 Odder;TOT Total;TOT Total;TOT Age, total;TOT Total;2025 2025;15684
730 Randers;TOT Total;H40 H40 Short cycle higher education;TOT Age, total;TOT Total;2025 2025;4529
730 Randers;TOT Total;H50 H50 Vocational bachelors educations;TOT Age, total;TOT Total;2025 2025;10435
730 Randers;TOT Total;H60 H60 Bachelors programs;TOT Age, total;TOT Total;2025 2025;911
730 Randers;TOT Total;H70 H70 Masters programs;TOT Age, total;TOT Total;2025 2025;4104
730 Randers;TOT Total;H80 H80 PhD programs;TOT Age, total;TOT Total;2025 2025;300
730 Randers;TOT Total;TOT Total;TOT Age, total;TOT Total;2025 2025;68338
740 Silkeborg;TOT Total;H40 H40 Short cycle higher education;TOT Age, total;TOT Total;2025 2025;4512
740 Silkeborg;TOT Total;H50 H50 Vocational bachelors educations;TOT Age, total;TOT Total;2025 2025;12683
740 Silkeborg;TOT Total;H60 H60 Bachelors programs;TOT Age, total;TOT Total;2025 2025;1114
740 Silkeborg;TOT Total;H70 H70 Masters programs;TOT Age, total;TOT Total;2025 2025;7482
740 Silkeborg;TOT Total;H80 H80 PhD programs;TOT Age, total;TOT Total;2025 2025;466
740 Silkeborg;TOT Total;TOT Total;TOT Age, total;TOT Total;2025 2025;68501
741 Samsø;TOT Total;H40 H40 Short cycle higher education;TOT Age, total;TOT Total;2025 2025;118
741 Samsø;TOT Total;H50 H50 Vocational bachelors educations;TOT Age, total;TOT Total;2025 2025;352
741 Samsø;TOT Total;H60 H60 Bachelors programs;TOT Age, total;TOT Total;2025 2025;55
741 Samsø;TOT Total;H70 H70 Masters programs;TOT Age, total;TOT Total;2025 2025;169
741 Samsø;TOT Total;H80 H80 PhD programs;TOT Age, total;TOT Total;2025 2025;9
741 Samsø;TOT Total;TOT Total;TOT Age, total;TOT Total;2025 2025;2203
746 Skanderborg;TOT Total;H40 H40 Short cycle higher education;TOT Age, total;TOT Total;2025 2025;2749
746 Skanderborg;TOT Total;H50 H50 Vocational bachelors educations;TOT Age, total;TOT Total;2025 2025;7902
746 Skanderborg;TOT Total;H60 H60 Bachelors programs;TOT Age, total;TOT Total;2025 2025;699
746 Skanderborg;TOT Total;H70 H70 Masters programs;TOT Age, total;TOT Total;2025 2025;6745
746 Skanderborg;TOT Total;H80 H80 PhD programs;TOT Age, total;TOT Total;2025 2025;578
746 Skanderborg;TOT Total;TOT Total;TOT Age, total;TOT Total;2025 2025;42790
751 Aarhus;TOT Total;H40 H40 Short cycle higher education;TOT Age, total;TOT Total;2025 2025;14191
751 Aarhus;TOT Total;H50 H50 Vocational bachelors educations;TOT Age, total;TOT Total;2025 2025;47890
751 Aarhus;TOT Total;H60 H60 Bachelors programs;TOT Age, total;TOT Total;2025 2025;17854
751 Aarhus;TOT Total;H70 H70 Masters programs;TOT Age, total;TOT Total;2025 2025;50283
751 Aarhus;TOT Total;H80 H80 PhD programs;TOT Age, total;TOT Total;2025 2025;5920
751 Aarhus;TOT Total;TOT Total;TOT Age, total;TOT Total;2025 2025;281173
756 Ikast-Brande;TOT Total;H40 H40 Short cycle higher education;TOT Age, total;TOT Total;2025 2025;1707
756 Ikast-Brande;TOT Total;H50 H50 Vocational bachelors educations;TOT Age, total;TOT Total;2025 2025;4059
756 Ikast-Brande;TOT Total;H60 H60 Bachelors programs;TOT Age, total;TOT Total;2025 2025;392
756 Ikast-Brande;TOT Total;H70 H70 Masters programs;TOT Age, total;TOT Total;2025 2025;1547
756 Ikast-Brande;TOT Total;H80 H80 PhD programs;TOT Age, total;TOT Total;2025 2025;95
756 Ikast-Brande;TOT Total;TOT Total;TOT Age, total;TOT Total;2025 2025;29239
760 Ringkøbing-Skjern;TOT Total;H40 H40 Short cycle higher education;TOT Age, total;TOT Total;2025 2025;2082
760 Ringkøbing-Skjern;TOT Total;H50 H50 Vocational bachelors educations;TOT Age, total;TOT Total;2025 2025;5246
760 Ringkøbing-Skjern;TOT Total;H60 H60 Bachelors programs;TOT Age, total;TOT Total;2025 2025;474
760 Ringkøbing-Skjern;TOT Total;H70 H70 Masters programs;TOT Age, total;TOT Total;2025 2025;1497
760 Ringkøbing-Skjern;TOT Total;H80 H80 PhD programs;TOT Age, total;TOT Total;2025 2025;100
760 Ringkøbing-Skjern;TOT Total;TOT Total;TOT Age, total;TOT Total;2025 2025;36634
766 Hedensted;TOT Total;H40 H40 Short cycle higher education;TOT Age, total;TOT Total;2025 2025;2035
766 Hedensted;TOT Total;H50 H50 Vocational bachelors educations;TOT Age, total;TOT Total;2025 2025;4997
766 Hedensted;TOT Total;H60 H60 Bachelors programs;TOT Age, total;TOT Total;2025 2025;348
766 Hedensted;TOT Total;H70 H70 Masters programs;TOT Age, total;TOT Total;2025 2025;1494
766 Hedensted;TOT Total;H80 H80 PhD programs;TOT Age, total;TOT Total;2025 2025;81
766 Hedensted;TOT Total;TOT Total;TOT Age, total;TOT Total;2025 2025;32828
773 Morsø;TOT Total;H40 H40 Short cycle higher education;TOT Age, total;TOT Total;2025 2025;564
773 Morsø;TOT Total;H50 H50 Vocational bachelors educations;TOT Age, total;TOT Total;2025 2025;1559
773 Morsø;TOT Total;H60 H60 Bachelors programs;TOT Age, total;TOT Total;2025 2025;119
773 Morsø;TOT Total;H70 H70 Masters programs;TOT Age, total;TOT Total;2025 2025;379
773 Morsø;TOT Total;H80 H80 PhD programs;TOT Age, total;TOT Total;2025 2025;25
773 Morsø;TOT Total;TOT Total;TOT Age, total;TOT Total;2025 2025;12475
779 Skive;TOT Total;H40 H40 Short cycle higher education;TOT Age, total;TOT Total;2025 2025;1627
779 Skive;TOT Total;H50 H50 Vocational bachelors educations;TOT Age, total;TOT Total;2025 2025;4414
779 Skive;TOT Total;H60 H60 Bachelors programs;TOT Age, total;TOT Total;2025 2025;237
779 Skive;TOT Total;H70 H70 Masters programs;TOT Age, total;TOT Total;2025 2025;1157
779 Skive;TOT Total;H80 H80 PhD programs;TOT Age, total;TOT Total;2025 2025;49
779 Skive;TOT Total;TOT Total;TOT Age, total;TOT Total;2025 2025;29160
787 Thisted;TOT Total;H40 H40 Short cycle higher education;TOT Age, total;TOT Total;2025 2025;1367
787 Thisted;TOT Total;H50 H50 Vocational bachelors educations;TOT Age, total;TOT Total;2025 2025;3796
787 Thisted;TOT Total;H60 H60 Bachelors programs;TOT Age, total;TOT Total;2025 2025;238
787 Thisted;TOT Total;H70 H70 Masters programs;TOT Age, total;TOT Total;2025 2025;1351
787 Thisted;TOT Total;H80 H80 PhD programs;TOT Age, total;TOT Total;2025 2025;62
787 Thisted;TOT Total;TOT Total;TOT Age, total;TOT Total;2025 2025;27741
791 Viborg;TOT Total;H40 H40 Short cycle higher education;TOT Age, total;TOT Total;2025 2025;3821
791 Viborg;TOT Total;H50 H50 Vocational bachelors educations;TOT Age, total;TOT Total;2025 2025;10726
791 Viborg;TOT Total;H60 H60 Bachelors programs;TOT Age, total;TOT Total;2025 2025;800
791 Viborg;TOT Total;H70 H70 Masters programs;TOT Age, total;TOT Total;2025 2025;4804
791 Viborg;TOT Total;H80 H80 PhD programs;TOT Age, total;TOT Total;2025 2025;450
791 Viborg;TOT Total;TOT Total;TOT Age, total;TOT Total;2025 2025;66001
810 Brønderslev;TOT Total;H40 H40 Short cycle higher education;TOT Age, total;TOT Total;2025 2025;1221
810 Brønderslev;TOT Total;H50 H50 Vocational bachelors educations;TOT Age, total;TOT Total;2025 2025;3812
810 Brønderslev;TOT Total;H60 H60 Bachelors programs;TOT Age, total;TOT Total;2025 2025;304
810 Brønderslev;TOT Total;H70 H70 Masters programs;TOT Age, total;TOT Total;2025 2025;1449
810 Brønderslev;TOT Total;H80 H80 PhD programs;TOT Age, total;TOT Total;2025 2025;72
810 Brønderslev;TOT Total;TOT Total;TOT Age, total;TOT Total;2025 2025;24061
813 Frederikshavn;TOT Total;H40 H40 Short cycle higher education;TOT Age, total;TOT Total;2025 2025;1969
813 Frederikshavn;TOT Total;H50 H50 Vocational bachelors educations;TOT Age, total;TOT Total;2025 2025;5172
813 Frederikshavn;TOT Total;H60 H60 Bachelors programs;TOT Age, total;TOT Total;2025 2025;397
813 Frederikshavn;TOT Total;H70 H70 Masters programs;TOT Age, total;TOT Total;2025 2025;1446
813 Frederikshavn;TOT Total;H80 H80 PhD programs;TOT Age, total;TOT Total;2025 2025;121
813 Frederikshavn;TOT Total;TOT Total;TOT Age, total;TOT Total;2025 2025;37310
820 Vesthimmerlands;TOT Total;H40 H40 Short cycle higher education;TOT Age, total;TOT Total;2025 2025;1144
820 Vesthimmerlands;TOT Total;H50 H50 Vocational bachelors educations;TOT Age, total;TOT Total;2025 2025;3102
820 Vesthimmerlands;TOT Total;H60 H60 Bachelors programs;TOT Age, total;TOT Total;2025 2025;206
820 Vesthimmerlands;TOT Total;H70 H70 Masters programs;TOT Age, total;TOT Total;2025 2025;964
820 Vesthimmerlands;TOT Total;H80 H80 PhD programs;TOT Age, total;TOT Total;2025 2025;45
820 Vesthimmerlands;TOT Total;TOT Total;TOT Age, total;TOT Total;2025 2025;23499
825 Læsø;TOT Total;H40 H40 Short cycle higher education;TOT Age, total;TOT Total;2025 2025;23
825 Læsø;TOT Total;H50 H50 Vocational bachelors educations;TOT Age, total;TOT Total;2025 2025;131
825 Læsø;TOT Total;H60 H60 Bachelors programs;TOT Age, total;TOT Total;2025 2025;7
825 Læsø;TOT Total;H70 H70 Masters programs;TOT Age, total;TOT Total;2025 2025;46
825 Læsø;TOT Total;H80 H80 PhD programs;TOT Age, total;TOT Total;2025 2025;2
825 Læsø;TOT Total;TOT Total;TOT Age, total;TOT Total;2025 2025;973
840 Rebild;TOT Total;H40 H40 Short cycle higher education;TOT Age, total;TOT Total;2025 2025;1159
840 Rebild;TOT Total;H50 H50 Vocational bachelors educations;TOT Age, total;TOT Total;2025 2025;3304
840 Rebild;TOT Total;H60 H60 Bachelors programs;TOT Age, total;TOT Total;2025 2025;334
840 Rebild;TOT Total;H70 H70 Masters programs;TOT Age, total;TOT Total;2025 2025;2414
840 Rebild;TOT Total;H80 H80 PhD programs;TOT Age, total;TOT Total;2025 2025;204
840 Rebild;TOT Total;TOT Total;TOT Age, total;TOT Total;2025 2025;20335
846 Mariagerfjord;TOT Total;H40 H40 Short cycle higher education;TOT Age, total;TOT Total;2025 2025;1528
846 Mariagerfjord;TOT Total;H50 H50 Vocational bachelors educations;TOT Age, total;TOT Total;2025 2025;3968
846 Mariagerfjord;TOT Total;H60 H60 Bachelors programs;TOT Age, total;TOT Total;2025 2025;329
846 Mariagerfjord;TOT Total;H70 H70 Masters programs;TOT Age, total;TOT Total;2025 2025;1637
846 Mariagerfjord;TOT Total;H80 H80 PhD programs;TOT Age, total;TOT Total;2025 2025;112
846 Mariagerfjord;TOT Total;TOT Total;TOT Age, total;TOT Total;2025 2025;27636
849 Jammerbugt;TOT Total;H40 H40 Short cycle higher education;TOT Age, total;TOT Total;2025 2025;1220
849 Jammerbugt;TOT Total;H50 H50 Vocational bachelors educations;TOT Age, total;TOT Total;2025 2025;3447
849 Jammerbugt;TOT Total;H60 H60 Bachelors programs;TOT Age, total;TOT Total;2025 2025;301
849 Jammerbugt;TOT Total;H70 H70 Masters programs;TOT Age, total;TOT Total;2025 2025;1275
849 Jammerbugt;TOT Total;H80 H80 PhD programs;TOT Age, total;TOT Total;2025 2025;63
849 Jammerbugt;TOT Total;TOT Total;TOT Age, total;TOT Total;2025 2025;24517
851 Aalborg;TOT Total;H40 H40 Short cycle higher education;TOT Age, total;TOT Total;2025 2025;8339
851 Aalborg;TOT Total;H50 H50 Vocational bachelors educations;TOT Age, total;TOT Total;2025 2025;26409
851 Aalborg;TOT Total;H60 H60 Bachelors programs;TOT Age, total;TOT Total;2025 2025;7561
851 Aalborg;TOT Total;H70 H70 Masters programs;TOT Age, total;TOT Total;2025 2025;21957
851 Aalborg;TOT Total;H80 H80 PhD programs;TOT Age, total;TOT Total;2025 2025;1817
851 Aalborg;TOT Total;TOT Total;TOT Age, total;TOT Total;2025 2025;161870
860 Hjørring;TOT Total;H40 H40 Short cycle higher education;TOT Age, total;TOT Total;2025 2025;1967
860 Hjørring;TOT Total;H50 H50 Vocational bachelors educations;TOT Age, total;TOT Total;2025 2025;6853
860 Hjørring;TOT Total;H60 H60 Bachelors programs;TOT Age, total;TOT Total;2025 2025;430
860 Hjørring;TOT Total;H70 H70 Masters programs;TOT Age, total;TOT Total;2025 2025;1918
860 Hjørring;TOT Total;H80 H80 PhD programs;TOT Age, total;TOT Total;2025 2025;119
860 Hjørring;TOT Total;TOT Total;TOT Age, total;TOT Total;2025 2025;41693
