OMRÅDE;KØN;TID;INDHOLD
000 All Denmark;TOT Total;2014:2018 2014:2018;80.8
101 Copenhagen;TOT Total;2014:2018 2014:2018;79.0
147 Frederiksberg;TOT Total;2014:2018 2014:2018;81.1
151 Ballerup;TOT Total;2014:2018 2014:2018;80.3
153 Brøndby;TOT Total;2014:2018 2014:2018;79.6
155 Dragør;TOT Total;2014:2018 2014:2018;81.6
157 Gentofte;TOT Total;2014:2018 2014:2018;83.4
159 Gladsaxe;TOT Total;2014:2018 2014:2018;80.4
161 Glostrup;TOT Total;2014:2018 2014:2018;80.3
163 Herlev;TOT Total;2014:2018 2014:2018;79.9
165 Albertslund;TOT Total;2014:2018 2014:2018;81.1
167 Hvidovre;TOT Total;2014:2018 2014:2018;80.4
169 Høje-Taastrup;TOT Total;2014:2018 2014:2018;80.5
173 Lyngby-Taarbæk;TOT Total;2014:2018 2014:2018;82.4
175 Rødovre;TOT Total;2014:2018 2014:2018;80.3
183 Ishøj;TOT Total;2014:2018 2014:2018;80.0
185 Tårnby;TOT Total;2014:2018 2014:2018;80.1
187 Vallensbæk;TOT Total;2014:2018 2014:2018;81.6
190 Furesø;TOT Total;2014:2018 2014:2018;82.7
201 Allerød;TOT Total;2014:2018 2014:2018;83.1
210 Fredensborg;TOT Total;2014:2018 2014:2018;81.7
217 Helsingør;TOT Total;2014:2018 2014:2018;81.0
219 Hillerød;TOT Total;2014:2018 2014:2018;81.7
223 Hørsholm;TOT Total;2014:2018 2014:2018;83.2
230 Rudersdal;TOT Total;2014:2018 2014:2018;83.2
240 Egedal;TOT Total;2014:2018 2014:2018;81.9
250 Frederikssund;TOT Total;2014:2018 2014:2018;80.3
253 Greve;TOT Total;2014:2018 2014:2018;81.1
259 Køge;TOT Total;2014:2018 2014:2018;80.7
260 Halsnæs;TOT Total;2014:2018 2014:2018;79.2
265 Roskilde;TOT Total;2014:2018 2014:2018;81.1
269 Solrød;TOT Total;2014:2018 2014:2018;82.3
270 Gribskov;TOT Total;2014:2018 2014:2018;80.8
306 Odsherred;TOT Total;2014:2018 2014:2018;79.8
316 Holbæk;TOT Total;2014:2018 2014:2018;80.5
320 Faxe;TOT Total;2014:2018 2014:2018;80.0
326 Kalundborg;TOT Total;2014:2018 2014:2018;80.2
329 Ringsted;TOT Total;2014:2018 2014:2018;80.3
330 Slagelse;TOT Total;2014:2018 2014:2018;79.5
336 Stevns;TOT Total;2014:2018 2014:2018;80.7
340 Sorø;TOT Total;2014:2018 2014:2018;79.6
350 Lejre;TOT Total;2014:2018 2014:2018;82.3
360 Lolland;TOT Total;2014:2018 2014:2018;77.7
370 Næstved;TOT Total;2014:2018 2014:2018;79.9
376 Guldborgsund;TOT Total;2014:2018 2014:2018;79.0
390 Vordingborg;TOT Total;2014:2018 2014:2018;78.7
400 Bornholm;TOT Total;2014:2018 2014:2018;79.2
410 Middelfart;TOT Total;2014:2018 2014:2018;80.6
420 Assens;TOT Total;2014:2018 2014:2018;80.9
430 Faaborg-Midtfyn;TOT Total;2014:2018 2014:2018;80.9
440 Kerteminde;TOT Total;2014:2018 2014:2018;81.9
450 Nyborg;TOT Total;2014:2018 2014:2018;80.6
461 Odense;TOT Total;2014:2018 2014:2018;80.9
479 Svendborg;TOT Total;2014:2018 2014:2018;81.0
480 Nordfyns;TOT Total;2014:2018 2014:2018;80.8
482 Langeland;TOT Total;2014:2018 2014:2018;80.0
492 Ærø;TOT Total;2014:2018 2014:2018;..
510 Haderslev;TOT Total;2014:2018 2014:2018;81.3
530 Billund;TOT Total;2014:2018 2014:2018;81.2
540 Sønderborg;TOT Total;2014:2018 2014:2018;81.2
550 Tønder;TOT Total;2014:2018 2014:2018;80.6
561 Esbjerg;TOT Total;2014:2018 2014:2018;80.4
563 Fanø;TOT Total;2014:2018 2014:2018;..
573 Varde;TOT Total;2014:2018 2014:2018;81.5
575 Vejen;TOT Total;2014:2018 2014:2018;81.5
580 Aabenraa;TOT Total;2014:2018 2014:2018;80.7
607 Fredericia;TOT Total;2014:2018 2014:2018;80.5
615 Horsens;TOT Total;2014:2018 2014:2018;81.0
621 Kolding;TOT Total;2014:2018 2014:2018;81.1
630 Vejle;TOT Total;2014:2018 2014:2018;80.9
657 Herning;TOT Total;2014:2018 2014:2018;81.3
661 Holstebro;TOT Total;2014:2018 2014:2018;81.6
665 Lemvig;TOT Total;2014:2018 2014:2018;80.2
671 Struer;TOT Total;2014:2018 2014:2018;81.2
706 Syddjurs;TOT Total;2014:2018 2014:2018;81.5
707 Norddjurs;TOT Total;2014:2018 2014:2018;79.5
710 Favrskov;TOT Total;2014:2018 2014:2018;81.8
727 Odder;TOT Total;2014:2018 2014:2018;82.0
730 Randers;TOT Total;2014:2018 2014:2018;80.0
740 Silkeborg;TOT Total;2014:2018 2014:2018;81.4
741 Samsø;TOT Total;2014:2018 2014:2018;..
746 Skanderborg;TOT Total;2014:2018 2014:2018;82.0
751 Aarhus;TOT Total;2014:2018 2014:2018;81.5
756 Ikast-Brande;TOT Total;2014:2018 2014:2018;81.2
760 Ringkøbing-Skjern;TOT Total;2014:2018 2014:2018;81.3
766 Hedensted;TOT Total;2014:2018 2014:2018;81.6
773 Morsø;TOT Total;2014:2018 2014:2018;79.9
779 Skive;TOT Total;2014:2018 2014:2018;81.1
787 Thisted;TOT Total;2014:2018 2014:2018;80.2
791 Viborg;TOT Total;2014:2018 2014:2018;81.5
810 Brønderslev;TOT Total;2014:2018 2014:2018;81.1
813 Frederikshavn;TOT Total;2014:2018 2014:2018;80.2
820 Vesthimmerlands;TOT Total;2014:2018 2014:2018;80.4
825 Læsø;TOT Total;2014:2018 2014:2018;..
840 Rebild;TOT Total;2014:2018 2014:2018;80.8
846 Mariagerfjord;TOT Total;2014:2018 2014:2018;80.4
849 Jammerbugt;TOT Total;2014:2018 2014:2018;80.8
851 Aalborg;TOT Total;2014:2018 2014:2018;80.6
860 Hjørring;TOT Total;2014:2018 2014:2018;81.1
000 All Denmark;TOT Total;2021:2025 2021:2025;81.6
101 Copenhagen;TOT Total;2021:2025 2021:2025;80.9
147 Frederiksberg;TOT Total;2021:2025 2021:2025;82.6
151 Ballerup;TOT Total;2021:2025 2021:2025;81.2
153 Brøndby;TOT Total;2021:2025 2021:2025;80.4
155 Dragør;TOT Total;2021:2025 2021:2025;83.5
157 Gentofte;TOT Total;2021:2025 2021:2025;84.1
159 Gladsaxe;TOT Total;2021:2025 2021:2025;81.6
161 Glostrup;TOT Total;2021:2025 2021:2025;81.1
163 Herlev;TOT Total;2021:2025 2021:2025;80.5
165 Albertslund;TOT Total;2021:2025 2021:2025;81.5
167 Hvidovre;TOT Total;2021:2025 2021:2025;81.2
169 Høje-Taastrup;TOT Total;2021:2025 2021:2025;81.7
173 Lyngby-Taarbæk;TOT Total;2021:2025 2021:2025;84.1
175 Rødovre;TOT Total;2021:2025 2021:2025;81.3
183 Ishøj;TOT Total;2021:2025 2021:2025;79.7
185 Tårnby;TOT Total;2021:2025 2021:2025;81.2
187 Vallensbæk;TOT Total;2021:2025 2021:2025;83.1
190 Furesø;TOT Total;2021:2025 2021:2025;83.2
201 Allerød;TOT Total;2021:2025 2021:2025;83.9
210 Fredensborg;TOT Total;2021:2025 2021:2025;82.1
217 Helsingør;TOT Total;2021:2025 2021:2025;81.4
219 Hillerød;TOT Total;2021:2025 2021:2025;82.5
223 Hørsholm;TOT Total;2021:2025 2021:2025;83.6
230 Rudersdal;TOT Total;2021:2025 2021:2025;83.9
240 Egedal;TOT Total;2021:2025 2021:2025;83.0
250 Frederikssund;TOT Total;2021:2025 2021:2025;81.4
253 Greve;TOT Total;2021:2025 2021:2025;82.2
259 Køge;TOT Total;2021:2025 2021:2025;81.1
260 Halsnæs;TOT Total;2021:2025 2021:2025;80.6
265 Roskilde;TOT Total;2021:2025 2021:2025;82.2
269 Solrød;TOT Total;2021:2025 2021:2025;83.3
270 Gribskov;TOT Total;2021:2025 2021:2025;81.8
306 Odsherred;TOT Total;2021:2025 2021:2025;80.4
316 Holbæk;TOT Total;2021:2025 2021:2025;81.2
320 Faxe;TOT Total;2021:2025 2021:2025;81.1
326 Kalundborg;TOT Total;2021:2025 2021:2025;80.3
329 Ringsted;TOT Total;2021:2025 2021:2025;81.4
330 Slagelse;TOT Total;2021:2025 2021:2025;80.5
336 Stevns;TOT Total;2021:2025 2021:2025;81.2
340 Sorø;TOT Total;2021:2025 2021:2025;80.8
350 Lejre;TOT Total;2021:2025 2021:2025;83.1
360 Lolland;TOT Total;2021:2025 2021:2025;78.6
370 Næstved;TOT Total;2021:2025 2021:2025;80.7
376 Guldborgsund;TOT Total;2021:2025 2021:2025;79.4
390 Vordingborg;TOT Total;2021:2025 2021:2025;79.9
400 Bornholm;TOT Total;2021:2025 2021:2025;80.9
410 Middelfart;TOT Total;2021:2025 2021:2025;81.8
420 Assens;TOT Total;2021:2025 2021:2025;80.8
430 Faaborg-Midtfyn;TOT Total;2021:2025 2021:2025;81.6
440 Kerteminde;TOT Total;2021:2025 2021:2025;82.6
450 Nyborg;TOT Total;2021:2025 2021:2025;81.3
461 Odense;TOT Total;2021:2025 2021:2025;81.5
479 Svendborg;TOT Total;2021:2025 2021:2025;81.3
480 Nordfyns;TOT Total;2021:2025 2021:2025;81.2
482 Langeland;TOT Total;2021:2025 2021:2025;81.0
492 Ærø;TOT Total;2021:2025 2021:2025;..
510 Haderslev;TOT Total;2021:2025 2021:2025;81.6
530 Billund;TOT Total;2021:2025 2021:2025;82.2
540 Sønderborg;TOT Total;2021:2025 2021:2025;81.7
550 Tønder;TOT Total;2021:2025 2021:2025;80.6
561 Esbjerg;TOT Total;2021:2025 2021:2025;80.8
563 Fanø;TOT Total;2021:2025 2021:2025;..
573 Varde;TOT Total;2021:2025 2021:2025;82.2
575 Vejen;TOT Total;2021:2025 2021:2025;81.8
580 Aabenraa;TOT Total;2021:2025 2021:2025;81.5
607 Fredericia;TOT Total;2021:2025 2021:2025;81.2
615 Horsens;TOT Total;2021:2025 2021:2025;81.5
621 Kolding;TOT Total;2021:2025 2021:2025;82.0
630 Vejle;TOT Total;2021:2025 2021:2025;82.0
657 Herning;TOT Total;2021:2025 2021:2025;81.8
661 Holstebro;TOT Total;2021:2025 2021:2025;81.7
665 Lemvig;TOT Total;2021:2025 2021:2025;81.4
671 Struer;TOT Total;2021:2025 2021:2025;81.0
706 Syddjurs;TOT Total;2021:2025 2021:2025;82.2
707 Norddjurs;TOT Total;2021:2025 2021:2025;80.9
710 Favrskov;TOT Total;2021:2025 2021:2025;82.6
727 Odder;TOT Total;2021:2025 2021:2025;83.5
730 Randers;TOT Total;2021:2025 2021:2025;80.8
740 Silkeborg;TOT Total;2021:2025 2021:2025;82.6
741 Samsø;TOT Total;2021:2025 2021:2025;..
746 Skanderborg;TOT Total;2021:2025 2021:2025;83.0
751 Aarhus;TOT Total;2021:2025 2021:2025;82.4
756 Ikast-Brande;TOT Total;2021:2025 2021:2025;81.7
760 Ringkøbing-Skjern;TOT Total;2021:2025 2021:2025;82.0
766 Hedensted;TOT Total;2021:2025 2021:2025;82.2
773 Morsø;TOT Total;2021:2025 2021:2025;80.6
779 Skive;TOT Total;2021:2025 2021:2025;81.5
787 Thisted;TOT Total;2021:2025 2021:2025;80.7
791 Viborg;TOT Total;2021:2025 2021:2025;82.0
810 Brønderslev;TOT Total;2021:2025 2021:2025;80.9
813 Frederikshavn;TOT Total;2021:2025 2021:2025;80.7
820 Vesthimmerlands;TOT Total;2021:2025 2021:2025;80.9
825 Læsø;TOT Total;2021:2025 2021:2025;..
840 Rebild;TOT Total;2021:2025 2021:2025;81.9
846 Mariagerfjord;TOT Total;2021:2025 2021:2025;81.4
849 Jammerbugt;TOT Total;2021:2025 2021:2025;81.3
851 Aalborg;TOT Total;2021:2025 2021:2025;81.1
860 Hjørring;TOT Total;2021:2025 2021:2025;81.3
000 All Denmark;TOT Total;2002:2006 2002:2006;77.6
101 Copenhagen;TOT Total;2002:2006 2002:2006;75.0
147 Frederiksberg;TOT Total;2002:2006 2002:2006;77.4
151 Ballerup;TOT Total;2002:2006 2002:2006;76.9
153 Brøndby;TOT Total;2002:2006 2002:2006;77.0
155 Dragør;TOT Total;2002:2006 2002:2006;79.7
157 Gentofte;TOT Total;2002:2006 2002:2006;79.3
159 Gladsaxe;TOT Total;2002:2006 2002:2006;77.5
161 Glostrup;TOT Total;2002:2006 2002:2006;77.4
163 Herlev;TOT Total;2002:2006 2002:2006;76.9
165 Albertslund;TOT Total;2002:2006 2002:2006;77.5
167 Hvidovre;TOT Total;2002:2006 2002:2006;76.6
169 Høje-Taastrup;TOT Total;2002:2006 2002:2006;76.8
173 Lyngby-Taarbæk;TOT Total;2002:2006 2002:2006;79.2
175 Rødovre;TOT Total;2002:2006 2002:2006;76.5
183 Ishøj;TOT Total;2002:2006 2002:2006;75.6
185 Tårnby;TOT Total;2002:2006 2002:2006;76.8
187 Vallensbæk;TOT Total;2002:2006 2002:2006;78.8
190 Furesø;TOT Total;2002:2006 2002:2006;79.2
201 Allerød;TOT Total;2002:2006 2002:2006;79.6
210 Fredensborg;TOT Total;2002:2006 2002:2006;77.4
217 Helsingør;TOT Total;2002:2006 2002:2006;77.2
219 Hillerød;TOT Total;2002:2006 2002:2006;78.2
223 Hørsholm;TOT Total;2002:2006 2002:2006;80.5
230 Rudersdal;TOT Total;2002:2006 2002:2006;79.6
240 Egedal;TOT Total;2002:2006 2002:2006;78.4
250 Frederikssund;TOT Total;2002:2006 2002:2006;77.2
253 Greve;TOT Total;2002:2006 2002:2006;77.7
259 Køge;TOT Total;2002:2006 2002:2006;77.4
260 Halsnæs;TOT Total;2002:2006 2002:2006;76.2
265 Roskilde;TOT Total;2002:2006 2002:2006;77.8
269 Solrød;TOT Total;2002:2006 2002:2006;78.8
270 Gribskov;TOT Total;2002:2006 2002:2006;77.3
306 Odsherred;TOT Total;2002:2006 2002:2006;76.8
316 Holbæk;TOT Total;2002:2006 2002:2006;77.0
320 Faxe;TOT Total;2002:2006 2002:2006;77.2
326 Kalundborg;TOT Total;2002:2006 2002:2006;76.5
329 Ringsted;TOT Total;2002:2006 2002:2006;77.2
330 Slagelse;TOT Total;2002:2006 2002:2006;76.1
336 Stevns;TOT Total;2002:2006 2002:2006;77.7
340 Sorø;TOT Total;2002:2006 2002:2006;76.5
350 Lejre;TOT Total;2002:2006 2002:2006;78.9
360 Lolland;TOT Total;2002:2006 2002:2006;74.7
370 Næstved;TOT Total;2002:2006 2002:2006;77.3
376 Guldborgsund;TOT Total;2002:2006 2002:2006;76.6
390 Vordingborg;TOT Total;2002:2006 2002:2006;76.7
400 Bornholm;TOT Total;2002:2006 2002:2006;77.6
410 Middelfart;TOT Total;2002:2006 2002:2006;78.1
420 Assens;TOT Total;2002:2006 2002:2006;77.7
430 Faaborg-Midtfyn;TOT Total;2002:2006 2002:2006;78.4
440 Kerteminde;TOT Total;2002:2006 2002:2006;78.0
450 Nyborg;TOT Total;2002:2006 2002:2006;77.7
461 Odense;TOT Total;2002:2006 2002:2006;77.6
479 Svendborg;TOT Total;2002:2006 2002:2006;77.8
480 Nordfyns;TOT Total;2002:2006 2002:2006;77.8
482 Langeland;TOT Total;2002:2006 2002:2006;77.2
492 Ærø;TOT Total;2002:2006 2002:2006;..
510 Haderslev;TOT Total;2002:2006 2002:2006;77.6
530 Billund;TOT Total;2002:2006 2002:2006;78.4
540 Sønderborg;TOT Total;2002:2006 2002:2006;79.1
550 Tønder;TOT Total;2002:2006 2002:2006;77.5
561 Esbjerg;TOT Total;2002:2006 2002:2006;77.2
563 Fanø;TOT Total;2002:2006 2002:2006;..
573 Varde;TOT Total;2002:2006 2002:2006;78.3
575 Vejen;TOT Total;2002:2006 2002:2006;78.5
580 Aabenraa;TOT Total;2002:2006 2002:2006;78.1
607 Fredericia;TOT Total;2002:2006 2002:2006;77.2
615 Horsens;TOT Total;2002:2006 2002:2006;77.3
621 Kolding;TOT Total;2002:2006 2002:2006;78.1
630 Vejle;TOT Total;2002:2006 2002:2006;78.0
657 Herning;TOT Total;2002:2006 2002:2006;77.6
661 Holstebro;TOT Total;2002:2006 2002:2006;77.6
665 Lemvig;TOT Total;2002:2006 2002:2006;77.2
671 Struer;TOT Total;2002:2006 2002:2006;78.1
706 Syddjurs;TOT Total;2002:2006 2002:2006;78.9
707 Norddjurs;TOT Total;2002:2006 2002:2006;77.4
710 Favrskov;TOT Total;2002:2006 2002:2006;79.1
727 Odder;TOT Total;2002:2006 2002:2006;78.5
730 Randers;TOT Total;2002:2006 2002:2006;77.2
740 Silkeborg;TOT Total;2002:2006 2002:2006;78.4
741 Samsø;TOT Total;2002:2006 2002:2006;..
746 Skanderborg;TOT Total;2002:2006 2002:2006;78.6
751 Aarhus;TOT Total;2002:2006 2002:2006;78.4
756 Ikast-Brande;TOT Total;2002:2006 2002:2006;78.5
760 Ringkøbing-Skjern;TOT Total;2002:2006 2002:2006;78.3
766 Hedensted;TOT Total;2002:2006 2002:2006;78.6
773 Morsø;TOT Total;2002:2006 2002:2006;77.1
779 Skive;TOT Total;2002:2006 2002:2006;77.7
787 Thisted;TOT Total;2002:2006 2002:2006;76.8
791 Viborg;TOT Total;2002:2006 2002:2006;77.9
810 Brønderslev;TOT Total;2002:2006 2002:2006;78.4
813 Frederikshavn;TOT Total;2002:2006 2002:2006;76.9
820 Vesthimmerlands;TOT Total;2002:2006 2002:2006;77.6
825 Læsø;TOT Total;2002:2006 2002:2006;..
840 Rebild;TOT Total;2002:2006 2002:2006;78.6
846 Mariagerfjord;TOT Total;2002:2006 2002:2006;77.6
849 Jammerbugt;TOT Total;2002:2006 2002:2006;78.2
851 Aalborg;TOT Total;2002:2006 2002:2006;77.7
860 Hjørring;TOT Total;2002:2006 2002:2006;78.0
183 Ishøj;TOT Total;2011:2015 2011:2015;78.4
185 Tårnby;TOT Total;2011:2015 2011:2015;79.7
187 Vallensbæk;TOT Total;2011:2015 2011:2015;80.9
190 Furesø;TOT Total;2011:2015 2011:2015;82.1
201 Allerød;TOT Total;2011:2015 2011:2015;82.2
210 Fredensborg;TOT Total;2011:2015 2011:2015;81.4
217 Helsingør;TOT Total;2011:2015 2011:2015;80.1
219 Hillerød;TOT Total;2011:2015 2011:2015;81.0
223 Hørsholm;TOT Total;2011:2015 2011:2015;81.9
230 Rudersdal;TOT Total;2011:2015 2011:2015;82.4
240 Egedal;TOT Total;2011:2015 2011:2015;81.7
250 Frederikssund;TOT Total;2011:2015 2011:2015;79.5
253 Greve;TOT Total;2011:2015 2011:2015;80.3
259 Køge;TOT Total;2011:2015 2011:2015;80.2
260 Halsnæs;TOT Total;2011:2015 2011:2015;78.8
265 Roskilde;TOT Total;2011:2015 2011:2015;80.7
269 Solrød;TOT Total;2011:2015 2011:2015;80.7
270 Gribskov;TOT Total;2011:2015 2011:2015;80.3
306 Odsherred;TOT Total;2011:2015 2011:2015;78.9
316 Holbæk;TOT Total;2011:2015 2011:2015;79.9
320 Faxe;TOT Total;2011:2015 2011:2015;79.6
326 Kalundborg;TOT Total;2011:2015 2011:2015;79.0
329 Ringsted;TOT Total;2011:2015 2011:2015;79.9
330 Slagelse;TOT Total;2011:2015 2011:2015;78.6
336 Stevns;TOT Total;2011:2015 2011:2015;80.2
340 Sorø;TOT Total;2011:2015 2011:2015;78.9
350 Lejre;TOT Total;2011:2015 2011:2015;81.0
360 Lolland;TOT Total;2011:2015 2011:2015;77.0
370 Næstved;TOT Total;2011:2015 2011:2015;79.6
376 Guldborgsund;TOT Total;2011:2015 2011:2015;78.1
390 Vordingborg;TOT Total;2011:2015 2011:2015;78.4
400 Bornholm;TOT Total;2011:2015 2011:2015;79.4
410 Middelfart;TOT Total;2011:2015 2011:2015;80.8
420 Assens;TOT Total;2011:2015 2011:2015;80.4
430 Faaborg-Midtfyn;TOT Total;2011:2015 2011:2015;80.5
440 Kerteminde;TOT Total;2011:2015 2011:2015;80.5
450 Nyborg;TOT Total;2011:2015 2011:2015;80.4
461 Odense;TOT Total;2011:2015 2011:2015;79.7
479 Svendborg;TOT Total;2011:2015 2011:2015;80.7
480 Nordfyns;TOT Total;2011:2015 2011:2015;79.6
482 Langeland;TOT Total;2011:2015 2011:2015;79.2
492 Ærø;TOT Total;2011:2015 2011:2015;..
510 Haderslev;TOT Total;2011:2015 2011:2015;80.3
530 Billund;TOT Total;2011:2015 2011:2015;80.8
540 Sønderborg;TOT Total;2011:2015 2011:2015;80.4
550 Tønder;TOT Total;2011:2015 2011:2015;80.4
561 Esbjerg;TOT Total;2011:2015 2011:2015;79.6
563 Fanø;TOT Total;2011:2015 2011:2015;..
573 Varde;TOT Total;2011:2015 2011:2015;81.3
575 Vejen;TOT Total;2011:2015 2011:2015;80.5
580 Aabenraa;TOT Total;2011:2015 2011:2015;80.1
607 Fredericia;TOT Total;2011:2015 2011:2015;79.5
615 Horsens;TOT Total;2011:2015 2011:2015;80.3
621 Kolding;TOT Total;2011:2015 2011:2015;80.4
630 Vejle;TOT Total;2011:2015 2011:2015;80.6
657 Herning;TOT Total;2011:2015 2011:2015;81.0
661 Holstebro;TOT Total;2011:2015 2011:2015;80.8
665 Lemvig;TOT Total;2011:2015 2011:2015;80.0
671 Struer;TOT Total;2011:2015 2011:2015;80.1
706 Syddjurs;TOT Total;2011:2015 2011:2015;81.2
707 Norddjurs;TOT Total;2011:2015 2011:2015;79.2
710 Favrskov;TOT Total;2011:2015 2011:2015;81.5
727 Odder;TOT Total;2011:2015 2011:2015;81.0
730 Randers;TOT Total;2011:2015 2011:2015;79.7
740 Silkeborg;TOT Total;2011:2015 2011:2015;80.8
741 Samsø;TOT Total;2011:2015 2011:2015;..
746 Skanderborg;TOT Total;2011:2015 2011:2015;81.7
751 Aarhus;TOT Total;2011:2015 2011:2015;80.8
756 Ikast-Brande;TOT Total;2011:2015 2011:2015;80.5
760 Ringkøbing-Skjern;TOT Total;2011:2015 2011:2015;81.0
766 Hedensted;TOT Total;2011:2015 2011:2015;81.0
773 Morsø;TOT Total;2011:2015 2011:2015;79.3
779 Skive;TOT Total;2011:2015 2011:2015;80.3
787 Thisted;TOT Total;2011:2015 2011:2015;79.4
791 Viborg;TOT Total;2011:2015 2011:2015;80.9
810 Brønderslev;TOT Total;2011:2015 2011:2015;80.0
813 Frederikshavn;TOT Total;2011:2015 2011:2015;79.7
820 Vesthimmerlands;TOT Total;2011:2015 2011:2015;80.5
825 Læsø;TOT Total;2011:2015 2011:2015;..
840 Rebild;TOT Total;2011:2015 2011:2015;80.9
846 Mariagerfjord;TOT Total;2011:2015 2011:2015;80.2
849 Jammerbugt;TOT Total;2011:2015 2011:2015;80.1
851 Aalborg;TOT Total;2011:2015 2011:2015;80.2
860 Hjørring;TOT Total;2011:2015 2011:2015;80.7
000 All Denmark;TOT Total;2011:2015 2011:2015;80.1
101 Copenhagen;TOT Total;2011:2015 2011:2015;78.0
147 Frederiksberg;TOT Total;2011:2015 2011:2015;80.1
151 Ballerup;TOT Total;2011:2015 2011:2015;79.7
153 Brøndby;TOT Total;2011:2015 2011:2015;79.1
155 Dragør;TOT Total;2011:2015 2011:2015;81.3
157 Gentofte;TOT Total;2011:2015 2011:2015;82.3
159 Gladsaxe;TOT Total;2011:2015 2011:2015;79.5
161 Glostrup;TOT Total;2011:2015 2011:2015;80.0
163 Herlev;TOT Total;2011:2015 2011:2015;79.3
165 Albertslund;TOT Total;2011:2015 2011:2015;80.3
167 Hvidovre;TOT Total;2011:2015 2011:2015;79.8
169 Høje-Taastrup;TOT Total;2011:2015 2011:2015;79.5
173 Lyngby-Taarbæk;TOT Total;2011:2015 2011:2015;82.3
175 Rødovre;TOT Total;2011:2015 2011:2015;79.6
000 All Denmark;TOT Total;2019:2023 2019:2023;81.4
101 Copenhagen;TOT Total;2019:2023 2019:2023;80.4
147 Frederiksberg;TOT Total;2019:2023 2019:2023;82.3
151 Ballerup;TOT Total;2019:2023 2019:2023;80.6
153 Brøndby;TOT Total;2019:2023 2019:2023;80.0
155 Dragør;TOT Total;2019:2023 2019:2023;82.5
157 Gentofte;TOT Total;2019:2023 2019:2023;83.7
159 Gladsaxe;TOT Total;2019:2023 2019:2023;81.3
161 Glostrup;TOT Total;2019:2023 2019:2023;81.1
163 Herlev;TOT Total;2019:2023 2019:2023;80.1
165 Albertslund;TOT Total;2019:2023 2019:2023;81.4
167 Hvidovre;TOT Total;2019:2023 2019:2023;80.7
169 Høje-Taastrup;TOT Total;2019:2023 2019:2023;81.0
173 Lyngby-Taarbæk;TOT Total;2019:2023 2019:2023;83.4
175 Rødovre;TOT Total;2019:2023 2019:2023;81.0
183 Ishøj;TOT Total;2019:2023 2019:2023;79.4
185 Tårnby;TOT Total;2019:2023 2019:2023;80.9
187 Vallensbæk;TOT Total;2019:2023 2019:2023;82.2
190 Furesø;TOT Total;2019:2023 2019:2023;82.9
201 Allerød;TOT Total;2019:2023 2019:2023;83.4
210 Fredensborg;TOT Total;2019:2023 2019:2023;82.0
217 Helsingør;TOT Total;2019:2023 2019:2023;81.6
219 Hillerød;TOT Total;2019:2023 2019:2023;82.2
223 Hørsholm;TOT Total;2019:2023 2019:2023;83.1
230 Rudersdal;TOT Total;2019:2023 2019:2023;83.8
240 Egedal;TOT Total;2019:2023 2019:2023;82.8
250 Frederikssund;TOT Total;2019:2023 2019:2023;80.9
253 Greve;TOT Total;2019:2023 2019:2023;81.7
259 Køge;TOT Total;2019:2023 2019:2023;81.2
260 Halsnæs;TOT Total;2019:2023 2019:2023;80.5
265 Roskilde;TOT Total;2019:2023 2019:2023;81.7
269 Solrød;TOT Total;2019:2023 2019:2023;82.9
270 Gribskov;TOT Total;2019:2023 2019:2023;81.8
306 Odsherred;TOT Total;2019:2023 2019:2023;80.1
316 Holbæk;TOT Total;2019:2023 2019:2023;80.8
320 Faxe;TOT Total;2019:2023 2019:2023;81.2
326 Kalundborg;TOT Total;2019:2023 2019:2023;80.5
329 Ringsted;TOT Total;2019:2023 2019:2023;81.2
330 Slagelse;TOT Total;2019:2023 2019:2023;80.0
336 Stevns;TOT Total;2019:2023 2019:2023;81.0
340 Sorø;TOT Total;2019:2023 2019:2023;80.2
350 Lejre;TOT Total;2019:2023 2019:2023;82.4
360 Lolland;TOT Total;2019:2023 2019:2023;78.5
370 Næstved;TOT Total;2019:2023 2019:2023;80.5
376 Guldborgsund;TOT Total;2019:2023 2019:2023;79.0
390 Vordingborg;TOT Total;2019:2023 2019:2023;79.6
400 Bornholm;TOT Total;2019:2023 2019:2023;80.6
410 Middelfart;TOT Total;2019:2023 2019:2023;81.5
420 Assens;TOT Total;2019:2023 2019:2023;81.4
430 Faaborg-Midtfyn;TOT Total;2019:2023 2019:2023;81.4
440 Kerteminde;TOT Total;2019:2023 2019:2023;81.7
450 Nyborg;TOT Total;2019:2023 2019:2023;80.8
461 Odense;TOT Total;2019:2023 2019:2023;81.3
479 Svendborg;TOT Total;2019:2023 2019:2023;81.0
480 Nordfyns;TOT Total;2019:2023 2019:2023;80.9
482 Langeland;TOT Total;2019:2023 2019:2023;80.5
492 Ærø;TOT Total;2019:2023 2019:2023;..
510 Haderslev;TOT Total;2019:2023 2019:2023;81.8
530 Billund;TOT Total;2019:2023 2019:2023;82.1
540 Sønderborg;TOT Total;2019:2023 2019:2023;81.8
550 Tønder;TOT Total;2019:2023 2019:2023;81.0
561 Esbjerg;TOT Total;2019:2023 2019:2023;80.9
563 Fanø;TOT Total;2019:2023 2019:2023;..
573 Varde;TOT Total;2019:2023 2019:2023;82.1
575 Vejen;TOT Total;2019:2023 2019:2023;81.8
580 Aabenraa;TOT Total;2019:2023 2019:2023;81.5
607 Fredericia;TOT Total;2019:2023 2019:2023;81.0
615 Horsens;TOT Total;2019:2023 2019:2023;81.4
621 Kolding;TOT Total;2019:2023 2019:2023;81.8
630 Vejle;TOT Total;2019:2023 2019:2023;81.8
657 Herning;TOT Total;2019:2023 2019:2023;81.7
661 Holstebro;TOT Total;2019:2023 2019:2023;82.0
665 Lemvig;TOT Total;2019:2023 2019:2023;81.8
671 Struer;TOT Total;2019:2023 2019:2023;81.4
706 Syddjurs;TOT Total;2019:2023 2019:2023;82.2
707 Norddjurs;TOT Total;2019:2023 2019:2023;81.0
710 Favrskov;TOT Total;2019:2023 2019:2023;82.1
727 Odder;TOT Total;2019:2023 2019:2023;83.4
730 Randers;TOT Total;2019:2023 2019:2023;80.6
740 Silkeborg;TOT Total;2019:2023 2019:2023;82.2
741 Samsø;TOT Total;2019:2023 2019:2023;..
746 Skanderborg;TOT Total;2019:2023 2019:2023;83.0
751 Aarhus;TOT Total;2019:2023 2019:2023;82.1
756 Ikast-Brande;TOT Total;2019:2023 2019:2023;81.5
760 Ringkøbing-Skjern;TOT Total;2019:2023 2019:2023;81.8
766 Hedensted;TOT Total;2019:2023 2019:2023;81.9
773 Morsø;TOT Total;2019:2023 2019:2023;80.7
779 Skive;TOT Total;2019:2023 2019:2023;80.9
787 Thisted;TOT Total;2019:2023 2019:2023;80.5
791 Viborg;TOT Total;2019:2023 2019:2023;82.0
810 Brønderslev;TOT Total;2019:2023 2019:2023;81.1
813 Frederikshavn;TOT Total;2019:2023 2019:2023;80.7
820 Vesthimmerlands;TOT Total;2019:2023 2019:2023;80.9
825 Læsø;TOT Total;2019:2023 2019:2023;..
840 Rebild;TOT Total;2019:2023 2019:2023;81.9
846 Mariagerfjord;TOT Total;2019:2023 2019:2023;81.7
849 Jammerbugt;TOT Total;2019:2023 2019:2023;81.1
851 Aalborg;TOT Total;2019:2023 2019:2023;81.1
860 Hjørring;TOT Total;2019:2023 2019:2023;81.3
000 All Denmark;TOT Total;2018:2022 2018:2022;81.3
101 Copenhagen;TOT Total;2018:2022 2018:2022;80.2
147 Frederiksberg;TOT Total;2018:2022 2018:2022;82.0
151 Ballerup;TOT Total;2018:2022 2018:2022;80.4
153 Brøndby;TOT Total;2018:2022 2018:2022;79.8
155 Dragør;TOT Total;2018:2022 2018:2022;82.3
157 Gentofte;TOT Total;2018:2022 2018:2022;83.8
159 Gladsaxe;TOT Total;2018:2022 2018:2022;81.2
161 Glostrup;TOT Total;2018:2022 2018:2022;80.9
163 Herlev;TOT Total;2018:2022 2018:2022;80.0
165 Albertslund;TOT Total;2018:2022 2018:2022;81.3
167 Hvidovre;TOT Total;2018:2022 2018:2022;80.6
169 Høje-Taastrup;TOT Total;2018:2022 2018:2022;80.9
173 Lyngby-Taarbæk;TOT Total;2018:2022 2018:2022;83.1
175 Rødovre;TOT Total;2018:2022 2018:2022;81.0
183 Ishøj;TOT Total;2018:2022 2018:2022;79.8
185 Tårnby;TOT Total;2018:2022 2018:2022;80.6
187 Vallensbæk;TOT Total;2018:2022 2018:2022;81.7
190 Furesø;TOT Total;2018:2022 2018:2022;83.1
201 Allerød;TOT Total;2018:2022 2018:2022;83.2
210 Fredensborg;TOT Total;2018:2022 2018:2022;81.8
217 Helsingør;TOT Total;2018:2022 2018:2022;81.7
219 Hillerød;TOT Total;2018:2022 2018:2022;82.2
223 Hørsholm;TOT Total;2018:2022 2018:2022;83.2
230 Rudersdal;TOT Total;2018:2022 2018:2022;83.6
240 Egedal;TOT Total;2018:2022 2018:2022;82.4
250 Frederikssund;TOT Total;2018:2022 2018:2022;80.8
253 Greve;TOT Total;2018:2022 2018:2022;81.6
259 Køge;TOT Total;2018:2022 2018:2022;81.2
260 Halsnæs;TOT Total;2018:2022 2018:2022;80.5
265 Roskilde;TOT Total;2018:2022 2018:2022;81.7
269 Solrød;TOT Total;2018:2022 2018:2022;82.7
270 Gribskov;TOT Total;2018:2022 2018:2022;81.7
306 Odsherred;TOT Total;2018:2022 2018:2022;80.4
316 Holbæk;TOT Total;2018:2022 2018:2022;80.5
320 Faxe;TOT Total;2018:2022 2018:2022;81.0
326 Kalundborg;TOT Total;2018:2022 2018:2022;80.6
329 Ringsted;TOT Total;2018:2022 2018:2022;80.8
330 Slagelse;TOT Total;2018:2022 2018:2022;80.0
336 Stevns;TOT Total;2018:2022 2018:2022;81.0
340 Sorø;TOT Total;2018:2022 2018:2022;80.2
350 Lejre;TOT Total;2018:2022 2018:2022;82.4
360 Lolland;TOT Total;2018:2022 2018:2022;78.6
370 Næstved;TOT Total;2018:2022 2018:2022;80.5
376 Guldborgsund;TOT Total;2018:2022 2018:2022;78.9
390 Vordingborg;TOT Total;2018:2022 2018:2022;79.4
400 Bornholm;TOT Total;2018:2022 2018:2022;80.0
410 Middelfart;TOT Total;2018:2022 2018:2022;81.1
420 Assens;TOT Total;2018:2022 2018:2022;81.2
430 Faaborg-Midtfyn;TOT Total;2018:2022 2018:2022;81.5
440 Kerteminde;TOT Total;2018:2022 2018:2022;81.7
450 Nyborg;TOT Total;2018:2022 2018:2022;80.7
461 Odense;TOT Total;2018:2022 2018:2022;81.2
479 Svendborg;TOT Total;2018:2022 2018:2022;81.1
480 Nordfyns;TOT Total;2018:2022 2018:2022;80.8
482 Langeland;TOT Total;2018:2022 2018:2022;80.6
492 Ærø;TOT Total;2018:2022 2018:2022;..
510 Haderslev;TOT Total;2018:2022 2018:2022;81.5
530 Billund;TOT Total;2018:2022 2018:2022;81.8
540 Sønderborg;TOT Total;2018:2022 2018:2022;81.9
550 Tønder;TOT Total;2018:2022 2018:2022;81.1
561 Esbjerg;TOT Total;2018:2022 2018:2022;80.7
563 Fanø;TOT Total;2018:2022 2018:2022;..
573 Varde;TOT Total;2018:2022 2018:2022;81.7
575 Vejen;TOT Total;2018:2022 2018:2022;81.8
580 Aabenraa;TOT Total;2018:2022 2018:2022;81.4
607 Fredericia;TOT Total;2018:2022 2018:2022;81.0
615 Horsens;TOT Total;2018:2022 2018:2022;81.2
621 Kolding;TOT Total;2018:2022 2018:2022;81.9
630 Vejle;TOT Total;2018:2022 2018:2022;81.7
657 Herning;TOT Total;2018:2022 2018:2022;81.7
661 Holstebro;TOT Total;2018:2022 2018:2022;82.2
665 Lemvig;TOT Total;2018:2022 2018:2022;81.1
671 Struer;TOT Total;2018:2022 2018:2022;81.3
706 Syddjurs;TOT Total;2018:2022 2018:2022;82.1
707 Norddjurs;TOT Total;2018:2022 2018:2022;80.7
710 Favrskov;TOT Total;2018:2022 2018:2022;81.9
727 Odder;TOT Total;2018:2022 2018:2022;83.2
730 Randers;TOT Total;2018:2022 2018:2022;80.6
740 Silkeborg;TOT Total;2018:2022 2018:2022;82.1
741 Samsø;TOT Total;2018:2022 2018:2022;..
746 Skanderborg;TOT Total;2018:2022 2018:2022;82.6
751 Aarhus;TOT Total;2018:2022 2018:2022;82.0
756 Ikast-Brande;TOT Total;2018:2022 2018:2022;81.3
760 Ringkøbing-Skjern;TOT Total;2018:2022 2018:2022;81.8
766 Hedensted;TOT Total;2018:2022 2018:2022;81.9
773 Morsø;TOT Total;2018:2022 2018:2022;80.2
779 Skive;TOT Total;2018:2022 2018:2022;81.1
787 Thisted;TOT Total;2018:2022 2018:2022;80.5
791 Viborg;TOT Total;2018:2022 2018:2022;81.8
810 Brønderslev;TOT Total;2018:2022 2018:2022;81.1
813 Frederikshavn;TOT Total;2018:2022 2018:2022;80.8
820 Vesthimmerlands;TOT Total;2018:2022 2018:2022;80.8
825 Læsø;TOT Total;2018:2022 2018:2022;..
840 Rebild;TOT Total;2018:2022 2018:2022;81.7
846 Mariagerfjord;TOT Total;2018:2022 2018:2022;81.6
849 Jammerbugt;TOT Total;2018:2022 2018:2022;81.1
851 Aalborg;TOT Total;2018:2022 2018:2022;81.1
860 Hjørring;TOT Total;2018:2022 2018:2022;81.2
000 All Denmark;TOT Total;2008:2012 2008:2012;79.1
101 Copenhagen;TOT Total;2008:2012 2008:2012;76.9
147 Frederiksberg;TOT Total;2008:2012 2008:2012;79.0
151 Ballerup;TOT Total;2008:2012 2008:2012;78.5
153 Brøndby;TOT Total;2008:2012 2008:2012;78.0
155 Dragør;TOT Total;2008:2012 2008:2012;80.4
157 Gentofte;TOT Total;2008:2012 2008:2012;81.3
159 Gladsaxe;TOT Total;2008:2012 2008:2012;78.3
161 Glostrup;TOT Total;2008:2012 2008:2012;79.2
163 Herlev;TOT Total;2008:2012 2008:2012;77.9
165 Albertslund;TOT Total;2008:2012 2008:2012;79.2
167 Hvidovre;TOT Total;2008:2012 2008:2012;78.6
169 Høje-Taastrup;TOT Total;2008:2012 2008:2012;78.1
173 Lyngby-Taarbæk;TOT Total;2008:2012 2008:2012;81.3
175 Rødovre;TOT Total;2008:2012 2008:2012;78.6
183 Ishøj;TOT Total;2008:2012 2008:2012;77.5
185 Tårnby;TOT Total;2008:2012 2008:2012;78.6
187 Vallensbæk;TOT Total;2008:2012 2008:2012;79.8
190 Furesø;TOT Total;2008:2012 2008:2012;81.1
201 Allerød;TOT Total;2008:2012 2008:2012;81.4
210 Fredensborg;TOT Total;2008:2012 2008:2012;79.4
217 Helsingør;TOT Total;2008:2012 2008:2012;79.1
219 Hillerød;TOT Total;2008:2012 2008:2012;80.1
223 Hørsholm;TOT Total;2008:2012 2008:2012;81.6
230 Rudersdal;TOT Total;2008:2012 2008:2012;81.2
240 Egedal;TOT Total;2008:2012 2008:2012;80.6
250 Frederikssund;TOT Total;2008:2012 2008:2012;79.0
253 Greve;TOT Total;2008:2012 2008:2012;79.2
259 Køge;TOT Total;2008:2012 2008:2012;79.0
260 Halsnæs;TOT Total;2008:2012 2008:2012;78.6
265 Roskilde;TOT Total;2008:2012 2008:2012;79.7
269 Solrød;TOT Total;2008:2012 2008:2012;80.0
270 Gribskov;TOT Total;2008:2012 2008:2012;79.2
306 Odsherred;TOT Total;2008:2012 2008:2012;77.6
316 Holbæk;TOT Total;2008:2012 2008:2012;78.8
320 Faxe;TOT Total;2008:2012 2008:2012;78.8
326 Kalundborg;TOT Total;2008:2012 2008:2012;77.6
329 Ringsted;TOT Total;2008:2012 2008:2012;78.7
330 Slagelse;TOT Total;2008:2012 2008:2012;77.9
336 Stevns;TOT Total;2008:2012 2008:2012;79.1
340 Sorø;TOT Total;2008:2012 2008:2012;78.3
350 Lejre;TOT Total;2008:2012 2008:2012;80.5
360 Lolland;TOT Total;2008:2012 2008:2012;76.0
370 Næstved;TOT Total;2008:2012 2008:2012;78.3
376 Guldborgsund;TOT Total;2008:2012 2008:2012;77.0
390 Vordingborg;TOT Total;2008:2012 2008:2012;77.6
400 Bornholm;TOT Total;2008:2012 2008:2012;79.2
410 Middelfart;TOT Total;2008:2012 2008:2012;79.7
420 Assens;TOT Total;2008:2012 2008:2012;79.4
430 Faaborg-Midtfyn;TOT Total;2008:2012 2008:2012;79.6
440 Kerteminde;TOT Total;2008:2012 2008:2012;79.0
450 Nyborg;TOT Total;2008:2012 2008:2012;78.7
461 Odense;TOT Total;2008:2012 2008:2012;78.6
479 Svendborg;TOT Total;2008:2012 2008:2012;79.7
480 Nordfyns;TOT Total;2008:2012 2008:2012;78.8
482 Langeland;TOT Total;2008:2012 2008:2012;78.6
492 Ærø;TOT Total;2008:2012 2008:2012;..
510 Haderslev;TOT Total;2008:2012 2008:2012;79.1
530 Billund;TOT Total;2008:2012 2008:2012;80.0
540 Sønderborg;TOT Total;2008:2012 2008:2012;79.4
550 Tønder;TOT Total;2008:2012 2008:2012;79.2
561 Esbjerg;TOT Total;2008:2012 2008:2012;78.8
563 Fanø;TOT Total;2008:2012 2008:2012;..
573 Varde;TOT Total;2008:2012 2008:2012;79.9
575 Vejen;TOT Total;2008:2012 2008:2012;79.6
580 Aabenraa;TOT Total;2008:2012 2008:2012;79.1
607 Fredericia;TOT Total;2008:2012 2008:2012;78.7
615 Horsens;TOT Total;2008:2012 2008:2012;79.6
621 Kolding;TOT Total;2008:2012 2008:2012;79.7
630 Vejle;TOT Total;2008:2012 2008:2012;79.6
657 Herning;TOT Total;2008:2012 2008:2012;80.2
661 Holstebro;TOT Total;2008:2012 2008:2012;79.6
665 Lemvig;TOT Total;2008:2012 2008:2012;79.3
671 Struer;TOT Total;2008:2012 2008:2012;78.7
706 Syddjurs;TOT Total;2008:2012 2008:2012;80.2
707 Norddjurs;TOT Total;2008:2012 2008:2012;78.4
710 Favrskov;TOT Total;2008:2012 2008:2012;80.7
727 Odder;TOT Total;2008:2012 2008:2012;80.6
730 Randers;TOT Total;2008:2012 2008:2012;79.0
740 Silkeborg;TOT Total;2008:2012 2008:2012;79.8
741 Samsø;TOT Total;2008:2012 2008:2012;..
746 Skanderborg;TOT Total;2008:2012 2008:2012;80.5
751 Aarhus;TOT Total;2008:2012 2008:2012;79.9
756 Ikast-Brande;TOT Total;2008:2012 2008:2012;79.5
760 Ringkøbing-Skjern;TOT Total;2008:2012 2008:2012;80.0
766 Hedensted;TOT Total;2008:2012 2008:2012;80.2
773 Morsø;TOT Total;2008:2012 2008:2012;78.2
779 Skive;TOT Total;2008:2012 2008:2012;79.8
787 Thisted;TOT Total;2008:2012 2008:2012;78.8
791 Viborg;TOT Total;2008:2012 2008:2012;80.0
810 Brønderslev;TOT Total;2008:2012 2008:2012;79.3
813 Frederikshavn;TOT Total;2008:2012 2008:2012;78.5
820 Vesthimmerlands;TOT Total;2008:2012 2008:2012;79.4
825 Læsø;TOT Total;2008:2012 2008:2012;..
840 Rebild;TOT Total;2008:2012 2008:2012;79.8
846 Mariagerfjord;TOT Total;2008:2012 2008:2012;79.1
849 Jammerbugt;TOT Total;2008:2012 2008:2012;79.5
851 Aalborg;TOT Total;2008:2012 2008:2012;79.2
860 Hjørring;TOT Total;2008:2012 2008:2012;79.4
000 All Denmark;TOT Total;2010:2014 2010:2014;79.8
101 Copenhagen;TOT Total;2010:2014 2010:2014;77.6
147 Frederiksberg;TOT Total;2010:2014 2010:2014;79.6
151 Ballerup;TOT Total;2010:2014 2010:2014;79.3
153 Brøndby;TOT Total;2010:2014 2010:2014;78.8
155 Dragør;TOT Total;2010:2014 2010:2014;80.9
157 Gentofte;TOT Total;2010:2014 2010:2014;82.0
159 Gladsaxe;TOT Total;2010:2014 2010:2014;79.2
161 Glostrup;TOT Total;2010:2014 2010:2014;79.9
163 Herlev;TOT Total;2010:2014 2010:2014;78.6
165 Albertslund;TOT Total;2010:2014 2010:2014;79.9
167 Hvidovre;TOT Total;2010:2014 2010:2014;79.2
169 Høje-Taastrup;TOT Total;2010:2014 2010:2014;78.9
173 Lyngby-Taarbæk;TOT Total;2010:2014 2010:2014;82.1
000 All Denmark;TOT Total;2017:2021 2017:2021;81.3
101 Copenhagen;TOT Total;2017:2021 2017:2021;80.0
147 Frederiksberg;TOT Total;2017:2021 2017:2021;81.7
151 Ballerup;TOT Total;2017:2021 2017:2021;80.5
153 Brøndby;TOT Total;2017:2021 2017:2021;79.8
155 Dragør;TOT Total;2017:2021 2017:2021;81.9
157 Gentofte;TOT Total;2017:2021 2017:2021;83.6
159 Gladsaxe;TOT Total;2017:2021 2017:2021;80.9
161 Glostrup;TOT Total;2017:2021 2017:2021;81.1
163 Herlev;TOT Total;2017:2021 2017:2021;79.8
165 Albertslund;TOT Total;2017:2021 2017:2021;81.4
167 Hvidovre;TOT Total;2017:2021 2017:2021;80.7
169 Høje-Taastrup;TOT Total;2017:2021 2017:2021;80.8
173 Lyngby-Taarbæk;TOT Total;2017:2021 2017:2021;82.8
175 Rødovre;TOT Total;2017:2021 2017:2021;81.1
183 Ishøj;TOT Total;2017:2021 2017:2021;80.1
185 Tårnby;TOT Total;2017:2021 2017:2021;80.4
187 Vallensbæk;TOT Total;2017:2021 2017:2021;81.6
190 Furesø;TOT Total;2017:2021 2017:2021;83.1
201 Allerød;TOT Total;2017:2021 2017:2021;83.5
210 Fredensborg;TOT Total;2017:2021 2017:2021;82.1
217 Helsingør;TOT Total;2017:2021 2017:2021;81.5
219 Hillerød;TOT Total;2017:2021 2017:2021;82.0
223 Hørsholm;TOT Total;2017:2021 2017:2021;83.5
230 Rudersdal;TOT Total;2017:2021 2017:2021;83.7
240 Egedal;TOT Total;2017:2021 2017:2021;82.3
250 Frederikssund;TOT Total;2017:2021 2017:2021;81.1
253 Greve;TOT Total;2017:2021 2017:2021;81.7
259 Køge;TOT Total;2017:2021 2017:2021;81.1
260 Halsnæs;TOT Total;2017:2021 2017:2021;80.7
265 Roskilde;TOT Total;2017:2021 2017:2021;81.5
269 Solrød;TOT Total;2017:2021 2017:2021;82.7
270 Gribskov;TOT Total;2017:2021 2017:2021;81.6
306 Odsherred;TOT Total;2017:2021 2017:2021;80.1
316 Holbæk;TOT Total;2017:2021 2017:2021;80.5
320 Faxe;TOT Total;2017:2021 2017:2021;80.8
326 Kalundborg;TOT Total;2017:2021 2017:2021;80.4
329 Ringsted;TOT Total;2017:2021 2017:2021;80.8
330 Slagelse;TOT Total;2017:2021 2017:2021;79.9
336 Stevns;TOT Total;2017:2021 2017:2021;80.8
340 Sorø;TOT Total;2017:2021 2017:2021;80.3
350 Lejre;TOT Total;2017:2021 2017:2021;82.3
360 Lolland;TOT Total;2017:2021 2017:2021;78.5
370 Næstved;TOT Total;2017:2021 2017:2021;80.5
376 Guldborgsund;TOT Total;2017:2021 2017:2021;78.9
390 Vordingborg;TOT Total;2017:2021 2017:2021;79.4
400 Bornholm;TOT Total;2017:2021 2017:2021;79.7
410 Middelfart;TOT Total;2017:2021 2017:2021;81.0
420 Assens;TOT Total;2017:2021 2017:2021;81.3
430 Faaborg-Midtfyn;TOT Total;2017:2021 2017:2021;81.4
440 Kerteminde;TOT Total;2017:2021 2017:2021;81.7
450 Nyborg;TOT Total;2017:2021 2017:2021;80.6
461 Odense;TOT Total;2017:2021 2017:2021;81.2
479 Svendborg;TOT Total;2017:2021 2017:2021;81.2
480 Nordfyns;TOT Total;2017:2021 2017:2021;81.3
482 Langeland;TOT Total;2017:2021 2017:2021;80.0
492 Ærø;TOT Total;2017:2021 2017:2021;..
510 Haderslev;TOT Total;2017:2021 2017:2021;81.7
530 Billund;TOT Total;2017:2021 2017:2021;81.7
540 Sønderborg;TOT Total;2017:2021 2017:2021;82.0
550 Tønder;TOT Total;2017:2021 2017:2021;80.8
561 Esbjerg;TOT Total;2017:2021 2017:2021;80.8
563 Fanø;TOT Total;2017:2021 2017:2021;..
573 Varde;TOT Total;2017:2021 2017:2021;81.8
575 Vejen;TOT Total;2017:2021 2017:2021;81.7
580 Aabenraa;TOT Total;2017:2021 2017:2021;81.0
607 Fredericia;TOT Total;2017:2021 2017:2021;81.3
615 Horsens;TOT Total;2017:2021 2017:2021;81.1
621 Kolding;TOT Total;2017:2021 2017:2021;81.7
630 Vejle;TOT Total;2017:2021 2017:2021;81.5
657 Herning;TOT Total;2017:2021 2017:2021;81.7
661 Holstebro;TOT Total;2017:2021 2017:2021;82.1
665 Lemvig;TOT Total;2017:2021 2017:2021;81.3
671 Struer;TOT Total;2017:2021 2017:2021;81.5
706 Syddjurs;TOT Total;2017:2021 2017:2021;81.6
707 Norddjurs;TOT Total;2017:2021 2017:2021;80.3
710 Favrskov;TOT Total;2017:2021 2017:2021;81.9
727 Odder;TOT Total;2017:2021 2017:2021;83.1
730 Randers;TOT Total;2017:2021 2017:2021;80.5
740 Silkeborg;TOT Total;2017:2021 2017:2021;81.9
741 Samsø;TOT Total;2017:2021 2017:2021;..
746 Skanderborg;TOT Total;2017:2021 2017:2021;82.6
751 Aarhus;TOT Total;2017:2021 2017:2021;81.8
756 Ikast-Brande;TOT Total;2017:2021 2017:2021;81.4
760 Ringkøbing-Skjern;TOT Total;2017:2021 2017:2021;81.9
766 Hedensted;TOT Total;2017:2021 2017:2021;82.0
773 Morsø;TOT Total;2017:2021 2017:2021;80.1
779 Skive;TOT Total;2017:2021 2017:2021;81.4
787 Thisted;TOT Total;2017:2021 2017:2021;80.3
791 Viborg;TOT Total;2017:2021 2017:2021;82.0
810 Brønderslev;TOT Total;2017:2021 2017:2021;81.2
813 Frederikshavn;TOT Total;2017:2021 2017:2021;80.7
820 Vesthimmerlands;TOT Total;2017:2021 2017:2021;80.9
825 Læsø;TOT Total;2017:2021 2017:2021;..
840 Rebild;TOT Total;2017:2021 2017:2021;81.4
846 Mariagerfjord;TOT Total;2017:2021 2017:2021;81.2
849 Jammerbugt;TOT Total;2017:2021 2017:2021;81.2
851 Aalborg;TOT Total;2017:2021 2017:2021;81.1
860 Hjørring;TOT Total;2017:2021 2017:2021;81.5
000 All Denmark;TOT Total;2013:2017 2013:2017;80.6
101 Copenhagen;TOT Total;2013:2017 2013:2017;78.6
147 Frederiksberg;TOT Total;2013:2017 2013:2017;80.9
151 Ballerup;TOT Total;2013:2017 2013:2017;80.2
153 Brøndby;TOT Total;2013:2017 2013:2017;79.5
155 Dragør;TOT Total;2013:2017 2013:2017;81.5
157 Gentofte;TOT Total;2013:2017 2013:2017;83.1
159 Gladsaxe;TOT Total;2013:2017 2013:2017;80.0
161 Glostrup;TOT Total;2013:2017 2013:2017;80.4
163 Herlev;TOT Total;2013:2017 2013:2017;79.7
165 Albertslund;TOT Total;2013:2017 2013:2017;80.5
167 Hvidovre;TOT Total;2013:2017 2013:2017;80.5
169 Høje-Taastrup;TOT Total;2013:2017 2013:2017;80.1
173 Lyngby-Taarbæk;TOT Total;2013:2017 2013:2017;82.2
175 Rødovre;TOT Total;2013:2017 2013:2017;80.0
183 Ishøj;TOT Total;2013:2017 2013:2017;79.5
185 Tårnby;TOT Total;2013:2017 2013:2017;80.0
187 Vallensbæk;TOT Total;2013:2017 2013:2017;81.4
190 Furesø;TOT Total;2013:2017 2013:2017;82.4
201 Allerød;TOT Total;2013:2017 2013:2017;82.8
210 Fredensborg;TOT Total;2013:2017 2013:2017;81.8
217 Helsingør;TOT Total;2013:2017 2013:2017;80.4
219 Hillerød;TOT Total;2013:2017 2013:2017;81.5
223 Hørsholm;TOT Total;2013:2017 2013:2017;82.6
230 Rudersdal;TOT Total;2013:2017 2013:2017;83.1
240 Egedal;TOT Total;2013:2017 2013:2017;81.9
250 Frederikssund;TOT Total;2013:2017 2013:2017;80.1
253 Greve;TOT Total;2013:2017 2013:2017;81.1
259 Køge;TOT Total;2013:2017 2013:2017;80.7
260 Halsnæs;TOT Total;2013:2017 2013:2017;78.9
265 Roskilde;TOT Total;2013:2017 2013:2017;81.0
269 Solrød;TOT Total;2013:2017 2013:2017;81.7
270 Gribskov;TOT Total;2013:2017 2013:2017;80.6
306 Odsherred;TOT Total;2013:2017 2013:2017;79.2
316 Holbæk;TOT Total;2013:2017 2013:2017;80.5
320 Faxe;TOT Total;2013:2017 2013:2017;79.8
326 Kalundborg;TOT Total;2013:2017 2013:2017;79.9
329 Ringsted;TOT Total;2013:2017 2013:2017;80.1
330 Slagelse;TOT Total;2013:2017 2013:2017;79.2
336 Stevns;TOT Total;2013:2017 2013:2017;80.6
340 Sorø;TOT Total;2013:2017 2013:2017;79.3
350 Lejre;TOT Total;2013:2017 2013:2017;81.8
360 Lolland;TOT Total;2013:2017 2013:2017;77.4
370 Næstved;TOT Total;2013:2017 2013:2017;79.8
376 Guldborgsund;TOT Total;2013:2017 2013:2017;78.9
390 Vordingborg;TOT Total;2013:2017 2013:2017;78.7
400 Bornholm;TOT Total;2013:2017 2013:2017;79.5
410 Middelfart;TOT Total;2013:2017 2013:2017;80.7
420 Assens;TOT Total;2013:2017 2013:2017;80.8
430 Faaborg-Midtfyn;TOT Total;2013:2017 2013:2017;80.7
440 Kerteminde;TOT Total;2013:2017 2013:2017;81.4
450 Nyborg;TOT Total;2013:2017 2013:2017;80.6
461 Odense;TOT Total;2013:2017 2013:2017;80.6
479 Svendborg;TOT Total;2013:2017 2013:2017;80.9
480 Nordfyns;TOT Total;2013:2017 2013:2017;80.6
482 Langeland;TOT Total;2013:2017 2013:2017;79.8
492 Ærø;TOT Total;2013:2017 2013:2017;..
510 Haderslev;TOT Total;2013:2017 2013:2017;81.2
530 Billund;TOT Total;2013:2017 2013:2017;80.9
540 Sønderborg;TOT Total;2013:2017 2013:2017;81.0
550 Tønder;TOT Total;2013:2017 2013:2017;80.4
561 Esbjerg;TOT Total;2013:2017 2013:2017;80.2
563 Fanø;TOT Total;2013:2017 2013:2017;..
573 Varde;TOT Total;2013:2017 2013:2017;81.8
575 Vejen;TOT Total;2013:2017 2013:2017;81.1
580 Aabenraa;TOT Total;2013:2017 2013:2017;80.4
607 Fredericia;TOT Total;2013:2017 2013:2017;80.3
615 Horsens;TOT Total;2013:2017 2013:2017;81.0
621 Kolding;TOT Total;2013:2017 2013:2017;80.7
630 Vejle;TOT Total;2013:2017 2013:2017;80.8
657 Herning;TOT Total;2013:2017 2013:2017;81.1
661 Holstebro;TOT Total;2013:2017 2013:2017;81.1
665 Lemvig;TOT Total;2013:2017 2013:2017;80.5
671 Struer;TOT Total;2013:2017 2013:2017;81.1
706 Syddjurs;TOT Total;2013:2017 2013:2017;81.3
707 Norddjurs;TOT Total;2013:2017 2013:2017;79.5
710 Favrskov;TOT Total;2013:2017 2013:2017;81.7
727 Odder;TOT Total;2013:2017 2013:2017;81.6
730 Randers;TOT Total;2013:2017 2013:2017;79.8
740 Silkeborg;TOT Total;2013:2017 2013:2017;81.3
741 Samsø;TOT Total;2013:2017 2013:2017;..
746 Skanderborg;TOT Total;2013:2017 2013:2017;82.1
751 Aarhus;TOT Total;2013:2017 2013:2017;81.2
756 Ikast-Brande;TOT Total;2013:2017 2013:2017;81.2
760 Ringkøbing-Skjern;TOT Total;2013:2017 2013:2017;81.2
766 Hedensted;TOT Total;2013:2017 2013:2017;81.3
773 Morsø;TOT Total;2013:2017 2013:2017;79.8
779 Skive;TOT Total;2013:2017 2013:2017;80.7
787 Thisted;TOT Total;2013:2017 2013:2017;79.8
791 Viborg;TOT Total;2013:2017 2013:2017;81.5
810 Brønderslev;TOT Total;2013:2017 2013:2017;80.6
813 Frederikshavn;TOT Total;2013:2017 2013:2017;80.0
820 Vesthimmerlands;TOT Total;2013:2017 2013:2017;80.6
825 Læsø;TOT Total;2013:2017 2013:2017;..
840 Rebild;TOT Total;2013:2017 2013:2017;80.8
846 Mariagerfjord;TOT Total;2013:2017 2013:2017;80.1
849 Jammerbugt;TOT Total;2013:2017 2013:2017;80.7
851 Aalborg;TOT Total;2013:2017 2013:2017;80.5
860 Hjørring;TOT Total;2013:2017 2013:2017;81.2
000 All Denmark;TOT Total;2007:2011 2007:2011;78.8
101 Copenhagen;TOT Total;2007:2011 2007:2011;76.5
147 Frederiksberg;TOT Total;2007:2011 2007:2011;78.7
151 Ballerup;TOT Total;2007:2011 2007:2011;78.3
153 Brøndby;TOT Total;2007:2011 2007:2011;77.7
155 Dragør;TOT Total;2007:2011 2007:2011;80.2
157 Gentofte;TOT Total;2007:2011 2007:2011;81.0
159 Gladsaxe;TOT Total;2007:2011 2007:2011;78.0
161 Glostrup;TOT Total;2007:2011 2007:2011;78.7
163 Herlev;TOT Total;2007:2011 2007:2011;77.2
165 Albertslund;TOT Total;2007:2011 2007:2011;78.7
167 Hvidovre;TOT Total;2007:2011 2007:2011;78.3
169 Høje-Taastrup;TOT Total;2007:2011 2007:2011;77.8
173 Lyngby-Taarbæk;TOT Total;2007:2011 2007:2011;81.0
175 Rødovre;TOT Total;2007:2011 2007:2011;78.4
183 Ishøj;TOT Total;2007:2011 2007:2011;77.1
185 Tårnby;TOT Total;2007:2011 2007:2011;78.6
187 Vallensbæk;TOT Total;2007:2011 2007:2011;79.5
190 Furesø;TOT Total;2007:2011 2007:2011;80.5
201 Allerød;TOT Total;2007:2011 2007:2011;81.2
210 Fredensborg;TOT Total;2007:2011 2007:2011;79.0
217 Helsingør;TOT Total;2007:2011 2007:2011;78.6
219 Hillerød;TOT Total;2007:2011 2007:2011;79.7
223 Hørsholm;TOT Total;2007:2011 2007:2011;81.2
230 Rudersdal;TOT Total;2007:2011 2007:2011;80.8
240 Egedal;TOT Total;2007:2011 2007:2011;80.1
250 Frederikssund;TOT Total;2007:2011 2007:2011;78.9
253 Greve;TOT Total;2007:2011 2007:2011;78.8
259 Køge;TOT Total;2007:2011 2007:2011;78.8
260 Halsnæs;TOT Total;2007:2011 2007:2011;78.1
265 Roskilde;TOT Total;2007:2011 2007:2011;79.3
269 Solrød;TOT Total;2007:2011 2007:2011;80.2
270 Gribskov;TOT Total;2007:2011 2007:2011;78.9
306 Odsherred;TOT Total;2007:2011 2007:2011;77.1
316 Holbæk;TOT Total;2007:2011 2007:2011;78.6
320 Faxe;TOT Total;2007:2011 2007:2011;78.2
326 Kalundborg;TOT Total;2007:2011 2007:2011;77.6
329 Ringsted;TOT Total;2007:2011 2007:2011;78.7
330 Slagelse;TOT Total;2007:2011 2007:2011;77.6
336 Stevns;TOT Total;2007:2011 2007:2011;78.8
340 Sorø;TOT Total;2007:2011 2007:2011;77.8
350 Lejre;TOT Total;2007:2011 2007:2011;80.0
360 Lolland;TOT Total;2007:2011 2007:2011;75.8
370 Næstved;TOT Total;2007:2011 2007:2011;77.8
376 Guldborgsund;TOT Total;2007:2011 2007:2011;76.9
390 Vordingborg;TOT Total;2007:2011 2007:2011;77.0
400 Bornholm;TOT Total;2007:2011 2007:2011;79.0
410 Middelfart;TOT Total;2007:2011 2007:2011;79.2
420 Assens;TOT Total;2007:2011 2007:2011;78.9
430 Faaborg-Midtfyn;TOT Total;2007:2011 2007:2011;79.3
440 Kerteminde;TOT Total;2007:2011 2007:2011;78.9
450 Nyborg;TOT Total;2007:2011 2007:2011;78.2
461 Odense;TOT Total;2007:2011 2007:2011;78.5
479 Svendborg;TOT Total;2007:2011 2007:2011;79.1
480 Nordfyns;TOT Total;2007:2011 2007:2011;78.8
482 Langeland;TOT Total;2007:2011 2007:2011;78.3
492 Ærø;TOT Total;2007:2011 2007:2011;..
510 Haderslev;TOT Total;2007:2011 2007:2011;78.7
530 Billund;TOT Total;2007:2011 2007:2011;79.7
540 Sønderborg;TOT Total;2007:2011 2007:2011;79.3
550 Tønder;TOT Total;2007:2011 2007:2011;78.7
561 Esbjerg;TOT Total;2007:2011 2007:2011;78.5
563 Fanø;TOT Total;2007:2011 2007:2011;..
573 Varde;TOT Total;2007:2011 2007:2011;79.7
575 Vejen;TOT Total;2007:2011 2007:2011;79.4
580 Aabenraa;TOT Total;2007:2011 2007:2011;78.8
607 Fredericia;TOT Total;2007:2011 2007:2011;78.3
615 Horsens;TOT Total;2007:2011 2007:2011;79.1
621 Kolding;TOT Total;2007:2011 2007:2011;79.5
630 Vejle;TOT Total;2007:2011 2007:2011;79.3
657 Herning;TOT Total;2007:2011 2007:2011;79.6
661 Holstebro;TOT Total;2007:2011 2007:2011;79.1
665 Lemvig;TOT Total;2007:2011 2007:2011;78.6
671 Struer;TOT Total;2007:2011 2007:2011;78.4
706 Syddjurs;TOT Total;2007:2011 2007:2011;79.6
707 Norddjurs;TOT Total;2007:2011 2007:2011;77.8
710 Favrskov;TOT Total;2007:2011 2007:2011;80.4
727 Odder;TOT Total;2007:2011 2007:2011;80.1
730 Randers;TOT Total;2007:2011 2007:2011;78.7
740 Silkeborg;TOT Total;2007:2011 2007:2011;79.4
741 Samsø;TOT Total;2007:2011 2007:2011;..
746 Skanderborg;TOT Total;2007:2011 2007:2011;80.2
751 Aarhus;TOT Total;2007:2011 2007:2011;79.7
756 Ikast-Brande;TOT Total;2007:2011 2007:2011;79.4
760 Ringkøbing-Skjern;TOT Total;2007:2011 2007:2011;79.4
766 Hedensted;TOT Total;2007:2011 2007:2011;80.0
773 Morsø;TOT Total;2007:2011 2007:2011;77.8
779 Skive;TOT Total;2007:2011 2007:2011;79.6
787 Thisted;TOT Total;2007:2011 2007:2011;78.2
791 Viborg;TOT Total;2007:2011 2007:2011;79.8
810 Brønderslev;TOT Total;2007:2011 2007:2011;79.0
813 Frederikshavn;TOT Total;2007:2011 2007:2011;78.3
820 Vesthimmerlands;TOT Total;2007:2011 2007:2011;79.0
825 Læsø;TOT Total;2007:2011 2007:2011;..
840 Rebild;TOT Total;2007:2011 2007:2011;79.5
846 Mariagerfjord;TOT Total;2007:2011 2007:2011;78.6
849 Jammerbugt;TOT Total;2007:2011 2007:2011;79.1
851 Aalborg;TOT Total;2007:2011 2007:2011;78.8
860 Hjørring;TOT Total;2007:2011 2007:2011;79.1
000 All Denmark;TOT Total;2009:2013 2009:2013;79.4
101 Copenhagen;TOT Total;2009:2013 2009:2013;77.2
147 Frederiksberg;TOT Total;2009:2013 2009:2013;79.2
151 Ballerup;TOT Total;2009:2013 2009:2013;79.0
153 Brøndby;TOT Total;2009:2013 2009:2013;78.3
155 Dragør;TOT Total;2009:2013 2009:2013;80.2
157 Gentofte;TOT Total;2009:2013 2009:2013;81.6
159 Gladsaxe;TOT Total;2009:2013 2009:2013;78.6
161 Glostrup;TOT Total;2009:2013 2009:2013;80.1
163 Herlev;TOT Total;2009:2013 2009:2013;78.2
165 Albertslund;TOT Total;2009:2013 2009:2013;79.4
167 Hvidovre;TOT Total;2009:2013 2009:2013;79.1
169 Høje-Taastrup;TOT Total;2009:2013 2009:2013;78.4
173 Lyngby-Taarbæk;TOT Total;2009:2013 2009:2013;81.5
175 Rødovre;TOT Total;2009:2013 2009:2013;78.9
183 Ishøj;TOT Total;2009:2013 2009:2013;77.4
185 Tårnby;TOT Total;2009:2013 2009:2013;78.9
187 Vallensbæk;TOT Total;2009:2013 2009:2013;80.3
190 Furesø;TOT Total;2009:2013 2009:2013;81.5
201 Allerød;TOT Total;2009:2013 2009:2013;81.4
210 Fredensborg;TOT Total;2009:2013 2009:2013;80.1
217 Helsingør;TOT Total;2009:2013 2009:2013;79.3
219 Hillerød;TOT Total;2009:2013 2009:2013;80.3
223 Hørsholm;TOT Total;2009:2013 2009:2013;81.5
230 Rudersdal;TOT Total;2009:2013 2009:2013;81.7
240 Egedal;TOT Total;2009:2013 2009:2013;81.1
250 Frederikssund;TOT Total;2009:2013 2009:2013;79.2
253 Greve;TOT Total;2009:2013 2009:2013;79.8
259 Køge;TOT Total;2009:2013 2009:2013;79.6
260 Halsnæs;TOT Total;2009:2013 2009:2013;78.8
265 Roskilde;TOT Total;2009:2013 2009:2013;79.9
269 Solrød;TOT Total;2009:2013 2009:2013;79.9
270 Gribskov;TOT Total;2009:2013 2009:2013;79.5
306 Odsherred;TOT Total;2009:2013 2009:2013;77.9
316 Holbæk;TOT Total;2009:2013 2009:2013;79.1
320 Faxe;TOT Total;2009:2013 2009:2013;79.0
326 Kalundborg;TOT Total;2009:2013 2009:2013;78.0
329 Ringsted;TOT Total;2009:2013 2009:2013;79.0
330 Slagelse;TOT Total;2009:2013 2009:2013;78.2
336 Stevns;TOT Total;2009:2013 2009:2013;79.5
340 Sorø;TOT Total;2009:2013 2009:2013;78.6
350 Lejre;TOT Total;2009:2013 2009:2013;80.3
360 Lolland;TOT Total;2009:2013 2009:2013;76.3
370 Næstved;TOT Total;2009:2013 2009:2013;78.8
376 Guldborgsund;TOT Total;2009:2013 2009:2013;77.3
390 Vordingborg;TOT Total;2009:2013 2009:2013;78.2
400 Bornholm;TOT Total;2009:2013 2009:2013;79.3
410 Middelfart;TOT Total;2009:2013 2009:2013;80.1
420 Assens;TOT Total;2009:2013 2009:2013;79.9
430 Faaborg-Midtfyn;TOT Total;2009:2013 2009:2013;79.9
440 Kerteminde;TOT Total;2009:2013 2009:2013;79.0
450 Nyborg;TOT Total;2009:2013 2009:2013;79.2
461 Odense;TOT Total;2009:2013 2009:2013;78.9
479 Svendborg;TOT Total;2009:2013 2009:2013;79.7
480 Nordfyns;TOT Total;2009:2013 2009:2013;78.9
482 Langeland;TOT Total;2009:2013 2009:2013;78.9
492 Ærø;TOT Total;2009:2013 2009:2013;..
510 Haderslev;TOT Total;2009:2013 2009:2013;79.3
530 Billund;TOT Total;2009:2013 2009:2013;80.0
540 Sønderborg;TOT Total;2009:2013 2009:2013;79.8
550 Tønder;TOT Total;2009:2013 2009:2013;79.4
561 Esbjerg;TOT Total;2009:2013 2009:2013;79.0
563 Fanø;TOT Total;2009:2013 2009:2013;..
573 Varde;TOT Total;2009:2013 2009:2013;80.3
575 Vejen;TOT Total;2009:2013 2009:2013;79.9
580 Aabenraa;TOT Total;2009:2013 2009:2013;79.4
607 Fredericia;TOT Total;2009:2013 2009:2013;79.1
615 Horsens;TOT Total;2009:2013 2009:2013;79.9
621 Kolding;TOT Total;2009:2013 2009:2013;79.9
630 Vejle;TOT Total;2009:2013 2009:2013;80.0
657 Herning;TOT Total;2009:2013 2009:2013;80.5
661 Holstebro;TOT Total;2009:2013 2009:2013;79.9
665 Lemvig;TOT Total;2009:2013 2009:2013;79.7
671 Struer;TOT Total;2009:2013 2009:2013;79.1
706 Syddjurs;TOT Total;2009:2013 2009:2013;80.3
707 Norddjurs;TOT Total;2009:2013 2009:2013;78.8
710 Favrskov;TOT Total;2009:2013 2009:2013;81.0
727 Odder;TOT Total;2009:2013 2009:2013;80.8
730 Randers;TOT Total;2009:2013 2009:2013;79.1
740 Silkeborg;TOT Total;2009:2013 2009:2013;80.2
741 Samsø;TOT Total;2009:2013 2009:2013;..
746 Skanderborg;TOT Total;2009:2013 2009:2013;81.0
751 Aarhus;TOT Total;2009:2013 2009:2013;80.1
756 Ikast-Brande;TOT Total;2009:2013 2009:2013;80.0
760 Ringkøbing-Skjern;TOT Total;2009:2013 2009:2013;80.4
766 Hedensted;TOT Total;2009:2013 2009:2013;80.4
773 Morsø;TOT Total;2009:2013 2009:2013;78.1
779 Skive;TOT Total;2009:2013 2009:2013;79.9
787 Thisted;TOT Total;2009:2013 2009:2013;79.0
791 Viborg;TOT Total;2009:2013 2009:2013;80.5
810 Brønderslev;TOT Total;2009:2013 2009:2013;79.2
813 Frederikshavn;TOT Total;2009:2013 2009:2013;79.0
820 Vesthimmerlands;TOT Total;2009:2013 2009:2013;79.7
825 Læsø;TOT Total;2009:2013 2009:2013;..
840 Rebild;TOT Total;2009:2013 2009:2013;80.0
846 Mariagerfjord;TOT Total;2009:2013 2009:2013;79.5
849 Jammerbugt;TOT Total;2009:2013 2009:2013;79.6
851 Aalborg;TOT Total;2009:2013 2009:2013;79.6
860 Hjørring;TOT Total;2009:2013 2009:2013;79.9
000 All Denmark;TOT Total;2005:2009 2005:2009;78.3
101 Copenhagen;TOT Total;2005:2009 2005:2009;75.9
147 Frederiksberg;TOT Total;2005:2009 2005:2009;78.3
151 Ballerup;TOT Total;2005:2009 2005:2009;78.0
153 Brøndby;TOT Total;2005:2009 2005:2009;77.5
155 Dragør;TOT Total;2005:2009 2005:2009;79.9
157 Gentofte;TOT Total;2005:2009 2005:2009;80.6
159 Gladsaxe;TOT Total;2005:2009 2005:2009;78.0
161 Glostrup;TOT Total;2005:2009 2005:2009;77.8
163 Herlev;TOT Total;2005:2009 2005:2009;77.3
165 Albertslund;TOT Total;2005:2009 2005:2009;77.8
167 Hvidovre;TOT Total;2005:2009 2005:2009;77.9
169 Høje-Taastrup;TOT Total;2005:2009 2005:2009;77.7
173 Lyngby-Taarbæk;TOT Total;2005:2009 2005:2009;80.5
175 Rødovre;TOT Total;2005:2009 2005:2009;78.0
183 Ishøj;TOT Total;2005:2009 2005:2009;76.4
185 Tårnby;TOT Total;2005:2009 2005:2009;77.8
187 Vallensbæk;TOT Total;2005:2009 2005:2009;78.6
190 Furesø;TOT Total;2005:2009 2005:2009;79.9
201 Allerød;TOT Total;2005:2009 2005:2009;81.0
210 Fredensborg;TOT Total;2005:2009 2005:2009;78.1
217 Helsingør;TOT Total;2005:2009 2005:2009;78.1
219 Hillerød;TOT Total;2005:2009 2005:2009;79.5
223 Hørsholm;TOT Total;2005:2009 2005:2009;81.1
230 Rudersdal;TOT Total;2005:2009 2005:2009;80.1
240 Egedal;TOT Total;2005:2009 2005:2009;79.5
250 Frederikssund;TOT Total;2005:2009 2005:2009;78.2
253 Greve;TOT Total;2005:2009 2005:2009;78.4
259 Køge;TOT Total;2005:2009 2005:2009;78.2
260 Halsnæs;TOT Total;2005:2009 2005:2009;77.4
265 Roskilde;TOT Total;2005:2009 2005:2009;78.6
269 Solrød;TOT Total;2005:2009 2005:2009;79.7
270 Gribskov;TOT Total;2005:2009 2005:2009;78.1
306 Odsherred;TOT Total;2005:2009 2005:2009;76.9
316 Holbæk;TOT Total;2005:2009 2005:2009;78.0
320 Faxe;TOT Total;2005:2009 2005:2009;77.8
326 Kalundborg;TOT Total;2005:2009 2005:2009;77.1
329 Ringsted;TOT Total;2005:2009 2005:2009;78.3
330 Slagelse;TOT Total;2005:2009 2005:2009;77.1
336 Stevns;TOT Total;2005:2009 2005:2009;78.1
340 Sorø;TOT Total;2005:2009 2005:2009;77.3
350 Lejre;TOT Total;2005:2009 2005:2009;80.0
360 Lolland;TOT Total;2005:2009 2005:2009;75.3
370 Næstved;TOT Total;2005:2009 2005:2009;77.4
376 Guldborgsund;TOT Total;2005:2009 2005:2009;76.9
390 Vordingborg;TOT Total;2005:2009 2005:2009;76.9
400 Bornholm;TOT Total;2005:2009 2005:2009;78.4
410 Middelfart;TOT Total;2005:2009 2005:2009;78.7
420 Assens;TOT Total;2005:2009 2005:2009;78.2
430 Faaborg-Midtfyn;TOT Total;2005:2009 2005:2009;79.0
440 Kerteminde;TOT Total;2005:2009 2005:2009;78.5
450 Nyborg;TOT Total;2005:2009 2005:2009;77.8
461 Odense;TOT Total;2005:2009 2005:2009;78.3
479 Svendborg;TOT Total;2005:2009 2005:2009;78.6
480 Nordfyns;TOT Total;2005:2009 2005:2009;78.8
482 Langeland;TOT Total;2005:2009 2005:2009;78.3
492 Ærø;TOT Total;2005:2009 2005:2009;..
510 Haderslev;TOT Total;2005:2009 2005:2009;78.0
530 Billund;TOT Total;2005:2009 2005:2009;79.3
540 Sønderborg;TOT Total;2005:2009 2005:2009;79.1
550 Tønder;TOT Total;2005:2009 2005:2009;78.3
561 Esbjerg;TOT Total;2005:2009 2005:2009;78.0
563 Fanø;TOT Total;2005:2009 2005:2009;..
573 Varde;TOT Total;2005:2009 2005:2009;79.0
575 Vejen;TOT Total;2005:2009 2005:2009;79.1
580 Aabenraa;TOT Total;2005:2009 2005:2009;78.5
607 Fredericia;TOT Total;2005:2009 2005:2009;77.8
615 Horsens;TOT Total;2005:2009 2005:2009;78.2
621 Kolding;TOT Total;2005:2009 2005:2009;78.9
630 Vejle;TOT Total;2005:2009 2005:2009;78.9
657 Herning;TOT Total;2005:2009 2005:2009;78.6
661 Holstebro;TOT Total;2005:2009 2005:2009;78.4
665 Lemvig;TOT Total;2005:2009 2005:2009;77.6
671 Struer;TOT Total;2005:2009 2005:2009;77.9
706 Syddjurs;TOT Total;2005:2009 2005:2009;79.1
707 Norddjurs;TOT Total;2005:2009 2005:2009;77.7
710 Favrskov;TOT Total;2005:2009 2005:2009;79.7
727 Odder;TOT Total;2005:2009 2005:2009;79.0
730 Randers;TOT Total;2005:2009 2005:2009;78.2
740 Silkeborg;TOT Total;2005:2009 2005:2009;79.2
741 Samsø;TOT Total;2005:2009 2005:2009;..
746 Skanderborg;TOT Total;2005:2009 2005:2009;79.5
751 Aarhus;TOT Total;2005:2009 2005:2009;79.2
756 Ikast-Brande;TOT Total;2005:2009 2005:2009;78.8
760 Ringkøbing-Skjern;TOT Total;2005:2009 2005:2009;78.7
766 Hedensted;TOT Total;2005:2009 2005:2009;79.3
773 Morsø;TOT Total;2005:2009 2005:2009;77.6
779 Skive;TOT Total;2005:2009 2005:2009;79.0
787 Thisted;TOT Total;2005:2009 2005:2009;77.4
791 Viborg;TOT Total;2005:2009 2005:2009;79.3
810 Brønderslev;TOT Total;2005:2009 2005:2009;78.8
813 Frederikshavn;TOT Total;2005:2009 2005:2009;77.8
820 Vesthimmerlands;TOT Total;2005:2009 2005:2009;78.4
825 Læsø;TOT Total;2005:2009 2005:2009;..
840 Rebild;TOT Total;2005:2009 2005:2009;79.1
846 Mariagerfjord;TOT Total;2005:2009 2005:2009;78.0
849 Jammerbugt;TOT Total;2005:2009 2005:2009;79.1
851 Aalborg;TOT Total;2005:2009 2005:2009;78.3
860 Hjørring;TOT Total;2005:2009 2005:2009;78.5
000 All Denmark;TOT Total;2003:2007 2003:2007;77.8
101 Copenhagen;TOT Total;2003:2007 2003:2007;75.3
147 Frederiksberg;TOT Total;2003:2007 2003:2007;77.7
151 Ballerup;TOT Total;2003:2007 2003:2007;77.5
153 Brøndby;TOT Total;2003:2007 2003:2007;77.3
155 Dragør;TOT Total;2003:2007 2003:2007;79.8
157 Gentofte;TOT Total;2003:2007 2003:2007;79.8
159 Gladsaxe;TOT Total;2003:2007 2003:2007;77.9
161 Glostrup;TOT Total;2003:2007 2003:2007;77.4
163 Herlev;TOT Total;2003:2007 2003:2007;77.1
165 Albertslund;TOT Total;2003:2007 2003:2007;77.3
167 Hvidovre;TOT Total;2003:2007 2003:2007;77.2
169 Høje-Taastrup;TOT Total;2003:2007 2003:2007;77.2
173 Lyngby-Taarbæk;TOT Total;2003:2007 2003:2007;79.6
175 Rødovre;TOT Total;2003:2007 2003:2007;77.2
183 Ishøj;TOT Total;2003:2007 2003:2007;75.7
185 Tårnby;TOT Total;2003:2007 2003:2007;77.0
187 Vallensbæk;TOT Total;2003:2007 2003:2007;78.5
190 Furesø;TOT Total;2003:2007 2003:2007;79.2
201 Allerød;TOT Total;2003:2007 2003:2007;79.8
210 Fredensborg;TOT Total;2003:2007 2003:2007;77.8
217 Helsingør;TOT Total;2003:2007 2003:2007;77.6
219 Hillerød;TOT Total;2003:2007 2003:2007;78.7
223 Hørsholm;TOT Total;2003:2007 2003:2007;80.7
230 Rudersdal;TOT Total;2003:2007 2003:2007;79.5
240 Egedal;TOT Total;2003:2007 2003:2007;78.8
250 Frederikssund;TOT Total;2003:2007 2003:2007;77.6
253 Greve;TOT Total;2003:2007 2003:2007;77.7
259 Køge;TOT Total;2003:2007 2003:2007;77.8
260 Halsnæs;TOT Total;2003:2007 2003:2007;76.6
265 Roskilde;TOT Total;2003:2007 2003:2007;78.1
269 Solrød;TOT Total;2003:2007 2003:2007;79.4
270 Gribskov;TOT Total;2003:2007 2003:2007;77.8
306 Odsherred;TOT Total;2003:2007 2003:2007;76.8
316 Holbæk;TOT Total;2003:2007 2003:2007;77.4
320 Faxe;TOT Total;2003:2007 2003:2007;77.3
326 Kalundborg;TOT Total;2003:2007 2003:2007;76.7
329 Ringsted;TOT Total;2003:2007 2003:2007;78.1
330 Slagelse;TOT Total;2003:2007 2003:2007;76.5
336 Stevns;TOT Total;2003:2007 2003:2007;77.6
340 Sorø;TOT Total;2003:2007 2003:2007;76.6
350 Lejre;TOT Total;2003:2007 2003:2007;78.8
360 Lolland;TOT Total;2003:2007 2003:2007;75.2
370 Næstved;TOT Total;2003:2007 2003:2007;77.3
376 Guldborgsund;TOT Total;2003:2007 2003:2007;76.8
390 Vordingborg;TOT Total;2003:2007 2003:2007;76.9
400 Bornholm;TOT Total;2003:2007 2003:2007;77.8
410 Middelfart;TOT Total;2003:2007 2003:2007;78.3
420 Assens;TOT Total;2003:2007 2003:2007;78.0
430 Faaborg-Midtfyn;TOT Total;2003:2007 2003:2007;78.7
440 Kerteminde;TOT Total;2003:2007 2003:2007;78.4
450 Nyborg;TOT Total;2003:2007 2003:2007;77.9
461 Odense;TOT Total;2003:2007 2003:2007;77.9
479 Svendborg;TOT Total;2003:2007 2003:2007;77.9
480 Nordfyns;TOT Total;2003:2007 2003:2007;77.9
482 Langeland;TOT Total;2003:2007 2003:2007;77.1
492 Ærø;TOT Total;2003:2007 2003:2007;..
510 Haderslev;TOT Total;2003:2007 2003:2007;77.7
530 Billund;TOT Total;2003:2007 2003:2007;78.5
540 Sønderborg;TOT Total;2003:2007 2003:2007;79.3
550 Tønder;TOT Total;2003:2007 2003:2007;77.7
561 Esbjerg;TOT Total;2003:2007 2003:2007;77.6
563 Fanø;TOT Total;2003:2007 2003:2007;..
573 Varde;TOT Total;2003:2007 2003:2007;78.3
575 Vejen;TOT Total;2003:2007 2003:2007;78.8
580 Aabenraa;TOT Total;2003:2007 2003:2007;78.3
607 Fredericia;TOT Total;2003:2007 2003:2007;77.2
615 Horsens;TOT Total;2003:2007 2003:2007;77.4
621 Kolding;TOT Total;2003:2007 2003:2007;78.4
630 Vejle;TOT Total;2003:2007 2003:2007;78.4
657 Herning;TOT Total;2003:2007 2003:2007;77.8
661 Holstebro;TOT Total;2003:2007 2003:2007;77.7
665 Lemvig;TOT Total;2003:2007 2003:2007;77.6
671 Struer;TOT Total;2003:2007 2003:2007;78.0
706 Syddjurs;TOT Total;2003:2007 2003:2007;79.1
707 Norddjurs;TOT Total;2003:2007 2003:2007;77.3
710 Favrskov;TOT Total;2003:2007 2003:2007;79.4
727 Odder;TOT Total;2003:2007 2003:2007;78.6
730 Randers;TOT Total;2003:2007 2003:2007;77.5
740 Silkeborg;TOT Total;2003:2007 2003:2007;78.7
741 Samsø;TOT Total;2003:2007 2003:2007;..
746 Skanderborg;TOT Total;2003:2007 2003:2007;79.0
751 Aarhus;TOT Total;2003:2007 2003:2007;78.8
756 Ikast-Brande;TOT Total;2003:2007 2003:2007;78.7
760 Ringkøbing-Skjern;TOT Total;2003:2007 2003:2007;78.3
766 Hedensted;TOT Total;2003:2007 2003:2007;78.7
773 Morsø;TOT Total;2003:2007 2003:2007;77.4
779 Skive;TOT Total;2003:2007 2003:2007;78.0
787 Thisted;TOT Total;2003:2007 2003:2007;76.9
791 Viborg;TOT Total;2003:2007 2003:2007;78.5
810 Brønderslev;TOT Total;2003:2007 2003:2007;78.3
813 Frederikshavn;TOT Total;2003:2007 2003:2007;77.3
820 Vesthimmerlands;TOT Total;2003:2007 2003:2007;77.9
825 Læsø;TOT Total;2003:2007 2003:2007;..
840 Rebild;TOT Total;2003:2007 2003:2007;78.4
846 Mariagerfjord;TOT Total;2003:2007 2003:2007;77.8
849 Jammerbugt;TOT Total;2003:2007 2003:2007;78.4
851 Aalborg;TOT Total;2003:2007 2003:2007;77.9
860 Hjørring;TOT Total;2003:2007 2003:2007;78.3
000 All Denmark;TOT Total;2004:2008 2004:2008;78.1
101 Copenhagen;TOT Total;2004:2008 2004:2008;75.6
147 Frederiksberg;TOT Total;2004:2008 2004:2008;78.0
151 Ballerup;TOT Total;2004:2008 2004:2008;77.6
153 Brøndby;TOT Total;2004:2008 2004:2008;77.3
155 Dragør;TOT Total;2004:2008 2004:2008;80.3
157 Gentofte;TOT Total;2004:2008 2004:2008;80.2
159 Gladsaxe;TOT Total;2004:2008 2004:2008;77.9
161 Glostrup;TOT Total;2004:2008 2004:2008;77.3
163 Herlev;TOT Total;2004:2008 2004:2008;77.3
165 Albertslund;TOT Total;2004:2008 2004:2008;77.5
167 Hvidovre;TOT Total;2004:2008 2004:2008;77.4
169 Høje-Taastrup;TOT Total;2004:2008 2004:2008;77.3
173 Lyngby-Taarbæk;TOT Total;2004:2008 2004:2008;80.1
175 Rødovre;TOT Total;2004:2008 2004:2008;77.5
183 Ishøj;TOT Total;2004:2008 2004:2008;75.8
185 Tårnby;TOT Total;2004:2008 2004:2008;77.4
187 Vallensbæk;TOT Total;2004:2008 2004:2008;78.7
190 Furesø;TOT Total;2004:2008 2004:2008;79.6
201 Allerød;TOT Total;2004:2008 2004:2008;80.3
210 Fredensborg;TOT Total;2004:2008 2004:2008;77.9
217 Helsingør;TOT Total;2004:2008 2004:2008;77.7
219 Hillerød;TOT Total;2004:2008 2004:2008;79.0
223 Hørsholm;TOT Total;2004:2008 2004:2008;80.9
230 Rudersdal;TOT Total;2004:2008 2004:2008;79.6
240 Egedal;TOT Total;2004:2008 2004:2008;78.8
250 Frederikssund;TOT Total;2004:2008 2004:2008;77.9
253 Greve;TOT Total;2004:2008 2004:2008;77.9
259 Køge;TOT Total;2004:2008 2004:2008;78.1
260 Halsnæs;TOT Total;2004:2008 2004:2008;77.1
265 Roskilde;TOT Total;2004:2008 2004:2008;78.3
269 Solrød;TOT Total;2004:2008 2004:2008;79.7
270 Gribskov;TOT Total;2004:2008 2004:2008;77.9
306 Odsherred;TOT Total;2004:2008 2004:2008;76.6
316 Holbæk;TOT Total;2004:2008 2004:2008;77.7
320 Faxe;TOT Total;2004:2008 2004:2008;77.5
326 Kalundborg;TOT Total;2004:2008 2004:2008;77.0
329 Ringsted;TOT Total;2004:2008 2004:2008;78.2
330 Slagelse;TOT Total;2004:2008 2004:2008;76.8
336 Stevns;TOT Total;2004:2008 2004:2008;78.0
340 Sorø;TOT Total;2004:2008 2004:2008;77.0
350 Lejre;TOT Total;2004:2008 2004:2008;79.7
360 Lolland;TOT Total;2004:2008 2004:2008;75.3
370 Næstved;TOT Total;2004:2008 2004:2008;77.4
376 Guldborgsund;TOT Total;2004:2008 2004:2008;76.7
390 Vordingborg;TOT Total;2004:2008 2004:2008;76.9
400 Bornholm;TOT Total;2004:2008 2004:2008;78.0
410 Middelfart;TOT Total;2004:2008 2004:2008;78.5
420 Assens;TOT Total;2004:2008 2004:2008;78.0
430 Faaborg-Midtfyn;TOT Total;2004:2008 2004:2008;79.0
440 Kerteminde;TOT Total;2004:2008 2004:2008;78.5
450 Nyborg;TOT Total;2004:2008 2004:2008;78.0
461 Odense;TOT Total;2004:2008 2004:2008;78.1
479 Svendborg;TOT Total;2004:2008 2004:2008;78.2
480 Nordfyns;TOT Total;2004:2008 2004:2008;78.5
482 Langeland;TOT Total;2004:2008 2004:2008;77.9
492 Ærø;TOT Total;2004:2008 2004:2008;..
510 Haderslev;TOT Total;2004:2008 2004:2008;78.0
530 Billund;TOT Total;2004:2008 2004:2008;79.2
540 Sønderborg;TOT Total;2004:2008 2004:2008;79.3
550 Tønder;TOT Total;2004:2008 2004:2008;77.9
561 Esbjerg;TOT Total;2004:2008 2004:2008;78.0
563 Fanø;TOT Total;2004:2008 2004:2008;..
573 Varde;TOT Total;2004:2008 2004:2008;79.1
575 Vejen;TOT Total;2004:2008 2004:2008;78.9
580 Aabenraa;TOT Total;2004:2008 2004:2008;78.2
607 Fredericia;TOT Total;2004:2008 2004:2008;77.6
615 Horsens;TOT Total;2004:2008 2004:2008;77.8
621 Kolding;TOT Total;2004:2008 2004:2008;78.7
630 Vejle;TOT Total;2004:2008 2004:2008;78.6
657 Herning;TOT Total;2004:2008 2004:2008;78.1
661 Holstebro;TOT Total;2004:2008 2004:2008;78.1
665 Lemvig;TOT Total;2004:2008 2004:2008;77.8
671 Struer;TOT Total;2004:2008 2004:2008;78.2
706 Syddjurs;TOT Total;2004:2008 2004:2008;79.3
707 Norddjurs;TOT Total;2004:2008 2004:2008;77.6
710 Favrskov;TOT Total;2004:2008 2004:2008;79.5
727 Odder;TOT Total;2004:2008 2004:2008;78.6
730 Randers;TOT Total;2004:2008 2004:2008;77.9
740 Silkeborg;TOT Total;2004:2008 2004:2008;79.0
741 Samsø;TOT Total;2004:2008 2004:2008;..
746 Skanderborg;TOT Total;2004:2008 2004:2008;79.2
751 Aarhus;TOT Total;2004:2008 2004:2008;79.0
756 Ikast-Brande;TOT Total;2004:2008 2004:2008;78.8
760 Ringkøbing-Skjern;TOT Total;2004:2008 2004:2008;78.5
766 Hedensted;TOT Total;2004:2008 2004:2008;79.0
773 Morsø;TOT Total;2004:2008 2004:2008;77.6
779 Skive;TOT Total;2004:2008 2004:2008;78.6
787 Thisted;TOT Total;2004:2008 2004:2008;77.1
791 Viborg;TOT Total;2004:2008 2004:2008;78.8
810 Brønderslev;TOT Total;2004:2008 2004:2008;78.6
813 Frederikshavn;TOT Total;2004:2008 2004:2008;77.5
820 Vesthimmerlands;TOT Total;2004:2008 2004:2008;78.1
825 Læsø;TOT Total;2004:2008 2004:2008;..
840 Rebild;TOT Total;2004:2008 2004:2008;79.0
846 Mariagerfjord;TOT Total;2004:2008 2004:2008;78.0
849 Jammerbugt;TOT Total;2004:2008 2004:2008;78.7
851 Aalborg;TOT Total;2004:2008 2004:2008;78.1
860 Hjørring;TOT Total;2004:2008 2004:2008;78.5
000 All Denmark;TOT Total;2000:2004 2000:2004;77.1
101 Copenhagen;TOT Total;2000:2004 2000:2004;74.7
147 Frederiksberg;TOT Total;2000:2004 2000:2004;77.1
151 Ballerup;TOT Total;2000:2004 2000:2004;76.9
153 Brøndby;TOT Total;2000:2004 2000:2004;76.4
155 Dragør;TOT Total;2000:2004 2000:2004;79.4
157 Gentofte;TOT Total;2000:2004 2000:2004;78.7
159 Gladsaxe;TOT Total;2000:2004 2000:2004;76.6
161 Glostrup;TOT Total;2000:2004 2000:2004;77.0
163 Herlev;TOT Total;2000:2004 2000:2004;77.1
165 Albertslund;TOT Total;2000:2004 2000:2004;76.8
167 Hvidovre;TOT Total;2000:2004 2000:2004;76.3
169 Høje-Taastrup;TOT Total;2000:2004 2000:2004;76.2
173 Lyngby-Taarbæk;TOT Total;2000:2004 2000:2004;78.5
175 Rødovre;TOT Total;2000:2004 2000:2004;75.9
183 Ishøj;TOT Total;2000:2004 2000:2004;75.0
185 Tårnby;TOT Total;2000:2004 2000:2004;77.0
187 Vallensbæk;TOT Total;2000:2004 2000:2004;78.7
190 Furesø;TOT Total;2000:2004 2000:2004;78.4
201 Allerød;TOT Total;2000:2004 2000:2004;78.8
210 Fredensborg;TOT Total;2000:2004 2000:2004;77.5
217 Helsingør;TOT Total;2000:2004 2000:2004;76.4
219 Hillerød;TOT Total;2000:2004 2000:2004;77.8
223 Hørsholm;TOT Total;2000:2004 2000:2004;79.7
230 Rudersdal;TOT Total;2000:2004 2000:2004;79.3
240 Egedal;TOT Total;2000:2004 2000:2004;77.6
250 Frederikssund;TOT Total;2000:2004 2000:2004;76.4
253 Greve;TOT Total;2000:2004 2000:2004;76.9
259 Køge;TOT Total;2000:2004 2000:2004;76.7
260 Halsnæs;TOT Total;2000:2004 2000:2004;75.2
265 Roskilde;TOT Total;2000:2004 2000:2004;77.5
269 Solrød;TOT Total;2000:2004 2000:2004;78.0
270 Gribskov;TOT Total;2000:2004 2000:2004;76.8
306 Odsherred;TOT Total;2000:2004 2000:2004;76.5
316 Holbæk;TOT Total;2000:2004 2000:2004;76.6
320 Faxe;TOT Total;2000:2004 2000:2004;76.8
326 Kalundborg;TOT Total;2000:2004 2000:2004;76.1
329 Ringsted;TOT Total;2000:2004 2000:2004;76.6
330 Slagelse;TOT Total;2000:2004 2000:2004;75.7
336 Stevns;TOT Total;2000:2004 2000:2004;77.4
340 Sorø;TOT Total;2000:2004 2000:2004;76.0
350 Lejre;TOT Total;2000:2004 2000:2004;78.2
360 Lolland;TOT Total;2000:2004 2000:2004;74.6
370 Næstved;TOT Total;2000:2004 2000:2004;76.4
376 Guldborgsund;TOT Total;2000:2004 2000:2004;76.0
390 Vordingborg;TOT Total;2000:2004 2000:2004;76.0
400 Bornholm;TOT Total;2000:2004 2000:2004;77.4
410 Middelfart;TOT Total;2000:2004 2000:2004;77.1
420 Assens;TOT Total;2000:2004 2000:2004;77.2
430 Faaborg-Midtfyn;TOT Total;2000:2004 2000:2004;77.9
440 Kerteminde;TOT Total;2000:2004 2000:2004;77.1
450 Nyborg;TOT Total;2000:2004 2000:2004;76.9
461 Odense;TOT Total;2000:2004 2000:2004;77.1
479 Svendborg;TOT Total;2000:2004 2000:2004;77.5
480 Nordfyns;TOT Total;2000:2004 2000:2004;77.2
482 Langeland;TOT Total;2000:2004 2000:2004;77.4
492 Ærø;TOT Total;2000:2004 2000:2004;..
510 Haderslev;TOT Total;2000:2004 2000:2004;77.2
530 Billund;TOT Total;2000:2004 2000:2004;77.6
540 Sønderborg;TOT Total;2000:2004 2000:2004;78.6
550 Tønder;TOT Total;2000:2004 2000:2004;77.1
561 Esbjerg;TOT Total;2000:2004 2000:2004;76.5
563 Fanø;TOT Total;2000:2004 2000:2004;..
573 Varde;TOT Total;2000:2004 2000:2004;78.2
575 Vejen;TOT Total;2000:2004 2000:2004;77.9
580 Aabenraa;TOT Total;2000:2004 2000:2004;77.4
607 Fredericia;TOT Total;2000:2004 2000:2004;76.6
615 Horsens;TOT Total;2000:2004 2000:2004;76.7
621 Kolding;TOT Total;2000:2004 2000:2004;77.5
630 Vejle;TOT Total;2000:2004 2000:2004;77.3
657 Herning;TOT Total;2000:2004 2000:2004;77.2
661 Holstebro;TOT Total;2000:2004 2000:2004;77.1
665 Lemvig;TOT Total;2000:2004 2000:2004;77.6
671 Struer;TOT Total;2000:2004 2000:2004;77.7
706 Syddjurs;TOT Total;2000:2004 2000:2004;78.4
707 Norddjurs;TOT Total;2000:2004 2000:2004;76.9
710 Favrskov;TOT Total;2000:2004 2000:2004;78.7
727 Odder;TOT Total;2000:2004 2000:2004;78.9
730 Randers;TOT Total;2000:2004 2000:2004;76.7
740 Silkeborg;TOT Total;2000:2004 2000:2004;78.0
741 Samsø;TOT Total;2000:2004 2000:2004;..
746 Skanderborg;TOT Total;2000:2004 2000:2004;78.1
751 Aarhus;TOT Total;2000:2004 2000:2004;77.8
756 Ikast-Brande;TOT Total;2000:2004 2000:2004;77.8
760 Ringkøbing-Skjern;TOT Total;2000:2004 2000:2004;77.7
766 Hedensted;TOT Total;2000:2004 2000:2004;78.0
773 Morsø;TOT Total;2000:2004 2000:2004;76.7
779 Skive;TOT Total;2000:2004 2000:2004;77.6
787 Thisted;TOT Total;2000:2004 2000:2004;76.7
791 Viborg;TOT Total;2000:2004 2000:2004;77.2
810 Brønderslev;TOT Total;2000:2004 2000:2004;77.8
813 Frederikshavn;TOT Total;2000:2004 2000:2004;76.5
820 Vesthimmerlands;TOT Total;2000:2004 2000:2004;77.3
825 Læsø;TOT Total;2000:2004 2000:2004;..
840 Rebild;TOT Total;2000:2004 2000:2004;78.3
846 Mariagerfjord;TOT Total;2000:2004 2000:2004;77.0
849 Jammerbugt;TOT Total;2000:2004 2000:2004;77.3
851 Aalborg;TOT Total;2000:2004 2000:2004;77.2
860 Hjørring;TOT Total;2000:2004 2000:2004;77.2
000 All Denmark;TOT Total;2020:2024 2020:2024;81.5
101 Copenhagen;TOT Total;2020:2024 2020:2024;80.7
147 Frederiksberg;TOT Total;2020:2024 2020:2024;82.4
151 Ballerup;TOT Total;2020:2024 2020:2024;80.9
153 Brøndby;TOT Total;2020:2024 2020:2024;80.1
155 Dragør;TOT Total;2020:2024 2020:2024;83.2
157 Gentofte;TOT Total;2020:2024 2020:2024;83.8
159 Gladsaxe;TOT Total;2020:2024 2020:2024;81.5
161 Glostrup;TOT Total;2020:2024 2020:2024;81.1
163 Herlev;TOT Total;2020:2024 2020:2024;80.2
165 Albertslund;TOT Total;2020:2024 2020:2024;81.7
167 Hvidovre;TOT Total;2020:2024 2020:2024;81.0
169 Høje-Taastrup;TOT Total;2020:2024 2020:2024;81.2
173 Lyngby-Taarbæk;TOT Total;2020:2024 2020:2024;83.7
175 Rødovre;TOT Total;2020:2024 2020:2024;81.3
183 Ishøj;TOT Total;2020:2024 2020:2024;79.8
185 Tårnby;TOT Total;2020:2024 2020:2024;81.0
187 Vallensbæk;TOT Total;2020:2024 2020:2024;81.9
190 Furesø;TOT Total;2020:2024 2020:2024;83.1
201 Allerød;TOT Total;2020:2024 2020:2024;83.5
210 Fredensborg;TOT Total;2020:2024 2020:2024;82.3
217 Helsingør;TOT Total;2020:2024 2020:2024;81.4
219 Hillerød;TOT Total;2020:2024 2020:2024;82.3
223 Hørsholm;TOT Total;2020:2024 2020:2024;83.5
230 Rudersdal;TOT Total;2020:2024 2020:2024;83.8
240 Egedal;TOT Total;2020:2024 2020:2024;82.9
250 Frederikssund;TOT Total;2020:2024 2020:2024;81.2
253 Greve;TOT Total;2020:2024 2020:2024;81.9
259 Køge;TOT Total;2020:2024 2020:2024;81.1
260 Halsnæs;TOT Total;2020:2024 2020:2024;80.6
265 Roskilde;TOT Total;2020:2024 2020:2024;82.0
269 Solrød;TOT Total;2020:2024 2020:2024;83.1
270 Gribskov;TOT Total;2020:2024 2020:2024;82.1
306 Odsherred;TOT Total;2020:2024 2020:2024;80.3
316 Holbæk;TOT Total;2020:2024 2020:2024;80.9
320 Faxe;TOT Total;2020:2024 2020:2024;81.0
326 Kalundborg;TOT Total;2020:2024 2020:2024;80.5
329 Ringsted;TOT Total;2020:2024 2020:2024;81.3
330 Slagelse;TOT Total;2020:2024 2020:2024;80.3
336 Stevns;TOT Total;2020:2024 2020:2024;81.0
340 Sorø;TOT Total;2020:2024 2020:2024;80.1
350 Lejre;TOT Total;2020:2024 2020:2024;82.8
360 Lolland;TOT Total;2020:2024 2020:2024;78.7
370 Næstved;TOT Total;2020:2024 2020:2024;80.7
376 Guldborgsund;TOT Total;2020:2024 2020:2024;79.2
390 Vordingborg;TOT Total;2020:2024 2020:2024;79.7
400 Bornholm;TOT Total;2020:2024 2020:2024;80.7
410 Middelfart;TOT Total;2020:2024 2020:2024;81.7
420 Assens;TOT Total;2020:2024 2020:2024;81.2
430 Faaborg-Midtfyn;TOT Total;2020:2024 2020:2024;81.6
440 Kerteminde;TOT Total;2020:2024 2020:2024;81.8
450 Nyborg;TOT Total;2020:2024 2020:2024;81.0
461 Odense;TOT Total;2020:2024 2020:2024;81.3
479 Svendborg;TOT Total;2020:2024 2020:2024;81.1
480 Nordfyns;TOT Total;2020:2024 2020:2024;81.2
482 Langeland;TOT Total;2020:2024 2020:2024;80.6
492 Ærø;TOT Total;2020:2024 2020:2024;..
510 Haderslev;TOT Total;2020:2024 2020:2024;81.7
530 Billund;TOT Total;2020:2024 2020:2024;82.1
540 Sønderborg;TOT Total;2020:2024 2020:2024;81.8
550 Tønder;TOT Total;2020:2024 2020:2024;80.7
561 Esbjerg;TOT Total;2020:2024 2020:2024;80.8
563 Fanø;TOT Total;2020:2024 2020:2024;..
573 Varde;TOT Total;2020:2024 2020:2024;82.0
575 Vejen;TOT Total;2020:2024 2020:2024;81.8
580 Aabenraa;TOT Total;2020:2024 2020:2024;81.5
607 Fredericia;TOT Total;2020:2024 2020:2024;81.2
615 Horsens;TOT Total;2020:2024 2020:2024;81.4
621 Kolding;TOT Total;2020:2024 2020:2024;81.8
630 Vejle;TOT Total;2020:2024 2020:2024;81.9
657 Herning;TOT Total;2020:2024 2020:2024;81.7
661 Holstebro;TOT Total;2020:2024 2020:2024;81.7
665 Lemvig;TOT Total;2020:2024 2020:2024;81.8
671 Struer;TOT Total;2020:2024 2020:2024;81.4
706 Syddjurs;TOT Total;2020:2024 2020:2024;82.2
707 Norddjurs;TOT Total;2020:2024 2020:2024;81.0
710 Favrskov;TOT Total;2020:2024 2020:2024;82.5
727 Odder;TOT Total;2020:2024 2020:2024;83.7
730 Randers;TOT Total;2020:2024 2020:2024;80.7
740 Silkeborg;TOT Total;2020:2024 2020:2024;82.3
741 Samsø;TOT Total;2020:2024 2020:2024;..
746 Skanderborg;TOT Total;2020:2024 2020:2024;82.8
751 Aarhus;TOT Total;2020:2024 2020:2024;82.2
756 Ikast-Brande;TOT Total;2020:2024 2020:2024;81.4
760 Ringkøbing-Skjern;TOT Total;2020:2024 2020:2024;81.9
766 Hedensted;TOT Total;2020:2024 2020:2024;81.9
773 Morsø;TOT Total;2020:2024 2020:2024;80.8
779 Skive;TOT Total;2020:2024 2020:2024;81.5
787 Thisted;TOT Total;2020:2024 2020:2024;80.6
791 Viborg;TOT Total;2020:2024 2020:2024;81.9
810 Brønderslev;TOT Total;2020:2024 2020:2024;81.0
813 Frederikshavn;TOT Total;2020:2024 2020:2024;80.8
820 Vesthimmerlands;TOT Total;2020:2024 2020:2024;81.0
825 Læsø;TOT Total;2020:2024 2020:2024;..
840 Rebild;TOT Total;2020:2024 2020:2024;81.9
846 Mariagerfjord;TOT Total;2020:2024 2020:2024;81.5
849 Jammerbugt;TOT Total;2020:2024 2020:2024;81.3
851 Aalborg;TOT Total;2020:2024 2020:2024;81.2
860 Hjørring;TOT Total;2020:2024 2020:2024;81.3
000 All Denmark;TOT Total;2006:2010 2006:2010;78.6
101 Copenhagen;TOT Total;2006:2010 2006:2010;76.1
147 Frederiksberg;TOT Total;2006:2010 2006:2010;78.5
151 Ballerup;TOT Total;2006:2010 2006:2010;78.1
153 Brøndby;TOT Total;2006:2010 2006:2010;77.8
155 Dragør;TOT Total;2006:2010 2006:2010;80.0
157 Gentofte;TOT Total;2006:2010 2006:2010;80.9
159 Gladsaxe;TOT Total;2006:2010 2006:2010;78.0
161 Glostrup;TOT Total;2006:2010 2006:2010;78.6
163 Herlev;TOT Total;2006:2010 2006:2010;77.4
165 Albertslund;TOT Total;2006:2010 2006:2010;78.2
167 Hvidovre;TOT Total;2006:2010 2006:2010;78.1
169 Høje-Taastrup;TOT Total;2006:2010 2006:2010;77.7
173 Lyngby-Taarbæk;TOT Total;2006:2010 2006:2010;80.8
175 Rødovre;TOT Total;2006:2010 2006:2010;78.3
183 Ishøj;TOT Total;2006:2010 2006:2010;76.7
185 Tårnby;TOT Total;2006:2010 2006:2010;78.2
187 Vallensbæk;TOT Total;2006:2010 2006:2010;79.4
190 Furesø;TOT Total;2006:2010 2006:2010;80.6
201 Allerød;TOT Total;2006:2010 2006:2010;80.8
210 Fredensborg;TOT Total;2006:2010 2006:2010;78.4
217 Helsingør;TOT Total;2006:2010 2006:2010;78.2
219 Hillerød;TOT Total;2006:2010 2006:2010;79.8
223 Hørsholm;TOT Total;2006:2010 2006:2010;81.0
230 Rudersdal;TOT Total;2006:2010 2006:2010;80.4
240 Egedal;TOT Total;2006:2010 2006:2010;79.7
250 Frederikssund;TOT Total;2006:2010 2006:2010;78.4
253 Greve;TOT Total;2006:2010 2006:2010;78.6
259 Køge;TOT Total;2006:2010 2006:2010;78.6
260 Halsnæs;TOT Total;2006:2010 2006:2010;77.7
265 Roskilde;TOT Total;2006:2010 2006:2010;78.8
269 Solrød;TOT Total;2006:2010 2006:2010;80.3
270 Gribskov;TOT Total;2006:2010 2006:2010;78.7
306 Odsherred;TOT Total;2006:2010 2006:2010;76.9
316 Holbæk;TOT Total;2006:2010 2006:2010;78.4
320 Faxe;TOT Total;2006:2010 2006:2010;78.1
326 Kalundborg;TOT Total;2006:2010 2006:2010;77.3
329 Ringsted;TOT Total;2006:2010 2006:2010;78.4
330 Slagelse;TOT Total;2006:2010 2006:2010;77.5
336 Stevns;TOT Total;2006:2010 2006:2010;78.3
340 Sorø;TOT Total;2006:2010 2006:2010;77.4
350 Lejre;TOT Total;2006:2010 2006:2010;79.9
360 Lolland;TOT Total;2006:2010 2006:2010;75.6
370 Næstved;TOT Total;2006:2010 2006:2010;77.5
376 Guldborgsund;TOT Total;2006:2010 2006:2010;77.0
390 Vordingborg;TOT Total;2006:2010 2006:2010;77.0
400 Bornholm;TOT Total;2006:2010 2006:2010;78.8
410 Middelfart;TOT Total;2006:2010 2006:2010;78.9
420 Assens;TOT Total;2006:2010 2006:2010;78.6
430 Faaborg-Midtfyn;TOT Total;2006:2010 2006:2010;79.1
440 Kerteminde;TOT Total;2006:2010 2006:2010;78.8
450 Nyborg;TOT Total;2006:2010 2006:2010;78.1
461 Odense;TOT Total;2006:2010 2006:2010;78.4
479 Svendborg;TOT Total;2006:2010 2006:2010;78.8
480 Nordfyns;TOT Total;2006:2010 2006:2010;79.0
482 Langeland;TOT Total;2006:2010 2006:2010;78.4
492 Ærø;TOT Total;2006:2010 2006:2010;..
510 Haderslev;TOT Total;2006:2010 2006:2010;78.5
530 Billund;TOT Total;2006:2010 2006:2010;79.3
540 Sønderborg;TOT Total;2006:2010 2006:2010;79.0
550 Tønder;TOT Total;2006:2010 2006:2010;78.4
561 Esbjerg;TOT Total;2006:2010 2006:2010;78.2
563 Fanø;TOT Total;2006:2010 2006:2010;..
573 Varde;TOT Total;2006:2010 2006:2010;79.2
575 Vejen;TOT Total;2006:2010 2006:2010;79.5
580 Aabenraa;TOT Total;2006:2010 2006:2010;78.5
607 Fredericia;TOT Total;2006:2010 2006:2010;78.1
615 Horsens;TOT Total;2006:2010 2006:2010;78.9
621 Kolding;TOT Total;2006:2010 2006:2010;79.3
630 Vejle;TOT Total;2006:2010 2006:2010;79.0
657 Herning;TOT Total;2006:2010 2006:2010;79.2
661 Holstebro;TOT Total;2006:2010 2006:2010;78.8
665 Lemvig;TOT Total;2006:2010 2006:2010;78.2
671 Struer;TOT Total;2006:2010 2006:2010;78.0
706 Syddjurs;TOT Total;2006:2010 2006:2010;79.3
707 Norddjurs;TOT Total;2006:2010 2006:2010;77.9
710 Favrskov;TOT Total;2006:2010 2006:2010;79.9
727 Odder;TOT Total;2006:2010 2006:2010;79.4
730 Randers;TOT Total;2006:2010 2006:2010;78.3
740 Silkeborg;TOT Total;2006:2010 2006:2010;79.2
741 Samsø;TOT Total;2006:2010 2006:2010;..
746 Skanderborg;TOT Total;2006:2010 2006:2010;79.6
751 Aarhus;TOT Total;2006:2010 2006:2010;79.5
756 Ikast-Brande;TOT Total;2006:2010 2006:2010;79.0
760 Ringkøbing-Skjern;TOT Total;2006:2010 2006:2010;79.2
766 Hedensted;TOT Total;2006:2010 2006:2010;79.5
773 Morsø;TOT Total;2006:2010 2006:2010;77.7
779 Skive;TOT Total;2006:2010 2006:2010;79.2
787 Thisted;TOT Total;2006:2010 2006:2010;77.8
791 Viborg;TOT Total;2006:2010 2006:2010;79.6
810 Brønderslev;TOT Total;2006:2010 2006:2010;79.2
813 Frederikshavn;TOT Total;2006:2010 2006:2010;78.0
820 Vesthimmerlands;TOT Total;2006:2010 2006:2010;78.7
825 Læsø;TOT Total;2006:2010 2006:2010;..
840 Rebild;TOT Total;2006:2010 2006:2010;79.3
846 Mariagerfjord;TOT Total;2006:2010 2006:2010;78.4
849 Jammerbugt;TOT Total;2006:2010 2006:2010;79.2
851 Aalborg;TOT Total;2006:2010 2006:2010;78.6
860 Hjørring;TOT Total;2006:2010 2006:2010;78.8
000 All Denmark;TOT Total;2012:2016 2012:2016;80.4
101 Copenhagen;TOT Total;2012:2016 2012:2016;78.3
147 Frederiksberg;TOT Total;2012:2016 2012:2016;80.6
151 Ballerup;TOT Total;2012:2016 2012:2016;80.1
153 Brøndby;TOT Total;2012:2016 2012:2016;79.5
155 Dragør;TOT Total;2012:2016 2012:2016;81.8
157 Gentofte;TOT Total;2012:2016 2012:2016;82.9
159 Gladsaxe;TOT Total;2012:2016 2012:2016;79.8
161 Glostrup;TOT Total;2012:2016 2012:2016;80.4
163 Herlev;TOT Total;2012:2016 2012:2016;79.8
165 Albertslund;TOT Total;2012:2016 2012:2016;80.6
167 Hvidovre;TOT Total;2012:2016 2012:2016;80.2
169 Høje-Taastrup;TOT Total;2012:2016 2012:2016;79.9
173 Lyngby-Taarbæk;TOT Total;2012:2016 2012:2016;82.2
175 Rødovre;TOT Total;2012:2016 2012:2016;79.7
183 Ishøj;TOT Total;2012:2016 2012:2016;78.7
185 Tårnby;TOT Total;2012:2016 2012:2016;79.9
187 Vallensbæk;TOT Total;2012:2016 2012:2016;81.2
190 Furesø;TOT Total;2012:2016 2012:2016;82.4
201 Allerød;TOT Total;2012:2016 2012:2016;82.4
210 Fredensborg;TOT Total;2012:2016 2012:2016;81.5
217 Helsingør;TOT Total;2012:2016 2012:2016;80.4
219 Hillerød;TOT Total;2012:2016 2012:2016;81.3
223 Hørsholm;TOT Total;2012:2016 2012:2016;82.4
230 Rudersdal;TOT Total;2012:2016 2012:2016;82.7
240 Egedal;TOT Total;2012:2016 2012:2016;82.1
250 Frederikssund;TOT Total;2012:2016 2012:2016;79.6
253 Greve;TOT Total;2012:2016 2012:2016;80.7
259 Køge;TOT Total;2012:2016 2012:2016;80.5
260 Halsnæs;TOT Total;2012:2016 2012:2016;78.7
265 Roskilde;TOT Total;2012:2016 2012:2016;81.0
269 Solrød;TOT Total;2012:2016 2012:2016;81.3
270 Gribskov;TOT Total;2012:2016 2012:2016;80.2
306 Odsherred;TOT Total;2012:2016 2012:2016;79.3
316 Holbæk;TOT Total;2012:2016 2012:2016;80.1
320 Faxe;TOT Total;2012:2016 2012:2016;79.7
326 Kalundborg;TOT Total;2012:2016 2012:2016;79.4
329 Ringsted;TOT Total;2012:2016 2012:2016;79.9
330 Slagelse;TOT Total;2012:2016 2012:2016;79.1
336 Stevns;TOT Total;2012:2016 2012:2016;80.4
340 Sorø;TOT Total;2012:2016 2012:2016;79.1
350 Lejre;TOT Total;2012:2016 2012:2016;81.5
360 Lolland;TOT Total;2012:2016 2012:2016;77.3
370 Næstved;TOT Total;2012:2016 2012:2016;79.7
376 Guldborgsund;TOT Total;2012:2016 2012:2016;78.5
390 Vordingborg;TOT Total;2012:2016 2012:2016;78.7
400 Bornholm;TOT Total;2012:2016 2012:2016;79.5
410 Middelfart;TOT Total;2012:2016 2012:2016;80.9
420 Assens;TOT Total;2012:2016 2012:2016;80.9
430 Faaborg-Midtfyn;TOT Total;2012:2016 2012:2016;80.7
440 Kerteminde;TOT Total;2012:2016 2012:2016;81.0
450 Nyborg;TOT Total;2012:2016 2012:2016;80.4
461 Odense;TOT Total;2012:2016 2012:2016;80.1
479 Svendborg;TOT Total;2012:2016 2012:2016;80.9
480 Nordfyns;TOT Total;2012:2016 2012:2016;80.0
482 Langeland;TOT Total;2012:2016 2012:2016;80.1
492 Ærø;TOT Total;2012:2016 2012:2016;..
510 Haderslev;TOT Total;2012:2016 2012:2016;80.7
530 Billund;TOT Total;2012:2016 2012:2016;80.6
540 Sønderborg;TOT Total;2012:2016 2012:2016;80.7
550 Tønder;TOT Total;2012:2016 2012:2016;80.7
561 Esbjerg;TOT Total;2012:2016 2012:2016;80.0
563 Fanø;TOT Total;2012:2016 2012:2016;..
573 Varde;TOT Total;2012:2016 2012:2016;81.5
575 Vejen;TOT Total;2012:2016 2012:2016;80.9
580 Aabenraa;TOT Total;2012:2016 2012:2016;80.4
607 Fredericia;TOT Total;2012:2016 2012:2016;79.9
615 Horsens;TOT Total;2012:2016 2012:2016;80.7
621 Kolding;TOT Total;2012:2016 2012:2016;80.5
630 Vejle;TOT Total;2012:2016 2012:2016;80.7
657 Herning;TOT Total;2012:2016 2012:2016;81.0
661 Holstebro;TOT Total;2012:2016 2012:2016;80.9
665 Lemvig;TOT Total;2012:2016 2012:2016;80.4
671 Struer;TOT Total;2012:2016 2012:2016;80.7
706 Syddjurs;TOT Total;2012:2016 2012:2016;81.6
707 Norddjurs;TOT Total;2012:2016 2012:2016;79.4
710 Favrskov;TOT Total;2012:2016 2012:2016;81.7
727 Odder;TOT Total;2012:2016 2012:2016;81.3
730 Randers;TOT Total;2012:2016 2012:2016;79.8
740 Silkeborg;TOT Total;2012:2016 2012:2016;81.2
741 Samsø;TOT Total;2012:2016 2012:2016;..
746 Skanderborg;TOT Total;2012:2016 2012:2016;81.7
751 Aarhus;TOT Total;2012:2016 2012:2016;81.1
756 Ikast-Brande;TOT Total;2012:2016 2012:2016;80.9
760 Ringkøbing-Skjern;TOT Total;2012:2016 2012:2016;81.0
766 Hedensted;TOT Total;2012:2016 2012:2016;81.2
773 Morsø;TOT Total;2012:2016 2012:2016;79.8
779 Skive;TOT Total;2012:2016 2012:2016;80.6
787 Thisted;TOT Total;2012:2016 2012:2016;79.7
791 Viborg;TOT Total;2012:2016 2012:2016;81.2
810 Brønderslev;TOT Total;2012:2016 2012:2016;80.2
813 Frederikshavn;TOT Total;2012:2016 2012:2016;79.9
820 Vesthimmerlands;TOT Total;2012:2016 2012:2016;80.5
825 Læsø;TOT Total;2012:2016 2012:2016;..
840 Rebild;TOT Total;2012:2016 2012:2016;80.7
846 Mariagerfjord;TOT Total;2012:2016 2012:2016;80.3
849 Jammerbugt;TOT Total;2012:2016 2012:2016;80.5
851 Aalborg;TOT Total;2012:2016 2012:2016;80.4
860 Hjørring;TOT Total;2012:2016 2012:2016;80.8
000 All Denmark;TOT Total;2016:2020 2016:2020;81.1
101 Copenhagen;TOT Total;2016:2020 2016:2020;79.7
147 Frederiksberg;TOT Total;2016:2020 2016:2020;81.6
151 Ballerup;TOT Total;2016:2020 2016:2020;80.5
153 Brøndby;TOT Total;2016:2020 2016:2020;79.6
155 Dragør;TOT Total;2016:2020 2016:2020;81.6
157 Gentofte;TOT Total;2016:2020 2016:2020;83.5
159 Gladsaxe;TOT Total;2016:2020 2016:2020;80.8
161 Glostrup;TOT Total;2016:2020 2016:2020;81.3
163 Herlev;TOT Total;2016:2020 2016:2020;80.0
165 Albertslund;TOT Total;2016:2020 2016:2020;81.4
167 Hvidovre;TOT Total;2016:2020 2016:2020;80.9
169 Høje-Taastrup;TOT Total;2016:2020 2016:2020;80.5
173 Lyngby-Taarbæk;TOT Total;2016:2020 2016:2020;82.5
175 Rødovre;TOT Total;2016:2020 2016:2020;80.8
183 Ishøj;TOT Total;2016:2020 2016:2020;79.9
185 Tårnby;TOT Total;2016:2020 2016:2020;80.2
187 Vallensbæk;TOT Total;2016:2020 2016:2020;81.6
190 Furesø;TOT Total;2016:2020 2016:2020;82.8
201 Allerød;TOT Total;2016:2020 2016:2020;83.2
210 Fredensborg;TOT Total;2016:2020 2016:2020;81.9
217 Helsingør;TOT Total;2016:2020 2016:2020;81.5
219 Hillerød;TOT Total;2016:2020 2016:2020;81.8
223 Hørsholm;TOT Total;2016:2020 2016:2020;83.5
230 Rudersdal;TOT Total;2016:2020 2016:2020;83.5
240 Egedal;TOT Total;2016:2020 2016:2020;82.3
250 Frederikssund;TOT Total;2016:2020 2016:2020;80.9
253 Greve;TOT Total;2016:2020 2016:2020;81.6
259 Køge;TOT Total;2016:2020 2016:2020;81.1
260 Halsnæs;TOT Total;2016:2020 2016:2020;80.3
265 Roskilde;TOT Total;2016:2020 2016:2020;81.4
269 Solrød;TOT Total;2016:2020 2016:2020;82.6
270 Gribskov;TOT Total;2016:2020 2016:2020;81.2
306 Odsherred;TOT Total;2016:2020 2016:2020;79.9
316 Holbæk;TOT Total;2016:2020 2016:2020;80.4
320 Faxe;TOT Total;2016:2020 2016:2020;80.5
326 Kalundborg;TOT Total;2016:2020 2016:2020;80.6
329 Ringsted;TOT Total;2016:2020 2016:2020;80.5
330 Slagelse;TOT Total;2016:2020 2016:2020;79.9
336 Stevns;TOT Total;2016:2020 2016:2020;81.0
340 Sorø;TOT Total;2016:2020 2016:2020;80.0
350 Lejre;TOT Total;2016:2020 2016:2020;82.5
360 Lolland;TOT Total;2016:2020 2016:2020;78.2
370 Næstved;TOT Total;2016:2020 2016:2020;80.3
376 Guldborgsund;TOT Total;2016:2020 2016:2020;78.9
390 Vordingborg;TOT Total;2016:2020 2016:2020;79.4
400 Bornholm;TOT Total;2016:2020 2016:2020;79.6
410 Middelfart;TOT Total;2016:2020 2016:2020;80.8
420 Assens;TOT Total;2016:2020 2016:2020;81.6
430 Faaborg-Midtfyn;TOT Total;2016:2020 2016:2020;81.3
440 Kerteminde;TOT Total;2016:2020 2016:2020;81.6
450 Nyborg;TOT Total;2016:2020 2016:2020;80.5
461 Odense;TOT Total;2016:2020 2016:2020;81.2
479 Svendborg;TOT Total;2016:2020 2016:2020;80.9
480 Nordfyns;TOT Total;2016:2020 2016:2020;80.8
482 Langeland;TOT Total;2016:2020 2016:2020;80.1
492 Ærø;TOT Total;2016:2020 2016:2020;..
510 Haderslev;TOT Total;2016:2020 2016:2020;81.5
530 Billund;TOT Total;2016:2020 2016:2020;81.4
540 Sønderborg;TOT Total;2016:2020 2016:2020;81.7
550 Tønder;TOT Total;2016:2020 2016:2020;80.7
561 Esbjerg;TOT Total;2016:2020 2016:2020;80.8
563 Fanø;TOT Total;2016:2020 2016:2020;..
573 Varde;TOT Total;2016:2020 2016:2020;81.7
575 Vejen;TOT Total;2016:2020 2016:2020;81.6
580 Aabenraa;TOT Total;2016:2020 2016:2020;80.8
607 Fredericia;TOT Total;2016:2020 2016:2020;81.1
615 Horsens;TOT Total;2016:2020 2016:2020;81.2
621 Kolding;TOT Total;2016:2020 2016:2020;81.5
630 Vejle;TOT Total;2016:2020 2016:2020;81.1
657 Herning;TOT Total;2016:2020 2016:2020;81.6
661 Holstebro;TOT Total;2016:2020 2016:2020;81.9
665 Lemvig;TOT Total;2016:2020 2016:2020;80.9
671 Struer;TOT Total;2016:2020 2016:2020;81.8
706 Syddjurs;TOT Total;2016:2020 2016:2020;81.7
707 Norddjurs;TOT Total;2016:2020 2016:2020;79.8
710 Favrskov;TOT Total;2016:2020 2016:2020;81.9
727 Odder;TOT Total;2016:2020 2016:2020;82.7
730 Randers;TOT Total;2016:2020 2016:2020;80.4
740 Silkeborg;TOT Total;2016:2020 2016:2020;81.7
741 Samsø;TOT Total;2016:2020 2016:2020;..
746 Skanderborg;TOT Total;2016:2020 2016:2020;82.4
751 Aarhus;TOT Total;2016:2020 2016:2020;81.6
756 Ikast-Brande;TOT Total;2016:2020 2016:2020;81.7
760 Ringkøbing-Skjern;TOT Total;2016:2020 2016:2020;81.7
766 Hedensted;TOT Total;2016:2020 2016:2020;82.0
773 Morsø;TOT Total;2016:2020 2016:2020;80.2
779 Skive;TOT Total;2016:2020 2016:2020;81.2
787 Thisted;TOT Total;2016:2020 2016:2020;80.4
791 Viborg;TOT Total;2016:2020 2016:2020;81.9
810 Brønderslev;TOT Total;2016:2020 2016:2020;81.1
813 Frederikshavn;TOT Total;2016:2020 2016:2020;80.6
820 Vesthimmerlands;TOT Total;2016:2020 2016:2020;80.6
825 Læsø;TOT Total;2016:2020 2016:2020;..
840 Rebild;TOT Total;2016:2020 2016:2020;80.9
846 Mariagerfjord;TOT Total;2016:2020 2016:2020;80.9
849 Jammerbugt;TOT Total;2016:2020 2016:2020;81.0
851 Aalborg;TOT Total;2016:2020 2016:2020;81.0
860 Hjørring;TOT Total;2016:2020 2016:2020;81.3
000 All Denmark;TOT Total;2001:2005 2001:2005;77.3
101 Copenhagen;TOT Total;2001:2005 2001:2005;74.9
147 Frederiksberg;TOT Total;2001:2005 2001:2005;77.2
151 Ballerup;TOT Total;2001:2005 2001:2005;76.9
153 Brøndby;TOT Total;2001:2005 2001:2005;76.7
155 Dragør;TOT Total;2001:2005 2001:2005;79.5
157 Gentofte;TOT Total;2001:2005 2001:2005;78.9
159 Gladsaxe;TOT Total;2001:2005 2001:2005;77.2
161 Glostrup;TOT Total;2001:2005 2001:2005;76.9
163 Herlev;TOT Total;2001:2005 2001:2005;76.9
165 Albertslund;TOT Total;2001:2005 2001:2005;77.0
167 Hvidovre;TOT Total;2001:2005 2001:2005;76.2
169 Høje-Taastrup;TOT Total;2001:2005 2001:2005;76.6
173 Lyngby-Taarbæk;TOT Total;2001:2005 2001:2005;78.8
175 Rødovre;TOT Total;2001:2005 2001:2005;76.1
183 Ishøj;TOT Total;2001:2005 2001:2005;75.6
185 Tårnby;TOT Total;2001:2005 2001:2005;76.9
187 Vallensbæk;TOT Total;2001:2005 2001:2005;78.7
190 Furesø;TOT Total;2001:2005 2001:2005;78.9
201 Allerød;TOT Total;2001:2005 2001:2005;79.5
210 Fredensborg;TOT Total;2001:2005 2001:2005;77.4
217 Helsingør;TOT Total;2001:2005 2001:2005;76.9
219 Hillerød;TOT Total;2001:2005 2001:2005;77.9
223 Hørsholm;TOT Total;2001:2005 2001:2005;80.0
230 Rudersdal;TOT Total;2001:2005 2001:2005;79.4
240 Egedal;TOT Total;2001:2005 2001:2005;78.1
250 Frederikssund;TOT Total;2001:2005 2001:2005;76.8
253 Greve;TOT Total;2001:2005 2001:2005;77.1
259 Køge;TOT Total;2001:2005 2001:2005;77.1
260 Halsnæs;TOT Total;2001:2005 2001:2005;76.0
265 Roskilde;TOT Total;2001:2005 2001:2005;77.6
269 Solrød;TOT Total;2001:2005 2001:2005;78.1
270 Gribskov;TOT Total;2001:2005 2001:2005;76.9
306 Odsherred;TOT Total;2001:2005 2001:2005;76.6
316 Holbæk;TOT Total;2001:2005 2001:2005;76.7
320 Faxe;TOT Total;2001:2005 2001:2005;76.9
326 Kalundborg;TOT Total;2001:2005 2001:2005;76.4
329 Ringsted;TOT Total;2001:2005 2001:2005;77.0
330 Slagelse;TOT Total;2001:2005 2001:2005;75.8
336 Stevns;TOT Total;2001:2005 2001:2005;77.7
340 Sorø;TOT Total;2001:2005 2001:2005;76.2
350 Lejre;TOT Total;2001:2005 2001:2005;78.6
360 Lolland;TOT Total;2001:2005 2001:2005;74.6
370 Næstved;TOT Total;2001:2005 2001:2005;77.1
376 Guldborgsund;TOT Total;2001:2005 2001:2005;76.3
390 Vordingborg;TOT Total;2001:2005 2001:2005;76.2
400 Bornholm;TOT Total;2001:2005 2001:2005;77.4
410 Middelfart;TOT Total;2001:2005 2001:2005;77.6
420 Assens;TOT Total;2001:2005 2001:2005;77.5
430 Faaborg-Midtfyn;TOT Total;2001:2005 2001:2005;78.3
440 Kerteminde;TOT Total;2001:2005 2001:2005;77.6
450 Nyborg;TOT Total;2001:2005 2001:2005;77.0
461 Odense;TOT Total;2001:2005 2001:2005;77.3
479 Svendborg;TOT Total;2001:2005 2001:2005;77.7
480 Nordfyns;TOT Total;2001:2005 2001:2005;77.5
482 Langeland;TOT Total;2001:2005 2001:2005;77.3
492 Ærø;TOT Total;2001:2005 2001:2005;..
510 Haderslev;TOT Total;2001:2005 2001:2005;77.4
530 Billund;TOT Total;2001:2005 2001:2005;77.9
540 Sønderborg;TOT Total;2001:2005 2001:2005;79.0
550 Tønder;TOT Total;2001:2005 2001:2005;77.4
561 Esbjerg;TOT Total;2001:2005 2001:2005;76.9
563 Fanø;TOT Total;2001:2005 2001:2005;..
573 Varde;TOT Total;2001:2005 2001:2005;78.4
575 Vejen;TOT Total;2001:2005 2001:2005;77.9
580 Aabenraa;TOT Total;2001:2005 2001:2005;77.8
607 Fredericia;TOT Total;2001:2005 2001:2005;76.9
615 Horsens;TOT Total;2001:2005 2001:2005;76.9
621 Kolding;TOT Total;2001:2005 2001:2005;77.6
630 Vejle;TOT Total;2001:2005 2001:2005;77.7
657 Herning;TOT Total;2001:2005 2001:2005;77.2
661 Holstebro;TOT Total;2001:2005 2001:2005;77.1
665 Lemvig;TOT Total;2001:2005 2001:2005;77.5
671 Struer;TOT Total;2001:2005 2001:2005;78.0
706 Syddjurs;TOT Total;2001:2005 2001:2005;78.6
707 Norddjurs;TOT Total;2001:2005 2001:2005;77.1
710 Favrskov;TOT Total;2001:2005 2001:2005;79.2
727 Odder;TOT Total;2001:2005 2001:2005;78.9
730 Randers;TOT Total;2001:2005 2001:2005;77.1
740 Silkeborg;TOT Total;2001:2005 2001:2005;78.2
741 Samsø;TOT Total;2001:2005 2001:2005;..
746 Skanderborg;TOT Total;2001:2005 2001:2005;78.7
751 Aarhus;TOT Total;2001:2005 2001:2005;78.0
756 Ikast-Brande;TOT Total;2001:2005 2001:2005;78.1
760 Ringkøbing-Skjern;TOT Total;2001:2005 2001:2005;77.8
766 Hedensted;TOT Total;2001:2005 2001:2005;78.4
773 Morsø;TOT Total;2001:2005 2001:2005;76.8
779 Skive;TOT Total;2001:2005 2001:2005;77.7
787 Thisted;TOT Total;2001:2005 2001:2005;76.8
791 Viborg;TOT Total;2001:2005 2001:2005;77.4
810 Brønderslev;TOT Total;2001:2005 2001:2005;77.9
813 Frederikshavn;TOT Total;2001:2005 2001:2005;76.6
820 Vesthimmerlands;TOT Total;2001:2005 2001:2005;77.4
825 Læsø;TOT Total;2001:2005 2001:2005;..
840 Rebild;TOT Total;2001:2005 2001:2005;78.7
846 Mariagerfjord;TOT Total;2001:2005 2001:2005;77.3
849 Jammerbugt;TOT Total;2001:2005 2001:2005;77.6
851 Aalborg;TOT Total;2001:2005 2001:2005;77.3
860 Hjørring;TOT Total;2001:2005 2001:2005;77.4
175 Rødovre;TOT Total;2010:2014 2010:2014;79.3
183 Ishøj;TOT Total;2010:2014 2010:2014;78.1
185 Tårnby;TOT Total;2010:2014 2010:2014;79.3
187 Vallensbæk;TOT Total;2010:2014 2010:2014;81.0
190 Furesø;TOT Total;2010:2014 2010:2014;81.9
201 Allerød;TOT Total;2010:2014 2010:2014;81.8
210 Fredensborg;TOT Total;2010:2014 2010:2014;80.8
217 Helsingør;TOT Total;2010:2014 2010:2014;79.6
219 Hillerød;TOT Total;2010:2014 2010:2014;80.6
223 Hørsholm;TOT Total;2010:2014 2010:2014;81.6
230 Rudersdal;TOT Total;2010:2014 2010:2014;82.3
240 Egedal;TOT Total;2010:2014 2010:2014;81.7
250 Frederikssund;TOT Total;2010:2014 2010:2014;79.4
253 Greve;TOT Total;2010:2014 2010:2014;80.0
259 Køge;TOT Total;2010:2014 2010:2014;79.9
260 Halsnæs;TOT Total;2010:2014 2010:2014;78.9
265 Roskilde;TOT Total;2010:2014 2010:2014;80.4
269 Solrød;TOT Total;2010:2014 2010:2014;80.3
270 Gribskov;TOT Total;2010:2014 2010:2014;80.2
306 Odsherred;TOT Total;2010:2014 2010:2014;78.4
316 Holbæk;TOT Total;2010:2014 2010:2014;79.5
320 Faxe;TOT Total;2010:2014 2010:2014;79.4
326 Kalundborg;TOT Total;2010:2014 2010:2014;78.6
329 Ringsted;TOT Total;2010:2014 2010:2014;79.5
330 Slagelse;TOT Total;2010:2014 2010:2014;78.5
336 Stevns;TOT Total;2010:2014 2010:2014;80.0
340 Sorø;TOT Total;2010:2014 2010:2014;78.8
350 Lejre;TOT Total;2010:2014 2010:2014;80.9
360 Lolland;TOT Total;2010:2014 2010:2014;76.9
370 Næstved;TOT Total;2010:2014 2010:2014;79.3
376 Guldborgsund;TOT Total;2010:2014 2010:2014;77.7
390 Vordingborg;TOT Total;2010:2014 2010:2014;78.5
400 Bornholm;TOT Total;2010:2014 2010:2014;79.3
410 Middelfart;TOT Total;2010:2014 2010:2014;80.3
420 Assens;TOT Total;2010:2014 2010:2014;80.2
430 Faaborg-Midtfyn;TOT Total;2010:2014 2010:2014;80.3
440 Kerteminde;TOT Total;2010:2014 2010:2014;80.0
450 Nyborg;TOT Total;2010:2014 2010:2014;79.8
461 Odense;TOT Total;2010:2014 2010:2014;79.3
479 Svendborg;TOT Total;2010:2014 2010:2014;80.3
480 Nordfyns;TOT Total;2010:2014 2010:2014;79.3
482 Langeland;TOT Total;2010:2014 2010:2014;79.3
492 Ærø;TOT Total;2010:2014 2010:2014;..
510 Haderslev;TOT Total;2010:2014 2010:2014;79.9
530 Billund;TOT Total;2010:2014 2010:2014;80.5
540 Sønderborg;TOT Total;2010:2014 2010:2014;80.2
550 Tønder;TOT Total;2010:2014 2010:2014;79.9
561 Esbjerg;TOT Total;2010:2014 2010:2014;79.4
563 Fanø;TOT Total;2010:2014 2010:2014;..
573 Varde;TOT Total;2010:2014 2010:2014;80.9
575 Vejen;TOT Total;2010:2014 2010:2014;80.2
580 Aabenraa;TOT Total;2010:2014 2010:2014;79.4
607 Fredericia;TOT Total;2010:2014 2010:2014;79.4
615 Horsens;TOT Total;2010:2014 2010:2014;80.2
621 Kolding;TOT Total;2010:2014 2010:2014;80.2
630 Vejle;TOT Total;2010:2014 2010:2014;80.4
657 Herning;TOT Total;2010:2014 2010:2014;81.0
661 Holstebro;TOT Total;2010:2014 2010:2014;80.5
665 Lemvig;TOT Total;2010:2014 2010:2014;80.0
671 Struer;TOT Total;2010:2014 2010:2014;79.7
706 Syddjurs;TOT Total;2010:2014 2010:2014;80.7
707 Norddjurs;TOT Total;2010:2014 2010:2014;79.2
710 Favrskov;TOT Total;2010:2014 2010:2014;81.5
727 Odder;TOT Total;2010:2014 2010:2014;81.1
730 Randers;TOT Total;2010:2014 2010:2014;79.5
740 Silkeborg;TOT Total;2010:2014 2010:2014;80.4
741 Samsø;TOT Total;2010:2014 2010:2014;..
746 Skanderborg;TOT Total;2010:2014 2010:2014;81.3
751 Aarhus;TOT Total;2010:2014 2010:2014;80.5
756 Ikast-Brande;TOT Total;2010:2014 2010:2014;80.2
760 Ringkøbing-Skjern;TOT Total;2010:2014 2010:2014;80.8
766 Hedensted;TOT Total;2010:2014 2010:2014;80.6
773 Morsø;TOT Total;2010:2014 2010:2014;79.2
779 Skive;TOT Total;2010:2014 2010:2014;80.1
787 Thisted;TOT Total;2010:2014 2010:2014;79.2
791 Viborg;TOT Total;2010:2014 2010:2014;80.6
810 Brønderslev;TOT Total;2010:2014 2010:2014;79.5
813 Frederikshavn;TOT Total;2010:2014 2010:2014;79.3
820 Vesthimmerlands;TOT Total;2010:2014 2010:2014;80.0
825 Læsø;TOT Total;2010:2014 2010:2014;..
840 Rebild;TOT Total;2010:2014 2010:2014;80.5
846 Mariagerfjord;TOT Total;2010:2014 2010:2014;80.1
849 Jammerbugt;TOT Total;2010:2014 2010:2014;79.9
851 Aalborg;TOT Total;2010:2014 2010:2014;80.0
860 Hjørring;TOT Total;2010:2014 2010:2014;80.4
000 All Denmark;TOT Total;2015:2019 2015:2019;80.9
101 Copenhagen;TOT Total;2015:2019 2015:2019;79.3
147 Frederiksberg;TOT Total;2015:2019 2015:2019;81.3
151 Ballerup;TOT Total;2015:2019 2015:2019;80.4
153 Brøndby;TOT Total;2015:2019 2015:2019;79.6
155 Dragør;TOT Total;2015:2019 2015:2019;81.7
157 Gentofte;TOT Total;2015:2019 2015:2019;83.3
159 Gladsaxe;TOT Total;2015:2019 2015:2019;80.6
161 Glostrup;TOT Total;2015:2019 2015:2019;80.8
163 Herlev;TOT Total;2015:2019 2015:2019;80.1
165 Albertslund;TOT Total;2015:2019 2015:2019;81.0
167 Hvidovre;TOT Total;2015:2019 2015:2019;80.6
169 Høje-Taastrup;TOT Total;2015:2019 2015:2019;80.7
173 Lyngby-Taarbæk;TOT Total;2015:2019 2015:2019;82.2
175 Rødovre;TOT Total;2015:2019 2015:2019;80.4
183 Ishøj;TOT Total;2015:2019 2015:2019;79.7
185 Tårnby;TOT Total;2015:2019 2015:2019;80.2
187 Vallensbæk;TOT Total;2015:2019 2015:2019;81.8
190 Furesø;TOT Total;2015:2019 2015:2019;82.6
201 Allerød;TOT Total;2015:2019 2015:2019;83.2
210 Fredensborg;TOT Total;2015:2019 2015:2019;81.5
217 Helsingør;TOT Total;2015:2019 2015:2019;81.2
219 Hillerød;TOT Total;2015:2019 2015:2019;81.9
223 Hørsholm;TOT Total;2015:2019 2015:2019;83.2
230 Rudersdal;TOT Total;2015:2019 2015:2019;83.3
240 Egedal;TOT Total;2015:2019 2015:2019;81.8
250 Frederikssund;TOT Total;2015:2019 2015:2019;80.4
253 Greve;TOT Total;2015:2019 2015:2019;81.4
259 Køge;TOT Total;2015:2019 2015:2019;81.0
260 Halsnæs;TOT Total;2015:2019 2015:2019;79.8
265 Roskilde;TOT Total;2015:2019 2015:2019;81.2
269 Solrød;TOT Total;2015:2019 2015:2019;82.5
270 Gribskov;TOT Total;2015:2019 2015:2019;80.8
306 Odsherred;TOT Total;2015:2019 2015:2019;79.9
316 Holbæk;TOT Total;2015:2019 2015:2019;80.3
320 Faxe;TOT Total;2015:2019 2015:2019;80.3
326 Kalundborg;TOT Total;2015:2019 2015:2019;80.3
329 Ringsted;TOT Total;2015:2019 2015:2019;80.4
330 Slagelse;TOT Total;2015:2019 2015:2019;79.7
336 Stevns;TOT Total;2015:2019 2015:2019;81.0
340 Sorø;TOT Total;2015:2019 2015:2019;80.0
350 Lejre;TOT Total;2015:2019 2015:2019;82.3
360 Lolland;TOT Total;2015:2019 2015:2019;77.9
370 Næstved;TOT Total;2015:2019 2015:2019;80.0
376 Guldborgsund;TOT Total;2015:2019 2015:2019;79.1
390 Vordingborg;TOT Total;2015:2019 2015:2019;79.1
400 Bornholm;TOT Total;2015:2019 2015:2019;79.5
410 Middelfart;TOT Total;2015:2019 2015:2019;80.8
420 Assens;TOT Total;2015:2019 2015:2019;81.0
430 Faaborg-Midtfyn;TOT Total;2015:2019 2015:2019;81.1
440 Kerteminde;TOT Total;2015:2019 2015:2019;81.9
450 Nyborg;TOT Total;2015:2019 2015:2019;80.5
461 Odense;TOT Total;2015:2019 2015:2019;81.0
479 Svendborg;TOT Total;2015:2019 2015:2019;81.0
480 Nordfyns;TOT Total;2015:2019 2015:2019;80.7
482 Langeland;TOT Total;2015:2019 2015:2019;79.9
492 Ærø;TOT Total;2015:2019 2015:2019;..
510 Haderslev;TOT Total;2015:2019 2015:2019;81.5
530 Billund;TOT Total;2015:2019 2015:2019;81.2
540 Sønderborg;TOT Total;2015:2019 2015:2019;81.4
550 Tønder;TOT Total;2015:2019 2015:2019;80.7
561 Esbjerg;TOT Total;2015:2019 2015:2019;80.7
563 Fanø;TOT Total;2015:2019 2015:2019;..
573 Varde;TOT Total;2015:2019 2015:2019;81.5
575 Vejen;TOT Total;2015:2019 2015:2019;81.4
580 Aabenraa;TOT Total;2015:2019 2015:2019;80.9
607 Fredericia;TOT Total;2015:2019 2015:2019;80.7
615 Horsens;TOT Total;2015:2019 2015:2019;81.0
621 Kolding;TOT Total;2015:2019 2015:2019;81.4
630 Vejle;TOT Total;2015:2019 2015:2019;80.9
657 Herning;TOT Total;2015:2019 2015:2019;81.3
661 Holstebro;TOT Total;2015:2019 2015:2019;81.7
665 Lemvig;TOT Total;2015:2019 2015:2019;80.3
671 Struer;TOT Total;2015:2019 2015:2019;81.6
706 Syddjurs;TOT Total;2015:2019 2015:2019;81.7
707 Norddjurs;TOT Total;2015:2019 2015:2019;79.5
710 Favrskov;TOT Total;2015:2019 2015:2019;81.7
727 Odder;TOT Total;2015:2019 2015:2019;82.2
730 Randers;TOT Total;2015:2019 2015:2019;80.1
740 Silkeborg;TOT Total;2015:2019 2015:2019;81.5
741 Samsø;TOT Total;2015:2019 2015:2019;..
746 Skanderborg;TOT Total;2015:2019 2015:2019;82.4
751 Aarhus;TOT Total;2015:2019 2015:2019;81.6
756 Ikast-Brande;TOT Total;2015:2019 2015:2019;81.3
760 Ringkøbing-Skjern;TOT Total;2015:2019 2015:2019;81.5
766 Hedensted;TOT Total;2015:2019 2015:2019;81.9
773 Morsø;TOT Total;2015:2019 2015:2019;79.9
779 Skive;TOT Total;2015:2019 2015:2019;80.8
787 Thisted;TOT Total;2015:2019 2015:2019;80.1
791 Viborg;TOT Total;2015:2019 2015:2019;81.8
810 Brønderslev;TOT Total;2015:2019 2015:2019;81.2
813 Frederikshavn;TOT Total;2015:2019 2015:2019;80.5
820 Vesthimmerlands;TOT Total;2015:2019 2015:2019;80.6
825 Læsø;TOT Total;2015:2019 2015:2019;..
840 Rebild;TOT Total;2015:2019 2015:2019;80.8
846 Mariagerfjord;TOT Total;2015:2019 2015:2019;80.7
849 Jammerbugt;TOT Total;2015:2019 2015:2019;80.8
851 Aalborg;TOT Total;2015:2019 2015:2019;80.7
860 Hjørring;TOT Total;2015:2019 2015:2019;81.1
