ULLIG;KOMMUNEDK;TID;INDHOLD
70 Gini coefficient;000 All Denmark;2016 2016;28.97
70 Gini coefficient;101 Copenhagen;2016 2016;33.24
70 Gini coefficient;147 Frederiksberg;2016 2016;34.85
70 Gini coefficient;151 Ballerup;2016 2016;25.77
70 Gini coefficient;153 Brøndby;2016 2016;25.71
70 Gini coefficient;155 Dragør;2016 2016;28.08
70 Gini coefficient;157 Gentofte;2016 2016;45.02
70 Gini coefficient;159 Gladsaxe;2016 2016;28.72
70 Gini coefficient;161 Glostrup;2016 2016;25.76
70 Gini coefficient;163 Herlev;2016 2016;25.71
70 Gini coefficient;165 Albertslund;2016 2016;25.68
70 Gini coefficient;167 Hvidovre;2016 2016;25.10
70 Gini coefficient;169 Høje-Taastrup;2016 2016;25.79
70 Gini coefficient;173 Lyngby-Taarbæk;2016 2016;35.96
70 Gini coefficient;175 Rødovre;2016 2016;25.55
70 Gini coefficient;183 Ishøj;2016 2016;25.07
70 Gini coefficient;185 Tårnby;2016 2016;23.66
70 Gini coefficient;187 Vallensbæk;2016 2016;24.64
70 Gini coefficient;190 Furesø;2016 2016;29.56
70 Gini coefficient;201 Allerød;2016 2016;25.38
70 Gini coefficient;210 Fredensborg;2016 2016;32.48
70 Gini coefficient;217 Helsingør;2016 2016;29.22
70 Gini coefficient;219 Hillerød;2016 2016;26.58
70 Gini coefficient;223 Hørsholm;2016 2016;38.27
70 Gini coefficient;230 Rudersdal;2016 2016;42.63
70 Gini coefficient;240 Egedal;2016 2016;22.64
70 Gini coefficient;250 Frederikssund;2016 2016;24.46
70 Gini coefficient;253 Greve;2016 2016;25.36
70 Gini coefficient;259 Køge;2016 2016;25.08
70 Gini coefficient;260 Halsnæs;2016 2016;22.85
70 Gini coefficient;265 Roskilde;2016 2016;28.94
70 Gini coefficient;269 Solrød;2016 2016;27.49
70 Gini coefficient;270 Gribskov;2016 2016;25.52
70 Gini coefficient;306 Odsherred;2016 2016;23.56
70 Gini coefficient;316 Holbæk;2016 2016;25.36
70 Gini coefficient;320 Faxe;2016 2016;23.78
70 Gini coefficient;326 Kalundborg;2016 2016;25.17
70 Gini coefficient;329 Ringsted;2016 2016;24.82
70 Gini coefficient;330 Slagelse;2016 2016;25.10
70 Gini coefficient;336 Stevns;2016 2016;24.18
70 Gini coefficient;340 Sorø;2016 2016;24.37
70 Gini coefficient;350 Lejre;2016 2016;24.87
70 Gini coefficient;360 Lolland;2016 2016;25.86
70 Gini coefficient;370 Næstved;2016 2016;24.91
70 Gini coefficient;376 Guldborgsund;2016 2016;24.90
70 Gini coefficient;390 Vordingborg;2016 2016;25.43
70 Gini coefficient;400 Bornholm;2016 2016;23.39
70 Gini coefficient;410 Middelfart;2016 2016;25.56
70 Gini coefficient;420 Assens;2016 2016;23.96
70 Gini coefficient;430 Faaborg-Midtfyn;2016 2016;24.58
70 Gini coefficient;440 Kerteminde;2016 2016;26.79
70 Gini coefficient;450 Nyborg;2016 2016;23.68
70 Gini coefficient;461 Odense;2016 2016;28.28
70 Gini coefficient;479 Svendborg;2016 2016;26.62
70 Gini coefficient;480 Nordfyns;2016 2016;23.37
70 Gini coefficient;482 Langeland;2016 2016;22.77
70 Gini coefficient;492 Ærø;2016 2016;26.35
70 Gini coefficient;510 Haderslev;2016 2016;25.54
70 Gini coefficient;530 Billund;2016 2016;25.77
70 Gini coefficient;540 Sønderborg;2016 2016;25.45
70 Gini coefficient;550 Tønder;2016 2016;25.21
70 Gini coefficient;561 Esbjerg;2016 2016;26.69
70 Gini coefficient;563 Fanø;2016 2016;25.49
70 Gini coefficient;573 Varde;2016 2016;25.12
70 Gini coefficient;575 Vejen;2016 2016;25.40
70 Gini coefficient;580 Aabenraa;2016 2016;25.38
70 Gini coefficient;607 Fredericia;2016 2016;27.22
70 Gini coefficient;615 Horsens;2016 2016;25.89
70 Gini coefficient;621 Kolding;2016 2016;26.61
70 Gini coefficient;630 Vejle;2016 2016;26.32
70 Gini coefficient;657 Herning;2016 2016;25.65
70 Gini coefficient;661 Holstebro;2016 2016;26.07
70 Gini coefficient;665 Lemvig;2016 2016;30.29
70 Gini coefficient;671 Struer;2016 2016;24.75
70 Gini coefficient;706 Syddjurs;2016 2016;25.41
70 Gini coefficient;707 Norddjurs;2016 2016;24.23
70 Gini coefficient;710 Favrskov;2016 2016;23.17
70 Gini coefficient;727 Odder;2016 2016;23.97
70 Gini coefficient;730 Randers;2016 2016;24.65
70 Gini coefficient;740 Silkeborg;2016 2016;27.25
70 Gini coefficient;741 Samsø;2016 2016;31.30
70 Gini coefficient;746 Skanderborg;2016 2016;24.16
70 Gini coefficient;751 Aarhus;2016 2016;31.94
70 Gini coefficient;756 Ikast-Brande;2016 2016;24.28
70 Gini coefficient;760 Ringkøbing-Skjern;2016 2016;25.65
70 Gini coefficient;766 Hedensted;2016 2016;23.46
70 Gini coefficient;773 Morsø;2016 2016;23.88
70 Gini coefficient;779 Skive;2016 2016;23.70
70 Gini coefficient;787 Thisted;2016 2016;24.95
70 Gini coefficient;791 Viborg;2016 2016;25.05
70 Gini coefficient;810 Brønderslev;2016 2016;26.40
70 Gini coefficient;813 Frederikshavn;2016 2016;24.72
70 Gini coefficient;820 Vesthimmerlands;2016 2016;23.94
70 Gini coefficient;825 Læsø;2016 2016;22.50
70 Gini coefficient;840 Rebild;2016 2016;24.33
70 Gini coefficient;846 Mariagerfjord;2016 2016;24.15
70 Gini coefficient;849 Jammerbugt;2016 2016;24.43
70 Gini coefficient;851 Aalborg;2016 2016;28.05
70 Gini coefficient;860 Hjørring;2016 2016;26.14
71 Hoover index;000 All Denmark;2016 2016;19.85
71 Hoover index;101 Copenhagen;2016 2016;23.12
71 Hoover index;147 Frederiksberg;2016 2016;24.12
71 Hoover index;151 Ballerup;2016 2016;18.28
71 Hoover index;153 Brøndby;2016 2016;18.17
71 Hoover index;155 Dragør;2016 2016;18.99
71 Hoover index;157 Gentofte;2016 2016;31.15
71 Hoover index;159 Gladsaxe;2016 2016;20.27
71 Hoover index;161 Glostrup;2016 2016;18.14
71 Hoover index;163 Herlev;2016 2016;18.11
71 Hoover index;165 Albertslund;2016 2016;18.04
71 Hoover index;167 Hvidovre;2016 2016;17.63
71 Hoover index;169 Høje-Taastrup;2016 2016;18.07
71 Hoover index;173 Lyngby-Taarbæk;2016 2016;24.69
71 Hoover index;175 Rødovre;2016 2016;18.05
71 Hoover index;183 Ishøj;2016 2016;17.54
71 Hoover index;185 Tårnby;2016 2016;16.49
71 Hoover index;187 Vallensbæk;2016 2016;16.98
71 Hoover index;190 Furesø;2016 2016;20.38
71 Hoover index;201 Allerød;2016 2016;17.35
71 Hoover index;210 Fredensborg;2016 2016;22.15
71 Hoover index;217 Helsingør;2016 2016;20.16
71 Hoover index;219 Hillerød;2016 2016;18.31
71 Hoover index;223 Hørsholm;2016 2016;26.33
71 Hoover index;230 Rudersdal;2016 2016;29.11
71 Hoover index;240 Egedal;2016 2016;15.50
71 Hoover index;250 Frederikssund;2016 2016;16.99
71 Hoover index;253 Greve;2016 2016;17.50
71 Hoover index;259 Køge;2016 2016;17.42
71 Hoover index;260 Halsnæs;2016 2016;15.79
71 Hoover index;265 Roskilde;2016 2016;19.77
71 Hoover index;269 Solrød;2016 2016;18.61
71 Hoover index;270 Gribskov;2016 2016;17.48
71 Hoover index;306 Odsherred;2016 2016;16.35
71 Hoover index;316 Holbæk;2016 2016;17.49
71 Hoover index;320 Faxe;2016 2016;16.41
71 Hoover index;326 Kalundborg;2016 2016;17.45
71 Hoover index;329 Ringsted;2016 2016;17.16
71 Hoover index;330 Slagelse;2016 2016;17.49
71 Hoover index;336 Stevns;2016 2016;16.65
71 Hoover index;340 Sorø;2016 2016;16.90
71 Hoover index;350 Lejre;2016 2016;16.94
71 Hoover index;360 Lolland;2016 2016;17.57
71 Hoover index;370 Næstved;2016 2016;17.26
71 Hoover index;376 Guldborgsund;2016 2016;17.18
71 Hoover index;390 Vordingborg;2016 2016;17.46
71 Hoover index;400 Bornholm;2016 2016;16.02
71 Hoover index;410 Middelfart;2016 2016;17.38
71 Hoover index;420 Assens;2016 2016;16.46
71 Hoover index;430 Faaborg-Midtfyn;2016 2016;16.65
71 Hoover index;440 Kerteminde;2016 2016;18.17
71 Hoover index;450 Nyborg;2016 2016;16.34
71 Hoover index;461 Odense;2016 2016;19.67
71 Hoover index;479 Svendborg;2016 2016;18.37
71 Hoover index;480 Nordfyns;2016 2016;16.00
71 Hoover index;482 Langeland;2016 2016;15.82
71 Hoover index;492 Ærø;2016 2016;18.03
71 Hoover index;510 Haderslev;2016 2016;17.38
71 Hoover index;530 Billund;2016 2016;17.41
71 Hoover index;540 Sønderborg;2016 2016;17.57
71 Hoover index;550 Tønder;2016 2016;17.08
71 Hoover index;561 Esbjerg;2016 2016;18.32
71 Hoover index;563 Fanø;2016 2016;17.60
71 Hoover index;573 Varde;2016 2016;16.93
71 Hoover index;575 Vejen;2016 2016;17.14
71 Hoover index;580 Aabenraa;2016 2016;17.42
71 Hoover index;607 Fredericia;2016 2016;18.69
71 Hoover index;615 Horsens;2016 2016;17.74
71 Hoover index;621 Kolding;2016 2016;18.27
71 Hoover index;630 Vejle;2016 2016;18.06
71 Hoover index;657 Herning;2016 2016;17.41
71 Hoover index;661 Holstebro;2016 2016;17.56
71 Hoover index;665 Lemvig;2016 2016;19.91
71 Hoover index;671 Struer;2016 2016;16.87
71 Hoover index;706 Syddjurs;2016 2016;17.27
71 Hoover index;707 Norddjurs;2016 2016;16.68
71 Hoover index;710 Favrskov;2016 2016;15.82
71 Hoover index;727 Odder;2016 2016;16.42
71 Hoover index;730 Randers;2016 2016;17.01
71 Hoover index;740 Silkeborg;2016 2016;18.52
71 Hoover index;741 Samsø;2016 2016;20.15
71 Hoover index;746 Skanderborg;2016 2016;16.47
71 Hoover index;751 Aarhus;2016 2016;22.17
71 Hoover index;756 Ikast-Brande;2016 2016;16.54
71 Hoover index;760 Ringkøbing-Skjern;2016 2016;17.18
71 Hoover index;766 Hedensted;2016 2016;16.02
71 Hoover index;773 Morsø;2016 2016;16.37
71 Hoover index;779 Skive;2016 2016;16.24
71 Hoover index;787 Thisted;2016 2016;16.94
71 Hoover index;791 Viborg;2016 2016;17.04
71 Hoover index;810 Brønderslev;2016 2016;17.64
71 Hoover index;813 Frederikshavn;2016 2016;16.99
71 Hoover index;820 Vesthimmerlands;2016 2016;16.41
71 Hoover index;825 Læsø;2016 2016;15.54
71 Hoover index;840 Rebild;2016 2016;16.61
71 Hoover index;846 Mariagerfjord;2016 2016;16.62
71 Hoover index;849 Jammerbugt;2016 2016;16.53
71 Hoover index;851 Aalborg;2016 2016;19.29
71 Hoover index;860 Hjørring;2016 2016;17.70
72 S80/S20 (Income quintile share ratio);000 All Denmark;2016 2016;4.46
72 S80/S20 (Income quintile share ratio);101 Copenhagen;2016 2016;5.93
72 S80/S20 (Income quintile share ratio);147 Frederiksberg;2016 2016;6.38
72 S80/S20 (Income quintile share ratio);151 Ballerup;2016 2016;3.70
72 S80/S20 (Income quintile share ratio);153 Brøndby;2016 2016;3.73
72 S80/S20 (Income quintile share ratio);155 Dragør;2016 2016;4.38
72 S80/S20 (Income quintile share ratio);157 Gentofte;2016 2016;10.65
72 S80/S20 (Income quintile share ratio);159 Gladsaxe;2016 2016;4.51
72 S80/S20 (Income quintile share ratio);161 Glostrup;2016 2016;3.82
72 S80/S20 (Income quintile share ratio);163 Herlev;2016 2016;3.72
72 S80/S20 (Income quintile share ratio);165 Albertslund;2016 2016;3.85
72 S80/S20 (Income quintile share ratio);167 Hvidovre;2016 2016;3.71
72 S80/S20 (Income quintile share ratio);169 Høje-Taastrup;2016 2016;3.85
72 S80/S20 (Income quintile share ratio);173 Lyngby-Taarbæk;2016 2016;6.60
72 S80/S20 (Income quintile share ratio);175 Rødovre;2016 2016;3.69
72 S80/S20 (Income quintile share ratio);183 Ishøj;2016 2016;3.65
72 S80/S20 (Income quintile share ratio);185 Tårnby;2016 2016;3.51
72 S80/S20 (Income quintile share ratio);187 Vallensbæk;2016 2016;3.68
72 S80/S20 (Income quintile share ratio);190 Furesø;2016 2016;4.71
72 S80/S20 (Income quintile share ratio);201 Allerød;2016 2016;3.79
72 S80/S20 (Income quintile share ratio);210 Fredensborg;2016 2016;5.11
72 S80/S20 (Income quintile share ratio);217 Helsingør;2016 2016;4.37
72 S80/S20 (Income quintile share ratio);219 Hillerød;2016 2016;3.99
72 S80/S20 (Income quintile share ratio);223 Hørsholm;2016 2016;7.18
72 S80/S20 (Income quintile share ratio);230 Rudersdal;2016 2016;8.74
72 S80/S20 (Income quintile share ratio);240 Egedal;2016 2016;3.25
72 S80/S20 (Income quintile share ratio);250 Frederikssund;2016 2016;3.49
72 S80/S20 (Income quintile share ratio);253 Greve;2016 2016;3.75
72 S80/S20 (Income quintile share ratio);259 Køge;2016 2016;3.63
72 S80/S20 (Income quintile share ratio);260 Halsnæs;2016 2016;3.23
72 S80/S20 (Income quintile share ratio);265 Roskilde;2016 2016;4.71
72 S80/S20 (Income quintile share ratio);269 Solrød;2016 2016;4.10
72 S80/S20 (Income quintile share ratio);270 Gribskov;2016 2016;3.74
72 S80/S20 (Income quintile share ratio);306 Odsherred;2016 2016;3.33
72 S80/S20 (Income quintile share ratio);316 Holbæk;2016 2016;3.73
72 S80/S20 (Income quintile share ratio);320 Faxe;2016 2016;3.44
72 S80/S20 (Income quintile share ratio);326 Kalundborg;2016 2016;3.67
72 S80/S20 (Income quintile share ratio);329 Ringsted;2016 2016;3.62
72 S80/S20 (Income quintile share ratio);330 Slagelse;2016 2016;3.69
72 S80/S20 (Income quintile share ratio);336 Stevns;2016 2016;3.47
72 S80/S20 (Income quintile share ratio);340 Sorø;2016 2016;3.49
72 S80/S20 (Income quintile share ratio);350 Lejre;2016 2016;3.59
72 S80/S20 (Income quintile share ratio);360 Lolland;2016 2016;3.74
72 S80/S20 (Income quintile share ratio);370 Næstved;2016 2016;3.63
72 S80/S20 (Income quintile share ratio);376 Guldborgsund;2016 2016;3.59
72 S80/S20 (Income quintile share ratio);390 Vordingborg;2016 2016;3.76
72 S80/S20 (Income quintile share ratio);400 Bornholm;2016 2016;3.24
72 S80/S20 (Income quintile share ratio);410 Middelfart;2016 2016;3.72
72 S80/S20 (Income quintile share ratio);420 Assens;2016 2016;3.37
72 S80/S20 (Income quintile share ratio);430 Faaborg-Midtfyn;2016 2016;3.65
72 S80/S20 (Income quintile share ratio);440 Kerteminde;2016 2016;3.79
72 S80/S20 (Income quintile share ratio);450 Nyborg;2016 2016;3.34
72 S80/S20 (Income quintile share ratio);461 Odense;2016 2016;4.44
72 S80/S20 (Income quintile share ratio);479 Svendborg;2016 2016;3.89
72 S80/S20 (Income quintile share ratio);480 Nordfyns;2016 2016;3.31
72 S80/S20 (Income quintile share ratio);482 Langeland;2016 2016;3.14
72 S80/S20 (Income quintile share ratio);492 Ærø;2016 2016;3.88
72 S80/S20 (Income quintile share ratio);510 Haderslev;2016 2016;3.78
72 S80/S20 (Income quintile share ratio);530 Billund;2016 2016;3.82
72 S80/S20 (Income quintile share ratio);540 Sønderborg;2016 2016;3.59
72 S80/S20 (Income quintile share ratio);550 Tønder;2016 2016;3.74
72 S80/S20 (Income quintile share ratio);561 Esbjerg;2016 2016;3.94
72 S80/S20 (Income quintile share ratio);563 Fanø;2016 2016;3.65
72 S80/S20 (Income quintile share ratio);573 Varde;2016 2016;3.77
72 S80/S20 (Income quintile share ratio);575 Vejen;2016 2016;3.75
72 S80/S20 (Income quintile share ratio);580 Aabenraa;2016 2016;3.65
72 S80/S20 (Income quintile share ratio);607 Fredericia;2016 2016;3.89
72 S80/S20 (Income quintile share ratio);615 Horsens;2016 2016;3.81
72 S80/S20 (Income quintile share ratio);621 Kolding;2016 2016;3.95
72 S80/S20 (Income quintile share ratio);630 Vejle;2016 2016;3.86
72 S80/S20 (Income quintile share ratio);657 Herning;2016 2016;3.77
72 S80/S20 (Income quintile share ratio);661 Holstebro;2016 2016;3.98
72 S80/S20 (Income quintile share ratio);665 Lemvig;2016 2016;4.86
72 S80/S20 (Income quintile share ratio);671 Struer;2016 2016;3.57
72 S80/S20 (Income quintile share ratio);706 Syddjurs;2016 2016;3.64
72 S80/S20 (Income quintile share ratio);707 Norddjurs;2016 2016;3.54
72 S80/S20 (Income quintile share ratio);710 Favrskov;2016 2016;3.30
72 S80/S20 (Income quintile share ratio);727 Odder;2016 2016;3.44
72 S80/S20 (Income quintile share ratio);730 Randers;2016 2016;3.56
72 S80/S20 (Income quintile share ratio);740 Silkeborg;2016 2016;3.94
72 S80/S20 (Income quintile share ratio);741 Samsø;2016 2016;6.18
72 S80/S20 (Income quintile share ratio);746 Skanderborg;2016 2016;3.45
72 S80/S20 (Income quintile share ratio);751 Aarhus;2016 2016;5.45
72 S80/S20 (Income quintile share ratio);756 Ikast-Brande;2016 2016;3.45
72 S80/S20 (Income quintile share ratio);760 Ringkøbing-Skjern;2016 2016;3.86
72 S80/S20 (Income quintile share ratio);766 Hedensted;2016 2016;3.31
72 S80/S20 (Income quintile share ratio);773 Morsø;2016 2016;3.36
72 S80/S20 (Income quintile share ratio);779 Skive;2016 2016;3.34
72 S80/S20 (Income quintile share ratio);787 Thisted;2016 2016;3.56
72 S80/S20 (Income quintile share ratio);791 Viborg;2016 2016;3.70
72 S80/S20 (Income quintile share ratio);810 Brønderslev;2016 2016;3.86
72 S80/S20 (Income quintile share ratio);813 Frederikshavn;2016 2016;3.49
72 S80/S20 (Income quintile share ratio);820 Vesthimmerlands;2016 2016;3.44
72 S80/S20 (Income quintile share ratio);825 Læsø;2016 2016;3.14
72 S80/S20 (Income quintile share ratio);840 Rebild;2016 2016;3.50
72 S80/S20 (Income quintile share ratio);846 Mariagerfjord;2016 2016;3.43
72 S80/S20 (Income quintile share ratio);849 Jammerbugt;2016 2016;3.61
72 S80/S20 (Income quintile share ratio);851 Aalborg;2016 2016;4.46
72 S80/S20 (Income quintile share ratio);860 Hjørring;2016 2016;3.86
73 P90/10 (Upper decile boundary divided by lower);000 All Denmark;2016 2016;3.24
73 P90/10 (Upper decile boundary divided by lower);101 Copenhagen;2016 2016;4.26
73 P90/10 (Upper decile boundary divided by lower);147 Frederiksberg;2016 2016;4.51
73 P90/10 (Upper decile boundary divided by lower);151 Ballerup;2016 2016;3.06
73 P90/10 (Upper decile boundary divided by lower);153 Brøndby;2016 2016;3.03
73 P90/10 (Upper decile boundary divided by lower);155 Dragør;2016 2016;3.27
73 P90/10 (Upper decile boundary divided by lower);157 Gentofte;2016 2016;5.76
73 P90/10 (Upper decile boundary divided by lower);159 Gladsaxe;2016 2016;3.61
73 P90/10 (Upper decile boundary divided by lower);161 Glostrup;2016 2016;3.12
73 P90/10 (Upper decile boundary divided by lower);163 Herlev;2016 2016;3.05
73 P90/10 (Upper decile boundary divided by lower);165 Albertslund;2016 2016;3.16
73 P90/10 (Upper decile boundary divided by lower);167 Hvidovre;2016 2016;3.06
73 P90/10 (Upper decile boundary divided by lower);169 Høje-Taastrup;2016 2016;3.17
73 P90/10 (Upper decile boundary divided by lower);173 Lyngby-Taarbæk;2016 2016;4.45
73 P90/10 (Upper decile boundary divided by lower);175 Rødovre;2016 2016;3.06
73 P90/10 (Upper decile boundary divided by lower);183 Ishøj;2016 2016;2.96
73 P90/10 (Upper decile boundary divided by lower);185 Tårnby;2016 2016;2.93
73 P90/10 (Upper decile boundary divided by lower);187 Vallensbæk;2016 2016;3.01
73 P90/10 (Upper decile boundary divided by lower);190 Furesø;2016 2016;3.62
73 P90/10 (Upper decile boundary divided by lower);201 Allerød;2016 2016;3.02
73 P90/10 (Upper decile boundary divided by lower);210 Fredensborg;2016 2016;3.44
73 P90/10 (Upper decile boundary divided by lower);217 Helsingør;2016 2016;3.25
73 P90/10 (Upper decile boundary divided by lower);219 Hillerød;2016 2016;3.14
73 P90/10 (Upper decile boundary divided by lower);223 Hørsholm;2016 2016;4.43
73 P90/10 (Upper decile boundary divided by lower);230 Rudersdal;2016 2016;4.68
73 P90/10 (Upper decile boundary divided by lower);240 Egedal;2016 2016;2.65
73 P90/10 (Upper decile boundary divided by lower);250 Frederikssund;2016 2016;2.84
73 P90/10 (Upper decile boundary divided by lower);253 Greve;2016 2016;2.99
73 P90/10 (Upper decile boundary divided by lower);259 Køge;2016 2016;2.91
73 P90/10 (Upper decile boundary divided by lower);260 Halsnæs;2016 2016;2.64
73 P90/10 (Upper decile boundary divided by lower);265 Roskilde;2016 2016;3.41
73 P90/10 (Upper decile boundary divided by lower);269 Solrød;2016 2016;2.98
73 P90/10 (Upper decile boundary divided by lower);270 Gribskov;2016 2016;2.87
73 P90/10 (Upper decile boundary divided by lower);306 Odsherred;2016 2016;2.66
73 P90/10 (Upper decile boundary divided by lower);316 Holbæk;2016 2016;2.90
73 P90/10 (Upper decile boundary divided by lower);320 Faxe;2016 2016;2.76
73 P90/10 (Upper decile boundary divided by lower);326 Kalundborg;2016 2016;2.88
73 P90/10 (Upper decile boundary divided by lower);329 Ringsted;2016 2016;2.87
73 P90/10 (Upper decile boundary divided by lower);330 Slagelse;2016 2016;2.97
73 P90/10 (Upper decile boundary divided by lower);336 Stevns;2016 2016;2.71
73 P90/10 (Upper decile boundary divided by lower);340 Sorø;2016 2016;2.81
73 P90/10 (Upper decile boundary divided by lower);350 Lejre;2016 2016;2.73
73 P90/10 (Upper decile boundary divided by lower);360 Lolland;2016 2016;2.59
73 P90/10 (Upper decile boundary divided by lower);370 Næstved;2016 2016;2.89
73 P90/10 (Upper decile boundary divided by lower);376 Guldborgsund;2016 2016;2.77
73 P90/10 (Upper decile boundary divided by lower);390 Vordingborg;2016 2016;2.81
73 P90/10 (Upper decile boundary divided by lower);400 Bornholm;2016 2016;2.46
73 P90/10 (Upper decile boundary divided by lower);410 Middelfart;2016 2016;2.68
73 P90/10 (Upper decile boundary divided by lower);420 Assens;2016 2016;2.59
73 P90/10 (Upper decile boundary divided by lower);430 Faaborg-Midtfyn;2016 2016;2.55
73 P90/10 (Upper decile boundary divided by lower);440 Kerteminde;2016 2016;2.67
73 P90/10 (Upper decile boundary divided by lower);450 Nyborg;2016 2016;2.64
73 P90/10 (Upper decile boundary divided by lower);461 Odense;2016 2016;3.54
73 P90/10 (Upper decile boundary divided by lower);479 Svendborg;2016 2016;3.01
73 P90/10 (Upper decile boundary divided by lower);480 Nordfyns;2016 2016;2.55
73 P90/10 (Upper decile boundary divided by lower);482 Langeland;2016 2016;2.50
73 P90/10 (Upper decile boundary divided by lower);492 Ærø;2016 2016;2.86
73 P90/10 (Upper decile boundary divided by lower);510 Haderslev;2016 2016;2.73
73 P90/10 (Upper decile boundary divided by lower);530 Billund;2016 2016;2.70
73 P90/10 (Upper decile boundary divided by lower);540 Sønderborg;2016 2016;2.78
73 P90/10 (Upper decile boundary divided by lower);550 Tønder;2016 2016;2.66
73 P90/10 (Upper decile boundary divided by lower);561 Esbjerg;2016 2016;2.96
73 P90/10 (Upper decile boundary divided by lower);563 Fanø;2016 2016;2.89
73 P90/10 (Upper decile boundary divided by lower);573 Varde;2016 2016;2.63
73 P90/10 (Upper decile boundary divided by lower);575 Vejen;2016 2016;2.62
73 P90/10 (Upper decile boundary divided by lower);580 Aabenraa;2016 2016;2.76
73 P90/10 (Upper decile boundary divided by lower);607 Fredericia;2016 2016;2.92
73 P90/10 (Upper decile boundary divided by lower);615 Horsens;2016 2016;2.91
73 P90/10 (Upper decile boundary divided by lower);621 Kolding;2016 2016;3.01
73 P90/10 (Upper decile boundary divided by lower);630 Vejle;2016 2016;2.93
73 P90/10 (Upper decile boundary divided by lower);657 Herning;2016 2016;2.80
73 P90/10 (Upper decile boundary divided by lower);661 Holstebro;2016 2016;2.79
73 P90/10 (Upper decile boundary divided by lower);665 Lemvig;2016 2016;2.62
73 P90/10 (Upper decile boundary divided by lower);671 Struer;2016 2016;2.63
73 P90/10 (Upper decile boundary divided by lower);706 Syddjurs;2016 2016;2.69
73 P90/10 (Upper decile boundary divided by lower);707 Norddjurs;2016 2016;2.76
73 P90/10 (Upper decile boundary divided by lower);710 Favrskov;2016 2016;2.58
73 P90/10 (Upper decile boundary divided by lower);727 Odder;2016 2016;2.70
73 P90/10 (Upper decile boundary divided by lower);730 Randers;2016 2016;2.80
73 P90/10 (Upper decile boundary divided by lower);740 Silkeborg;2016 2016;2.84
73 P90/10 (Upper decile boundary divided by lower);741 Samsø;2016 2016;2.55
73 P90/10 (Upper decile boundary divided by lower);746 Skanderborg;2016 2016;2.70
73 P90/10 (Upper decile boundary divided by lower);751 Aarhus;2016 2016;4.10
73 P90/10 (Upper decile boundary divided by lower);756 Ikast-Brande;2016 2016;2.58
73 P90/10 (Upper decile boundary divided by lower);760 Ringkøbing-Skjern;2016 2016;2.58
73 P90/10 (Upper decile boundary divided by lower);766 Hedensted;2016 2016;2.54
73 P90/10 (Upper decile boundary divided by lower);773 Morsø;2016 2016;2.55
73 P90/10 (Upper decile boundary divided by lower);779 Skive;2016 2016;2.57
73 P90/10 (Upper decile boundary divided by lower);787 Thisted;2016 2016;2.59
73 P90/10 (Upper decile boundary divided by lower);791 Viborg;2016 2016;2.75
73 P90/10 (Upper decile boundary divided by lower);810 Brønderslev;2016 2016;2.57
73 P90/10 (Upper decile boundary divided by lower);813 Frederikshavn;2016 2016;2.64
73 P90/10 (Upper decile boundary divided by lower);820 Vesthimmerlands;2016 2016;2.58
73 P90/10 (Upper decile boundary divided by lower);825 Læsø;2016 2016;2.41
73 P90/10 (Upper decile boundary divided by lower);840 Rebild;2016 2016;2.63
73 P90/10 (Upper decile boundary divided by lower);846 Mariagerfjord;2016 2016;2.65
73 P90/10 (Upper decile boundary divided by lower);849 Jammerbugt;2016 2016;2.59
73 P90/10 (Upper decile boundary divided by lower);851 Aalborg;2016 2016;3.44
73 P90/10 (Upper decile boundary divided by lower);860 Hjørring;2016 2016;2.72
70 Gini coefficient;000 All Denmark;1999 1999;23.83
70 Gini coefficient;101 Copenhagen;1999 1999;25.48
70 Gini coefficient;147 Frederiksberg;1999 1999;27.77
70 Gini coefficient;151 Ballerup;1999 1999;21.46
70 Gini coefficient;153 Brøndby;1999 1999;21.54
70 Gini coefficient;155 Dragør;1999 1999;22.82
70 Gini coefficient;157 Gentofte;1999 1999;34.22
70 Gini coefficient;159 Gladsaxe;1999 1999;22.81
70 Gini coefficient;161 Glostrup;1999 1999;21.11
70 Gini coefficient;163 Herlev;1999 1999;22.21
70 Gini coefficient;165 Albertslund;1999 1999;23.02
70 Gini coefficient;167 Hvidovre;1999 1999;20.96
70 Gini coefficient;169 Høje-Taastrup;1999 1999;21.92
70 Gini coefficient;173 Lyngby-Taarbæk;1999 1999;28.69
70 Gini coefficient;175 Rødovre;1999 1999;20.62
70 Gini coefficient;183 Ishøj;1999 1999;22.39
70 Gini coefficient;185 Tårnby;1999 1999;19.46
70 Gini coefficient;187 Vallensbæk;1999 1999;20.42
70 Gini coefficient;190 Furesø;1999 1999;25.11
70 Gini coefficient;201 Allerød;1999 1999;22.18
70 Gini coefficient;210 Fredensborg;1999 1999;25.70
70 Gini coefficient;217 Helsingør;1999 1999;24.82
70 Gini coefficient;219 Hillerød;1999 1999;22.90
70 Gini coefficient;223 Hørsholm;1999 1999;32.59
70 Gini coefficient;230 Rudersdal;1999 1999;35.68
70 Gini coefficient;240 Egedal;1999 1999;19.69
70 Gini coefficient;250 Frederikssund;1999 1999;21.27
70 Gini coefficient;253 Greve;1999 1999;21.88
70 Gini coefficient;259 Køge;1999 1999;21.30
70 Gini coefficient;260 Halsnæs;1999 1999;20.06
70 Gini coefficient;265 Roskilde;1999 1999;23.20
70 Gini coefficient;269 Solrød;1999 1999;21.51
70 Gini coefficient;270 Gribskov;1999 1999;21.38
70 Gini coefficient;306 Odsherred;1999 1999;20.72
70 Gini coefficient;316 Holbæk;1999 1999;22.00
70 Gini coefficient;320 Faxe;1999 1999;20.86
70 Gini coefficient;326 Kalundborg;1999 1999;21.48
70 Gini coefficient;329 Ringsted;1999 1999;22.36
70 Gini coefficient;330 Slagelse;1999 1999;21.33
70 Gini coefficient;336 Stevns;1999 1999;20.79
70 Gini coefficient;340 Sorø;1999 1999;21.56
70 Gini coefficient;350 Lejre;1999 1999;20.49
70 Gini coefficient;360 Lolland;1999 1999;21.23
70 Gini coefficient;370 Næstved;1999 1999;21.33
70 Gini coefficient;376 Guldborgsund;1999 1999;21.06
70 Gini coefficient;390 Vordingborg;1999 1999;21.60
70 Gini coefficient;400 Bornholm;1999 1999;20.42
70 Gini coefficient;410 Middelfart;1999 1999;21.11
70 Gini coefficient;420 Assens;1999 1999;20.56
70 Gini coefficient;430 Faaborg-Midtfyn;1999 1999;20.80
70 Gini coefficient;440 Kerteminde;1999 1999;20.58
70 Gini coefficient;450 Nyborg;1999 1999;20.51
70 Gini coefficient;461 Odense;1999 1999;23.58
70 Gini coefficient;479 Svendborg;1999 1999;22.71
70 Gini coefficient;480 Nordfyns;1999 1999;20.36
70 Gini coefficient;482 Langeland;1999 1999;20.68
70 Gini coefficient;492 Ærø;1999 1999;23.46
70 Gini coefficient;510 Haderslev;1999 1999;20.95
70 Gini coefficient;530 Billund;1999 1999;24.68
70 Gini coefficient;540 Sønderborg;1999 1999;21.76
70 Gini coefficient;550 Tønder;1999 1999;22.03
70 Gini coefficient;561 Esbjerg;1999 1999;21.98
70 Gini coefficient;563 Fanø;1999 1999;21.79
70 Gini coefficient;573 Varde;1999 1999;21.08
70 Gini coefficient;575 Vejen;1999 1999;20.78
70 Gini coefficient;580 Aabenraa;1999 1999;22.57
70 Gini coefficient;607 Fredericia;1999 1999;20.37
70 Gini coefficient;615 Horsens;1999 1999;22.36
70 Gini coefficient;621 Kolding;1999 1999;23.32
70 Gini coefficient;630 Vejle;1999 1999;23.13
70 Gini coefficient;657 Herning;1999 1999;22.25
70 Gini coefficient;661 Holstebro;1999 1999;22.54
70 Gini coefficient;665 Lemvig;1999 1999;22.18
70 Gini coefficient;671 Struer;1999 1999;20.94
70 Gini coefficient;706 Syddjurs;1999 1999;22.43
70 Gini coefficient;707 Norddjurs;1999 1999;21.12
70 Gini coefficient;710 Favrskov;1999 1999;20.02
70 Gini coefficient;727 Odder;1999 1999;22.52
70 Gini coefficient;730 Randers;1999 1999;21.58
70 Gini coefficient;740 Silkeborg;1999 1999;22.95
70 Gini coefficient;741 Samsø;1999 1999;23.33
70 Gini coefficient;746 Skanderborg;1999 1999;20.66
70 Gini coefficient;751 Aarhus;1999 1999;26.34
70 Gini coefficient;756 Ikast-Brande;1999 1999;21.87
70 Gini coefficient;760 Ringkøbing-Skjern;1999 1999;21.92
70 Gini coefficient;766 Hedensted;1999 1999;20.28
70 Gini coefficient;773 Morsø;1999 1999;22.46
70 Gini coefficient;779 Skive;1999 1999;21.53
70 Gini coefficient;787 Thisted;1999 1999;21.82
70 Gini coefficient;791 Viborg;1999 1999;21.11
70 Gini coefficient;810 Brønderslev;1999 1999;21.30
70 Gini coefficient;813 Frederikshavn;1999 1999;21.05
70 Gini coefficient;820 Vesthimmerlands;1999 1999;21.53
70 Gini coefficient;825 Læsø;1999 1999;22.01
70 Gini coefficient;840 Rebild;1999 1999;21.65
70 Gini coefficient;846 Mariagerfjord;1999 1999;21.27
70 Gini coefficient;849 Jammerbugt;1999 1999;20.94
70 Gini coefficient;851 Aalborg;1999 1999;22.87
70 Gini coefficient;860 Hjørring;1999 1999;21.23
71 Hoover index;000 All Denmark;1999 1999;16.33
71 Hoover index;101 Copenhagen;1999 1999;17.89
71 Hoover index;147 Frederiksberg;1999 1999;19.32
71 Hoover index;151 Ballerup;1999 1999;14.97
71 Hoover index;153 Brøndby;1999 1999;15.27
71 Hoover index;155 Dragør;1999 1999;15.46
71 Hoover index;157 Gentofte;1999 1999;23.20
71 Hoover index;159 Gladsaxe;1999 1999;15.83
71 Hoover index;161 Glostrup;1999 1999;14.76
71 Hoover index;163 Herlev;1999 1999;15.51
71 Hoover index;165 Albertslund;1999 1999;16.10
71 Hoover index;167 Hvidovre;1999 1999;14.65
71 Hoover index;169 Høje-Taastrup;1999 1999;15.31
71 Hoover index;173 Lyngby-Taarbæk;1999 1999;19.60
71 Hoover index;175 Rødovre;1999 1999;14.42
71 Hoover index;183 Ishøj;1999 1999;15.82
71 Hoover index;185 Tårnby;1999 1999;13.53
71 Hoover index;187 Vallensbæk;1999 1999;13.92
71 Hoover index;190 Furesø;1999 1999;17.14
71 Hoover index;201 Allerød;1999 1999;15.12
71 Hoover index;210 Fredensborg;1999 1999;17.47
71 Hoover index;217 Helsingør;1999 1999;17.07
71 Hoover index;219 Hillerød;1999 1999;15.59
71 Hoover index;223 Hørsholm;1999 1999;22.09
71 Hoover index;230 Rudersdal;1999 1999;23.66
71 Hoover index;240 Egedal;1999 1999;13.40
71 Hoover index;250 Frederikssund;1999 1999;14.58
71 Hoover index;253 Greve;1999 1999;15.02
71 Hoover index;259 Køge;1999 1999;14.73
71 Hoover index;260 Halsnæs;1999 1999;13.84
71 Hoover index;265 Roskilde;1999 1999;15.95
71 Hoover index;269 Solrød;1999 1999;14.65
71 Hoover index;270 Gribskov;1999 1999;14.67
71 Hoover index;306 Odsherred;1999 1999;14.33
71 Hoover index;316 Holbæk;1999 1999;15.16
71 Hoover index;320 Faxe;1999 1999;14.34
71 Hoover index;326 Kalundborg;1999 1999;14.83
71 Hoover index;329 Ringsted;1999 1999;15.30
71 Hoover index;330 Slagelse;1999 1999;14.75
71 Hoover index;336 Stevns;1999 1999;14.40
71 Hoover index;340 Sorø;1999 1999;14.75
71 Hoover index;350 Lejre;1999 1999;14.07
71 Hoover index;360 Lolland;1999 1999;14.75
71 Hoover index;370 Næstved;1999 1999;14.74
71 Hoover index;376 Guldborgsund;1999 1999;14.63
71 Hoover index;390 Vordingborg;1999 1999;14.91
71 Hoover index;400 Bornholm;1999 1999;14.05
71 Hoover index;410 Middelfart;1999 1999;14.50
71 Hoover index;420 Assens;1999 1999;14.04
71 Hoover index;430 Faaborg-Midtfyn;1999 1999;14.19
71 Hoover index;440 Kerteminde;1999 1999;14.10
71 Hoover index;450 Nyborg;1999 1999;14.14
71 Hoover index;461 Odense;1999 1999;16.31
71 Hoover index;479 Svendborg;1999 1999;15.57
71 Hoover index;480 Nordfyns;1999 1999;13.89
71 Hoover index;482 Langeland;1999 1999;14.32
71 Hoover index;492 Ærø;1999 1999;15.92
71 Hoover index;510 Haderslev;1999 1999;14.36
71 Hoover index;530 Billund;1999 1999;16.46
71 Hoover index;540 Sønderborg;1999 1999;14.86
71 Hoover index;550 Tønder;1999 1999;14.93
71 Hoover index;561 Esbjerg;1999 1999;15.05
71 Hoover index;563 Fanø;1999 1999;15.08
71 Hoover index;573 Varde;1999 1999;14.36
71 Hoover index;575 Vejen;1999 1999;14.23
71 Hoover index;580 Aabenraa;1999 1999;15.27
71 Hoover index;607 Fredericia;1999 1999;14.07
71 Hoover index;615 Horsens;1999 1999;15.29
71 Hoover index;621 Kolding;1999 1999;15.84
71 Hoover index;630 Vejle;1999 1999;15.69
71 Hoover index;657 Herning;1999 1999;15.07
71 Hoover index;661 Holstebro;1999 1999;15.23
71 Hoover index;665 Lemvig;1999 1999;15.02
71 Hoover index;671 Struer;1999 1999;14.21
71 Hoover index;706 Syddjurs;1999 1999;15.18
71 Hoover index;707 Norddjurs;1999 1999;14.50
71 Hoover index;710 Favrskov;1999 1999;13.62
71 Hoover index;727 Odder;1999 1999;15.26
71 Hoover index;730 Randers;1999 1999;14.83
71 Hoover index;740 Silkeborg;1999 1999;15.53
71 Hoover index;741 Samsø;1999 1999;15.80
71 Hoover index;746 Skanderborg;1999 1999;14.11
71 Hoover index;751 Aarhus;1999 1999;18.16
71 Hoover index;756 Ikast-Brande;1999 1999;14.79
71 Hoover index;760 Ringkøbing-Skjern;1999 1999;14.81
71 Hoover index;766 Hedensted;1999 1999;13.79
71 Hoover index;773 Morsø;1999 1999;15.13
71 Hoover index;779 Skive;1999 1999;14.65
71 Hoover index;787 Thisted;1999 1999;14.88
71 Hoover index;791 Viborg;1999 1999;14.41
71 Hoover index;810 Brønderslev;1999 1999;14.56
71 Hoover index;813 Frederikshavn;1999 1999;14.32
71 Hoover index;820 Vesthimmerlands;1999 1999;14.69
71 Hoover index;825 Læsø;1999 1999;15.29
71 Hoover index;840 Rebild;1999 1999;14.73
71 Hoover index;846 Mariagerfjord;1999 1999;14.64
71 Hoover index;849 Jammerbugt;1999 1999;14.23
71 Hoover index;851 Aalborg;1999 1999;15.71
71 Hoover index;860 Hjørring;1999 1999;14.51
72 S80/S20 (Income quintile share ratio);000 All Denmark;1999 1999;3.39
72 S80/S20 (Income quintile share ratio);101 Copenhagen;1999 1999;3.73
72 S80/S20 (Income quintile share ratio);147 Frederiksberg;1999 1999;4.19
72 S80/S20 (Income quintile share ratio);151 Ballerup;1999 1999;2.98
72 S80/S20 (Income quintile share ratio);153 Brøndby;1999 1999;2.95
72 S80/S20 (Income quintile share ratio);155 Dragør;1999 1999;3.31
72 S80/S20 (Income quintile share ratio);157 Gentofte;1999 1999;6.03
72 S80/S20 (Income quintile share ratio);159 Gladsaxe;1999 1999;3.22
72 S80/S20 (Income quintile share ratio);161 Glostrup;1999 1999;2.95
72 S80/S20 (Income quintile share ratio);163 Herlev;1999 1999;3.11
72 S80/S20 (Income quintile share ratio);165 Albertslund;1999 1999;3.27
72 S80/S20 (Income quintile share ratio);167 Hvidovre;1999 1999;2.95
72 S80/S20 (Income quintile share ratio);169 Høje-Taastrup;1999 1999;3.09
72 S80/S20 (Income quintile share ratio);173 Lyngby-Taarbæk;1999 1999;4.42
72 S80/S20 (Income quintile share ratio);175 Rødovre;1999 1999;2.88
72 S80/S20 (Income quintile share ratio);183 Ishøj;1999 1999;3.16
72 S80/S20 (Income quintile share ratio);185 Tårnby;1999 1999;2.76
72 S80/S20 (Income quintile share ratio);187 Vallensbæk;1999 1999;2.85
72 S80/S20 (Income quintile share ratio);190 Furesø;1999 1999;3.75
72 S80/S20 (Income quintile share ratio);201 Allerød;1999 1999;3.14
72 S80/S20 (Income quintile share ratio);210 Fredensborg;1999 1999;3.71
72 S80/S20 (Income quintile share ratio);217 Helsingør;1999 1999;3.53
72 S80/S20 (Income quintile share ratio);219 Hillerød;1999 1999;3.27
72 S80/S20 (Income quintile share ratio);223 Hørsholm;1999 1999;5.33
72 S80/S20 (Income quintile share ratio);230 Rudersdal;1999 1999;7.24
72 S80/S20 (Income quintile share ratio);240 Egedal;1999 1999;2.77
72 S80/S20 (Income quintile share ratio);250 Frederikssund;1999 1999;2.97
72 S80/S20 (Income quintile share ratio);253 Greve;1999 1999;3.12
72 S80/S20 (Income quintile share ratio);259 Køge;1999 1999;2.98
72 S80/S20 (Income quintile share ratio);260 Halsnæs;1999 1999;2.80
72 S80/S20 (Income quintile share ratio);265 Roskilde;1999 1999;3.31
72 S80/S20 (Income quintile share ratio);269 Solrød;1999 1999;3.01
72 S80/S20 (Income quintile share ratio);270 Gribskov;1999 1999;3.02
72 S80/S20 (Income quintile share ratio);306 Odsherred;1999 1999;2.85
72 S80/S20 (Income quintile share ratio);316 Holbæk;1999 1999;3.08
72 S80/S20 (Income quintile share ratio);320 Faxe;1999 1999;2.93
72 S80/S20 (Income quintile share ratio);326 Kalundborg;1999 1999;3.00
72 S80/S20 (Income quintile share ratio);329 Ringsted;1999 1999;3.10
72 S80/S20 (Income quintile share ratio);330 Slagelse;1999 1999;2.97
72 S80/S20 (Income quintile share ratio);336 Stevns;1999 1999;2.88
72 S80/S20 (Income quintile share ratio);340 Sorø;1999 1999;3.01
72 S80/S20 (Income quintile share ratio);350 Lejre;1999 1999;2.86
72 S80/S20 (Income quintile share ratio);360 Lolland;1999 1999;2.89
72 S80/S20 (Income quintile share ratio);370 Næstved;1999 1999;2.97
72 S80/S20 (Income quintile share ratio);376 Guldborgsund;1999 1999;2.90
72 S80/S20 (Income quintile share ratio);390 Vordingborg;1999 1999;3.01
72 S80/S20 (Income quintile share ratio);400 Bornholm;1999 1999;2.80
72 S80/S20 (Income quintile share ratio);410 Middelfart;1999 1999;2.93
72 S80/S20 (Income quintile share ratio);420 Assens;1999 1999;2.86
72 S80/S20 (Income quintile share ratio);430 Faaborg-Midtfyn;1999 1999;2.91
72 S80/S20 (Income quintile share ratio);440 Kerteminde;1999 1999;2.83
72 S80/S20 (Income quintile share ratio);450 Nyborg;1999 1999;2.86
72 S80/S20 (Income quintile share ratio);461 Odense;1999 1999;3.38
72 S80/S20 (Income quintile share ratio);479 Svendborg;1999 1999;3.20
72 S80/S20 (Income quintile share ratio);480 Nordfyns;1999 1999;2.86
72 S80/S20 (Income quintile share ratio);482 Langeland;1999 1999;2.85
72 S80/S20 (Income quintile share ratio);492 Ærø;1999 1999;3.35
72 S80/S20 (Income quintile share ratio);510 Haderslev;1999 1999;2.92
72 S80/S20 (Income quintile share ratio);530 Billund;1999 1999;3.34
72 S80/S20 (Income quintile share ratio);540 Sønderborg;1999 1999;3.02
72 S80/S20 (Income quintile share ratio);550 Tønder;1999 1999;3.07
72 S80/S20 (Income quintile share ratio);561 Esbjerg;1999 1999;3.07
72 S80/S20 (Income quintile share ratio);563 Fanø;1999 1999;3.08
72 S80/S20 (Income quintile share ratio);573 Varde;1999 1999;2.93
72 S80/S20 (Income quintile share ratio);575 Vejen;1999 1999;2.90
72 S80/S20 (Income quintile share ratio);580 Aabenraa;1999 1999;3.13
72 S80/S20 (Income quintile share ratio);607 Fredericia;1999 1999;2.82
72 S80/S20 (Income quintile share ratio);615 Horsens;1999 1999;3.10
72 S80/S20 (Income quintile share ratio);621 Kolding;1999 1999;3.27
72 S80/S20 (Income quintile share ratio);630 Vejle;1999 1999;3.23
72 S80/S20 (Income quintile share ratio);657 Herning;1999 1999;3.10
72 S80/S20 (Income quintile share ratio);661 Holstebro;1999 1999;3.21
72 S80/S20 (Income quintile share ratio);665 Lemvig;1999 1999;3.15
72 S80/S20 (Income quintile share ratio);671 Struer;1999 1999;2.93
72 S80/S20 (Income quintile share ratio);706 Syddjurs;1999 1999;3.14
72 S80/S20 (Income quintile share ratio);707 Norddjurs;1999 1999;2.94
72 S80/S20 (Income quintile share ratio);710 Favrskov;1999 1999;2.81
72 S80/S20 (Income quintile share ratio);727 Odder;1999 1999;3.10
72 S80/S20 (Income quintile share ratio);730 Randers;1999 1999;2.99
72 S80/S20 (Income quintile share ratio);740 Silkeborg;1999 1999;3.17
72 S80/S20 (Income quintile share ratio);741 Samsø;1999 1999;3.26
72 S80/S20 (Income quintile share ratio);746 Skanderborg;1999 1999;2.87
72 S80/S20 (Income quintile share ratio);751 Aarhus;1999 1999;3.95
72 S80/S20 (Income quintile share ratio);756 Ikast-Brande;1999 1999;3.05
72 S80/S20 (Income quintile share ratio);760 Ringkøbing-Skjern;1999 1999;3.08
72 S80/S20 (Income quintile share ratio);766 Hedensted;1999 1999;2.84
72 S80/S20 (Income quintile share ratio);773 Morsø;1999 1999;3.21
72 S80/S20 (Income quintile share ratio);779 Skive;1999 1999;3.00
72 S80/S20 (Income quintile share ratio);787 Thisted;1999 1999;3.03
72 S80/S20 (Income quintile share ratio);791 Viborg;1999 1999;2.95
72 S80/S20 (Income quintile share ratio);810 Brønderslev;1999 1999;2.98
72 S80/S20 (Income quintile share ratio);813 Frederikshavn;1999 1999;2.95
72 S80/S20 (Income quintile share ratio);820 Vesthimmerlands;1999 1999;3.03
72 S80/S20 (Income quintile share ratio);825 Læsø;1999 1999;2.99
72 S80/S20 (Income quintile share ratio);840 Rebild;1999 1999;3.07
72 S80/S20 (Income quintile share ratio);846 Mariagerfjord;1999 1999;2.95
72 S80/S20 (Income quintile share ratio);849 Jammerbugt;1999 1999;2.93
72 S80/S20 (Income quintile share ratio);851 Aalborg;1999 1999;3.24
72 S80/S20 (Income quintile share ratio);860 Hjørring;1999 1999;2.97
73 P90/10 (Upper decile boundary divided by lower);000 All Denmark;1999 1999;2.66
73 P90/10 (Upper decile boundary divided by lower);101 Copenhagen;1999 1999;3.00
73 P90/10 (Upper decile boundary divided by lower);147 Frederiksberg;1999 1999;3.25
73 P90/10 (Upper decile boundary divided by lower);151 Ballerup;1999 1999;2.55
73 P90/10 (Upper decile boundary divided by lower);153 Brøndby;1999 1999;2.53
73 P90/10 (Upper decile boundary divided by lower);155 Dragør;1999 1999;2.70
73 P90/10 (Upper decile boundary divided by lower);157 Gentofte;1999 1999;3.82
73 P90/10 (Upper decile boundary divided by lower);159 Gladsaxe;1999 1999;2.67
73 P90/10 (Upper decile boundary divided by lower);161 Glostrup;1999 1999;2.56
73 P90/10 (Upper decile boundary divided by lower);163 Herlev;1999 1999;2.62
73 P90/10 (Upper decile boundary divided by lower);165 Albertslund;1999 1999;2.78
73 P90/10 (Upper decile boundary divided by lower);167 Hvidovre;1999 1999;2.53
73 P90/10 (Upper decile boundary divided by lower);169 Høje-Taastrup;1999 1999;2.64
73 P90/10 (Upper decile boundary divided by lower);173 Lyngby-Taarbæk;1999 1999;3.29
73 P90/10 (Upper decile boundary divided by lower);175 Rødovre;1999 1999;2.46
73 P90/10 (Upper decile boundary divided by lower);183 Ishøj;1999 1999;2.70
73 P90/10 (Upper decile boundary divided by lower);185 Tårnby;1999 1999;2.43
73 P90/10 (Upper decile boundary divided by lower);187 Vallensbæk;1999 1999;2.42
73 P90/10 (Upper decile boundary divided by lower);190 Furesø;1999 1999;2.88
73 P90/10 (Upper decile boundary divided by lower);201 Allerød;1999 1999;2.58
73 P90/10 (Upper decile boundary divided by lower);210 Fredensborg;1999 1999;2.82
73 P90/10 (Upper decile boundary divided by lower);217 Helsingør;1999 1999;2.76
73 P90/10 (Upper decile boundary divided by lower);219 Hillerød;1999 1999;2.63
73 P90/10 (Upper decile boundary divided by lower);223 Hørsholm;1999 1999;3.50
73 P90/10 (Upper decile boundary divided by lower);230 Rudersdal;1999 1999;3.62
73 P90/10 (Upper decile boundary divided by lower);240 Egedal;1999 1999;2.31
73 P90/10 (Upper decile boundary divided by lower);250 Frederikssund;1999 1999;2.47
73 P90/10 (Upper decile boundary divided by lower);253 Greve;1999 1999;2.65
73 P90/10 (Upper decile boundary divided by lower);259 Køge;1999 1999;2.52
73 P90/10 (Upper decile boundary divided by lower);260 Halsnæs;1999 1999;2.35
73 P90/10 (Upper decile boundary divided by lower);265 Roskilde;1999 1999;2.73
73 P90/10 (Upper decile boundary divided by lower);269 Solrød;1999 1999;2.46
73 P90/10 (Upper decile boundary divided by lower);270 Gribskov;1999 1999;2.52
73 P90/10 (Upper decile boundary divided by lower);306 Odsherred;1999 1999;2.36
73 P90/10 (Upper decile boundary divided by lower);316 Holbæk;1999 1999;2.53
73 P90/10 (Upper decile boundary divided by lower);320 Faxe;1999 1999;2.40
73 P90/10 (Upper decile boundary divided by lower);326 Kalundborg;1999 1999;2.44
73 P90/10 (Upper decile boundary divided by lower);329 Ringsted;1999 1999;2.48
73 P90/10 (Upper decile boundary divided by lower);330 Slagelse;1999 1999;2.44
73 P90/10 (Upper decile boundary divided by lower);336 Stevns;1999 1999;2.43
73 P90/10 (Upper decile boundary divided by lower);340 Sorø;1999 1999;2.42
73 P90/10 (Upper decile boundary divided by lower);350 Lejre;1999 1999;2.40
73 P90/10 (Upper decile boundary divided by lower);360 Lolland;1999 1999;2.36
73 P90/10 (Upper decile boundary divided by lower);370 Næstved;1999 1999;2.46
73 P90/10 (Upper decile boundary divided by lower);376 Guldborgsund;1999 1999;2.40
73 P90/10 (Upper decile boundary divided by lower);390 Vordingborg;1999 1999;2.41
73 P90/10 (Upper decile boundary divided by lower);400 Bornholm;1999 1999;2.29
73 P90/10 (Upper decile boundary divided by lower);410 Middelfart;1999 1999;2.41
73 P90/10 (Upper decile boundary divided by lower);420 Assens;1999 1999;2.30
73 P90/10 (Upper decile boundary divided by lower);430 Faaborg-Midtfyn;1999 1999;2.32
73 P90/10 (Upper decile boundary divided by lower);440 Kerteminde;1999 1999;2.34
73 P90/10 (Upper decile boundary divided by lower);450 Nyborg;1999 1999;2.36
73 P90/10 (Upper decile boundary divided by lower);461 Odense;1999 1999;2.75
73 P90/10 (Upper decile boundary divided by lower);479 Svendborg;1999 1999;2.53
73 P90/10 (Upper decile boundary divided by lower);480 Nordfyns;1999 1999;2.30
73 P90/10 (Upper decile boundary divided by lower);482 Langeland;1999 1999;2.33
73 P90/10 (Upper decile boundary divided by lower);492 Ærø;1999 1999;2.44
73 P90/10 (Upper decile boundary divided by lower);510 Haderslev;1999 1999;2.38
73 P90/10 (Upper decile boundary divided by lower);530 Billund;1999 1999;2.33
73 P90/10 (Upper decile boundary divided by lower);540 Sønderborg;1999 1999;2.41
73 P90/10 (Upper decile boundary divided by lower);550 Tønder;1999 1999;2.37
73 P90/10 (Upper decile boundary divided by lower);561 Esbjerg;1999 1999;2.49
73 P90/10 (Upper decile boundary divided by lower);563 Fanø;1999 1999;2.59
73 P90/10 (Upper decile boundary divided by lower);573 Varde;1999 1999;2.38
73 P90/10 (Upper decile boundary divided by lower);575 Vejen;1999 1999;2.36
73 P90/10 (Upper decile boundary divided by lower);580 Aabenraa;1999 1999;2.44
73 P90/10 (Upper decile boundary divided by lower);607 Fredericia;1999 1999;2.38
73 P90/10 (Upper decile boundary divided by lower);615 Horsens;1999 1999;2.47
73 P90/10 (Upper decile boundary divided by lower);621 Kolding;1999 1999;2.52
73 P90/10 (Upper decile boundary divided by lower);630 Vejle;1999 1999;2.52
73 P90/10 (Upper decile boundary divided by lower);657 Herning;1999 1999;2.42
73 P90/10 (Upper decile boundary divided by lower);661 Holstebro;1999 1999;2.49
73 P90/10 (Upper decile boundary divided by lower);665 Lemvig;1999 1999;2.47
73 P90/10 (Upper decile boundary divided by lower);671 Struer;1999 1999;2.36
73 P90/10 (Upper decile boundary divided by lower);706 Syddjurs;1999 1999;2.40
73 P90/10 (Upper decile boundary divided by lower);707 Norddjurs;1999 1999;2.38
73 P90/10 (Upper decile boundary divided by lower);710 Favrskov;1999 1999;2.30
73 P90/10 (Upper decile boundary divided by lower);727 Odder;1999 1999;2.42
73 P90/10 (Upper decile boundary divided by lower);730 Randers;1999 1999;2.43
73 P90/10 (Upper decile boundary divided by lower);740 Silkeborg;1999 1999;2.44
73 P90/10 (Upper decile boundary divided by lower);741 Samsø;1999 1999;2.43
73 P90/10 (Upper decile boundary divided by lower);746 Skanderborg;1999 1999;2.37
73 P90/10 (Upper decile boundary divided by lower);751 Aarhus;1999 1999;3.12
73 P90/10 (Upper decile boundary divided by lower);756 Ikast-Brande;1999 1999;2.35
73 P90/10 (Upper decile boundary divided by lower);760 Ringkøbing-Skjern;1999 1999;2.37
73 P90/10 (Upper decile boundary divided by lower);766 Hedensted;1999 1999;2.30
73 P90/10 (Upper decile boundary divided by lower);773 Morsø;1999 1999;2.36
73 P90/10 (Upper decile boundary divided by lower);779 Skive;1999 1999;2.38
73 P90/10 (Upper decile boundary divided by lower);787 Thisted;1999 1999;2.41
73 P90/10 (Upper decile boundary divided by lower);791 Viborg;1999 1999;2.38
73 P90/10 (Upper decile boundary divided by lower);810 Brønderslev;1999 1999;2.37
73 P90/10 (Upper decile boundary divided by lower);813 Frederikshavn;1999 1999;2.34
73 P90/10 (Upper decile boundary divided by lower);820 Vesthimmerlands;1999 1999;2.39
73 P90/10 (Upper decile boundary divided by lower);825 Læsø;1999 1999;2.41
73 P90/10 (Upper decile boundary divided by lower);840 Rebild;1999 1999;2.42
73 P90/10 (Upper decile boundary divided by lower);846 Mariagerfjord;1999 1999;2.40
73 P90/10 (Upper decile boundary divided by lower);849 Jammerbugt;1999 1999;2.35
73 P90/10 (Upper decile boundary divided by lower);851 Aalborg;1999 1999;2.60
73 P90/10 (Upper decile boundary divided by lower);860 Hjørring;1999 1999;2.39
70 Gini coefficient;000 All Denmark;1988 1988;22.06
70 Gini coefficient;101 Copenhagen;1988 1988;23.09
70 Gini coefficient;147 Frederiksberg;1988 1988;25.16
70 Gini coefficient;151 Ballerup;1988 1988;18.61
70 Gini coefficient;153 Brøndby;1988 1988;18.11
70 Gini coefficient;155 Dragør;1988 1988;20.40
70 Gini coefficient;157 Gentofte;1988 1988;31.68
70 Gini coefficient;159 Gladsaxe;1988 1988;20.69
70 Gini coefficient;161 Glostrup;1988 1988;19.07
70 Gini coefficient;163 Herlev;1988 1988;19.31
70 Gini coefficient;165 Albertslund;1988 1988;18.95
70 Gini coefficient;167 Hvidovre;1988 1988;18.61
70 Gini coefficient;169 Høje-Taastrup;1988 1988;18.52
70 Gini coefficient;173 Lyngby-Taarbæk;1988 1988;25.19
70 Gini coefficient;175 Rødovre;1988 1988;18.31
70 Gini coefficient;183 Ishøj;1988 1988;19.00
70 Gini coefficient;185 Tårnby;1988 1988;17.80
70 Gini coefficient;187 Vallensbæk;1988 1988;16.57
70 Gini coefficient;190 Furesø;1988 1988;21.51
70 Gini coefficient;201 Allerød;1988 1988;19.45
70 Gini coefficient;210 Fredensborg;1988 1988;21.33
70 Gini coefficient;217 Helsingør;1988 1988;22.02
70 Gini coefficient;219 Hillerød;1988 1988;20.73
70 Gini coefficient;223 Hørsholm;1988 1988;29.07
70 Gini coefficient;230 Rudersdal;1988 1988;29.45
70 Gini coefficient;240 Egedal;1988 1988;17.41
70 Gini coefficient;250 Frederikssund;1988 1988;19.48
70 Gini coefficient;253 Greve;1988 1988;19.00
70 Gini coefficient;259 Køge;1988 1988;19.65
70 Gini coefficient;260 Halsnæs;1988 1988;18.59
70 Gini coefficient;265 Roskilde;1988 1988;20.68
70 Gini coefficient;269 Solrød;1988 1988;18.78
70 Gini coefficient;270 Gribskov;1988 1988;21.48
70 Gini coefficient;306 Odsherred;1988 1988;21.07
70 Gini coefficient;316 Holbæk;1988 1988;20.43
70 Gini coefficient;320 Faxe;1988 1988;20.27
70 Gini coefficient;326 Kalundborg;1988 1988;20.12
70 Gini coefficient;329 Ringsted;1988 1988;20.61
70 Gini coefficient;330 Slagelse;1988 1988;20.67
70 Gini coefficient;336 Stevns;1988 1988;21.96
70 Gini coefficient;340 Sorø;1988 1988;21.48
70 Gini coefficient;350 Lejre;1988 1988;19.15
70 Gini coefficient;360 Lolland;1988 1988;20.54
70 Gini coefficient;370 Næstved;1988 1988;20.58
70 Gini coefficient;376 Guldborgsund;1988 1988;21.05
70 Gini coefficient;390 Vordingborg;1988 1988;21.05
70 Gini coefficient;400 Bornholm;1988 1988;21.41
70 Gini coefficient;410 Middelfart;1988 1988;20.19
70 Gini coefficient;420 Assens;1988 1988;20.25
70 Gini coefficient;430 Faaborg-Midtfyn;1988 1988;20.61
70 Gini coefficient;440 Kerteminde;1988 1988;18.91
70 Gini coefficient;450 Nyborg;1988 1988;19.64
70 Gini coefficient;461 Odense;1988 1988;21.01
70 Gini coefficient;479 Svendborg;1988 1988;21.17
70 Gini coefficient;480 Nordfyns;1988 1988;19.71
70 Gini coefficient;482 Langeland;1988 1988;21.57
70 Gini coefficient;492 Ærø;1988 1988;24.77
70 Gini coefficient;510 Haderslev;1988 1988;20.67
70 Gini coefficient;530 Billund;1988 1988;23.73
70 Gini coefficient;540 Sønderborg;1988 1988;20.30
70 Gini coefficient;550 Tønder;1988 1988;21.18
70 Gini coefficient;561 Esbjerg;1988 1988;21.11
70 Gini coefficient;563 Fanø;1988 1988;22.03
70 Gini coefficient;573 Varde;1988 1988;20.61
70 Gini coefficient;575 Vejen;1988 1988;20.97
70 Gini coefficient;580 Aabenraa;1988 1988;21.51
70 Gini coefficient;607 Fredericia;1988 1988;18.90
70 Gini coefficient;615 Horsens;1988 1988;20.57
70 Gini coefficient;621 Kolding;1988 1988;20.75
70 Gini coefficient;630 Vejle;1988 1988;21.31
70 Gini coefficient;657 Herning;1988 1988;21.31
70 Gini coefficient;661 Holstebro;1988 1988;21.28
70 Gini coefficient;665 Lemvig;1988 1988;23.04
70 Gini coefficient;671 Struer;1988 1988;20.21
70 Gini coefficient;706 Syddjurs;1988 1988;21.87
70 Gini coefficient;707 Norddjurs;1988 1988;22.66
70 Gini coefficient;710 Favrskov;1988 1988;19.58
70 Gini coefficient;727 Odder;1988 1988;20.51
70 Gini coefficient;730 Randers;1988 1988;20.45
70 Gini coefficient;740 Silkeborg;1988 1988;20.94
70 Gini coefficient;741 Samsø;1988 1988;21.24
70 Gini coefficient;746 Skanderborg;1988 1988;20.15
70 Gini coefficient;751 Aarhus;1988 1988;22.62
70 Gini coefficient;756 Ikast-Brande;1988 1988;21.48
70 Gini coefficient;760 Ringkøbing-Skjern;1988 1988;21.97
70 Gini coefficient;766 Hedensted;1988 1988;20.61
70 Gini coefficient;773 Morsø;1988 1988;20.75
70 Gini coefficient;779 Skive;1988 1988;20.52
70 Gini coefficient;787 Thisted;1988 1988;21.79
70 Gini coefficient;791 Viborg;1988 1988;20.80
70 Gini coefficient;810 Brønderslev;1988 1988;21.28
70 Gini coefficient;813 Frederikshavn;1988 1988;20.93
70 Gini coefficient;820 Vesthimmerlands;1988 1988;21.57
70 Gini coefficient;825 Læsø;1988 1988;23.49
70 Gini coefficient;840 Rebild;1988 1988;21.41
70 Gini coefficient;846 Mariagerfjord;1988 1988;21.49
70 Gini coefficient;849 Jammerbugt;1988 1988;21.18
70 Gini coefficient;851 Aalborg;1988 1988;21.61
70 Gini coefficient;860 Hjørring;1988 1988;21.87
71 Hoover index;000 All Denmark;1988 1988;14.99
71 Hoover index;101 Copenhagen;1988 1988;16.20
71 Hoover index;147 Frederiksberg;1988 1988;17.42
71 Hoover index;151 Ballerup;1988 1988;12.75
71 Hoover index;153 Brøndby;1988 1988;12.61
71 Hoover index;155 Dragør;1988 1988;13.76
71 Hoover index;157 Gentofte;1988 1988;20.94
71 Hoover index;159 Gladsaxe;1988 1988;14.16
71 Hoover index;161 Glostrup;1988 1988;13.21
71 Hoover index;163 Herlev;1988 1988;13.28
71 Hoover index;165 Albertslund;1988 1988;13.10
71 Hoover index;167 Hvidovre;1988 1988;12.93
71 Hoover index;169 Høje-Taastrup;1988 1988;12.78
71 Hoover index;173 Lyngby-Taarbæk;1988 1988;17.04
71 Hoover index;175 Rødovre;1988 1988;12.71
71 Hoover index;183 Ishøj;1988 1988;13.05
71 Hoover index;185 Tårnby;1988 1988;12.29
71 Hoover index;187 Vallensbæk;1988 1988;11.23
71 Hoover index;190 Furesø;1988 1988;14.60
71 Hoover index;201 Allerød;1988 1988;13.18
71 Hoover index;210 Fredensborg;1988 1988;14.39
71 Hoover index;217 Helsingør;1988 1988;14.97
71 Hoover index;219 Hillerød;1988 1988;14.08
71 Hoover index;223 Hørsholm;1988 1988;19.19
71 Hoover index;230 Rudersdal;1988 1988;19.46
71 Hoover index;240 Egedal;1988 1988;11.81
71 Hoover index;250 Frederikssund;1988 1988;13.22
71 Hoover index;253 Greve;1988 1988;12.90
71 Hoover index;259 Køge;1988 1988;13.48
71 Hoover index;260 Halsnæs;1988 1988;12.79
71 Hoover index;265 Roskilde;1988 1988;14.11
71 Hoover index;269 Solrød;1988 1988;12.64
71 Hoover index;270 Gribskov;1988 1988;14.47
71 Hoover index;306 Odsherred;1988 1988;14.32
71 Hoover index;316 Holbæk;1988 1988;13.97
71 Hoover index;320 Faxe;1988 1988;13.83
71 Hoover index;326 Kalundborg;1988 1988;13.79
71 Hoover index;329 Ringsted;1988 1988;14.09
71 Hoover index;330 Slagelse;1988 1988;14.14
71 Hoover index;336 Stevns;1988 1988;14.85
71 Hoover index;340 Sorø;1988 1988;14.56
71 Hoover index;350 Lejre;1988 1988;12.94
71 Hoover index;360 Lolland;1988 1988;13.95
71 Hoover index;370 Næstved;1988 1988;14.01
71 Hoover index;376 Guldborgsund;1988 1988;14.32
71 Hoover index;390 Vordingborg;1988 1988;14.29
71 Hoover index;400 Bornholm;1988 1988;14.42
71 Hoover index;410 Middelfart;1988 1988;13.61
71 Hoover index;420 Assens;1988 1988;13.78
71 Hoover index;430 Faaborg-Midtfyn;1988 1988;13.92
71 Hoover index;440 Kerteminde;1988 1988;12.93
71 Hoover index;450 Nyborg;1988 1988;13.32
71 Hoover index;461 Odense;1988 1988;14.35
71 Hoover index;479 Svendborg;1988 1988;14.38
71 Hoover index;480 Nordfyns;1988 1988;13.47
71 Hoover index;482 Langeland;1988 1988;14.58
71 Hoover index;492 Ærø;1988 1988;16.69
71 Hoover index;510 Haderslev;1988 1988;13.95
71 Hoover index;530 Billund;1988 1988;15.61
71 Hoover index;540 Sønderborg;1988 1988;13.78
71 Hoover index;550 Tønder;1988 1988;14.40
71 Hoover index;561 Esbjerg;1988 1988;14.25
71 Hoover index;563 Fanø;1988 1988;14.97
71 Hoover index;573 Varde;1988 1988;14.02
71 Hoover index;575 Vejen;1988 1988;14.18
71 Hoover index;580 Aabenraa;1988 1988;14.52
71 Hoover index;607 Fredericia;1988 1988;12.88
71 Hoover index;615 Horsens;1988 1988;14.05
71 Hoover index;621 Kolding;1988 1988;14.03
71 Hoover index;630 Vejle;1988 1988;14.44
71 Hoover index;657 Herning;1988 1988;14.33
71 Hoover index;661 Holstebro;1988 1988;14.41
71 Hoover index;665 Lemvig;1988 1988;15.55
71 Hoover index;671 Struer;1988 1988;13.74
71 Hoover index;706 Syddjurs;1988 1988;14.77
71 Hoover index;707 Norddjurs;1988 1988;15.18
71 Hoover index;710 Favrskov;1988 1988;13.18
71 Hoover index;727 Odder;1988 1988;13.78
71 Hoover index;730 Randers;1988 1988;13.95
71 Hoover index;740 Silkeborg;1988 1988;14.15
71 Hoover index;741 Samsø;1988 1988;14.59
71 Hoover index;746 Skanderborg;1988 1988;13.55
71 Hoover index;751 Aarhus;1988 1988;15.38
71 Hoover index;756 Ikast-Brande;1988 1988;14.48
71 Hoover index;760 Ringkøbing-Skjern;1988 1988;14.85
71 Hoover index;766 Hedensted;1988 1988;14.00
71 Hoover index;773 Morsø;1988 1988;14.20
71 Hoover index;779 Skive;1988 1988;13.97
71 Hoover index;787 Thisted;1988 1988;14.73
71 Hoover index;791 Viborg;1988 1988;14.01
71 Hoover index;810 Brønderslev;1988 1988;14.37
71 Hoover index;813 Frederikshavn;1988 1988;14.05
71 Hoover index;820 Vesthimmerlands;1988 1988;14.70
71 Hoover index;825 Læsø;1988 1988;15.67
71 Hoover index;840 Rebild;1988 1988;14.52
71 Hoover index;846 Mariagerfjord;1988 1988;14.52
71 Hoover index;849 Jammerbugt;1988 1988;14.37
71 Hoover index;851 Aalborg;1988 1988;14.73
71 Hoover index;860 Hjørring;1988 1988;14.76
72 S80/S20 (Income quintile share ratio);000 All Denmark;1988 1988;3.24
72 S80/S20 (Income quintile share ratio);101 Copenhagen;1988 1988;3.38
72 S80/S20 (Income quintile share ratio);147 Frederiksberg;1988 1988;3.82
72 S80/S20 (Income quintile share ratio);151 Ballerup;1988 1988;2.65
72 S80/S20 (Income quintile share ratio);153 Brøndby;1988 1988;2.55
72 S80/S20 (Income quintile share ratio);155 Dragør;1988 1988;3.01
72 S80/S20 (Income quintile share ratio);157 Gentofte;1988 1988;5.65
72 S80/S20 (Income quintile share ratio);159 Gladsaxe;1988 1988;3.03
72 S80/S20 (Income quintile share ratio);161 Glostrup;1988 1988;2.76
72 S80/S20 (Income quintile share ratio);163 Herlev;1988 1988;2.76
72 S80/S20 (Income quintile share ratio);165 Albertslund;1988 1988;2.74
72 S80/S20 (Income quintile share ratio);167 Hvidovre;1988 1988;2.66
72 S80/S20 (Income quintile share ratio);169 Høje-Taastrup;1988 1988;2.65
72 S80/S20 (Income quintile share ratio);173 Lyngby-Taarbæk;1988 1988;3.96
72 S80/S20 (Income quintile share ratio);175 Rødovre;1988 1988;2.60
72 S80/S20 (Income quintile share ratio);183 Ishøj;1988 1988;2.74
72 S80/S20 (Income quintile share ratio);185 Tårnby;1988 1988;2.56
72 S80/S20 (Income quintile share ratio);187 Vallensbæk;1988 1988;2.36
72 S80/S20 (Income quintile share ratio);190 Furesø;1988 1988;3.10
72 S80/S20 (Income quintile share ratio);201 Allerød;1988 1988;2.78
72 S80/S20 (Income quintile share ratio);210 Fredensborg;1988 1988;3.16
72 S80/S20 (Income quintile share ratio);217 Helsingør;1988 1988;3.21
72 S80/S20 (Income quintile share ratio);219 Hillerød;1988 1988;3.03
72 S80/S20 (Income quintile share ratio);223 Hørsholm;1988 1988;4.84
72 S80/S20 (Income quintile share ratio);230 Rudersdal;1988 1988;5.16
72 S80/S20 (Income quintile share ratio);240 Egedal;1988 1988;2.50
72 S80/S20 (Income quintile share ratio);250 Frederikssund;1988 1988;2.84
72 S80/S20 (Income quintile share ratio);253 Greve;1988 1988;2.75
72 S80/S20 (Income quintile share ratio);259 Køge;1988 1988;2.87
72 S80/S20 (Income quintile share ratio);260 Halsnæs;1988 1988;2.68
72 S80/S20 (Income quintile share ratio);265 Roskilde;1988 1988;3.01
72 S80/S20 (Income quintile share ratio);269 Solrød;1988 1988;2.71
72 S80/S20 (Income quintile share ratio);270 Gribskov;1988 1988;3.22
72 S80/S20 (Income quintile share ratio);306 Odsherred;1988 1988;3.13
72 S80/S20 (Income quintile share ratio);316 Holbæk;1988 1988;2.96
72 S80/S20 (Income quintile share ratio);320 Faxe;1988 1988;2.98
72 S80/S20 (Income quintile share ratio);326 Kalundborg;1988 1988;2.91
72 S80/S20 (Income quintile share ratio);329 Ringsted;1988 1988;3.02
72 S80/S20 (Income quintile share ratio);330 Slagelse;1988 1988;3.00
72 S80/S20 (Income quintile share ratio);336 Stevns;1988 1988;3.33
72 S80/S20 (Income quintile share ratio);340 Sorø;1988 1988;3.28
72 S80/S20 (Income quintile share ratio);350 Lejre;1988 1988;2.80
72 S80/S20 (Income quintile share ratio);360 Lolland;1988 1988;3.00
72 S80/S20 (Income quintile share ratio);370 Næstved;1988 1988;2.99
72 S80/S20 (Income quintile share ratio);376 Guldborgsund;1988 1988;3.11
72 S80/S20 (Income quintile share ratio);390 Vordingborg;1988 1988;3.12
72 S80/S20 (Income quintile share ratio);400 Bornholm;1988 1988;3.21
72 S80/S20 (Income quintile share ratio);410 Middelfart;1988 1988;2.93
72 S80/S20 (Income quintile share ratio);420 Assens;1988 1988;2.96
72 S80/S20 (Income quintile share ratio);430 Faaborg-Midtfyn;1988 1988;3.00
72 S80/S20 (Income quintile share ratio);440 Kerteminde;1988 1988;2.71
72 S80/S20 (Income quintile share ratio);450 Nyborg;1988 1988;2.82
72 S80/S20 (Income quintile share ratio);461 Odense;1988 1988;3.04
72 S80/S20 (Income quintile share ratio);479 Svendborg;1988 1988;3.06
72 S80/S20 (Income quintile share ratio);480 Nordfyns;1988 1988;2.87
72 S80/S20 (Income quintile share ratio);482 Langeland;1988 1988;3.18
72 S80/S20 (Income quintile share ratio);492 Ærø;1988 1988;3.80
72 S80/S20 (Income quintile share ratio);510 Haderslev;1988 1988;2.98
72 S80/S20 (Income quintile share ratio);530 Billund;1988 1988;3.35
72 S80/S20 (Income quintile share ratio);540 Sønderborg;1988 1988;2.94
72 S80/S20 (Income quintile share ratio);550 Tønder;1988 1988;3.10
72 S80/S20 (Income quintile share ratio);561 Esbjerg;1988 1988;3.04
72 S80/S20 (Income quintile share ratio);563 Fanø;1988 1988;3.29
72 S80/S20 (Income quintile share ratio);573 Varde;1988 1988;2.97
72 S80/S20 (Income quintile share ratio);575 Vejen;1988 1988;3.03
72 S80/S20 (Income quintile share ratio);580 Aabenraa;1988 1988;3.15
72 S80/S20 (Income quintile share ratio);607 Fredericia;1988 1988;2.68
72 S80/S20 (Income quintile share ratio);615 Horsens;1988 1988;2.98
72 S80/S20 (Income quintile share ratio);621 Kolding;1988 1988;3.00
72 S80/S20 (Income quintile share ratio);630 Vejle;1988 1988;3.12
72 S80/S20 (Income quintile share ratio);657 Herning;1988 1988;3.15
72 S80/S20 (Income quintile share ratio);661 Holstebro;1988 1988;3.15
72 S80/S20 (Income quintile share ratio);665 Lemvig;1988 1988;3.58
72 S80/S20 (Income quintile share ratio);671 Struer;1988 1988;2.96
72 S80/S20 (Income quintile share ratio);706 Syddjurs;1988 1988;3.28
72 S80/S20 (Income quintile share ratio);707 Norddjurs;1988 1988;3.52
72 S80/S20 (Income quintile share ratio);710 Favrskov;1988 1988;2.89
72 S80/S20 (Income quintile share ratio);727 Odder;1988 1988;2.95
72 S80/S20 (Income quintile share ratio);730 Randers;1988 1988;2.94
72 S80/S20 (Income quintile share ratio);740 Silkeborg;1988 1988;3.04
72 S80/S20 (Income quintile share ratio);741 Samsø;1988 1988;3.08
72 S80/S20 (Income quintile share ratio);746 Skanderborg;1988 1988;3.01
72 S80/S20 (Income quintile share ratio);751 Aarhus;1988 1988;3.35
72 S80/S20 (Income quintile share ratio);756 Ikast-Brande;1988 1988;3.16
72 S80/S20 (Income quintile share ratio);760 Ringkøbing-Skjern;1988 1988;3.26
72 S80/S20 (Income quintile share ratio);766 Hedensted;1988 1988;3.02
72 S80/S20 (Income quintile share ratio);773 Morsø;1988 1988;3.00
72 S80/S20 (Income quintile share ratio);779 Skive;1988 1988;2.99
72 S80/S20 (Income quintile share ratio);787 Thisted;1988 1988;3.26
72 S80/S20 (Income quintile share ratio);791 Viborg;1988 1988;3.06
72 S80/S20 (Income quintile share ratio);810 Brønderslev;1988 1988;3.22
72 S80/S20 (Income quintile share ratio);813 Frederikshavn;1988 1988;3.11
72 S80/S20 (Income quintile share ratio);820 Vesthimmerlands;1988 1988;3.22
72 S80/S20 (Income quintile share ratio);825 Læsø;1988 1988;3.58
72 S80/S20 (Income quintile share ratio);840 Rebild;1988 1988;3.20
72 S80/S20 (Income quintile share ratio);846 Mariagerfjord;1988 1988;3.24
72 S80/S20 (Income quintile share ratio);849 Jammerbugt;1988 1988;3.15
72 S80/S20 (Income quintile share ratio);851 Aalborg;1988 1988;3.19
72 S80/S20 (Income quintile share ratio);860 Hjørring;1988 1988;3.30
73 P90/10 (Upper decile boundary divided by lower);000 All Denmark;1988 1988;2.49
73 P90/10 (Upper decile boundary divided by lower);101 Copenhagen;1988 1988;2.65
73 P90/10 (Upper decile boundary divided by lower);147 Frederiksberg;1988 1988;2.93
73 P90/10 (Upper decile boundary divided by lower);151 Ballerup;1988 1988;2.24
73 P90/10 (Upper decile boundary divided by lower);153 Brøndby;1988 1988;2.22
73 P90/10 (Upper decile boundary divided by lower);155 Dragør;1988 1988;2.46
73 P90/10 (Upper decile boundary divided by lower);157 Gentofte;1988 1988;3.32
73 P90/10 (Upper decile boundary divided by lower);159 Gladsaxe;1988 1988;2.46
73 P90/10 (Upper decile boundary divided by lower);161 Glostrup;1988 1988;2.40
73 P90/10 (Upper decile boundary divided by lower);163 Herlev;1988 1988;2.33
73 P90/10 (Upper decile boundary divided by lower);165 Albertslund;1988 1988;2.33
73 P90/10 (Upper decile boundary divided by lower);167 Hvidovre;1988 1988;2.31
73 P90/10 (Upper decile boundary divided by lower);169 Høje-Taastrup;1988 1988;2.27
73 P90/10 (Upper decile boundary divided by lower);173 Lyngby-Taarbæk;1988 1988;2.92
73 P90/10 (Upper decile boundary divided by lower);175 Rødovre;1988 1988;2.25
73 P90/10 (Upper decile boundary divided by lower);183 Ishøj;1988 1988;2.29
73 P90/10 (Upper decile boundary divided by lower);185 Tårnby;1988 1988;2.23
73 P90/10 (Upper decile boundary divided by lower);187 Vallensbæk;1988 1988;2.00
73 P90/10 (Upper decile boundary divided by lower);190 Furesø;1988 1988;2.48
73 P90/10 (Upper decile boundary divided by lower);201 Allerød;1988 1988;2.30
73 P90/10 (Upper decile boundary divided by lower);210 Fredensborg;1988 1988;2.43
73 P90/10 (Upper decile boundary divided by lower);217 Helsingør;1988 1988;2.53
73 P90/10 (Upper decile boundary divided by lower);219 Hillerød;1988 1988;2.42
73 P90/10 (Upper decile boundary divided by lower);223 Hørsholm;1988 1988;2.97
73 P90/10 (Upper decile boundary divided by lower);230 Rudersdal;1988 1988;3.10
73 P90/10 (Upper decile boundary divided by lower);240 Egedal;1988 1988;2.11
73 P90/10 (Upper decile boundary divided by lower);250 Frederikssund;1988 1988;2.31
73 P90/10 (Upper decile boundary divided by lower);253 Greve;1988 1988;2.24
73 P90/10 (Upper decile boundary divided by lower);259 Køge;1988 1988;2.32
73 P90/10 (Upper decile boundary divided by lower);260 Halsnæs;1988 1988;2.22
73 P90/10 (Upper decile boundary divided by lower);265 Roskilde;1988 1988;2.44
73 P90/10 (Upper decile boundary divided by lower);269 Solrød;1988 1988;2.20
73 P90/10 (Upper decile boundary divided by lower);270 Gribskov;1988 1988;2.38
73 P90/10 (Upper decile boundary divided by lower);306 Odsherred;1988 1988;2.38
73 P90/10 (Upper decile boundary divided by lower);316 Holbæk;1988 1988;2.35
73 P90/10 (Upper decile boundary divided by lower);320 Faxe;1988 1988;2.37
73 P90/10 (Upper decile boundary divided by lower);326 Kalundborg;1988 1988;2.32
73 P90/10 (Upper decile boundary divided by lower);329 Ringsted;1988 1988;2.35
73 P90/10 (Upper decile boundary divided by lower);330 Slagelse;1988 1988;2.34
73 P90/10 (Upper decile boundary divided by lower);336 Stevns;1988 1988;2.42
73 P90/10 (Upper decile boundary divided by lower);340 Sorø;1988 1988;2.41
73 P90/10 (Upper decile boundary divided by lower);350 Lejre;1988 1988;2.26
73 P90/10 (Upper decile boundary divided by lower);360 Lolland;1988 1988;2.27
73 P90/10 (Upper decile boundary divided by lower);370 Næstved;1988 1988;2.35
73 P90/10 (Upper decile boundary divided by lower);376 Guldborgsund;1988 1988;2.35
73 P90/10 (Upper decile boundary divided by lower);390 Vordingborg;1988 1988;2.37
73 P90/10 (Upper decile boundary divided by lower);400 Bornholm;1988 1988;2.32
73 P90/10 (Upper decile boundary divided by lower);410 Middelfart;1988 1988;2.24
73 P90/10 (Upper decile boundary divided by lower);420 Assens;1988 1988;2.28
73 P90/10 (Upper decile boundary divided by lower);430 Faaborg-Midtfyn;1988 1988;2.28
73 P90/10 (Upper decile boundary divided by lower);440 Kerteminde;1988 1988;2.21
73 P90/10 (Upper decile boundary divided by lower);450 Nyborg;1988 1988;2.25
73 P90/10 (Upper decile boundary divided by lower);461 Odense;1988 1988;2.42
73 P90/10 (Upper decile boundary divided by lower);479 Svendborg;1988 1988;2.36
73 P90/10 (Upper decile boundary divided by lower);480 Nordfyns;1988 1988;2.25
73 P90/10 (Upper decile boundary divided by lower);482 Langeland;1988 1988;2.30
73 P90/10 (Upper decile boundary divided by lower);492 Ærø;1988 1988;2.67
73 P90/10 (Upper decile boundary divided by lower);510 Haderslev;1988 1988;2.28
73 P90/10 (Upper decile boundary divided by lower);530 Billund;1988 1988;2.33
73 P90/10 (Upper decile boundary divided by lower);540 Sønderborg;1988 1988;2.33
73 P90/10 (Upper decile boundary divided by lower);550 Tønder;1988 1988;2.39
73 P90/10 (Upper decile boundary divided by lower);561 Esbjerg;1988 1988;2.35
73 P90/10 (Upper decile boundary divided by lower);563 Fanø;1988 1988;2.59
73 P90/10 (Upper decile boundary divided by lower);573 Varde;1988 1988;2.36
73 P90/10 (Upper decile boundary divided by lower);575 Vejen;1988 1988;2.31
73 P90/10 (Upper decile boundary divided by lower);580 Aabenraa;1988 1988;2.38
73 P90/10 (Upper decile boundary divided by lower);607 Fredericia;1988 1988;2.21
73 P90/10 (Upper decile boundary divided by lower);615 Horsens;1988 1988;2.36
73 P90/10 (Upper decile boundary divided by lower);621 Kolding;1988 1988;2.31
73 P90/10 (Upper decile boundary divided by lower);630 Vejle;1988 1988;2.40
73 P90/10 (Upper decile boundary divided by lower);657 Herning;1988 1988;2.37
73 P90/10 (Upper decile boundary divided by lower);661 Holstebro;1988 1988;2.41
73 P90/10 (Upper decile boundary divided by lower);665 Lemvig;1988 1988;2.59
73 P90/10 (Upper decile boundary divided by lower);671 Struer;1988 1988;2.32
73 P90/10 (Upper decile boundary divided by lower);706 Syddjurs;1988 1988;2.41
73 P90/10 (Upper decile boundary divided by lower);707 Norddjurs;1988 1988;2.39
73 P90/10 (Upper decile boundary divided by lower);710 Favrskov;1988 1988;2.21
73 P90/10 (Upper decile boundary divided by lower);727 Odder;1988 1988;2.28
73 P90/10 (Upper decile boundary divided by lower);730 Randers;1988 1988;2.31
73 P90/10 (Upper decile boundary divided by lower);740 Silkeborg;1988 1988;2.34
73 P90/10 (Upper decile boundary divided by lower);741 Samsø;1988 1988;2.41
73 P90/10 (Upper decile boundary divided by lower);746 Skanderborg;1988 1988;2.28
73 P90/10 (Upper decile boundary divided by lower);751 Aarhus;1988 1988;2.62
73 P90/10 (Upper decile boundary divided by lower);756 Ikast-Brande;1988 1988;2.38
73 P90/10 (Upper decile boundary divided by lower);760 Ringkøbing-Skjern;1988 1988;2.45
73 P90/10 (Upper decile boundary divided by lower);766 Hedensted;1988 1988;2.32
73 P90/10 (Upper decile boundary divided by lower);773 Morsø;1988 1988;2.34
73 P90/10 (Upper decile boundary divided by lower);779 Skive;1988 1988;2.32
73 P90/10 (Upper decile boundary divided by lower);787 Thisted;1988 1988;2.42
73 P90/10 (Upper decile boundary divided by lower);791 Viborg;1988 1988;2.32
73 P90/10 (Upper decile boundary divided by lower);810 Brønderslev;1988 1988;2.37
73 P90/10 (Upper decile boundary divided by lower);813 Frederikshavn;1988 1988;2.30
73 P90/10 (Upper decile boundary divided by lower);820 Vesthimmerlands;1988 1988;2.44
73 P90/10 (Upper decile boundary divided by lower);825 Læsø;1988 1988;2.46
73 P90/10 (Upper decile boundary divided by lower);840 Rebild;1988 1988;2.40
73 P90/10 (Upper decile boundary divided by lower);846 Mariagerfjord;1988 1988;2.36
73 P90/10 (Upper decile boundary divided by lower);849 Jammerbugt;1988 1988;2.37
73 P90/10 (Upper decile boundary divided by lower);851 Aalborg;1988 1988;2.46
73 P90/10 (Upper decile boundary divided by lower);860 Hjørring;1988 1988;2.43
70 Gini coefficient;000 All Denmark;2015 2015;28.77
70 Gini coefficient;101 Copenhagen;2015 2015;32.70
70 Gini coefficient;147 Frederiksberg;2015 2015;34.37
70 Gini coefficient;151 Ballerup;2015 2015;26.31
70 Gini coefficient;153 Brøndby;2015 2015;25.78
70 Gini coefficient;155 Dragør;2015 2015;27.40
70 Gini coefficient;157 Gentofte;2015 2015;47.77
70 Gini coefficient;159 Gladsaxe;2015 2015;28.92
70 Gini coefficient;161 Glostrup;2015 2015;25.59
70 Gini coefficient;163 Herlev;2015 2015;24.96
70 Gini coefficient;165 Albertslund;2015 2015;25.27
70 Gini coefficient;167 Hvidovre;2015 2015;24.75
70 Gini coefficient;169 Høje-Taastrup;2015 2015;25.38
70 Gini coefficient;173 Lyngby-Taarbæk;2015 2015;39.22
70 Gini coefficient;175 Rødovre;2015 2015;25.38
70 Gini coefficient;183 Ishøj;2015 2015;24.63
70 Gini coefficient;185 Tårnby;2015 2015;23.32
70 Gini coefficient;187 Vallensbæk;2015 2015;25.56
70 Gini coefficient;190 Furesø;2015 2015;29.04
70 Gini coefficient;201 Allerød;2015 2015;25.52
70 Gini coefficient;210 Fredensborg;2015 2015;32.92
70 Gini coefficient;217 Helsingør;2015 2015;29.39
70 Gini coefficient;219 Hillerød;2015 2015;26.95
70 Gini coefficient;223 Hørsholm;2015 2015;38.08
70 Gini coefficient;230 Rudersdal;2015 2015;40.88
70 Gini coefficient;240 Egedal;2015 2015;22.73
70 Gini coefficient;250 Frederikssund;2015 2015;24.24
70 Gini coefficient;253 Greve;2015 2015;25.54
70 Gini coefficient;259 Køge;2015 2015;24.67
70 Gini coefficient;260 Halsnæs;2015 2015;22.92
70 Gini coefficient;265 Roskilde;2015 2015;28.26
70 Gini coefficient;269 Solrød;2015 2015;26.18
70 Gini coefficient;270 Gribskov;2015 2015;25.31
70 Gini coefficient;306 Odsherred;2015 2015;23.52
70 Gini coefficient;316 Holbæk;2015 2015;25.06
70 Gini coefficient;320 Faxe;2015 2015;23.68
70 Gini coefficient;326 Kalundborg;2015 2015;25.10
70 Gini coefficient;329 Ringsted;2015 2015;24.12
70 Gini coefficient;330 Slagelse;2015 2015;24.62
70 Gini coefficient;336 Stevns;2015 2015;24.14
70 Gini coefficient;340 Sorø;2015 2015;24.04
70 Gini coefficient;350 Lejre;2015 2015;24.56
70 Gini coefficient;360 Lolland;2015 2015;24.81
70 Gini coefficient;370 Næstved;2015 2015;24.70
70 Gini coefficient;376 Guldborgsund;2015 2015;25.03
70 Gini coefficient;390 Vordingborg;2015 2015;25.34
70 Gini coefficient;400 Bornholm;2015 2015;22.66
70 Gini coefficient;410 Middelfart;2015 2015;24.77
70 Gini coefficient;420 Assens;2015 2015;23.39
70 Gini coefficient;430 Faaborg-Midtfyn;2015 2015;23.20
70 Gini coefficient;440 Kerteminde;2015 2015;25.91
70 Gini coefficient;450 Nyborg;2015 2015;23.32
70 Gini coefficient;461 Odense;2015 2015;28.51
70 Gini coefficient;479 Svendborg;2015 2015;26.76
70 Gini coefficient;480 Nordfyns;2015 2015;23.03
70 Gini coefficient;482 Langeland;2015 2015;22.80
70 Gini coefficient;492 Ærø;2015 2015;26.34
70 Gini coefficient;510 Haderslev;2015 2015;25.14
70 Gini coefficient;530 Billund;2015 2015;25.59
70 Gini coefficient;540 Sønderborg;2015 2015;25.78
70 Gini coefficient;550 Tønder;2015 2015;24.62
70 Gini coefficient;561 Esbjerg;2015 2015;26.27
70 Gini coefficient;563 Fanø;2015 2015;25.39
70 Gini coefficient;573 Varde;2015 2015;24.68
70 Gini coefficient;575 Vejen;2015 2015;25.13
70 Gini coefficient;580 Aabenraa;2015 2015;25.27
70 Gini coefficient;607 Fredericia;2015 2015;25.58
70 Gini coefficient;615 Horsens;2015 2015;25.31
70 Gini coefficient;621 Kolding;2015 2015;26.27
70 Gini coefficient;630 Vejle;2015 2015;26.15
70 Gini coefficient;657 Herning;2015 2015;24.82
70 Gini coefficient;661 Holstebro;2015 2015;24.95
70 Gini coefficient;665 Lemvig;2015 2015;26.06
70 Gini coefficient;671 Struer;2015 2015;24.57
70 Gini coefficient;706 Syddjurs;2015 2015;24.54
70 Gini coefficient;707 Norddjurs;2015 2015;24.99
70 Gini coefficient;710 Favrskov;2015 2015;22.60
70 Gini coefficient;727 Odder;2015 2015;24.01
70 Gini coefficient;730 Randers;2015 2015;24.33
70 Gini coefficient;740 Silkeborg;2015 2015;25.10
70 Gini coefficient;741 Samsø;2015 2015;24.75
70 Gini coefficient;746 Skanderborg;2015 2015;23.98
70 Gini coefficient;751 Aarhus;2015 2015;32.66
70 Gini coefficient;756 Ikast-Brande;2015 2015;24.15
70 Gini coefficient;760 Ringkøbing-Skjern;2015 2015;24.68
70 Gini coefficient;766 Hedensted;2015 2015;24.23
70 Gini coefficient;773 Morsø;2015 2015;24.21
70 Gini coefficient;779 Skive;2015 2015;23.81
70 Gini coefficient;787 Thisted;2015 2015;24.71
70 Gini coefficient;791 Viborg;2015 2015;24.57
70 Gini coefficient;810 Brønderslev;2015 2015;24.22
70 Gini coefficient;813 Frederikshavn;2015 2015;24.73
70 Gini coefficient;820 Vesthimmerlands;2015 2015;24.15
70 Gini coefficient;825 Læsø;2015 2015;22.03
70 Gini coefficient;840 Rebild;2015 2015;23.90
70 Gini coefficient;846 Mariagerfjord;2015 2015;23.88
70 Gini coefficient;849 Jammerbugt;2015 2015;24.07
70 Gini coefficient;851 Aalborg;2015 2015;27.98
70 Gini coefficient;860 Hjørring;2015 2015;25.73
71 Hoover index;000 All Denmark;2015 2015;19.71
71 Hoover index;101 Copenhagen;2015 2015;22.78
71 Hoover index;147 Frederiksberg;2015 2015;23.79
71 Hoover index;151 Ballerup;2015 2015;18.50
71 Hoover index;153 Brøndby;2015 2015;18.11
71 Hoover index;155 Dragør;2015 2015;18.62
71 Hoover index;157 Gentofte;2015 2015;33.23
71 Hoover index;159 Gladsaxe;2015 2015;20.31
71 Hoover index;161 Glostrup;2015 2015;18.05
71 Hoover index;163 Herlev;2015 2015;17.59
71 Hoover index;165 Albertslund;2015 2015;17.82
71 Hoover index;167 Hvidovre;2015 2015;17.40
71 Hoover index;169 Høje-Taastrup;2015 2015;17.78
71 Hoover index;173 Lyngby-Taarbæk;2015 2015;26.49
71 Hoover index;175 Rødovre;2015 2015;17.90
71 Hoover index;183 Ishøj;2015 2015;17.25
71 Hoover index;185 Tårnby;2015 2015;16.27
71 Hoover index;187 Vallensbæk;2015 2015;17.48
71 Hoover index;190 Furesø;2015 2015;20.01
71 Hoover index;201 Allerød;2015 2015;17.39
71 Hoover index;210 Fredensborg;2015 2015;22.40
71 Hoover index;217 Helsingør;2015 2015;20.28
71 Hoover index;219 Hillerød;2015 2015;18.46
71 Hoover index;223 Hørsholm;2015 2015;26.22
71 Hoover index;230 Rudersdal;2015 2015;27.74
71 Hoover index;240 Egedal;2015 2015;15.55
71 Hoover index;250 Frederikssund;2015 2015;16.76
71 Hoover index;253 Greve;2015 2015;17.57
71 Hoover index;259 Køge;2015 2015;17.12
71 Hoover index;260 Halsnæs;2015 2015;15.80
71 Hoover index;265 Roskilde;2015 2015;19.42
71 Hoover index;269 Solrød;2015 2015;17.87
71 Hoover index;270 Gribskov;2015 2015;17.31
71 Hoover index;306 Odsherred;2015 2015;16.25
71 Hoover index;316 Holbæk;2015 2015;17.31
71 Hoover index;320 Faxe;2015 2015;16.28
71 Hoover index;326 Kalundborg;2015 2015;17.34
71 Hoover index;329 Ringsted;2015 2015;16.73
71 Hoover index;330 Slagelse;2015 2015;17.17
71 Hoover index;336 Stevns;2015 2015;16.55
71 Hoover index;340 Sorø;2015 2015;16.65
71 Hoover index;350 Lejre;2015 2015;16.68
71 Hoover index;360 Lolland;2015 2015;17.14
71 Hoover index;370 Næstved;2015 2015;17.06
71 Hoover index;376 Guldborgsund;2015 2015;17.22
71 Hoover index;390 Vordingborg;2015 2015;17.41
71 Hoover index;400 Bornholm;2015 2015;15.63
71 Hoover index;410 Middelfart;2015 2015;16.98
71 Hoover index;420 Assens;2015 2015;16.12
71 Hoover index;430 Faaborg-Midtfyn;2015 2015;15.96
71 Hoover index;440 Kerteminde;2015 2015;17.64
71 Hoover index;450 Nyborg;2015 2015;16.11
71 Hoover index;461 Odense;2015 2015;19.73
71 Hoover index;479 Svendborg;2015 2015;18.35
71 Hoover index;480 Nordfyns;2015 2015;15.81
71 Hoover index;482 Langeland;2015 2015;15.74
71 Hoover index;492 Ærø;2015 2015;18.01
71 Hoover index;510 Haderslev;2015 2015;17.20
71 Hoover index;530 Billund;2015 2015;17.33
71 Hoover index;540 Sønderborg;2015 2015;17.72
71 Hoover index;550 Tønder;2015 2015;16.73
71 Hoover index;561 Esbjerg;2015 2015;18.09
71 Hoover index;563 Fanø;2015 2015;17.64
71 Hoover index;573 Varde;2015 2015;16.68
71 Hoover index;575 Vejen;2015 2015;17.04
71 Hoover index;580 Aabenraa;2015 2015;17.33
71 Hoover index;607 Fredericia;2015 2015;17.72
71 Hoover index;615 Horsens;2015 2015;17.37
71 Hoover index;621 Kolding;2015 2015;18.02
71 Hoover index;630 Vejle;2015 2015;17.94
71 Hoover index;657 Herning;2015 2015;16.94
71 Hoover index;661 Holstebro;2015 2015;16.97
71 Hoover index;665 Lemvig;2015 2015;17.58
71 Hoover index;671 Struer;2015 2015;16.74
71 Hoover index;706 Syddjurs;2015 2015;16.70
71 Hoover index;707 Norddjurs;2015 2015;17.03
71 Hoover index;710 Favrskov;2015 2015;15.50
71 Hoover index;727 Odder;2015 2015;16.41
71 Hoover index;730 Randers;2015 2015;16.78
71 Hoover index;740 Silkeborg;2015 2015;17.28
71 Hoover index;741 Samsø;2015 2015;17.12
71 Hoover index;746 Skanderborg;2015 2015;16.35
71 Hoover index;751 Aarhus;2015 2015;22.50
71 Hoover index;756 Ikast-Brande;2015 2015;16.41
71 Hoover index;760 Ringkøbing-Skjern;2015 2015;16.72
71 Hoover index;766 Hedensted;2015 2015;16.44
71 Hoover index;773 Morsø;2015 2015;16.51
71 Hoover index;779 Skive;2015 2015;16.27
71 Hoover index;787 Thisted;2015 2015;16.73
71 Hoover index;791 Viborg;2015 2015;16.76
71 Hoover index;810 Brønderslev;2015 2015;16.39
71 Hoover index;813 Frederikshavn;2015 2015;16.91
71 Hoover index;820 Vesthimmerlands;2015 2015;16.43
71 Hoover index;825 Læsø;2015 2015;15.16
71 Hoover index;840 Rebild;2015 2015;16.34
71 Hoover index;846 Mariagerfjord;2015 2015;16.41
71 Hoover index;849 Jammerbugt;2015 2015;16.30
71 Hoover index;851 Aalborg;2015 2015;19.20
71 Hoover index;860 Hjørring;2015 2015;17.44
72 S80/S20 (Income quintile share ratio);000 All Denmark;2015 2015;4.37
72 S80/S20 (Income quintile share ratio);101 Copenhagen;2015 2015;5.68
72 S80/S20 (Income quintile share ratio);147 Frederiksberg;2015 2015;6.16
72 S80/S20 (Income quintile share ratio);151 Ballerup;2015 2015;3.76
72 S80/S20 (Income quintile share ratio);153 Brøndby;2015 2015;3.79
72 S80/S20 (Income quintile share ratio);155 Dragør;2015 2015;4.21
72 S80/S20 (Income quintile share ratio);157 Gentofte;2015 2015;11.68
72 S80/S20 (Income quintile share ratio);159 Gladsaxe;2015 2015;4.49
72 S80/S20 (Income quintile share ratio);161 Glostrup;2015 2015;3.71
72 S80/S20 (Income quintile share ratio);163 Herlev;2015 2015;3.57
72 S80/S20 (Income quintile share ratio);165 Albertslund;2015 2015;3.77
72 S80/S20 (Income quintile share ratio);167 Hvidovre;2015 2015;3.62
72 S80/S20 (Income quintile share ratio);169 Høje-Taastrup;2015 2015;3.76
72 S80/S20 (Income quintile share ratio);173 Lyngby-Taarbæk;2015 2015;7.70
72 S80/S20 (Income quintile share ratio);175 Rødovre;2015 2015;3.66
72 S80/S20 (Income quintile share ratio);183 Ishøj;2015 2015;3.53
72 S80/S20 (Income quintile share ratio);185 Tårnby;2015 2015;3.42
72 S80/S20 (Income quintile share ratio);187 Vallensbæk;2015 2015;3.80
72 S80/S20 (Income quintile share ratio);190 Furesø;2015 2015;4.60
72 S80/S20 (Income quintile share ratio);201 Allerød;2015 2015;3.75
72 S80/S20 (Income quintile share ratio);210 Fredensborg;2015 2015;5.23
72 S80/S20 (Income quintile share ratio);217 Helsingør;2015 2015;4.37
72 S80/S20 (Income quintile share ratio);219 Hillerød;2015 2015;4.00
72 S80/S20 (Income quintile share ratio);223 Hørsholm;2015 2015;6.93
72 S80/S20 (Income quintile share ratio);230 Rudersdal;2015 2015;8.58
72 S80/S20 (Income quintile share ratio);240 Egedal;2015 2015;3.20
72 S80/S20 (Income quintile share ratio);250 Frederikssund;2015 2015;3.44
72 S80/S20 (Income quintile share ratio);253 Greve;2015 2015;3.75
72 S80/S20 (Income quintile share ratio);259 Køge;2015 2015;3.52
72 S80/S20 (Income quintile share ratio);260 Halsnæs;2015 2015;3.22
72 S80/S20 (Income quintile share ratio);265 Roskilde;2015 2015;4.42
72 S80/S20 (Income quintile share ratio);269 Solrød;2015 2015;3.84
72 S80/S20 (Income quintile share ratio);270 Gribskov;2015 2015;3.68
72 S80/S20 (Income quintile share ratio);306 Odsherred;2015 2015;3.31
72 S80/S20 (Income quintile share ratio);316 Holbæk;2015 2015;3.59
72 S80/S20 (Income quintile share ratio);320 Faxe;2015 2015;3.43
72 S80/S20 (Income quintile share ratio);326 Kalundborg;2015 2015;3.58
72 S80/S20 (Income quintile share ratio);329 Ringsted;2015 2015;3.45
72 S80/S20 (Income quintile share ratio);330 Slagelse;2015 2015;3.57
72 S80/S20 (Income quintile share ratio);336 Stevns;2015 2015;3.45
72 S80/S20 (Income quintile share ratio);340 Sorø;2015 2015;3.40
72 S80/S20 (Income quintile share ratio);350 Lejre;2015 2015;3.56
72 S80/S20 (Income quintile share ratio);360 Lolland;2015 2015;3.45
72 S80/S20 (Income quintile share ratio);370 Næstved;2015 2015;3.58
72 S80/S20 (Income quintile share ratio);376 Guldborgsund;2015 2015;3.59
72 S80/S20 (Income quintile share ratio);390 Vordingborg;2015 2015;3.66
72 S80/S20 (Income quintile share ratio);400 Bornholm;2015 2015;3.11
72 S80/S20 (Income quintile share ratio);410 Middelfart;2015 2015;3.45
72 S80/S20 (Income quintile share ratio);420 Assens;2015 2015;3.26
72 S80/S20 (Income quintile share ratio);430 Faaborg-Midtfyn;2015 2015;3.20
72 S80/S20 (Income quintile share ratio);440 Kerteminde;2015 2015;3.61
72 S80/S20 (Income quintile share ratio);450 Nyborg;2015 2015;3.23
72 S80/S20 (Income quintile share ratio);461 Odense;2015 2015;4.45
72 S80/S20 (Income quintile share ratio);479 Svendborg;2015 2015;3.96
72 S80/S20 (Income quintile share ratio);480 Nordfyns;2015 2015;3.20
72 S80/S20 (Income quintile share ratio);482 Langeland;2015 2015;3.19
72 S80/S20 (Income quintile share ratio);492 Ærø;2015 2015;3.96
72 S80/S20 (Income quintile share ratio);510 Haderslev;2015 2015;3.64
72 S80/S20 (Income quintile share ratio);530 Billund;2015 2015;3.69
72 S80/S20 (Income quintile share ratio);540 Sønderborg;2015 2015;3.67
72 S80/S20 (Income quintile share ratio);550 Tønder;2015 2015;3.59
72 S80/S20 (Income quintile share ratio);561 Esbjerg;2015 2015;3.81
72 S80/S20 (Income quintile share ratio);563 Fanø;2015 2015;3.57
72 S80/S20 (Income quintile share ratio);573 Varde;2015 2015;3.61
72 S80/S20 (Income quintile share ratio);575 Vejen;2015 2015;3.56
72 S80/S20 (Income quintile share ratio);580 Aabenraa;2015 2015;3.64
72 S80/S20 (Income quintile share ratio);607 Fredericia;2015 2015;3.64
72 S80/S20 (Income quintile share ratio);615 Horsens;2015 2015;3.69
72 S80/S20 (Income quintile share ratio);621 Kolding;2015 2015;3.85
72 S80/S20 (Income quintile share ratio);630 Vejle;2015 2015;3.77
72 S80/S20 (Income quintile share ratio);657 Herning;2015 2015;3.59
72 S80/S20 (Income quintile share ratio);661 Holstebro;2015 2015;3.61
72 S80/S20 (Income quintile share ratio);665 Lemvig;2015 2015;3.85
72 S80/S20 (Income quintile share ratio);671 Struer;2015 2015;3.53
72 S80/S20 (Income quintile share ratio);706 Syddjurs;2015 2015;3.49
72 S80/S20 (Income quintile share ratio);707 Norddjurs;2015 2015;3.67
72 S80/S20 (Income quintile share ratio);710 Favrskov;2015 2015;3.19
72 S80/S20 (Income quintile share ratio);727 Odder;2015 2015;3.49
72 S80/S20 (Income quintile share ratio);730 Randers;2015 2015;3.48
72 S80/S20 (Income quintile share ratio);740 Silkeborg;2015 2015;3.59
72 S80/S20 (Income quintile share ratio);741 Samsø;2015 2015;3.36
72 S80/S20 (Income quintile share ratio);746 Skanderborg;2015 2015;3.40
72 S80/S20 (Income quintile share ratio);751 Aarhus;2015 2015;5.53
72 S80/S20 (Income quintile share ratio);756 Ikast-Brande;2015 2015;3.42
72 S80/S20 (Income quintile share ratio);760 Ringkøbing-Skjern;2015 2015;3.55
72 S80/S20 (Income quintile share ratio);766 Hedensted;2015 2015;3.38
72 S80/S20 (Income quintile share ratio);773 Morsø;2015 2015;3.37
72 S80/S20 (Income quintile share ratio);779 Skive;2015 2015;3.36
72 S80/S20 (Income quintile share ratio);787 Thisted;2015 2015;3.53
72 S80/S20 (Income quintile share ratio);791 Viborg;2015 2015;3.56
72 S80/S20 (Income quintile share ratio);810 Brønderslev;2015 2015;3.52
72 S80/S20 (Income quintile share ratio);813 Frederikshavn;2015 2015;3.52
72 S80/S20 (Income quintile share ratio);820 Vesthimmerlands;2015 2015;3.51
72 S80/S20 (Income quintile share ratio);825 Læsø;2015 2015;3.03
72 S80/S20 (Income quintile share ratio);840 Rebild;2015 2015;3.41
72 S80/S20 (Income quintile share ratio);846 Mariagerfjord;2015 2015;3.39
72 S80/S20 (Income quintile share ratio);849 Jammerbugt;2015 2015;3.48
72 S80/S20 (Income quintile share ratio);851 Aalborg;2015 2015;4.44
72 S80/S20 (Income quintile share ratio);860 Hjørring;2015 2015;3.76
73 P90/10 (Upper decile boundary divided by lower);000 All Denmark;2015 2015;3.17
73 P90/10 (Upper decile boundary divided by lower);101 Copenhagen;2015 2015;4.16
73 P90/10 (Upper decile boundary divided by lower);147 Frederiksberg;2015 2015;4.35
73 P90/10 (Upper decile boundary divided by lower);151 Ballerup;2015 2015;3.04
73 P90/10 (Upper decile boundary divided by lower);153 Brøndby;2015 2015;3.01
73 P90/10 (Upper decile boundary divided by lower);155 Dragør;2015 2015;3.21
73 P90/10 (Upper decile boundary divided by lower);157 Gentofte;2015 2015;5.62
73 P90/10 (Upper decile boundary divided by lower);159 Gladsaxe;2015 2015;3.53
73 P90/10 (Upper decile boundary divided by lower);161 Glostrup;2015 2015;3.08
73 P90/10 (Upper decile boundary divided by lower);163 Herlev;2015 2015;2.97
73 P90/10 (Upper decile boundary divided by lower);165 Albertslund;2015 2015;3.16
73 P90/10 (Upper decile boundary divided by lower);167 Hvidovre;2015 2015;3.00
73 P90/10 (Upper decile boundary divided by lower);169 Høje-Taastrup;2015 2015;3.10
73 P90/10 (Upper decile boundary divided by lower);173 Lyngby-Taarbæk;2015 2015;4.28
73 P90/10 (Upper decile boundary divided by lower);175 Rødovre;2015 2015;3.03
73 P90/10 (Upper decile boundary divided by lower);183 Ishøj;2015 2015;2.87
73 P90/10 (Upper decile boundary divided by lower);185 Tårnby;2015 2015;2.88
73 P90/10 (Upper decile boundary divided by lower);187 Vallensbæk;2015 2015;3.00
73 P90/10 (Upper decile boundary divided by lower);190 Furesø;2015 2015;3.54
73 P90/10 (Upper decile boundary divided by lower);201 Allerød;2015 2015;2.95
73 P90/10 (Upper decile boundary divided by lower);210 Fredensborg;2015 2015;3.37
73 P90/10 (Upper decile boundary divided by lower);217 Helsingør;2015 2015;3.21
73 P90/10 (Upper decile boundary divided by lower);219 Hillerød;2015 2015;3.05
73 P90/10 (Upper decile boundary divided by lower);223 Hørsholm;2015 2015;4.30
73 P90/10 (Upper decile boundary divided by lower);230 Rudersdal;2015 2015;4.53
73 P90/10 (Upper decile boundary divided by lower);240 Egedal;2015 2015;2.57
73 P90/10 (Upper decile boundary divided by lower);250 Frederikssund;2015 2015;2.76
73 P90/10 (Upper decile boundary divided by lower);253 Greve;2015 2015;2.92
73 P90/10 (Upper decile boundary divided by lower);259 Køge;2015 2015;2.85
73 P90/10 (Upper decile boundary divided by lower);260 Halsnæs;2015 2015;2.56
73 P90/10 (Upper decile boundary divided by lower);265 Roskilde;2015 2015;3.35
73 P90/10 (Upper decile boundary divided by lower);269 Solrød;2015 2015;2.95
73 P90/10 (Upper decile boundary divided by lower);270 Gribskov;2015 2015;2.81
73 P90/10 (Upper decile boundary divided by lower);306 Odsherred;2015 2015;2.59
73 P90/10 (Upper decile boundary divided by lower);316 Holbæk;2015 2015;2.83
73 P90/10 (Upper decile boundary divided by lower);320 Faxe;2015 2015;2.69
73 P90/10 (Upper decile boundary divided by lower);326 Kalundborg;2015 2015;2.78
73 P90/10 (Upper decile boundary divided by lower);329 Ringsted;2015 2015;2.81
73 P90/10 (Upper decile boundary divided by lower);330 Slagelse;2015 2015;2.90
73 P90/10 (Upper decile boundary divided by lower);336 Stevns;2015 2015;2.66
73 P90/10 (Upper decile boundary divided by lower);340 Sorø;2015 2015;2.71
73 P90/10 (Upper decile boundary divided by lower);350 Lejre;2015 2015;2.71
73 P90/10 (Upper decile boundary divided by lower);360 Lolland;2015 2015;2.59
73 P90/10 (Upper decile boundary divided by lower);370 Næstved;2015 2015;2.80
73 P90/10 (Upper decile boundary divided by lower);376 Guldborgsund;2015 2015;2.71
73 P90/10 (Upper decile boundary divided by lower);390 Vordingborg;2015 2015;2.72
73 P90/10 (Upper decile boundary divided by lower);400 Bornholm;2015 2015;2.41
73 P90/10 (Upper decile boundary divided by lower);410 Middelfart;2015 2015;2.64
73 P90/10 (Upper decile boundary divided by lower);420 Assens;2015 2015;2.52
73 P90/10 (Upper decile boundary divided by lower);430 Faaborg-Midtfyn;2015 2015;2.49
73 P90/10 (Upper decile boundary divided by lower);440 Kerteminde;2015 2015;2.57
73 P90/10 (Upper decile boundary divided by lower);450 Nyborg;2015 2015;2.56
73 P90/10 (Upper decile boundary divided by lower);461 Odense;2015 2015;3.47
73 P90/10 (Upper decile boundary divided by lower);479 Svendborg;2015 2015;2.94
73 P90/10 (Upper decile boundary divided by lower);480 Nordfyns;2015 2015;2.48
73 P90/10 (Upper decile boundary divided by lower);482 Langeland;2015 2015;2.47
73 P90/10 (Upper decile boundary divided by lower);492 Ærø;2015 2015;2.81
73 P90/10 (Upper decile boundary divided by lower);510 Haderslev;2015 2015;2.71
73 P90/10 (Upper decile boundary divided by lower);530 Billund;2015 2015;2.62
73 P90/10 (Upper decile boundary divided by lower);540 Sønderborg;2015 2015;2.74
73 P90/10 (Upper decile boundary divided by lower);550 Tønder;2015 2015;2.60
73 P90/10 (Upper decile boundary divided by lower);561 Esbjerg;2015 2015;2.93
73 P90/10 (Upper decile boundary divided by lower);563 Fanø;2015 2015;2.87
73 P90/10 (Upper decile boundary divided by lower);573 Varde;2015 2015;2.57
73 P90/10 (Upper decile boundary divided by lower);575 Vejen;2015 2015;2.58
73 P90/10 (Upper decile boundary divided by lower);580 Aabenraa;2015 2015;2.73
73 P90/10 (Upper decile boundary divided by lower);607 Fredericia;2015 2015;2.87
73 P90/10 (Upper decile boundary divided by lower);615 Horsens;2015 2015;2.83
73 P90/10 (Upper decile boundary divided by lower);621 Kolding;2015 2015;2.92
73 P90/10 (Upper decile boundary divided by lower);630 Vejle;2015 2015;2.85
73 P90/10 (Upper decile boundary divided by lower);657 Herning;2015 2015;2.73
73 P90/10 (Upper decile boundary divided by lower);661 Holstebro;2015 2015;2.69
73 P90/10 (Upper decile boundary divided by lower);665 Lemvig;2015 2015;2.62
73 P90/10 (Upper decile boundary divided by lower);671 Struer;2015 2015;2.61
73 P90/10 (Upper decile boundary divided by lower);706 Syddjurs;2015 2015;2.61
73 P90/10 (Upper decile boundary divided by lower);707 Norddjurs;2015 2015;2.74
73 P90/10 (Upper decile boundary divided by lower);710 Favrskov;2015 2015;2.53
73 P90/10 (Upper decile boundary divided by lower);727 Odder;2015 2015;2.68
73 P90/10 (Upper decile boundary divided by lower);730 Randers;2015 2015;2.73
73 P90/10 (Upper decile boundary divided by lower);740 Silkeborg;2015 2015;2.80
73 P90/10 (Upper decile boundary divided by lower);741 Samsø;2015 2015;2.53
73 P90/10 (Upper decile boundary divided by lower);746 Skanderborg;2015 2015;2.64
73 P90/10 (Upper decile boundary divided by lower);751 Aarhus;2015 2015;4.02
73 P90/10 (Upper decile boundary divided by lower);756 Ikast-Brande;2015 2015;2.53
73 P90/10 (Upper decile boundary divided by lower);760 Ringkøbing-Skjern;2015 2015;2.56
73 P90/10 (Upper decile boundary divided by lower);766 Hedensted;2015 2015;2.51
73 P90/10 (Upper decile boundary divided by lower);773 Morsø;2015 2015;2.48
73 P90/10 (Upper decile boundary divided by lower);779 Skive;2015 2015;2.53
73 P90/10 (Upper decile boundary divided by lower);787 Thisted;2015 2015;2.56
73 P90/10 (Upper decile boundary divided by lower);791 Viborg;2015 2015;2.71
73 P90/10 (Upper decile boundary divided by lower);810 Brønderslev;2015 2015;2.53
73 P90/10 (Upper decile boundary divided by lower);813 Frederikshavn;2015 2015;2.59
73 P90/10 (Upper decile boundary divided by lower);820 Vesthimmerlands;2015 2015;2.56
73 P90/10 (Upper decile boundary divided by lower);825 Læsø;2015 2015;2.39
73 P90/10 (Upper decile boundary divided by lower);840 Rebild;2015 2015;2.61
73 P90/10 (Upper decile boundary divided by lower);846 Mariagerfjord;2015 2015;2.60
73 P90/10 (Upper decile boundary divided by lower);849 Jammerbugt;2015 2015;2.55
73 P90/10 (Upper decile boundary divided by lower);851 Aalborg;2015 2015;3.38
73 P90/10 (Upper decile boundary divided by lower);860 Hjørring;2015 2015;2.64
70 Gini coefficient;000 All Denmark;1989 1989;21.93
70 Gini coefficient;101 Copenhagen;1989 1989;23.06
70 Gini coefficient;147 Frederiksberg;1989 1989;25.36
70 Gini coefficient;151 Ballerup;1989 1989;18.44
70 Gini coefficient;153 Brøndby;1989 1989;18.51
70 Gini coefficient;155 Dragør;1989 1989;20.07
70 Gini coefficient;157 Gentofte;1989 1989;32.07
70 Gini coefficient;159 Gladsaxe;1989 1989;21.03
70 Gini coefficient;161 Glostrup;1989 1989;19.47
70 Gini coefficient;163 Herlev;1989 1989;19.54
70 Gini coefficient;165 Albertslund;1989 1989;20.43
70 Gini coefficient;167 Hvidovre;1989 1989;18.78
70 Gini coefficient;169 Høje-Taastrup;1989 1989;19.15
70 Gini coefficient;173 Lyngby-Taarbæk;1989 1989;24.77
70 Gini coefficient;175 Rødovre;1989 1989;18.19
70 Gini coefficient;183 Ishøj;1989 1989;18.79
70 Gini coefficient;185 Tårnby;1989 1989;17.62
70 Gini coefficient;187 Vallensbæk;1989 1989;18.16
70 Gini coefficient;190 Furesø;1989 1989;21.91
70 Gini coefficient;201 Allerød;1989 1989;20.19
70 Gini coefficient;210 Fredensborg;1989 1989;22.37
70 Gini coefficient;217 Helsingør;1989 1989;21.93
70 Gini coefficient;219 Hillerød;1989 1989;20.81
70 Gini coefficient;223 Hørsholm;1989 1989;32.68
70 Gini coefficient;230 Rudersdal;1989 1989;29.19
70 Gini coefficient;240 Egedal;1989 1989;17.90
70 Gini coefficient;250 Frederikssund;1989 1989;19.49
70 Gini coefficient;253 Greve;1989 1989;19.75
70 Gini coefficient;259 Køge;1989 1989;19.29
70 Gini coefficient;260 Halsnæs;1989 1989;18.52
70 Gini coefficient;265 Roskilde;1989 1989;20.93
70 Gini coefficient;269 Solrød;1989 1989;18.67
70 Gini coefficient;270 Gribskov;1989 1989;20.62
70 Gini coefficient;306 Odsherred;1989 1989;20.97
70 Gini coefficient;316 Holbæk;1989 1989;20.16
70 Gini coefficient;320 Faxe;1989 1989;19.87
70 Gini coefficient;326 Kalundborg;1989 1989;19.96
70 Gini coefficient;329 Ringsted;1989 1989;20.22
70 Gini coefficient;330 Slagelse;1989 1989;20.70
70 Gini coefficient;336 Stevns;1989 1989;20.42
70 Gini coefficient;340 Sorø;1989 1989;22.20
70 Gini coefficient;350 Lejre;1989 1989;19.11
70 Gini coefficient;360 Lolland;1989 1989;19.60
70 Gini coefficient;370 Næstved;1989 1989;20.25
70 Gini coefficient;376 Guldborgsund;1989 1989;20.73
70 Gini coefficient;390 Vordingborg;1989 1989;20.44
70 Gini coefficient;400 Bornholm;1989 1989;21.19
70 Gini coefficient;410 Middelfart;1989 1989;19.07
70 Gini coefficient;420 Assens;1989 1989;20.00
70 Gini coefficient;430 Faaborg-Midtfyn;1989 1989;19.76
70 Gini coefficient;440 Kerteminde;1989 1989;19.39
70 Gini coefficient;450 Nyborg;1989 1989;19.21
70 Gini coefficient;461 Odense;1989 1989;20.94
70 Gini coefficient;479 Svendborg;1989 1989;20.35
70 Gini coefficient;480 Nordfyns;1989 1989;19.62
70 Gini coefficient;482 Langeland;1989 1989;20.64
70 Gini coefficient;492 Ærø;1989 1989;22.07
70 Gini coefficient;510 Haderslev;1989 1989;20.18
70 Gini coefficient;530 Billund;1989 1989;21.25
70 Gini coefficient;540 Sønderborg;1989 1989;19.88
70 Gini coefficient;550 Tønder;1989 1989;20.28
70 Gini coefficient;561 Esbjerg;1989 1989;20.75
70 Gini coefficient;563 Fanø;1989 1989;19.72
70 Gini coefficient;573 Varde;1989 1989;20.10
70 Gini coefficient;575 Vejen;1989 1989;20.23
70 Gini coefficient;580 Aabenraa;1989 1989;20.74
70 Gini coefficient;607 Fredericia;1989 1989;18.85
70 Gini coefficient;615 Horsens;1989 1989;21.95
70 Gini coefficient;621 Kolding;1989 1989;20.79
70 Gini coefficient;630 Vejle;1989 1989;21.68
70 Gini coefficient;657 Herning;1989 1989;22.16
70 Gini coefficient;661 Holstebro;1989 1989;21.60
70 Gini coefficient;665 Lemvig;1989 1989;22.90
70 Gini coefficient;671 Struer;1989 1989;20.27
70 Gini coefficient;706 Syddjurs;1989 1989;21.17
70 Gini coefficient;707 Norddjurs;1989 1989;21.67
70 Gini coefficient;710 Favrskov;1989 1989;19.13
70 Gini coefficient;727 Odder;1989 1989;19.50
70 Gini coefficient;730 Randers;1989 1989;20.08
70 Gini coefficient;740 Silkeborg;1989 1989;21.55
70 Gini coefficient;741 Samsø;1989 1989;20.12
70 Gini coefficient;746 Skanderborg;1989 1989;19.59
70 Gini coefficient;751 Aarhus;1989 1989;22.59
70 Gini coefficient;756 Ikast-Brande;1989 1989;21.47
70 Gini coefficient;760 Ringkøbing-Skjern;1989 1989;21.68
70 Gini coefficient;766 Hedensted;1989 1989;20.26
70 Gini coefficient;773 Morsø;1989 1989;20.03
70 Gini coefficient;779 Skive;1989 1989;20.36
70 Gini coefficient;787 Thisted;1989 1989;20.86
70 Gini coefficient;791 Viborg;1989 1989;20.62
70 Gini coefficient;810 Brønderslev;1989 1989;19.75
70 Gini coefficient;813 Frederikshavn;1989 1989;20.94
70 Gini coefficient;820 Vesthimmerlands;1989 1989;20.96
70 Gini coefficient;825 Læsø;1989 1989;23.50
70 Gini coefficient;840 Rebild;1989 1989;20.49
70 Gini coefficient;846 Mariagerfjord;1989 1989;20.87
70 Gini coefficient;849 Jammerbugt;1989 1989;21.42
70 Gini coefficient;851 Aalborg;1989 1989;21.22
70 Gini coefficient;860 Hjørring;1989 1989;21.66
71 Hoover index;000 All Denmark;1989 1989;14.89
71 Hoover index;101 Copenhagen;1989 1989;16.11
71 Hoover index;147 Frederiksberg;1989 1989;17.51
71 Hoover index;151 Ballerup;1989 1989;12.72
71 Hoover index;153 Brøndby;1989 1989;12.87
71 Hoover index;155 Dragør;1989 1989;13.68
71 Hoover index;157 Gentofte;1989 1989;21.17
71 Hoover index;159 Gladsaxe;1989 1989;14.40
71 Hoover index;161 Glostrup;1989 1989;13.44
71 Hoover index;163 Herlev;1989 1989;13.53
71 Hoover index;165 Albertslund;1989 1989;13.97
71 Hoover index;167 Hvidovre;1989 1989;13.02
71 Hoover index;169 Høje-Taastrup;1989 1989;13.10
71 Hoover index;173 Lyngby-Taarbæk;1989 1989;16.97
71 Hoover index;175 Rødovre;1989 1989;12.62
71 Hoover index;183 Ishøj;1989 1989;13.09
71 Hoover index;185 Tårnby;1989 1989;12.16
71 Hoover index;187 Vallensbæk;1989 1989;12.18
71 Hoover index;190 Furesø;1989 1989;14.94
71 Hoover index;201 Allerød;1989 1989;13.68
71 Hoover index;210 Fredensborg;1989 1989;14.94
71 Hoover index;217 Helsingør;1989 1989;14.97
71 Hoover index;219 Hillerød;1989 1989;14.15
71 Hoover index;223 Hørsholm;1989 1989;21.07
71 Hoover index;230 Rudersdal;1989 1989;19.45
71 Hoover index;240 Egedal;1989 1989;12.15
71 Hoover index;250 Frederikssund;1989 1989;13.24
71 Hoover index;253 Greve;1989 1989;13.40
71 Hoover index;259 Køge;1989 1989;13.27
71 Hoover index;260 Halsnæs;1989 1989;12.71
71 Hoover index;265 Roskilde;1989 1989;14.31
71 Hoover index;269 Solrød;1989 1989;12.62
71 Hoover index;270 Gribskov;1989 1989;14.03
71 Hoover index;306 Odsherred;1989 1989;14.22
71 Hoover index;316 Holbæk;1989 1989;13.81
71 Hoover index;320 Faxe;1989 1989;13.58
71 Hoover index;326 Kalundborg;1989 1989;13.66
71 Hoover index;329 Ringsted;1989 1989;13.81
71 Hoover index;330 Slagelse;1989 1989;14.09
71 Hoover index;336 Stevns;1989 1989;13.96
71 Hoover index;340 Sorø;1989 1989;14.82
71 Hoover index;350 Lejre;1989 1989;12.94
71 Hoover index;360 Lolland;1989 1989;13.37
71 Hoover index;370 Næstved;1989 1989;13.78
71 Hoover index;376 Guldborgsund;1989 1989;14.02
71 Hoover index;390 Vordingborg;1989 1989;13.95
71 Hoover index;400 Bornholm;1989 1989;14.14
71 Hoover index;410 Middelfart;1989 1989;12.96
71 Hoover index;420 Assens;1989 1989;13.50
71 Hoover index;430 Faaborg-Midtfyn;1989 1989;13.42
71 Hoover index;440 Kerteminde;1989 1989;13.13
71 Hoover index;450 Nyborg;1989 1989;13.03
71 Hoover index;461 Odense;1989 1989;14.30
71 Hoover index;479 Svendborg;1989 1989;13.81
71 Hoover index;480 Nordfyns;1989 1989;13.30
71 Hoover index;482 Langeland;1989 1989;13.98
71 Hoover index;492 Ærø;1989 1989;14.95
71 Hoover index;510 Haderslev;1989 1989;13.63
71 Hoover index;530 Billund;1989 1989;14.19
71 Hoover index;540 Sønderborg;1989 1989;13.52
71 Hoover index;550 Tønder;1989 1989;13.79
71 Hoover index;561 Esbjerg;1989 1989;14.04
71 Hoover index;563 Fanø;1989 1989;13.42
71 Hoover index;573 Varde;1989 1989;13.67
71 Hoover index;575 Vejen;1989 1989;13.72
71 Hoover index;580 Aabenraa;1989 1989;14.06
71 Hoover index;607 Fredericia;1989 1989;12.79
71 Hoover index;615 Horsens;1989 1989;14.69
71 Hoover index;621 Kolding;1989 1989;14.05
71 Hoover index;630 Vejle;1989 1989;14.60
71 Hoover index;657 Herning;1989 1989;14.70
71 Hoover index;661 Holstebro;1989 1989;14.49
71 Hoover index;665 Lemvig;1989 1989;15.38
71 Hoover index;671 Struer;1989 1989;13.62
71 Hoover index;706 Syddjurs;1989 1989;14.30
71 Hoover index;707 Norddjurs;1989 1989;14.56
71 Hoover index;710 Favrskov;1989 1989;12.90
71 Hoover index;727 Odder;1989 1989;13.26
71 Hoover index;730 Randers;1989 1989;13.68
71 Hoover index;740 Silkeborg;1989 1989;14.44
71 Hoover index;741 Samsø;1989 1989;13.88
71 Hoover index;746 Skanderborg;1989 1989;13.23
71 Hoover index;751 Aarhus;1989 1989;15.41
71 Hoover index;756 Ikast-Brande;1989 1989;14.36
71 Hoover index;760 Ringkøbing-Skjern;1989 1989;14.55
71 Hoover index;766 Hedensted;1989 1989;13.70
71 Hoover index;773 Morsø;1989 1989;13.67
71 Hoover index;779 Skive;1989 1989;13.79
71 Hoover index;787 Thisted;1989 1989;14.14
71 Hoover index;791 Viborg;1989 1989;13.87
71 Hoover index;810 Brønderslev;1989 1989;13.48
71 Hoover index;813 Frederikshavn;1989 1989;14.01
71 Hoover index;820 Vesthimmerlands;1989 1989;14.23
71 Hoover index;825 Læsø;1989 1989;15.73
71 Hoover index;840 Rebild;1989 1989;13.92
71 Hoover index;846 Mariagerfjord;1989 1989;14.13
71 Hoover index;849 Jammerbugt;1989 1989;14.33
71 Hoover index;851 Aalborg;1989 1989;14.46
71 Hoover index;860 Hjørring;1989 1989;14.52
72 S80/S20 (Income quintile share ratio);000 All Denmark;1989 1989;3.20
72 S80/S20 (Income quintile share ratio);101 Copenhagen;1989 1989;3.40
72 S80/S20 (Income quintile share ratio);147 Frederiksberg;1989 1989;3.84
72 S80/S20 (Income quintile share ratio);151 Ballerup;1989 1989;2.61
72 S80/S20 (Income quintile share ratio);153 Brøndby;1989 1989;2.61
72 S80/S20 (Income quintile share ratio);155 Dragør;1989 1989;2.91
72 S80/S20 (Income quintile share ratio);157 Gentofte;1989 1989;5.95
72 S80/S20 (Income quintile share ratio);159 Gladsaxe;1989 1989;3.10
72 S80/S20 (Income quintile share ratio);161 Glostrup;1989 1989;2.81
72 S80/S20 (Income quintile share ratio);163 Herlev;1989 1989;2.77
72 S80/S20 (Income quintile share ratio);165 Albertslund;1989 1989;3.02
72 S80/S20 (Income quintile share ratio);167 Hvidovre;1989 1989;2.67
72 S80/S20 (Income quintile share ratio);169 Høje-Taastrup;1989 1989;2.74
72 S80/S20 (Income quintile share ratio);173 Lyngby-Taarbæk;1989 1989;3.74
72 S80/S20 (Income quintile share ratio);175 Rødovre;1989 1989;2.59
72 S80/S20 (Income quintile share ratio);183 Ishøj;1989 1989;2.68
72 S80/S20 (Income quintile share ratio);185 Tårnby;1989 1989;2.54
72 S80/S20 (Income quintile share ratio);187 Vallensbæk;1989 1989;2.59
72 S80/S20 (Income quintile share ratio);190 Furesø;1989 1989;3.13
72 S80/S20 (Income quintile share ratio);201 Allerød;1989 1989;2.91
72 S80/S20 (Income quintile share ratio);210 Fredensborg;1989 1989;3.35
72 S80/S20 (Income quintile share ratio);217 Helsingør;1989 1989;3.19
72 S80/S20 (Income quintile share ratio);219 Hillerød;1989 1989;3.05
72 S80/S20 (Income quintile share ratio);223 Hørsholm;1989 1989;7.61
72 S80/S20 (Income quintile share ratio);230 Rudersdal;1989 1989;5.01
72 S80/S20 (Income quintile share ratio);240 Egedal;1989 1989;2.59
72 S80/S20 (Income quintile share ratio);250 Frederikssund;1989 1989;2.84
72 S80/S20 (Income quintile share ratio);253 Greve;1989 1989;2.89
72 S80/S20 (Income quintile share ratio);259 Køge;1989 1989;2.76
72 S80/S20 (Income quintile share ratio);260 Halsnæs;1989 1989;2.67
72 S80/S20 (Income quintile share ratio);265 Roskilde;1989 1989;3.05
72 S80/S20 (Income quintile share ratio);269 Solrød;1989 1989;2.64
72 S80/S20 (Income quintile share ratio);270 Gribskov;1989 1989;3.03
72 S80/S20 (Income quintile share ratio);306 Odsherred;1989 1989;3.10
72 S80/S20 (Income quintile share ratio);316 Holbæk;1989 1989;2.89
72 S80/S20 (Income quintile share ratio);320 Faxe;1989 1989;2.88
72 S80/S20 (Income quintile share ratio);326 Kalundborg;1989 1989;2.85
72 S80/S20 (Income quintile share ratio);329 Ringsted;1989 1989;2.90
72 S80/S20 (Income quintile share ratio);330 Slagelse;1989 1989;3.00
72 S80/S20 (Income quintile share ratio);336 Stevns;1989 1989;2.99
72 S80/S20 (Income quintile share ratio);340 Sorø;1989 1989;3.25
72 S80/S20 (Income quintile share ratio);350 Lejre;1989 1989;2.79
72 S80/S20 (Income quintile share ratio);360 Lolland;1989 1989;2.81
72 S80/S20 (Income quintile share ratio);370 Næstved;1989 1989;2.93
72 S80/S20 (Income quintile share ratio);376 Guldborgsund;1989 1989;3.04
72 S80/S20 (Income quintile share ratio);390 Vordingborg;1989 1989;2.98
72 S80/S20 (Income quintile share ratio);400 Bornholm;1989 1989;3.17
72 S80/S20 (Income quintile share ratio);410 Middelfart;1989 1989;2.73
72 S80/S20 (Income quintile share ratio);420 Assens;1989 1989;2.91
72 S80/S20 (Income quintile share ratio);430 Faaborg-Midtfyn;1989 1989;2.88
72 S80/S20 (Income quintile share ratio);440 Kerteminde;1989 1989;2.73
72 S80/S20 (Income quintile share ratio);450 Nyborg;1989 1989;2.74
72 S80/S20 (Income quintile share ratio);461 Odense;1989 1989;3.00
72 S80/S20 (Income quintile share ratio);479 Svendborg;1989 1989;2.91
72 S80/S20 (Income quintile share ratio);480 Nordfyns;1989 1989;2.84
72 S80/S20 (Income quintile share ratio);482 Langeland;1989 1989;3.00
72 S80/S20 (Income quintile share ratio);492 Ærø;1989 1989;3.29
72 S80/S20 (Income quintile share ratio);510 Haderslev;1989 1989;2.90
72 S80/S20 (Income quintile share ratio);530 Billund;1989 1989;3.06
72 S80/S20 (Income quintile share ratio);540 Sønderborg;1989 1989;2.84
72 S80/S20 (Income quintile share ratio);550 Tønder;1989 1989;2.93
72 S80/S20 (Income quintile share ratio);561 Esbjerg;1989 1989;2.98
72 S80/S20 (Income quintile share ratio);563 Fanø;1989 1989;2.84
72 S80/S20 (Income quintile share ratio);573 Varde;1989 1989;2.90
72 S80/S20 (Income quintile share ratio);575 Vejen;1989 1989;2.89
72 S80/S20 (Income quintile share ratio);580 Aabenraa;1989 1989;2.97
72 S80/S20 (Income quintile share ratio);607 Fredericia;1989 1989;2.67
72 S80/S20 (Income quintile share ratio);615 Horsens;1989 1989;3.12
72 S80/S20 (Income quintile share ratio);621 Kolding;1989 1989;2.99
72 S80/S20 (Income quintile share ratio);630 Vejle;1989 1989;3.16
72 S80/S20 (Income quintile share ratio);657 Herning;1989 1989;3.24
72 S80/S20 (Income quintile share ratio);661 Holstebro;1989 1989;3.21
72 S80/S20 (Income quintile share ratio);665 Lemvig;1989 1989;3.58
72 S80/S20 (Income quintile share ratio);671 Struer;1989 1989;2.98
72 S80/S20 (Income quintile share ratio);706 Syddjurs;1989 1989;3.09
72 S80/S20 (Income quintile share ratio);707 Norddjurs;1989 1989;3.23
72 S80/S20 (Income quintile share ratio);710 Favrskov;1989 1989;2.75
72 S80/S20 (Income quintile share ratio);727 Odder;1989 1989;2.79
72 S80/S20 (Income quintile share ratio);730 Randers;1989 1989;2.86
72 S80/S20 (Income quintile share ratio);740 Silkeborg;1989 1989;3.08
72 S80/S20 (Income quintile share ratio);741 Samsø;1989 1989;2.86
72 S80/S20 (Income quintile share ratio);746 Skanderborg;1989 1989;2.86
72 S80/S20 (Income quintile share ratio);751 Aarhus;1989 1989;3.33
72 S80/S20 (Income quintile share ratio);756 Ikast-Brande;1989 1989;3.14
72 S80/S20 (Income quintile share ratio);760 Ringkøbing-Skjern;1989 1989;3.24
72 S80/S20 (Income quintile share ratio);766 Hedensted;1989 1989;2.98
72 S80/S20 (Income quintile share ratio);773 Morsø;1989 1989;2.88
72 S80/S20 (Income quintile share ratio);779 Skive;1989 1989;2.92
72 S80/S20 (Income quintile share ratio);787 Thisted;1989 1989;3.05
72 S80/S20 (Income quintile share ratio);791 Viborg;1989 1989;2.99
72 S80/S20 (Income quintile share ratio);810 Brønderslev;1989 1989;2.84
72 S80/S20 (Income quintile share ratio);813 Frederikshavn;1989 1989;3.10
72 S80/S20 (Income quintile share ratio);820 Vesthimmerlands;1989 1989;3.12
72 S80/S20 (Income quintile share ratio);825 Læsø;1989 1989;3.65
72 S80/S20 (Income quintile share ratio);840 Rebild;1989 1989;3.00
72 S80/S20 (Income quintile share ratio);846 Mariagerfjord;1989 1989;3.07
72 S80/S20 (Income quintile share ratio);849 Jammerbugt;1989 1989;3.18
72 S80/S20 (Income quintile share ratio);851 Aalborg;1989 1989;3.07
72 S80/S20 (Income quintile share ratio);860 Hjørring;1989 1989;3.31
73 P90/10 (Upper decile boundary divided by lower);000 All Denmark;1989 1989;2.46
73 P90/10 (Upper decile boundary divided by lower);101 Copenhagen;1989 1989;2.69
73 P90/10 (Upper decile boundary divided by lower);147 Frederiksberg;1989 1989;2.91
73 P90/10 (Upper decile boundary divided by lower);151 Ballerup;1989 1989;2.24
73 P90/10 (Upper decile boundary divided by lower);153 Brøndby;1989 1989;2.24
73 P90/10 (Upper decile boundary divided by lower);155 Dragør;1989 1989;2.41
73 P90/10 (Upper decile boundary divided by lower);157 Gentofte;1989 1989;3.33
73 P90/10 (Upper decile boundary divided by lower);159 Gladsaxe;1989 1989;2.49
73 P90/10 (Upper decile boundary divided by lower);161 Glostrup;1989 1989;2.35
73 P90/10 (Upper decile boundary divided by lower);163 Herlev;1989 1989;2.36
73 P90/10 (Upper decile boundary divided by lower);165 Albertslund;1989 1989;2.44
73 P90/10 (Upper decile boundary divided by lower);167 Hvidovre;1989 1989;2.28
73 P90/10 (Upper decile boundary divided by lower);169 Høje-Taastrup;1989 1989;2.30
73 P90/10 (Upper decile boundary divided by lower);173 Lyngby-Taarbæk;1989 1989;2.94
73 P90/10 (Upper decile boundary divided by lower);175 Rødovre;1989 1989;2.25
73 P90/10 (Upper decile boundary divided by lower);183 Ishøj;1989 1989;2.31
73 P90/10 (Upper decile boundary divided by lower);185 Tårnby;1989 1989;2.23
73 P90/10 (Upper decile boundary divided by lower);187 Vallensbæk;1989 1989;2.10
73 P90/10 (Upper decile boundary divided by lower);190 Furesø;1989 1989;2.52
73 P90/10 (Upper decile boundary divided by lower);201 Allerød;1989 1989;2.35
73 P90/10 (Upper decile boundary divided by lower);210 Fredensborg;1989 1989;2.44
73 P90/10 (Upper decile boundary divided by lower);217 Helsingør;1989 1989;2.52
73 P90/10 (Upper decile boundary divided by lower);219 Hillerød;1989 1989;2.43
73 P90/10 (Upper decile boundary divided by lower);223 Hørsholm;1989 1989;3.01
73 P90/10 (Upper decile boundary divided by lower);230 Rudersdal;1989 1989;3.14
73 P90/10 (Upper decile boundary divided by lower);240 Egedal;1989 1989;2.16
73 P90/10 (Upper decile boundary divided by lower);250 Frederikssund;1989 1989;2.27
73 P90/10 (Upper decile boundary divided by lower);253 Greve;1989 1989;2.33
73 P90/10 (Upper decile boundary divided by lower);259 Køge;1989 1989;2.28
73 P90/10 (Upper decile boundary divided by lower);260 Halsnæs;1989 1989;2.17
73 P90/10 (Upper decile boundary divided by lower);265 Roskilde;1989 1989;2.45
73 P90/10 (Upper decile boundary divided by lower);269 Solrød;1989 1989;2.21
73 P90/10 (Upper decile boundary divided by lower);270 Gribskov;1989 1989;2.38
73 P90/10 (Upper decile boundary divided by lower);306 Odsherred;1989 1989;2.37
73 P90/10 (Upper decile boundary divided by lower);316 Holbæk;1989 1989;2.33
73 P90/10 (Upper decile boundary divided by lower);320 Faxe;1989 1989;2.33
73 P90/10 (Upper decile boundary divided by lower);326 Kalundborg;1989 1989;2.29
73 P90/10 (Upper decile boundary divided by lower);329 Ringsted;1989 1989;2.32
73 P90/10 (Upper decile boundary divided by lower);330 Slagelse;1989 1989;2.32
73 P90/10 (Upper decile boundary divided by lower);336 Stevns;1989 1989;2.37
73 P90/10 (Upper decile boundary divided by lower);340 Sorø;1989 1989;2.40
73 P90/10 (Upper decile boundary divided by lower);350 Lejre;1989 1989;2.24
73 P90/10 (Upper decile boundary divided by lower);360 Lolland;1989 1989;2.23
73 P90/10 (Upper decile boundary divided by lower);370 Næstved;1989 1989;2.30
73 P90/10 (Upper decile boundary divided by lower);376 Guldborgsund;1989 1989;2.28
73 P90/10 (Upper decile boundary divided by lower);390 Vordingborg;1989 1989;2.32
73 P90/10 (Upper decile boundary divided by lower);400 Bornholm;1989 1989;2.23
73 P90/10 (Upper decile boundary divided by lower);410 Middelfart;1989 1989;2.16
73 P90/10 (Upper decile boundary divided by lower);420 Assens;1989 1989;2.20
73 P90/10 (Upper decile boundary divided by lower);430 Faaborg-Midtfyn;1989 1989;2.25
73 P90/10 (Upper decile boundary divided by lower);440 Kerteminde;1989 1989;2.20
73 P90/10 (Upper decile boundary divided by lower);450 Nyborg;1989 1989;2.20
73 P90/10 (Upper decile boundary divided by lower);461 Odense;1989 1989;2.41
73 P90/10 (Upper decile boundary divided by lower);479 Svendborg;1989 1989;2.29
73 P90/10 (Upper decile boundary divided by lower);480 Nordfyns;1989 1989;2.20
73 P90/10 (Upper decile boundary divided by lower);482 Langeland;1989 1989;2.20
73 P90/10 (Upper decile boundary divided by lower);492 Ærø;1989 1989;2.42
73 P90/10 (Upper decile boundary divided by lower);510 Haderslev;1989 1989;2.28
73 P90/10 (Upper decile boundary divided by lower);530 Billund;1989 1989;2.30
73 P90/10 (Upper decile boundary divided by lower);540 Sønderborg;1989 1989;2.30
73 P90/10 (Upper decile boundary divided by lower);550 Tønder;1989 1989;2.33
73 P90/10 (Upper decile boundary divided by lower);561 Esbjerg;1989 1989;2.32
73 P90/10 (Upper decile boundary divided by lower);563 Fanø;1989 1989;2.32
73 P90/10 (Upper decile boundary divided by lower);573 Varde;1989 1989;2.33
73 P90/10 (Upper decile boundary divided by lower);575 Vejen;1989 1989;2.28
73 P90/10 (Upper decile boundary divided by lower);580 Aabenraa;1989 1989;2.33
73 P90/10 (Upper decile boundary divided by lower);607 Fredericia;1989 1989;2.19
73 P90/10 (Upper decile boundary divided by lower);615 Horsens;1989 1989;2.34
73 P90/10 (Upper decile boundary divided by lower);621 Kolding;1989 1989;2.31
73 P90/10 (Upper decile boundary divided by lower);630 Vejle;1989 1989;2.38
73 P90/10 (Upper decile boundary divided by lower);657 Herning;1989 1989;2.35
73 P90/10 (Upper decile boundary divided by lower);661 Holstebro;1989 1989;2.40
73 P90/10 (Upper decile boundary divided by lower);665 Lemvig;1989 1989;2.51
73 P90/10 (Upper decile boundary divided by lower);671 Struer;1989 1989;2.25
73 P90/10 (Upper decile boundary divided by lower);706 Syddjurs;1989 1989;2.34
73 P90/10 (Upper decile boundary divided by lower);707 Norddjurs;1989 1989;2.35
73 P90/10 (Upper decile boundary divided by lower);710 Favrskov;1989 1989;2.17
73 P90/10 (Upper decile boundary divided by lower);727 Odder;1989 1989;2.26
73 P90/10 (Upper decile boundary divided by lower);730 Randers;1989 1989;2.28
73 P90/10 (Upper decile boundary divided by lower);740 Silkeborg;1989 1989;2.30
73 P90/10 (Upper decile boundary divided by lower);741 Samsø;1989 1989;2.35
73 P90/10 (Upper decile boundary divided by lower);746 Skanderborg;1989 1989;2.23
73 P90/10 (Upper decile boundary divided by lower);751 Aarhus;1989 1989;2.64
73 P90/10 (Upper decile boundary divided by lower);756 Ikast-Brande;1989 1989;2.32
73 P90/10 (Upper decile boundary divided by lower);760 Ringkøbing-Skjern;1989 1989;2.38
73 P90/10 (Upper decile boundary divided by lower);766 Hedensted;1989 1989;2.27
73 P90/10 (Upper decile boundary divided by lower);773 Morsø;1989 1989;2.28
73 P90/10 (Upper decile boundary divided by lower);779 Skive;1989 1989;2.27
73 P90/10 (Upper decile boundary divided by lower);787 Thisted;1989 1989;2.36
73 P90/10 (Upper decile boundary divided by lower);791 Viborg;1989 1989;2.27
73 P90/10 (Upper decile boundary divided by lower);810 Brønderslev;1989 1989;2.29
73 P90/10 (Upper decile boundary divided by lower);813 Frederikshavn;1989 1989;2.26
73 P90/10 (Upper decile boundary divided by lower);820 Vesthimmerlands;1989 1989;2.41
73 P90/10 (Upper decile boundary divided by lower);825 Læsø;1989 1989;2.48
73 P90/10 (Upper decile boundary divided by lower);840 Rebild;1989 1989;2.33
73 P90/10 (Upper decile boundary divided by lower);846 Mariagerfjord;1989 1989;2.34
73 P90/10 (Upper decile boundary divided by lower);849 Jammerbugt;1989 1989;2.28
73 P90/10 (Upper decile boundary divided by lower);851 Aalborg;1989 1989;2.41
73 P90/10 (Upper decile boundary divided by lower);860 Hjørring;1989 1989;2.37
70 Gini coefficient;000 All Denmark;2008 2008;27.94
70 Gini coefficient;101 Copenhagen;2008 2008;29.60
70 Gini coefficient;147 Frederiksberg;2008 2008;31.55
70 Gini coefficient;151 Ballerup;2008 2008;23.25
70 Gini coefficient;153 Brøndby;2008 2008;22.72
70 Gini coefficient;155 Dragør;2008 2008;27.57
70 Gini coefficient;157 Gentofte;2008 2008;44.38
70 Gini coefficient;159 Gladsaxe;2008 2008;25.81
70 Gini coefficient;161 Glostrup;2008 2008;22.18
70 Gini coefficient;163 Herlev;2008 2008;23.51
70 Gini coefficient;165 Albertslund;2008 2008;23.26
70 Gini coefficient;167 Hvidovre;2008 2008;22.19
70 Gini coefficient;169 Høje-Taastrup;2008 2008;23.37
70 Gini coefficient;173 Lyngby-Taarbæk;2008 2008;31.58
70 Gini coefficient;175 Rødovre;2008 2008;22.87
70 Gini coefficient;183 Ishøj;2008 2008;23.32
70 Gini coefficient;185 Tårnby;2008 2008;21.99
70 Gini coefficient;187 Vallensbæk;2008 2008;22.50
70 Gini coefficient;190 Furesø;2008 2008;28.42
70 Gini coefficient;201 Allerød;2008 2008;24.50
70 Gini coefficient;210 Fredensborg;2008 2008;28.78
70 Gini coefficient;217 Helsingør;2008 2008;27.72
70 Gini coefficient;219 Hillerød;2008 2008;24.76
70 Gini coefficient;223 Hørsholm;2008 2008;37.51
70 Gini coefficient;230 Rudersdal;2008 2008;39.28
70 Gini coefficient;240 Egedal;2008 2008;21.45
70 Gini coefficient;250 Frederikssund;2008 2008;22.72
70 Gini coefficient;253 Greve;2008 2008;23.96
70 Gini coefficient;259 Køge;2008 2008;23.41
70 Gini coefficient;260 Halsnæs;2008 2008;22.17
70 Gini coefficient;265 Roskilde;2008 2008;26.21
70 Gini coefficient;269 Solrød;2008 2008;25.37
70 Gini coefficient;270 Gribskov;2008 2008;25.05
70 Gini coefficient;306 Odsherred;2008 2008;24.77
70 Gini coefficient;316 Holbæk;2008 2008;25.39
70 Gini coefficient;320 Faxe;2008 2008;22.80
70 Gini coefficient;326 Kalundborg;2008 2008;26.91
70 Gini coefficient;329 Ringsted;2008 2008;23.56
70 Gini coefficient;330 Slagelse;2008 2008;24.08
70 Gini coefficient;336 Stevns;2008 2008;24.65
70 Gini coefficient;340 Sorø;2008 2008;27.67
70 Gini coefficient;350 Lejre;2008 2008;24.33
70 Gini coefficient;360 Lolland;2008 2008;25.89
70 Gini coefficient;370 Næstved;2008 2008;25.37
70 Gini coefficient;376 Guldborgsund;2008 2008;26.66
70 Gini coefficient;390 Vordingborg;2008 2008;26.80
70 Gini coefficient;400 Bornholm;2008 2008;24.88
70 Gini coefficient;410 Middelfart;2008 2008;24.58
70 Gini coefficient;420 Assens;2008 2008;25.82
70 Gini coefficient;430 Faaborg-Midtfyn;2008 2008;26.20
70 Gini coefficient;440 Kerteminde;2008 2008;25.20
70 Gini coefficient;450 Nyborg;2008 2008;23.59
70 Gini coefficient;461 Odense;2008 2008;26.17
70 Gini coefficient;479 Svendborg;2008 2008;25.45
70 Gini coefficient;480 Nordfyns;2008 2008;25.45
70 Gini coefficient;482 Langeland;2008 2008;27.47
70 Gini coefficient;492 Ærø;2008 2008;24.60
70 Gini coefficient;510 Haderslev;2008 2008;27.46
70 Gini coefficient;530 Billund;2008 2008;24.32
70 Gini coefficient;540 Sønderborg;2008 2008;24.89
70 Gini coefficient;550 Tønder;2008 2008;30.34
70 Gini coefficient;561 Esbjerg;2008 2008;25.72
70 Gini coefficient;563 Fanø;2008 2008;24.85
70 Gini coefficient;573 Varde;2008 2008;28.33
70 Gini coefficient;575 Vejen;2008 2008;28.28
70 Gini coefficient;580 Aabenraa;2008 2008;26.88
70 Gini coefficient;607 Fredericia;2008 2008;22.53
70 Gini coefficient;615 Horsens;2008 2008;26.09
70 Gini coefficient;621 Kolding;2008 2008;26.14
70 Gini coefficient;630 Vejle;2008 2008;25.96
70 Gini coefficient;657 Herning;2008 2008;26.85
70 Gini coefficient;661 Holstebro;2008 2008;27.39
70 Gini coefficient;665 Lemvig;2008 2008;32.29
70 Gini coefficient;671 Struer;2008 2008;26.84
70 Gini coefficient;706 Syddjurs;2008 2008;25.76
70 Gini coefficient;707 Norddjurs;2008 2008;27.06
70 Gini coefficient;710 Favrskov;2008 2008;23.34
70 Gini coefficient;727 Odder;2008 2008;24.91
70 Gini coefficient;730 Randers;2008 2008;24.38
70 Gini coefficient;740 Silkeborg;2008 2008;28.10
70 Gini coefficient;741 Samsø;2008 2008;28.88
70 Gini coefficient;746 Skanderborg;2008 2008;23.70
70 Gini coefficient;751 Aarhus;2008 2008;29.77
70 Gini coefficient;756 Ikast-Brande;2008 2008;26.79
70 Gini coefficient;760 Ringkøbing-Skjern;2008 2008;29.81
70 Gini coefficient;766 Hedensted;2008 2008;27.03
70 Gini coefficient;773 Morsø;2008 2008;31.02
70 Gini coefficient;779 Skive;2008 2008;25.67
70 Gini coefficient;787 Thisted;2008 2008;29.51
70 Gini coefficient;791 Viborg;2008 2008;26.41
70 Gini coefficient;810 Brønderslev;2008 2008;32.48
70 Gini coefficient;813 Frederikshavn;2008 2008;25.77
70 Gini coefficient;820 Vesthimmerlands;2008 2008;30.58
70 Gini coefficient;825 Læsø;2008 2008;23.00
70 Gini coefficient;840 Rebild;2008 2008;30.90
70 Gini coefficient;846 Mariagerfjord;2008 2008;27.05
70 Gini coefficient;849 Jammerbugt;2008 2008;27.68
70 Gini coefficient;851 Aalborg;2008 2008;27.28
70 Gini coefficient;860 Hjørring;2008 2008;28.43
71 Hoover index;000 All Denmark;2008 2008;18.58
71 Hoover index;101 Copenhagen;2008 2008;20.44
71 Hoover index;147 Frederiksberg;2008 2008;21.52
71 Hoover index;151 Ballerup;2008 2008;16.20
71 Hoover index;153 Brøndby;2008 2008;15.90
71 Hoover index;155 Dragør;2008 2008;18.31
71 Hoover index;157 Gentofte;2008 2008;29.09
71 Hoover index;159 Gladsaxe;2008 2008;17.76
71 Hoover index;161 Glostrup;2008 2008;15.58
71 Hoover index;163 Herlev;2008 2008;16.31
71 Hoover index;165 Albertslund;2008 2008;16.23
71 Hoover index;167 Hvidovre;2008 2008;15.48
71 Hoover index;169 Høje-Taastrup;2008 2008;16.07
71 Hoover index;173 Lyngby-Taarbæk;2008 2008;21.44
71 Hoover index;175 Rødovre;2008 2008;15.83
71 Hoover index;183 Ishøj;2008 2008;16.22
71 Hoover index;185 Tårnby;2008 2008;15.18
71 Hoover index;187 Vallensbæk;2008 2008;15.43
71 Hoover index;190 Furesø;2008 2008;19.10
71 Hoover index;201 Allerød;2008 2008;16.45
71 Hoover index;210 Fredensborg;2008 2008;19.42
71 Hoover index;217 Helsingør;2008 2008;18.61
71 Hoover index;219 Hillerød;2008 2008;16.75
71 Hoover index;223 Hørsholm;2008 2008;24.61
71 Hoover index;230 Rudersdal;2008 2008;25.65
71 Hoover index;240 Egedal;2008 2008;14.38
71 Hoover index;250 Frederikssund;2008 2008;15.54
71 Hoover index;253 Greve;2008 2008;16.28
71 Hoover index;259 Køge;2008 2008;15.98
71 Hoover index;260 Halsnæs;2008 2008;15.08
71 Hoover index;265 Roskilde;2008 2008;17.72
71 Hoover index;269 Solrød;2008 2008;16.92
71 Hoover index;270 Gribskov;2008 2008;16.72
71 Hoover index;306 Odsherred;2008 2008;16.50
71 Hoover index;316 Holbæk;2008 2008;17.02
71 Hoover index;320 Faxe;2008 2008;15.40
71 Hoover index;326 Kalundborg;2008 2008;17.71
71 Hoover index;329 Ringsted;2008 2008;15.96
71 Hoover index;330 Slagelse;2008 2008;16.30
71 Hoover index;336 Stevns;2008 2008;16.47
71 Hoover index;340 Sorø;2008 2008;18.00
71 Hoover index;350 Lejre;2008 2008;16.14
71 Hoover index;360 Lolland;2008 2008;17.30
71 Hoover index;370 Næstved;2008 2008;16.88
71 Hoover index;376 Guldborgsund;2008 2008;17.68
71 Hoover index;390 Vordingborg;2008 2008;17.72
71 Hoover index;400 Bornholm;2008 2008;16.42
71 Hoover index;410 Middelfart;2008 2008;16.28
71 Hoover index;420 Assens;2008 2008;16.85
71 Hoover index;430 Faaborg-Midtfyn;2008 2008;17.09
71 Hoover index;440 Kerteminde;2008 2008;16.48
71 Hoover index;450 Nyborg;2008 2008;15.75
71 Hoover index;461 Odense;2008 2008;17.78
71 Hoover index;479 Svendborg;2008 2008;17.14
71 Hoover index;480 Nordfyns;2008 2008;16.69
71 Hoover index;482 Langeland;2008 2008;17.93
71 Hoover index;492 Ærø;2008 2008;16.91
71 Hoover index;510 Haderslev;2008 2008;17.80
71 Hoover index;530 Billund;2008 2008;16.06
71 Hoover index;540 Sønderborg;2008 2008;16.60
71 Hoover index;550 Tønder;2008 2008;19.40
71 Hoover index;561 Esbjerg;2008 2008;17.13
71 Hoover index;563 Fanø;2008 2008;17.15
71 Hoover index;573 Varde;2008 2008;18.10
71 Hoover index;575 Vejen;2008 2008;18.14
71 Hoover index;580 Aabenraa;2008 2008;17.69
71 Hoover index;607 Fredericia;2008 2008;15.31
71 Hoover index;615 Horsens;2008 2008;17.20
71 Hoover index;621 Kolding;2008 2008;17.31
71 Hoover index;630 Vejle;2008 2008;17.15
71 Hoover index;657 Herning;2008 2008;17.40
71 Hoover index;661 Holstebro;2008 2008;17.74
71 Hoover index;665 Lemvig;2008 2008;20.25
71 Hoover index;671 Struer;2008 2008;17.44
71 Hoover index;706 Syddjurs;2008 2008;16.98
71 Hoover index;707 Norddjurs;2008 2008;17.73
71 Hoover index;710 Favrskov;2008 2008;15.42
71 Hoover index;727 Odder;2008 2008;16.37
71 Hoover index;730 Randers;2008 2008;16.25
71 Hoover index;740 Silkeborg;2008 2008;18.23
71 Hoover index;741 Samsø;2008 2008;18.77
71 Hoover index;746 Skanderborg;2008 2008;15.70
71 Hoover index;751 Aarhus;2008 2008;20.12
71 Hoover index;756 Ikast-Brande;2008 2008;17.37
71 Hoover index;760 Ringkøbing-Skjern;2008 2008;18.91
71 Hoover index;766 Hedensted;2008 2008;17.36
71 Hoover index;773 Morsø;2008 2008;19.62
71 Hoover index;779 Skive;2008 2008;16.86
71 Hoover index;787 Thisted;2008 2008;18.90
71 Hoover index;791 Viborg;2008 2008;17.22
71 Hoover index;810 Brønderslev;2008 2008;20.44
71 Hoover index;813 Frederikshavn;2008 2008;16.95
71 Hoover index;820 Vesthimmerlands;2008 2008;19.45
71 Hoover index;825 Læsø;2008 2008;15.71
71 Hoover index;840 Rebild;2008 2008;19.58
71 Hoover index;846 Mariagerfjord;2008 2008;17.65
71 Hoover index;849 Jammerbugt;2008 2008;17.92
71 Hoover index;851 Aalborg;2008 2008;18.15
71 Hoover index;860 Hjørring;2008 2008;18.35
72 S80/S20 (Income quintile share ratio);000 All Denmark;2008 2008;4.64
72 S80/S20 (Income quintile share ratio);101 Copenhagen;2008 2008;5.10
72 S80/S20 (Income quintile share ratio);147 Frederiksberg;2008 2008;5.84
72 S80/S20 (Income quintile share ratio);151 Ballerup;2008 2008;3.32
72 S80/S20 (Income quintile share ratio);153 Brøndby;2008 2008;3.19
72 S80/S20 (Income quintile share ratio);155 Dragør;2008 2008;4.85
72 S80/S20 (Income quintile share ratio);157 Gentofte;2008 2008;21.02
72 S80/S20 (Income quintile share ratio);159 Gladsaxe;2008 2008;3.95
72 S80/S20 (Income quintile share ratio);161 Glostrup;2008 2008;3.13
72 S80/S20 (Income quintile share ratio);163 Herlev;2008 2008;3.38
72 S80/S20 (Income quintile share ratio);165 Albertslund;2008 2008;3.39
72 S80/S20 (Income quintile share ratio);167 Hvidovre;2008 2008;3.19
72 S80/S20 (Income quintile share ratio);169 Høje-Taastrup;2008 2008;3.41
72 S80/S20 (Income quintile share ratio);173 Lyngby-Taarbæk;2008 2008;5.62
72 S80/S20 (Income quintile share ratio);175 Rødovre;2008 2008;3.21
72 S80/S20 (Income quintile share ratio);183 Ishøj;2008 2008;3.37
72 S80/S20 (Income quintile share ratio);185 Tårnby;2008 2008;3.24
72 S80/S20 (Income quintile share ratio);187 Vallensbæk;2008 2008;3.31
72 S80/S20 (Income quintile share ratio);190 Furesø;2008 2008;4.85
72 S80/S20 (Income quintile share ratio);201 Allerød;2008 2008;3.78
72 S80/S20 (Income quintile share ratio);210 Fredensborg;2008 2008;4.56
72 S80/S20 (Income quintile share ratio);217 Helsingør;2008 2008;4.46
72 S80/S20 (Income quintile share ratio);219 Hillerød;2008 2008;3.82
72 S80/S20 (Income quintile share ratio);223 Hørsholm;2008 2008;9.75
72 S80/S20 (Income quintile share ratio);230 Rudersdal;2008 2008;11.53
72 S80/S20 (Income quintile share ratio);240 Egedal;2008 2008;3.13
72 S80/S20 (Income quintile share ratio);250 Frederikssund;2008 2008;3.26
72 S80/S20 (Income quintile share ratio);253 Greve;2008 2008;3.54
72 S80/S20 (Income quintile share ratio);259 Køge;2008 2008;3.44
72 S80/S20 (Income quintile share ratio);260 Halsnæs;2008 2008;3.26
72 S80/S20 (Income quintile share ratio);265 Roskilde;2008 2008;4.13
72 S80/S20 (Income quintile share ratio);269 Solrød;2008 2008;3.86
72 S80/S20 (Income quintile share ratio);270 Gribskov;2008 2008;3.91
72 S80/S20 (Income quintile share ratio);306 Odsherred;2008 2008;3.81
72 S80/S20 (Income quintile share ratio);316 Holbæk;2008 2008;4.01
72 S80/S20 (Income quintile share ratio);320 Faxe;2008 2008;3.36
72 S80/S20 (Income quintile share ratio);326 Kalundborg;2008 2008;4.85
72 S80/S20 (Income quintile share ratio);329 Ringsted;2008 2008;3.43
72 S80/S20 (Income quintile share ratio);330 Slagelse;2008 2008;3.60
72 S80/S20 (Income quintile share ratio);336 Stevns;2008 2008;3.60
72 S80/S20 (Income quintile share ratio);340 Sorø;2008 2008;5.28
72 S80/S20 (Income quintile share ratio);350 Lejre;2008 2008;3.80
72 S80/S20 (Income quintile share ratio);360 Lolland;2008 2008;4.01
72 S80/S20 (Income quintile share ratio);370 Næstved;2008 2008;4.09
72 S80/S20 (Income quintile share ratio);376 Guldborgsund;2008 2008;4.31
72 S80/S20 (Income quintile share ratio);390 Vordingborg;2008 2008;4.65
72 S80/S20 (Income quintile share ratio);400 Bornholm;2008 2008;3.78
72 S80/S20 (Income quintile share ratio);410 Middelfart;2008 2008;3.68
72 S80/S20 (Income quintile share ratio);420 Assens;2008 2008;4.36
72 S80/S20 (Income quintile share ratio);430 Faaborg-Midtfyn;2008 2008;4.32
72 S80/S20 (Income quintile share ratio);440 Kerteminde;2008 2008;4.03
72 S80/S20 (Income quintile share ratio);450 Nyborg;2008 2008;3.52
72 S80/S20 (Income quintile share ratio);461 Odense;2008 2008;4.21
72 S80/S20 (Income quintile share ratio);479 Svendborg;2008 2008;3.78
72 S80/S20 (Income quintile share ratio);480 Nordfyns;2008 2008;4.26
72 S80/S20 (Income quintile share ratio);482 Langeland;2008 2008;4.53
72 S80/S20 (Income quintile share ratio);492 Ærø;2008 2008;3.61
72 S80/S20 (Income quintile share ratio);510 Haderslev;2008 2008;4.76
72 S80/S20 (Income quintile share ratio);530 Billund;2008 2008;3.63
72 S80/S20 (Income quintile share ratio);540 Sønderborg;2008 2008;3.70
72 S80/S20 (Income quintile share ratio);550 Tønder;2008 2008;6.66
72 S80/S20 (Income quintile share ratio);561 Esbjerg;2008 2008;3.91
72 S80/S20 (Income quintile share ratio);563 Fanø;2008 2008;3.52
72 S80/S20 (Income quintile share ratio);573 Varde;2008 2008;5.54
72 S80/S20 (Income quintile share ratio);575 Vejen;2008 2008;5.36
72 S80/S20 (Income quintile share ratio);580 Aabenraa;2008 2008;4.31
72 S80/S20 (Income quintile share ratio);607 Fredericia;2008 2008;3.22
72 S80/S20 (Income quintile share ratio);615 Horsens;2008 2008;4.38
72 S80/S20 (Income quintile share ratio);621 Kolding;2008 2008;3.99
72 S80/S20 (Income quintile share ratio);630 Vejle;2008 2008;4.09
72 S80/S20 (Income quintile share ratio);657 Herning;2008 2008;4.46
70 Gini coefficient;000 All Denmark;1994 1994;22.50
70 Gini coefficient;101 Copenhagen;1994 1994;23.34
70 Gini coefficient;147 Frederiksberg;1994 1994;25.97
70 Gini coefficient;151 Ballerup;1994 1994;20.14
70 Gini coefficient;153 Brøndby;1994 1994;20.45
70 Gini coefficient;155 Dragør;1994 1994;22.31
70 Gini coefficient;157 Gentofte;1994 1994;33.20
70 Gini coefficient;159 Gladsaxe;1994 1994;22.03
70 Gini coefficient;161 Glostrup;1994 1994;20.49
70 Gini coefficient;163 Herlev;1994 1994;21.11
70 Gini coefficient;165 Albertslund;1994 1994;21.39
70 Gini coefficient;167 Hvidovre;1994 1994;19.98
70 Gini coefficient;169 Høje-Taastrup;1994 1994;20.96
70 Gini coefficient;173 Lyngby-Taarbæk;1994 1994;27.01
70 Gini coefficient;175 Rødovre;1994 1994;19.36
70 Gini coefficient;183 Ishøj;1994 1994;20.80
70 Gini coefficient;185 Tårnby;1994 1994;18.57
70 Gini coefficient;187 Vallensbæk;1994 1994;18.00
70 Gini coefficient;190 Furesø;1994 1994;24.18
70 Gini coefficient;201 Allerød;1994 1994;20.49
70 Gini coefficient;210 Fredensborg;1994 1994;24.38
70 Gini coefficient;217 Helsingør;1994 1994;23.43
70 Gini coefficient;219 Hillerød;1994 1994;21.34
70 Gini coefficient;223 Hørsholm;1994 1994;36.78
70 Gini coefficient;230 Rudersdal;1994 1994;45.38
70 Gini coefficient;240 Egedal;1994 1994;18.31
70 Gini coefficient;250 Frederikssund;1994 1994;20.60
70 Gini coefficient;253 Greve;1994 1994;20.38
70 Gini coefficient;259 Køge;1994 1994;20.28
70 Gini coefficient;260 Halsnæs;1994 1994;19.51
70 Gini coefficient;265 Roskilde;1994 1994;22.62
70 Gini coefficient;269 Solrød;1994 1994;19.51
70 Gini coefficient;270 Gribskov;1994 1994;20.76
70 Gini coefficient;306 Odsherred;1994 1994;20.07
70 Gini coefficient;316 Holbæk;1994 1994;20.80
70 Gini coefficient;320 Faxe;1994 1994;20.15
70 Gini coefficient;326 Kalundborg;1994 1994;19.81
70 Gini coefficient;329 Ringsted;1994 1994;20.74
70 Gini coefficient;330 Slagelse;1994 1994;20.51
70 Gini coefficient;336 Stevns;1994 1994;19.88
70 Gini coefficient;340 Sorø;1994 1994;20.34
70 Gini coefficient;350 Lejre;1994 1994;19.33
70 Gini coefficient;360 Lolland;1994 1994;19.94
70 Gini coefficient;370 Næstved;1994 1994;20.67
70 Gini coefficient;376 Guldborgsund;1994 1994;20.45
70 Gini coefficient;390 Vordingborg;1994 1994;20.85
70 Gini coefficient;400 Bornholm;1994 1994;19.68
70 Gini coefficient;410 Middelfart;1994 1994;19.46
70 Gini coefficient;420 Assens;1994 1994;20.06
70 Gini coefficient;430 Faaborg-Midtfyn;1994 1994;19.67
70 Gini coefficient;440 Kerteminde;1994 1994;18.99
70 Gini coefficient;450 Nyborg;1994 1994;19.72
70 Gini coefficient;461 Odense;1994 1994;22.03
70 Gini coefficient;479 Svendborg;1994 1994;20.92
70 Gini coefficient;480 Nordfyns;1994 1994;19.33
70 Gini coefficient;482 Langeland;1994 1994;20.03
70 Gini coefficient;492 Ærø;1994 1994;21.60
70 Gini coefficient;510 Haderslev;1994 1994;20.43
70 Gini coefficient;530 Billund;1994 1994;21.60
70 Gini coefficient;540 Sønderborg;1994 1994;20.53
70 Gini coefficient;550 Tønder;1994 1994;20.29
70 Gini coefficient;561 Esbjerg;1994 1994;21.09
70 Gini coefficient;563 Fanø;1994 1994;20.40
70 Gini coefficient;573 Varde;1994 1994;19.46
70 Gini coefficient;575 Vejen;1994 1994;19.95
70 Gini coefficient;580 Aabenraa;1994 1994;21.22
70 Gini coefficient;607 Fredericia;1994 1994;19.81
70 Gini coefficient;615 Horsens;1994 1994;20.65
70 Gini coefficient;621 Kolding;1994 1994;21.10
70 Gini coefficient;630 Vejle;1994 1994;21.04
70 Gini coefficient;657 Herning;1994 1994;21.02
70 Gini coefficient;661 Holstebro;1994 1994;20.98
70 Gini coefficient;665 Lemvig;1994 1994;21.22
70 Gini coefficient;671 Struer;1994 1994;19.60
70 Gini coefficient;706 Syddjurs;1994 1994;23.49
70 Gini coefficient;707 Norddjurs;1994 1994;20.31
70 Gini coefficient;710 Favrskov;1994 1994;19.12
70 Gini coefficient;727 Odder;1994 1994;20.87
70 Gini coefficient;730 Randers;1994 1994;20.14
70 Gini coefficient;740 Silkeborg;1994 1994;22.70
70 Gini coefficient;741 Samsø;1994 1994;20.22
70 Gini coefficient;746 Skanderborg;1994 1994;19.52
70 Gini coefficient;751 Aarhus;1994 1994;24.53
70 Gini coefficient;756 Ikast-Brande;1994 1994;20.44
70 Gini coefficient;760 Ringkøbing-Skjern;1994 1994;20.34
70 Gini coefficient;766 Hedensted;1994 1994;19.08
70 Gini coefficient;773 Morsø;1994 1994;19.48
70 Gini coefficient;779 Skive;1994 1994;20.10
70 Gini coefficient;787 Thisted;1994 1994;20.40
70 Gini coefficient;791 Viborg;1994 1994;20.41
70 Gini coefficient;810 Brønderslev;1994 1994;19.57
70 Gini coefficient;813 Frederikshavn;1994 1994;19.60
70 Gini coefficient;820 Vesthimmerlands;1994 1994;19.97
70 Gini coefficient;825 Læsø;1994 1994;18.97
70 Gini coefficient;840 Rebild;1994 1994;20.09
70 Gini coefficient;846 Mariagerfjord;1994 1994;20.55
70 Gini coefficient;849 Jammerbugt;1994 1994;19.85
70 Gini coefficient;851 Aalborg;1994 1994;21.03
70 Gini coefficient;860 Hjørring;1994 1994;20.03
71 Hoover index;000 All Denmark;1994 1994;15.38
71 Hoover index;101 Copenhagen;1994 1994;16.34
71 Hoover index;147 Frederiksberg;1994 1994;18.14
71 Hoover index;151 Ballerup;1994 1994;14.05
71 Hoover index;153 Brøndby;1994 1994;14.43
71 Hoover index;155 Dragør;1994 1994;15.05
71 Hoover index;157 Gentofte;1994 1994;22.06
71 Hoover index;159 Gladsaxe;1994 1994;15.25
71 Hoover index;161 Glostrup;1994 1994;14.24
71 Hoover index;163 Herlev;1994 1994;14.67
71 Hoover index;165 Albertslund;1994 1994;15.06
71 Hoover index;167 Hvidovre;1994 1994;13.95
71 Hoover index;169 Høje-Taastrup;1994 1994;14.62
71 Hoover index;173 Lyngby-Taarbæk;1994 1994;18.51
71 Hoover index;175 Rødovre;1994 1994;13.56
71 Hoover index;183 Ishøj;1994 1994;14.63
71 Hoover index;185 Tårnby;1994 1994;12.91
71 Hoover index;187 Vallensbæk;1994 1994;12.35
71 Hoover index;190 Furesø;1994 1994;16.47
71 Hoover index;201 Allerød;1994 1994;13.96
71 Hoover index;210 Fredensborg;1994 1994;16.46
71 Hoover index;217 Helsingør;1994 1994;16.13
71 Hoover index;219 Hillerød;1994 1994;14.60
71 Hoover index;223 Hørsholm;1994 1994;23.52
71 Hoover index;230 Rudersdal;1994 1994;28.08
71 Hoover index;240 Egedal;1994 1994;12.53
71 Hoover index;250 Frederikssund;1994 1994;14.05
71 Hoover index;253 Greve;1994 1994;14.04
71 Hoover index;259 Køge;1994 1994;14.08
71 Hoover index;260 Halsnæs;1994 1994;13.45
71 Hoover index;265 Roskilde;1994 1994;15.42
71 Hoover index;269 Solrød;1994 1994;13.25
71 Hoover index;270 Gribskov;1994 1994;14.21
71 Hoover index;306 Odsherred;1994 1994;13.77
71 Hoover index;316 Holbæk;1994 1994;14.38
71 Hoover index;320 Faxe;1994 1994;13.87
71 Hoover index;326 Kalundborg;1994 1994;13.70
71 Hoover index;329 Ringsted;1994 1994;14.26
71 Hoover index;330 Slagelse;1994 1994;14.16
71 Hoover index;336 Stevns;1994 1994;13.71
71 Hoover index;340 Sorø;1994 1994;13.95
71 Hoover index;350 Lejre;1994 1994;13.25
71 Hoover index;360 Lolland;1994 1994;13.75
71 Hoover index;370 Næstved;1994 1994;14.23
71 Hoover index;376 Guldborgsund;1994 1994;14.03
71 Hoover index;390 Vordingborg;1994 1994;14.29
71 Hoover index;400 Bornholm;1994 1994;13.48
71 Hoover index;410 Middelfart;1994 1994;13.33
71 Hoover index;420 Assens;1994 1994;13.63
71 Hoover index;430 Faaborg-Midtfyn;1994 1994;13.46
71 Hoover index;440 Kerteminde;1994 1994;13.02
71 Hoover index;450 Nyborg;1994 1994;13.51
71 Hoover index;461 Odense;1994 1994;15.26
71 Hoover index;479 Svendborg;1994 1994;14.38
71 Hoover index;480 Nordfyns;1994 1994;13.24
71 Hoover index;482 Langeland;1994 1994;13.76
71 Hoover index;492 Ærø;1994 1994;15.03
71 Hoover index;510 Haderslev;1994 1994;13.96
71 Hoover index;530 Billund;1994 1994;14.39
71 Hoover index;540 Sønderborg;1994 1994;14.05
71 Hoover index;550 Tønder;1994 1994;13.86
71 Hoover index;561 Esbjerg;1994 1994;14.36
71 Hoover index;563 Fanø;1994 1994;14.00
71 Hoover index;573 Varde;1994 1994;13.34
71 Hoover index;575 Vejen;1994 1994;13.60
71 Hoover index;580 Aabenraa;1994 1994;14.44
71 Hoover index;607 Fredericia;1994 1994;13.59
71 Hoover index;615 Horsens;1994 1994;14.19
71 Hoover index;621 Kolding;1994 1994;14.45
71 Hoover index;630 Vejle;1994 1994;14.39
71 Hoover index;657 Herning;1994 1994;14.30
71 Hoover index;661 Holstebro;1994 1994;14.23
71 Hoover index;665 Lemvig;1994 1994;14.45
71 Hoover index;671 Struer;1994 1994;13.32
71 Hoover index;706 Syddjurs;1994 1994;15.53
71 Hoover index;707 Norddjurs;1994 1994;13.90
71 Hoover index;710 Favrskov;1994 1994;13.02
71 Hoover index;727 Odder;1994 1994;14.15
71 Hoover index;730 Randers;1994 1994;13.87
71 Hoover index;740 Silkeborg;1994 1994;15.22
71 Hoover index;741 Samsø;1994 1994;14.03
71 Hoover index;746 Skanderborg;1994 1994;13.33
71 Hoover index;751 Aarhus;1994 1994;16.88
71 Hoover index;756 Ikast-Brande;1994 1994;13.87
71 Hoover index;760 Ringkøbing-Skjern;1994 1994;13.83
71 Hoover index;766 Hedensted;1994 1994;13.04
71 Hoover index;773 Morsø;1994 1994;13.39
71 Hoover index;779 Skive;1994 1994;13.73
71 Hoover index;787 Thisted;1994 1994;13.97
71 Hoover index;791 Viborg;1994 1994;13.87
71 Hoover index;810 Brønderslev;1994 1994;13.41
71 Hoover index;813 Frederikshavn;1994 1994;13.39
71 Hoover index;820 Vesthimmerlands;1994 1994;13.69
71 Hoover index;825 Læsø;1994 1994;13.30
71 Hoover index;840 Rebild;1994 1994;13.74
71 Hoover index;846 Mariagerfjord;1994 1994;14.02
71 Hoover index;849 Jammerbugt;1994 1994;13.47
71 Hoover index;851 Aalborg;1994 1994;14.53
71 Hoover index;860 Hjørring;1994 1994;13.72
72 S80/S20 (Income quintile share ratio);000 All Denmark;1994 1994;3.22
72 S80/S20 (Income quintile share ratio);101 Copenhagen;1994 1994;3.36
72 S80/S20 (Income quintile share ratio);147 Frederiksberg;1994 1994;3.87
72 S80/S20 (Income quintile share ratio);151 Ballerup;1994 1994;2.81
72 S80/S20 (Income quintile share ratio);153 Brøndby;1994 1994;2.83
72 S80/S20 (Income quintile share ratio);155 Dragør;1994 1994;3.37
72 S80/S20 (Income quintile share ratio);157 Gentofte;1994 1994;6.54
72 S80/S20 (Income quintile share ratio);159 Gladsaxe;1994 1994;3.19
72 S80/S20 (Income quintile share ratio);161 Glostrup;1994 1994;2.87
72 S80/S20 (Income quintile share ratio);163 Herlev;1994 1994;2.97
72 S80/S20 (Income quintile share ratio);165 Albertslund;1994 1994;3.02
72 S80/S20 (Income quintile share ratio);167 Hvidovre;1994 1994;2.82
72 S80/S20 (Income quintile share ratio);169 Høje-Taastrup;1994 1994;2.98
72 S80/S20 (Income quintile share ratio);173 Lyngby-Taarbæk;1994 1994;4.20
72 S80/S20 (Income quintile share ratio);175 Rødovre;1994 1994;2.69
72 S80/S20 (Income quintile share ratio);183 Ishøj;1994 1994;2.90
72 S80/S20 (Income quintile share ratio);185 Tårnby;1994 1994;2.64
72 S80/S20 (Income quintile share ratio);187 Vallensbæk;1994 1994;2.54
72 S80/S20 (Income quintile share ratio);190 Furesø;1994 1994;3.64
72 S80/S20 (Income quintile share ratio);201 Allerød;1994 1994;2.94
72 S80/S20 (Income quintile share ratio);210 Fredensborg;1994 1994;3.70
72 S80/S20 (Income quintile share ratio);217 Helsingør;1994 1994;3.40
72 S80/S20 (Income quintile share ratio);219 Hillerød;1994 1994;3.06
72 S80/S20 (Income quintile share ratio);223 Hørsholm;1994 1994;14.67
72 S80/S20 (Income quintile share ratio);230 Rudersdal;1994 1994;-12.73
72 S80/S20 (Income quintile share ratio);240 Egedal;1994 1994;2.61
72 S80/S20 (Income quintile share ratio);250 Frederikssund;1994 1994;2.95
72 S80/S20 (Income quintile share ratio);253 Greve;1994 1994;2.92
72 S80/S20 (Income quintile share ratio);259 Køge;1994 1994;2.85
72 S80/S20 (Income quintile share ratio);260 Halsnæs;1994 1994;2.76
72 S80/S20 (Income quintile share ratio);265 Roskilde;1994 1994;3.38
72 S80/S20 (Income quintile share ratio);269 Solrød;1994 1994;2.75
72 S80/S20 (Income quintile share ratio);270 Gribskov;1994 1994;2.96
72 S80/S20 (Income quintile share ratio);306 Odsherred;1994 1994;2.81
72 S80/S20 (Income quintile share ratio);316 Holbæk;1994 1994;2.91
72 S80/S20 (Income quintile share ratio);320 Faxe;1994 1994;2.87
72 S80/S20 (Income quintile share ratio);326 Kalundborg;1994 1994;2.76
72 S80/S20 (Income quintile share ratio);329 Ringsted;1994 1994;2.90
72 S80/S20 (Income quintile share ratio);330 Slagelse;1994 1994;2.89
72 S80/S20 (Income quintile share ratio);336 Stevns;1994 1994;2.77
72 S80/S20 (Income quintile share ratio);340 Sorø;1994 1994;2.89
72 S80/S20 (Income quintile share ratio);350 Lejre;1994 1994;2.75
72 S80/S20 (Income quintile share ratio);360 Lolland;1994 1994;2.75
72 S80/S20 (Income quintile share ratio);370 Næstved;1994 1994;2.91
72 S80/S20 (Income quintile share ratio);376 Guldborgsund;1994 1994;2.87
72 S80/S20 (Income quintile share ratio);390 Vordingborg;1994 1994;2.93
72 S80/S20 (Income quintile share ratio);400 Bornholm;1994 1994;2.71
72 S80/S20 (Income quintile share ratio);410 Middelfart;1994 1994;2.72
72 S80/S20 (Income quintile share ratio);420 Assens;1994 1994;2.78
72 S80/S20 (Income quintile share ratio);430 Faaborg-Midtfyn;1994 1994;2.75
72 S80/S20 (Income quintile share ratio);440 Kerteminde;1994 1994;2.63
72 S80/S20 (Income quintile share ratio);450 Nyborg;1994 1994;2.77
72 S80/S20 (Income quintile share ratio);461 Odense;1994 1994;3.14
72 S80/S20 (Income quintile share ratio);479 Svendborg;1994 1994;2.94
72 S80/S20 (Income quintile share ratio);480 Nordfyns;1994 1994;2.69
72 S80/S20 (Income quintile share ratio);482 Langeland;1994 1994;2.78
72 S80/S20 (Income quintile share ratio);492 Ærø;1994 1994;3.01
72 S80/S20 (Income quintile share ratio);510 Haderslev;1994 1994;2.84
72 S80/S20 (Income quintile share ratio);530 Billund;1994 1994;2.97
72 S80/S20 (Income quintile share ratio);540 Sønderborg;1994 1994;2.86
72 S80/S20 (Income quintile share ratio);550 Tønder;1994 1994;2.83
72 S80/S20 (Income quintile share ratio);561 Esbjerg;1994 1994;2.99
72 S80/S20 (Income quintile share ratio);563 Fanø;1994 1994;2.91
72 S80/S20 (Income quintile share ratio);573 Varde;1994 1994;2.70
72 S80/S20 (Income quintile share ratio);575 Vejen;1994 1994;2.79
72 S80/S20 (Income quintile share ratio);580 Aabenraa;1994 1994;2.96
72 S80/S20 (Income quintile share ratio);607 Fredericia;1994 1994;2.78
72 S80/S20 (Income quintile share ratio);615 Horsens;1994 1994;2.89
72 S80/S20 (Income quintile share ratio);621 Kolding;1994 1994;2.97
72 S80/S20 (Income quintile share ratio);630 Vejle;1994 1994;2.96
72 S80/S20 (Income quintile share ratio);657 Herning;1994 1994;2.97
72 S80/S20 (Income quintile share ratio);661 Holstebro;1994 1994;2.94
72 S80/S20 (Income quintile share ratio);665 Lemvig;1994 1994;3.05
72 S80/S20 (Income quintile share ratio);671 Struer;1994 1994;2.76
72 S80/S20 (Income quintile share ratio);706 Syddjurs;1994 1994;3.70
72 S80/S20 (Income quintile share ratio);707 Norddjurs;1994 1994;2.85
72 S80/S20 (Income quintile share ratio);710 Favrskov;1994 1994;2.67
72 S80/S20 (Income quintile share ratio);727 Odder;1994 1994;3.00
72 S80/S20 (Income quintile share ratio);730 Randers;1994 1994;2.79
72 S80/S20 (Income quintile share ratio);740 Silkeborg;1994 1994;3.13
72 S80/S20 (Income quintile share ratio);741 Samsø;1994 1994;2.83
72 S80/S20 (Income quintile share ratio);746 Skanderborg;1994 1994;2.75
72 S80/S20 (Income quintile share ratio);751 Aarhus;1994 1994;3.68
72 S80/S20 (Income quintile share ratio);756 Ikast-Brande;1994 1994;2.89
72 S80/S20 (Income quintile share ratio);760 Ringkøbing-Skjern;1994 1994;2.87
72 S80/S20 (Income quintile share ratio);766 Hedensted;1994 1994;2.67
72 S80/S20 (Income quintile share ratio);773 Morsø;1994 1994;2.71
72 S80/S20 (Income quintile share ratio);779 Skive;1994 1994;2.79
72 S80/S20 (Income quintile share ratio);787 Thisted;1994 1994;2.85
72 S80/S20 (Income quintile share ratio);791 Viborg;1994 1994;2.87
72 S80/S20 (Income quintile share ratio);810 Brønderslev;1994 1994;2.74
72 S80/S20 (Income quintile share ratio);813 Frederikshavn;1994 1994;2.73
72 S80/S20 (Income quintile share ratio);820 Vesthimmerlands;1994 1994;2.79
72 S80/S20 (Income quintile share ratio);825 Læsø;1994 1994;2.57
72 S80/S20 (Income quintile share ratio);840 Rebild;1994 1994;2.81
72 S80/S20 (Income quintile share ratio);846 Mariagerfjord;1994 1994;2.89
72 S80/S20 (Income quintile share ratio);849 Jammerbugt;1994 1994;2.79
72 S80/S20 (Income quintile share ratio);851 Aalborg;1994 1994;2.97
72 S80/S20 (Income quintile share ratio);860 Hjørring;1994 1994;2.79
73 P90/10 (Upper decile boundary divided by lower);000 All Denmark;1994 1994;2.53
73 P90/10 (Upper decile boundary divided by lower);101 Copenhagen;1994 1994;2.77
73 P90/10 (Upper decile boundary divided by lower);147 Frederiksberg;1994 1994;3.11
73 P90/10 (Upper decile boundary divided by lower);151 Ballerup;1994 1994;2.44
73 P90/10 (Upper decile boundary divided by lower);153 Brøndby;1994 1994;2.48
73 P90/10 (Upper decile boundary divided by lower);155 Dragør;1994 1994;2.55
73 P90/10 (Upper decile boundary divided by lower);157 Gentofte;1994 1994;3.60
73 P90/10 (Upper decile boundary divided by lower);159 Gladsaxe;1994 1994;2.65
73 P90/10 (Upper decile boundary divided by lower);161 Glostrup;1994 1994;2.42
73 P90/10 (Upper decile boundary divided by lower);163 Herlev;1994 1994;2.50
73 P90/10 (Upper decile boundary divided by lower);165 Albertslund;1994 1994;2.60
73 P90/10 (Upper decile boundary divided by lower);167 Hvidovre;1994 1994;2.45
73 P90/10 (Upper decile boundary divided by lower);169 Høje-Taastrup;1994 1994;2.57
73 P90/10 (Upper decile boundary divided by lower);173 Lyngby-Taarbæk;1994 1994;3.16
73 P90/10 (Upper decile boundary divided by lower);175 Rødovre;1994 1994;2.35
73 P90/10 (Upper decile boundary divided by lower);183 Ishøj;1994 1994;2.53
73 P90/10 (Upper decile boundary divided by lower);185 Tårnby;1994 1994;2.33
73 P90/10 (Upper decile boundary divided by lower);187 Vallensbæk;1994 1994;2.21
73 P90/10 (Upper decile boundary divided by lower);190 Furesø;1994 1994;2.77
73 P90/10 (Upper decile boundary divided by lower);201 Allerød;1994 1994;2.45
73 P90/10 (Upper decile boundary divided by lower);210 Fredensborg;1994 1994;2.73
73 P90/10 (Upper decile boundary divided by lower);217 Helsingør;1994 1994;2.69
73 P90/10 (Upper decile boundary divided by lower);219 Hillerød;1994 1994;2.51
73 P90/10 (Upper decile boundary divided by lower);223 Hørsholm;1994 1994;3.27
73 P90/10 (Upper decile boundary divided by lower);230 Rudersdal;1994 1994;3.46
73 P90/10 (Upper decile boundary divided by lower);240 Egedal;1994 1994;2.25
73 P90/10 (Upper decile boundary divided by lower);250 Frederikssund;1994 1994;2.35
73 P90/10 (Upper decile boundary divided by lower);253 Greve;1994 1994;2.51
73 P90/10 (Upper decile boundary divided by lower);259 Køge;1994 1994;2.42
73 P90/10 (Upper decile boundary divided by lower);260 Halsnæs;1994 1994;2.30
73 P90/10 (Upper decile boundary divided by lower);265 Roskilde;1994 1994;2.62
73 P90/10 (Upper decile boundary divided by lower);269 Solrød;1994 1994;2.34
73 P90/10 (Upper decile boundary divided by lower);270 Gribskov;1994 1994;2.41
73 P90/10 (Upper decile boundary divided by lower);306 Odsherred;1994 1994;2.29
73 P90/10 (Upper decile boundary divided by lower);316 Holbæk;1994 1994;2.41
73 P90/10 (Upper decile boundary divided by lower);320 Faxe;1994 1994;2.39
73 P90/10 (Upper decile boundary divided by lower);326 Kalundborg;1994 1994;2.30
73 P90/10 (Upper decile boundary divided by lower);329 Ringsted;1994 1994;2.37
73 P90/10 (Upper decile boundary divided by lower);330 Slagelse;1994 1994;2.38
73 P90/10 (Upper decile boundary divided by lower);336 Stevns;1994 1994;2.31
73 P90/10 (Upper decile boundary divided by lower);340 Sorø;1994 1994;2.35
73 P90/10 (Upper decile boundary divided by lower);350 Lejre;1994 1994;2.33
73 P90/10 (Upper decile boundary divided by lower);360 Lolland;1994 1994;2.23
73 P90/10 (Upper decile boundary divided by lower);370 Næstved;1994 1994;2.38
73 P90/10 (Upper decile boundary divided by lower);376 Guldborgsund;1994 1994;2.30
73 P90/10 (Upper decile boundary divided by lower);390 Vordingborg;1994 1994;2.33
73 P90/10 (Upper decile boundary divided by lower);400 Bornholm;1994 1994;2.20
73 P90/10 (Upper decile boundary divided by lower);410 Middelfart;1994 1994;2.24
73 P90/10 (Upper decile boundary divided by lower);420 Assens;1994 1994;2.22
73 P90/10 (Upper decile boundary divided by lower);430 Faaborg-Midtfyn;1994 1994;2.23
73 P90/10 (Upper decile boundary divided by lower);440 Kerteminde;1994 1994;2.20
73 P90/10 (Upper decile boundary divided by lower);450 Nyborg;1994 1994;2.29
73 P90/10 (Upper decile boundary divided by lower);461 Odense;1994 1994;2.62
73 P90/10 (Upper decile boundary divided by lower);479 Svendborg;1994 1994;2.43
73 P90/10 (Upper decile boundary divided by lower);480 Nordfyns;1994 1994;2.22
73 P90/10 (Upper decile boundary divided by lower);482 Langeland;1994 1994;2.23
73 P90/10 (Upper decile boundary divided by lower);492 Ærø;1994 1994;2.44
73 P90/10 (Upper decile boundary divided by lower);510 Haderslev;1994 1994;2.30
73 P90/10 (Upper decile boundary divided by lower);530 Billund;1994 1994;2.23
73 P90/10 (Upper decile boundary divided by lower);540 Sønderborg;1994 1994;2.34
73 P90/10 (Upper decile boundary divided by lower);550 Tønder;1994 1994;2.31
73 P90/10 (Upper decile boundary divided by lower);561 Esbjerg;1994 1994;2.39
73 P90/10 (Upper decile boundary divided by lower);563 Fanø;1994 1994;2.49
73 P90/10 (Upper decile boundary divided by lower);573 Varde;1994 1994;2.25
73 P90/10 (Upper decile boundary divided by lower);575 Vejen;1994 1994;2.24
73 P90/10 (Upper decile boundary divided by lower);580 Aabenraa;1994 1994;2.36
73 P90/10 (Upper decile boundary divided by lower);607 Fredericia;1994 1994;2.32
73 P90/10 (Upper decile boundary divided by lower);615 Horsens;1994 1994;2.38
73 P90/10 (Upper decile boundary divided by lower);621 Kolding;1994 1994;2.38
73 P90/10 (Upper decile boundary divided by lower);630 Vejle;1994 1994;2.41
73 P90/10 (Upper decile boundary divided by lower);657 Herning;1994 1994;2.39
73 P90/10 (Upper decile boundary divided by lower);661 Holstebro;1994 1994;2.35
73 P90/10 (Upper decile boundary divided by lower);665 Lemvig;1994 1994;2.43
73 P90/10 (Upper decile boundary divided by lower);671 Struer;1994 1994;2.23
73 P90/10 (Upper decile boundary divided by lower);706 Syddjurs;1994 1994;2.36
73 P90/10 (Upper decile boundary divided by lower);707 Norddjurs;1994 1994;2.29
73 P90/10 (Upper decile boundary divided by lower);710 Favrskov;1994 1994;2.20
73 P90/10 (Upper decile boundary divided by lower);727 Odder;1994 1994;2.31
73 P90/10 (Upper decile boundary divided by lower);730 Randers;1994 1994;2.30
73 P90/10 (Upper decile boundary divided by lower);740 Silkeborg;1994 1994;2.34
73 P90/10 (Upper decile boundary divided by lower);741 Samsø;1994 1994;2.29
73 P90/10 (Upper decile boundary divided by lower);746 Skanderborg;1994 1994;2.27
73 P90/10 (Upper decile boundary divided by lower);751 Aarhus;1994 1994;2.89
73 P90/10 (Upper decile boundary divided by lower);756 Ikast-Brande;1994 1994;2.30
73 P90/10 (Upper decile boundary divided by lower);760 Ringkøbing-Skjern;1994 1994;2.30
73 P90/10 (Upper decile boundary divided by lower);766 Hedensted;1994 1994;2.22
73 P90/10 (Upper decile boundary divided by lower);773 Morsø;1994 1994;2.25
73 P90/10 (Upper decile boundary divided by lower);779 Skive;1994 1994;2.27
73 P90/10 (Upper decile boundary divided by lower);787 Thisted;1994 1994;2.34
73 P90/10 (Upper decile boundary divided by lower);791 Viborg;1994 1994;2.30
73 P90/10 (Upper decile boundary divided by lower);810 Brønderslev;1994 1994;2.24
73 P90/10 (Upper decile boundary divided by lower);813 Frederikshavn;1994 1994;2.25
73 P90/10 (Upper decile boundary divided by lower);820 Vesthimmerlands;1994 1994;2.28
73 P90/10 (Upper decile boundary divided by lower);825 Læsø;1994 1994;2.18
73 P90/10 (Upper decile boundary divided by lower);840 Rebild;1994 1994;2.30
73 P90/10 (Upper decile boundary divided by lower);846 Mariagerfjord;1994 1994;2.30
73 P90/10 (Upper decile boundary divided by lower);849 Jammerbugt;1994 1994;2.19
73 P90/10 (Upper decile boundary divided by lower);851 Aalborg;1994 1994;2.47
73 P90/10 (Upper decile boundary divided by lower);860 Hjørring;1994 1994;2.27
70 Gini coefficient;000 All Denmark;2021 2021;30.28
70 Gini coefficient;101 Copenhagen;2021 2021;35.09
70 Gini coefficient;147 Frederiksberg;2021 2021;37.22
70 Gini coefficient;151 Ballerup;2021 2021;26.76
70 Gini coefficient;153 Brøndby;2021 2021;25.96
70 Gini coefficient;155 Dragør;2021 2021;28.89
70 Gini coefficient;157 Gentofte;2021 2021;48.59
70 Gini coefficient;159 Gladsaxe;2021 2021;29.44
70 Gini coefficient;161 Glostrup;2021 2021;26.55
70 Gini coefficient;163 Herlev;2021 2021;25.97
70 Gini coefficient;165 Albertslund;2021 2021;25.37
70 Gini coefficient;167 Hvidovre;2021 2021;25.91
70 Gini coefficient;169 Høje-Taastrup;2021 2021;26.07
70 Gini coefficient;173 Lyngby-Taarbæk;2021 2021;39.28
70 Gini coefficient;175 Rødovre;2021 2021;26.31
70 Gini coefficient;183 Ishøj;2021 2021;24.97
70 Gini coefficient;185 Tårnby;2021 2021;24.42
70 Gini coefficient;187 Vallensbæk;2021 2021;25.66
70 Gini coefficient;190 Furesø;2021 2021;29.87
70 Gini coefficient;201 Allerød;2021 2021;26.33
70 Gini coefficient;210 Fredensborg;2021 2021;33.31
70 Gini coefficient;217 Helsingør;2021 2021;30.83
70 Gini coefficient;219 Hillerød;2021 2021;27.99
70 Gini coefficient;223 Hørsholm;2021 2021;39.59
70 Gini coefficient;230 Rudersdal;2021 2021;43.67
70 Gini coefficient;240 Egedal;2021 2021;24.34
70 Gini coefficient;250 Frederikssund;2021 2021;25.30
70 Gini coefficient;253 Greve;2021 2021;26.35
70 Gini coefficient;259 Køge;2021 2021;26.23
70 Gini coefficient;260 Halsnæs;2021 2021;23.86
70 Gini coefficient;265 Roskilde;2021 2021;28.77
70 Gini coefficient;269 Solrød;2021 2021;27.45
70 Gini coefficient;270 Gribskov;2021 2021;26.66
70 Gini coefficient;306 Odsherred;2021 2021;24.60
70 Gini coefficient;316 Holbæk;2021 2021;26.49
70 Gini coefficient;320 Faxe;2021 2021;24.55
70 Gini coefficient;326 Kalundborg;2021 2021;25.70
70 Gini coefficient;329 Ringsted;2021 2021;25.66
70 Gini coefficient;330 Slagelse;2021 2021;26.00
70 Gini coefficient;336 Stevns;2021 2021;24.59
70 Gini coefficient;340 Sorø;2021 2021;25.24
70 Gini coefficient;350 Lejre;2021 2021;25.74
70 Gini coefficient;360 Lolland;2021 2021;26.84
70 Gini coefficient;370 Næstved;2021 2021;25.96
70 Gini coefficient;376 Guldborgsund;2021 2021;26.10
70 Gini coefficient;390 Vordingborg;2021 2021;25.84
70 Gini coefficient;400 Bornholm;2021 2021;24.08
70 Gini coefficient;410 Middelfart;2021 2021;26.96
70 Gini coefficient;420 Assens;2021 2021;24.60
70 Gini coefficient;430 Faaborg-Midtfyn;2021 2021;24.14
70 Gini coefficient;440 Kerteminde;2021 2021;28.62
70 Gini coefficient;450 Nyborg;2021 2021;25.32
70 Gini coefficient;461 Odense;2021 2021;29.32
70 Gini coefficient;479 Svendborg;2021 2021;28.42
70 Gini coefficient;480 Nordfyns;2021 2021;24.66
70 Gini coefficient;482 Langeland;2021 2021;24.83
70 Gini coefficient;492 Ærø;2021 2021;26.63
70 Gini coefficient;510 Haderslev;2021 2021;26.14
70 Gini coefficient;530 Billund;2021 2021;27.03
70 Gini coefficient;540 Sønderborg;2021 2021;26.85
70 Gini coefficient;550 Tønder;2021 2021;27.80
70 Gini coefficient;561 Esbjerg;2021 2021;27.47
70 Gini coefficient;563 Fanø;2021 2021;26.53
70 Gini coefficient;573 Varde;2021 2021;25.01
70 Gini coefficient;575 Vejen;2021 2021;26.22
70 Gini coefficient;580 Aabenraa;2021 2021;27.31
70 Gini coefficient;607 Fredericia;2021 2021;27.12
70 Gini coefficient;615 Horsens;2021 2021;26.43
70 Gini coefficient;621 Kolding;2021 2021;27.88
70 Gini coefficient;630 Vejle;2021 2021;28.11
70 Gini coefficient;657 Herning;2021 2021;26.59
70 Gini coefficient;661 Holstebro;2021 2021;27.54
70 Gini coefficient;665 Lemvig;2021 2021;29.09
70 Gini coefficient;671 Struer;2021 2021;26.14
70 Gini coefficient;706 Syddjurs;2021 2021;27.51
70 Gini coefficient;707 Norddjurs;2021 2021;25.38
70 Gini coefficient;710 Favrskov;2021 2021;24.54
70 Gini coefficient;727 Odder;2021 2021;24.75
70 Gini coefficient;730 Randers;2021 2021;25.53
70 Gini coefficient;740 Silkeborg;2021 2021;27.34
70 Gini coefficient;741 Samsø;2021 2021;27.30
70 Gini coefficient;746 Skanderborg;2021 2021;25.50
70 Gini coefficient;751 Aarhus;2021 2021;33.77
70 Gini coefficient;756 Ikast-Brande;2021 2021;25.70
70 Gini coefficient;760 Ringkøbing-Skjern;2021 2021;27.42
70 Gini coefficient;766 Hedensted;2021 2021;24.69
70 Gini coefficient;773 Morsø;2021 2021;26.38
70 Gini coefficient;779 Skive;2021 2021;25.85
70 Gini coefficient;787 Thisted;2021 2021;26.01
70 Gini coefficient;791 Viborg;2021 2021;26.33
70 Gini coefficient;810 Brønderslev;2021 2021;25.61
70 Gini coefficient;813 Frederikshavn;2021 2021;25.71
70 Gini coefficient;820 Vesthimmerlands;2021 2021;27.37
70 Gini coefficient;825 Læsø;2021 2021;26.21
70 Gini coefficient;840 Rebild;2021 2021;25.09
70 Gini coefficient;846 Mariagerfjord;2021 2021;25.63
70 Gini coefficient;849 Jammerbugt;2021 2021;25.59
70 Gini coefficient;851 Aalborg;2021 2021;29.10
70 Gini coefficient;860 Hjørring;2021 2021;26.12
71 Hoover index;000 All Denmark;2021 2021;20.79
71 Hoover index;101 Copenhagen;2021 2021;24.26
71 Hoover index;147 Frederiksberg;2021 2021;25.81
71 Hoover index;151 Ballerup;2021 2021;18.96
71 Hoover index;153 Brøndby;2021 2021;18.37
71 Hoover index;155 Dragør;2021 2021;19.58
71 Hoover index;157 Gentofte;2021 2021;34.06
71 Hoover index;159 Gladsaxe;2021 2021;20.79
71 Hoover index;161 Glostrup;2021 2021;18.73
71 Hoover index;163 Herlev;2021 2021;18.30
71 Hoover index;165 Albertslund;2021 2021;17.84
71 Hoover index;167 Hvidovre;2021 2021;18.31
71 Hoover index;169 Høje-Taastrup;2021 2021;18.19
71 Hoover index;173 Lyngby-Taarbæk;2021 2021;26.77
71 Hoover index;175 Rødovre;2021 2021;18.58
71 Hoover index;183 Ishøj;2021 2021;17.39
71 Hoover index;185 Tårnby;2021 2021;17.05
71 Hoover index;187 Vallensbæk;2021 2021;17.68
71 Hoover index;190 Furesø;2021 2021;20.55
71 Hoover index;201 Allerød;2021 2021;17.91
71 Hoover index;210 Fredensborg;2021 2021;22.75
71 Hoover index;217 Helsingør;2021 2021;21.24
71 Hoover index;219 Hillerød;2021 2021;19.19
71 Hoover index;223 Hørsholm;2021 2021;27.34
71 Hoover index;230 Rudersdal;2021 2021;30.12
71 Hoover index;240 Egedal;2021 2021;16.53
71 Hoover index;250 Frederikssund;2021 2021;17.57
71 Hoover index;253 Greve;2021 2021;18.17
71 Hoover index;259 Køge;2021 2021;18.15
71 Hoover index;260 Halsnæs;2021 2021;16.52
71 Hoover index;265 Roskilde;2021 2021;19.77
71 Hoover index;269 Solrød;2021 2021;18.76
71 Hoover index;270 Gribskov;2021 2021;18.32
71 Hoover index;306 Odsherred;2021 2021;17.13
71 Hoover index;316 Holbæk;2021 2021;18.27
71 Hoover index;320 Faxe;2021 2021;16.99
71 Hoover index;326 Kalundborg;2021 2021;17.93
71 Hoover index;329 Ringsted;2021 2021;17.74
71 Hoover index;330 Slagelse;2021 2021;18.09
71 Hoover index;336 Stevns;2021 2021;16.99
71 Hoover index;340 Sorø;2021 2021;17.46
71 Hoover index;350 Lejre;2021 2021;17.54
71 Hoover index;360 Lolland;2021 2021;18.56
71 Hoover index;370 Næstved;2021 2021;17.98
71 Hoover index;376 Guldborgsund;2021 2021;18.04
71 Hoover index;390 Vordingborg;2021 2021;17.90
71 Hoover index;400 Bornholm;2021 2021;16.63
71 Hoover index;410 Middelfart;2021 2021;18.44
71 Hoover index;420 Assens;2021 2021;16.98
71 Hoover index;430 Faaborg-Midtfyn;2021 2021;16.59
71 Hoover index;440 Kerteminde;2021 2021;19.49
71 Hoover index;450 Nyborg;2021 2021;17.51
71 Hoover index;461 Odense;2021 2021;20.41
71 Hoover index;479 Svendborg;2021 2021;19.49
71 Hoover index;480 Nordfyns;2021 2021;16.98
71 Hoover index;482 Langeland;2021 2021;17.17
71 Hoover index;492 Ærø;2021 2021;18.34
71 Hoover index;510 Haderslev;2021 2021;17.95
71 Hoover index;530 Billund;2021 2021;18.51
71 Hoover index;540 Sønderborg;2021 2021;18.57
71 Hoover index;550 Tønder;2021 2021;18.85
71 Hoover index;561 Esbjerg;2021 2021;18.92
71 Hoover index;563 Fanø;2021 2021;18.14
71 Hoover index;573 Varde;2021 2021;17.16
71 Hoover index;575 Vejen;2021 2021;17.89
71 Hoover index;580 Aabenraa;2021 2021;18.66
71 Hoover index;607 Fredericia;2021 2021;18.83
71 Hoover index;615 Horsens;2021 2021;18.12
71 Hoover index;621 Kolding;2021 2021;19.15
71 Hoover index;630 Vejle;2021 2021;19.32
71 Hoover index;657 Herning;2021 2021;18.18
71 Hoover index;661 Holstebro;2021 2021;18.66
71 Hoover index;665 Lemvig;2021 2021;19.73
71 Hoover index;671 Struer;2021 2021;17.96
71 Hoover index;706 Syddjurs;2021 2021;18.70
71 Hoover index;707 Norddjurs;2021 2021;17.45
71 Hoover index;710 Favrskov;2021 2021;16.70
71 Hoover index;727 Odder;2021 2021;17.08
71 Hoover index;730 Randers;2021 2021;17.69
71 Hoover index;740 Silkeborg;2021 2021;18.67
71 Hoover index;741 Samsø;2021 2021;18.88
71 Hoover index;746 Skanderborg;2021 2021;17.32
71 Hoover index;751 Aarhus;2021 2021;23.41
71 Hoover index;756 Ikast-Brande;2021 2021;17.52
71 Hoover index;760 Ringkøbing-Skjern;2021 2021;18.51
71 Hoover index;766 Hedensted;2021 2021;16.87
71 Hoover index;773 Morsø;2021 2021;17.99
71 Hoover index;779 Skive;2021 2021;17.73
71 Hoover index;787 Thisted;2021 2021;17.72
71 Hoover index;791 Viborg;2021 2021;18.00
71 Hoover index;810 Brønderslev;2021 2021;17.48
71 Hoover index;813 Frederikshavn;2021 2021;17.73
71 Hoover index;820 Vesthimmerlands;2021 2021;18.61
71 Hoover index;825 Læsø;2021 2021;18.21
71 Hoover index;840 Rebild;2021 2021;17.10
71 Hoover index;846 Mariagerfjord;2021 2021;17.71
71 Hoover index;849 Jammerbugt;2021 2021;17.47
71 Hoover index;851 Aalborg;2021 2021;20.08
71 Hoover index;860 Hjørring;2021 2021;17.94
72 S80/S20 (Income quintile share ratio);000 All Denmark;2021 2021;4.64
72 S80/S20 (Income quintile share ratio);101 Copenhagen;2021 2021;6.49
72 S80/S20 (Income quintile share ratio);147 Frederiksberg;2021 2021;6.61
72 S80/S20 (Income quintile share ratio);151 Ballerup;2021 2021;3.86
72 S80/S20 (Income quintile share ratio);153 Brøndby;2021 2021;3.78
72 S80/S20 (Income quintile share ratio);155 Dragør;2021 2021;4.56
72 S80/S20 (Income quintile share ratio);157 Gentofte;2021 2021;11.94
72 S80/S20 (Income quintile share ratio);159 Gladsaxe;2021 2021;4.60
72 S80/S20 (Income quintile share ratio);161 Glostrup;2021 2021;3.91
72 S80/S20 (Income quintile share ratio);163 Herlev;2021 2021;3.76
72 S80/S20 (Income quintile share ratio);165 Albertslund;2021 2021;3.76
72 S80/S20 (Income quintile share ratio);167 Hvidovre;2021 2021;3.85
72 S80/S20 (Income quintile share ratio);169 Høje-Taastrup;2021 2021;3.88
72 S80/S20 (Income quintile share ratio);173 Lyngby-Taarbæk;2021 2021;7.63
72 S80/S20 (Income quintile share ratio);175 Rødovre;2021 2021;3.87
72 S80/S20 (Income quintile share ratio);183 Ishøj;2021 2021;3.64
72 S80/S20 (Income quintile share ratio);185 Tårnby;2021 2021;3.62
72 S80/S20 (Income quintile share ratio);187 Vallensbæk;2021 2021;3.86
72 S80/S20 (Income quintile share ratio);190 Furesø;2021 2021;4.71
72 S80/S20 (Income quintile share ratio);201 Allerød;2021 2021;3.95
72 S80/S20 (Income quintile share ratio);210 Fredensborg;2021 2021;5.22
72 S80/S20 (Income quintile share ratio);217 Helsingør;2021 2021;4.62
72 S80/S20 (Income quintile share ratio);219 Hillerød;2021 2021;4.22
72 S80/S20 (Income quintile share ratio);223 Hørsholm;2021 2021;7.59
72 S80/S20 (Income quintile share ratio);230 Rudersdal;2021 2021;8.81
72 S80/S20 (Income quintile share ratio);240 Egedal;2021 2021;3.49
72 S80/S20 (Income quintile share ratio);250 Frederikssund;2021 2021;3.64
72 S80/S20 (Income quintile share ratio);253 Greve;2021 2021;3.93
72 S80/S20 (Income quintile share ratio);259 Køge;2021 2021;3.84
72 S80/S20 (Income quintile share ratio);260 Halsnæs;2021 2021;3.34
72 S80/S20 (Income quintile share ratio);265 Roskilde;2021 2021;4.44
72 S80/S20 (Income quintile share ratio);269 Solrød;2021 2021;4.03
72 S80/S20 (Income quintile share ratio);270 Gribskov;2021 2021;3.89
72 S80/S20 (Income quintile share ratio);306 Odsherred;2021 2021;3.43
72 S80/S20 (Income quintile share ratio);316 Holbæk;2021 2021;3.85
72 S80/S20 (Income quintile share ratio);320 Faxe;2021 2021;3.50
72 S80/S20 (Income quintile share ratio);326 Kalundborg;2021 2021;3.67
72 S80/S20 (Income quintile share ratio);329 Ringsted;2021 2021;3.72
72 S80/S20 (Income quintile share ratio);330 Slagelse;2021 2021;3.76
72 S80/S20 (Income quintile share ratio);336 Stevns;2021 2021;3.48
72 S80/S20 (Income quintile share ratio);340 Sorø;2021 2021;3.59
72 S80/S20 (Income quintile share ratio);350 Lejre;2021 2021;3.70
72 S80/S20 (Income quintile share ratio);360 Lolland;2021 2021;3.73
72 S80/S20 (Income quintile share ratio);370 Næstved;2021 2021;3.77
72 S80/S20 (Income quintile share ratio);376 Guldborgsund;2021 2021;3.70
72 S80/S20 (Income quintile share ratio);390 Vordingborg;2021 2021;3.69
72 S80/S20 (Income quintile share ratio);400 Bornholm;2021 2021;3.28
72 S80/S20 (Income quintile share ratio);410 Middelfart;2021 2021;3.81
72 S80/S20 (Income quintile share ratio);420 Assens;2021 2021;3.43
72 S80/S20 (Income quintile share ratio);430 Faaborg-Midtfyn;2021 2021;3.42
72 S80/S20 (Income quintile share ratio);440 Kerteminde;2021 2021;3.99
72 S80/S20 (Income quintile share ratio);450 Nyborg;2021 2021;3.55
72 S80/S20 (Income quintile share ratio);461 Odense;2021 2021;4.60
72 S80/S20 (Income quintile share ratio);479 Svendborg;2021 2021;4.16
72 S80/S20 (Income quintile share ratio);480 Nordfyns;2021 2021;3.48
72 S80/S20 (Income quintile share ratio);482 Langeland;2021 2021;3.48
72 S80/S20 (Income quintile share ratio);492 Ærø;2021 2021;3.95
72 S80/S20 (Income quintile share ratio);510 Haderslev;2021 2021;3.74
72 S80/S20 (Income quintile share ratio);530 Billund;2021 2021;3.85
72 S80/S20 (Income quintile share ratio);540 Sønderborg;2021 2021;3.80
72 S80/S20 (Income quintile share ratio);550 Tønder;2021 2021;4.10
72 S80/S20 (Income quintile share ratio);561 Esbjerg;2021 2021;3.96
72 S80/S20 (Income quintile share ratio);563 Fanø;2021 2021;3.73
72 S80/S20 (Income quintile share ratio);573 Varde;2021 2021;3.54
72 S80/S20 (Income quintile share ratio);575 Vejen;2021 2021;3.70
72 S80/S20 (Income quintile share ratio);580 Aabenraa;2021 2021;3.96
72 S80/S20 (Income quintile share ratio);607 Fredericia;2021 2021;3.91
72 S80/S20 (Income quintile share ratio);615 Horsens;2021 2021;3.83
72 S80/S20 (Income quintile share ratio);621 Kolding;2021 2021;4.07
72 S80/S20 (Income quintile share ratio);630 Vejle;2021 2021;4.09
72 S80/S20 (Income quintile share ratio);657 Herning;2021 2021;3.84
72 S80/S20 (Income quintile share ratio);661 Holstebro;2021 2021;4.03
72 S80/S20 (Income quintile share ratio);665 Lemvig;2021 2021;4.18
72 S80/S20 (Income quintile share ratio);671 Struer;2021 2021;3.69
72 S80/S20 (Income quintile share ratio);706 Syddjurs;2021 2021;3.91
72 S80/S20 (Income quintile share ratio);707 Norddjurs;2021 2021;3.67
72 S80/S20 (Income quintile share ratio);710 Favrskov;2021 2021;3.48
72 S80/S20 (Income quintile share ratio);727 Odder;2021 2021;3.51
72 S80/S20 (Income quintile share ratio);730 Randers;2021 2021;3.67
72 S80/S20 (Income quintile share ratio);740 Silkeborg;2021 2021;3.96
72 S80/S20 (Income quintile share ratio);741 Samsø;2021 2021;3.80
72 S80/S20 (Income quintile share ratio);746 Skanderborg;2021 2021;3.64
72 S80/S20 (Income quintile share ratio);751 Aarhus;2021 2021;5.83
72 S80/S20 (Income quintile share ratio);756 Ikast-Brande;2021 2021;3.69
72 S80/S20 (Income quintile share ratio);760 Ringkøbing-Skjern;2021 2021;3.99
72 S80/S20 (Income quintile share ratio);766 Hedensted;2021 2021;3.45
72 S80/S20 (Income quintile share ratio);773 Morsø;2021 2021;3.78
72 S80/S20 (Income quintile share ratio);779 Skive;2021 2021;3.63
72 S80/S20 (Income quintile share ratio);787 Thisted;2021 2021;3.68
72 S80/S20 (Income quintile share ratio);791 Viborg;2021 2021;3.80
72 S80/S20 (Income quintile share ratio);810 Brønderslev;2021 2021;3.61
72 S80/S20 (Income quintile share ratio);813 Frederikshavn;2021 2021;3.65
72 S80/S20 (Income quintile share ratio);820 Vesthimmerlands;2021 2021;3.85
72 S80/S20 (Income quintile share ratio);825 Læsø;2021 2021;3.60
72 S80/S20 (Income quintile share ratio);840 Rebild;2021 2021;3.54
72 S80/S20 (Income quintile share ratio);846 Mariagerfjord;2021 2021;3.59
72 S80/S20 (Income quintile share ratio);849 Jammerbugt;2021 2021;3.61
72 S80/S20 (Income quintile share ratio);851 Aalborg;2021 2021;4.55
72 S80/S20 (Income quintile share ratio);860 Hjørring;2021 2021;3.68
73 P90/10 (Upper decile boundary divided by lower);000 All Denmark;2021 2021;3.33
73 P90/10 (Upper decile boundary divided by lower);101 Copenhagen;2021 2021;4.45
73 P90/10 (Upper decile boundary divided by lower);147 Frederiksberg;2021 2021;4.47
73 P90/10 (Upper decile boundary divided by lower);151 Ballerup;2021 2021;3.16
73 P90/10 (Upper decile boundary divided by lower);153 Brøndby;2021 2021;3.13
73 P90/10 (Upper decile boundary divided by lower);155 Dragør;2021 2021;3.43
73 P90/10 (Upper decile boundary divided by lower);157 Gentofte;2021 2021;6.01
73 P90/10 (Upper decile boundary divided by lower);159 Gladsaxe;2021 2021;3.68
73 P90/10 (Upper decile boundary divided by lower);161 Glostrup;2021 2021;3.19
73 P90/10 (Upper decile boundary divided by lower);163 Herlev;2021 2021;3.08
73 P90/10 (Upper decile boundary divided by lower);165 Albertslund;2021 2021;3.14
73 P90/10 (Upper decile boundary divided by lower);167 Hvidovre;2021 2021;3.18
73 P90/10 (Upper decile boundary divided by lower);169 Høje-Taastrup;2021 2021;3.19
73 P90/10 (Upper decile boundary divided by lower);173 Lyngby-Taarbæk;2021 2021;4.79
73 P90/10 (Upper decile boundary divided by lower);175 Rødovre;2021 2021;3.20
73 P90/10 (Upper decile boundary divided by lower);183 Ishøj;2021 2021;2.98
73 P90/10 (Upper decile boundary divided by lower);185 Tårnby;2021 2021;3.03
73 P90/10 (Upper decile boundary divided by lower);187 Vallensbæk;2021 2021;3.09
73 P90/10 (Upper decile boundary divided by lower);190 Furesø;2021 2021;3.59
73 P90/10 (Upper decile boundary divided by lower);201 Allerød;2021 2021;3.14
73 P90/10 (Upper decile boundary divided by lower);210 Fredensborg;2021 2021;3.46
73 P90/10 (Upper decile boundary divided by lower);217 Helsingør;2021 2021;3.29
73 P90/10 (Upper decile boundary divided by lower);219 Hillerød;2021 2021;3.23
73 P90/10 (Upper decile boundary divided by lower);223 Hørsholm;2021 2021;4.67
73 P90/10 (Upper decile boundary divided by lower);230 Rudersdal;2021 2021;4.71
73 P90/10 (Upper decile boundary divided by lower);240 Egedal;2021 2021;2.73
73 P90/10 (Upper decile boundary divided by lower);250 Frederikssund;2021 2021;2.94
73 P90/10 (Upper decile boundary divided by lower);253 Greve;2021 2021;3.10
73 P90/10 (Upper decile boundary divided by lower);259 Køge;2021 2021;3.03
73 P90/10 (Upper decile boundary divided by lower);260 Halsnæs;2021 2021;2.69
73 P90/10 (Upper decile boundary divided by lower);265 Roskilde;2021 2021;3.42
73 P90/10 (Upper decile boundary divided by lower);269 Solrød;2021 2021;3.05
73 P90/10 (Upper decile boundary divided by lower);270 Gribskov;2021 2021;2.97
73 P90/10 (Upper decile boundary divided by lower);306 Odsherred;2021 2021;2.72
73 P90/10 (Upper decile boundary divided by lower);316 Holbæk;2021 2021;2.98
73 P90/10 (Upper decile boundary divided by lower);320 Faxe;2021 2021;2.76
73 P90/10 (Upper decile boundary divided by lower);326 Kalundborg;2021 2021;2.90
73 P90/10 (Upper decile boundary divided by lower);329 Ringsted;2021 2021;2.95
73 P90/10 (Upper decile boundary divided by lower);330 Slagelse;2021 2021;3.00
73 P90/10 (Upper decile boundary divided by lower);336 Stevns;2021 2021;2.80
73 P90/10 (Upper decile boundary divided by lower);340 Sorø;2021 2021;2.82
73 P90/10 (Upper decile boundary divided by lower);350 Lejre;2021 2021;2.83
73 P90/10 (Upper decile boundary divided by lower);360 Lolland;2021 2021;2.71
73 P90/10 (Upper decile boundary divided by lower);370 Næstved;2021 2021;2.94
73 P90/10 (Upper decile boundary divided by lower);376 Guldborgsund;2021 2021;2.85
73 P90/10 (Upper decile boundary divided by lower);390 Vordingborg;2021 2021;2.85
73 P90/10 (Upper decile boundary divided by lower);400 Bornholm;2021 2021;2.51
73 P90/10 (Upper decile boundary divided by lower);410 Middelfart;2021 2021;2.81
73 P90/10 (Upper decile boundary divided by lower);420 Assens;2021 2021;2.66
73 P90/10 (Upper decile boundary divided by lower);430 Faaborg-Midtfyn;2021 2021;2.63
73 P90/10 (Upper decile boundary divided by lower);440 Kerteminde;2021 2021;2.75
73 P90/10 (Upper decile boundary divided by lower);450 Nyborg;2021 2021;2.73
73 P90/10 (Upper decile boundary divided by lower);461 Odense;2021 2021;3.61
73 P90/10 (Upper decile boundary divided by lower);479 Svendborg;2021 2021;3.08
73 P90/10 (Upper decile boundary divided by lower);480 Nordfyns;2021 2021;2.64
73 P90/10 (Upper decile boundary divided by lower);482 Langeland;2021 2021;2.58
73 P90/10 (Upper decile boundary divided by lower);492 Ærø;2021 2021;2.96
73 P90/10 (Upper decile boundary divided by lower);510 Haderslev;2021 2021;2.79
73 P90/10 (Upper decile boundary divided by lower);530 Billund;2021 2021;2.79
73 P90/10 (Upper decile boundary divided by lower);540 Sønderborg;2021 2021;2.85
73 P90/10 (Upper decile boundary divided by lower);550 Tønder;2021 2021;2.71
73 P90/10 (Upper decile boundary divided by lower);561 Esbjerg;2021 2021;2.95
73 P90/10 (Upper decile boundary divided by lower);563 Fanø;2021 2021;2.80
73 P90/10 (Upper decile boundary divided by lower);573 Varde;2021 2021;2.67
73 P90/10 (Upper decile boundary divided by lower);575 Vejen;2021 2021;2.68
73 P90/10 (Upper decile boundary divided by lower);580 Aabenraa;2021 2021;2.80
73 P90/10 (Upper decile boundary divided by lower);607 Fredericia;2021 2021;3.03
73 P90/10 (Upper decile boundary divided by lower);615 Horsens;2021 2021;2.90
73 P90/10 (Upper decile boundary divided by lower);621 Kolding;2021 2021;3.05
73 P90/10 (Upper decile boundary divided by lower);630 Vejle;2021 2021;3.04
73 P90/10 (Upper decile boundary divided by lower);657 Herning;2021 2021;2.85
73 P90/10 (Upper decile boundary divided by lower);661 Holstebro;2021 2021;2.85
73 P90/10 (Upper decile boundary divided by lower);665 Lemvig;2021 2021;2.76
73 P90/10 (Upper decile boundary divided by lower);671 Struer;2021 2021;2.70
73 P90/10 (Upper decile boundary divided by lower);706 Syddjurs;2021 2021;2.81
73 P90/10 (Upper decile boundary divided by lower);707 Norddjurs;2021 2021;2.74
73 P90/10 (Upper decile boundary divided by lower);710 Favrskov;2021 2021;2.69
73 P90/10 (Upper decile boundary divided by lower);727 Odder;2021 2021;2.79
73 P90/10 (Upper decile boundary divided by lower);730 Randers;2021 2021;2.89
73 P90/10 (Upper decile boundary divided by lower);740 Silkeborg;2021 2021;2.92
73 P90/10 (Upper decile boundary divided by lower);741 Samsø;2021 2021;2.76
73 P90/10 (Upper decile boundary divided by lower);746 Skanderborg;2021 2021;2.81
73 P90/10 (Upper decile boundary divided by lower);751 Aarhus;2021 2021;4.28
73 P90/10 (Upper decile boundary divided by lower);756 Ikast-Brande;2021 2021;2.72
73 P90/10 (Upper decile boundary divided by lower);760 Ringkøbing-Skjern;2021 2021;2.67
73 P90/10 (Upper decile boundary divided by lower);766 Hedensted;2021 2021;2.62
73 P90/10 (Upper decile boundary divided by lower);773 Morsø;2021 2021;2.65
73 P90/10 (Upper decile boundary divided by lower);779 Skive;2021 2021;2.69
73 P90/10 (Upper decile boundary divided by lower);787 Thisted;2021 2021;2.68
73 P90/10 (Upper decile boundary divided by lower);791 Viborg;2021 2021;2.83
73 P90/10 (Upper decile boundary divided by lower);810 Brønderslev;2021 2021;2.64
73 P90/10 (Upper decile boundary divided by lower);813 Frederikshavn;2021 2021;2.71
73 P90/10 (Upper decile boundary divided by lower);820 Vesthimmerlands;2021 2021;2.66
73 P90/10 (Upper decile boundary divided by lower);825 Læsø;2021 2021;2.64
73 P90/10 (Upper decile boundary divided by lower);840 Rebild;2021 2021;2.69
73 P90/10 (Upper decile boundary divided by lower);846 Mariagerfjord;2021 2021;2.73
73 P90/10 (Upper decile boundary divided by lower);849 Jammerbugt;2021 2021;2.64
73 P90/10 (Upper decile boundary divided by lower);851 Aalborg;2021 2021;3.53
73 P90/10 (Upper decile boundary divided by lower);860 Hjørring;2021 2021;2.72
70 Gini coefficient;000 All Denmark;2011 2011;27.68
70 Gini coefficient;101 Copenhagen;2011 2011;31.38
70 Gini coefficient;147 Frederiksberg;2011 2011;33.22
70 Gini coefficient;151 Ballerup;2011 2011;24.41
70 Gini coefficient;153 Brøndby;2011 2011;24.31
70 Gini coefficient;155 Dragør;2011 2011;28.86
70 Gini coefficient;157 Gentofte;2011 2011;42.83
70 Gini coefficient;159 Gladsaxe;2011 2011;27.50
70 Gini coefficient;161 Glostrup;2011 2011;24.10
70 Gini coefficient;163 Herlev;2011 2011;24.43
70 Gini coefficient;165 Albertslund;2011 2011;24.99
70 Gini coefficient;167 Hvidovre;2011 2011;23.86
70 Gini coefficient;169 Høje-Taastrup;2011 2011;24.03
70 Gini coefficient;173 Lyngby-Taarbæk;2011 2011;32.84
70 Gini coefficient;175 Rødovre;2011 2011;23.64
70 Gini coefficient;183 Ishøj;2011 2011;24.03
70 Gini coefficient;185 Tårnby;2011 2011;23.42
70 Gini coefficient;187 Vallensbæk;2011 2011;23.02
70 Gini coefficient;190 Furesø;2011 2011;28.47
70 Gini coefficient;201 Allerød;2011 2011;25.48
70 Gini coefficient;210 Fredensborg;2011 2011;29.50
70 Gini coefficient;217 Helsingør;2011 2011;27.42
70 Gini coefficient;219 Hillerød;2011 2011;25.41
70 Gini coefficient;223 Hørsholm;2011 2011;37.00
70 Gini coefficient;230 Rudersdal;2011 2011;38.09
70 Gini coefficient;240 Egedal;2011 2011;20.94
70 Gini coefficient;250 Frederikssund;2011 2011;23.41
70 Gini coefficient;253 Greve;2011 2011;24.29
70 Gini coefficient;259 Køge;2011 2011;23.64
70 Gini coefficient;260 Halsnæs;2011 2011;21.71
70 Gini coefficient;265 Roskilde;2011 2011;27.04
70 Gini coefficient;269 Solrød;2011 2011;25.10
70 Gini coefficient;270 Gribskov;2011 2011;24.24
70 Gini coefficient;306 Odsherred;2011 2011;23.07
70 Gini coefficient;316 Holbæk;2011 2011;24.70
70 Gini coefficient;320 Faxe;2011 2011;22.30
70 Gini coefficient;326 Kalundborg;2011 2011;24.50
70 Gini coefficient;329 Ringsted;2011 2011;23.66
70 Gini coefficient;330 Slagelse;2011 2011;24.01
70 Gini coefficient;336 Stevns;2011 2011;23.44
70 Gini coefficient;340 Sorø;2011 2011;23.31
70 Gini coefficient;350 Lejre;2011 2011;24.40
70 Gini coefficient;360 Lolland;2011 2011;26.22
70 Gini coefficient;370 Næstved;2011 2011;24.80
70 Gini coefficient;376 Guldborgsund;2011 2011;26.34
70 Gini coefficient;390 Vordingborg;2011 2011;24.74
70 Gini coefficient;400 Bornholm;2011 2011;22.66
70 Gini coefficient;410 Middelfart;2011 2011;26.10
70 Gini coefficient;420 Assens;2011 2011;22.82
70 Gini coefficient;430 Faaborg-Midtfyn;2011 2011;22.73
70 Gini coefficient;440 Kerteminde;2011 2011;23.54
70 Gini coefficient;450 Nyborg;2011 2011;22.64
70 Gini coefficient;461 Odense;2011 2011;27.27
70 Gini coefficient;479 Svendborg;2011 2011;27.06
70 Gini coefficient;480 Nordfyns;2011 2011;23.84
70 Gini coefficient;482 Langeland;2011 2011;23.40
70 Gini coefficient;492 Ærø;2011 2011;24.44
70 Gini coefficient;510 Haderslev;2011 2011;24.94
70 Gini coefficient;530 Billund;2011 2011;24.30
70 Gini coefficient;540 Sønderborg;2011 2011;26.43
70 Gini coefficient;550 Tønder;2011 2011;25.46
70 Gini coefficient;561 Esbjerg;2011 2011;26.08
70 Gini coefficient;563 Fanø;2011 2011;25.68
70 Gini coefficient;573 Varde;2011 2011;25.99
70 Gini coefficient;575 Vejen;2011 2011;24.35
70 Gini coefficient;580 Aabenraa;2011 2011;25.01
70 Gini coefficient;607 Fredericia;2011 2011;24.07
70 Gini coefficient;615 Horsens;2011 2011;24.60
70 Gini coefficient;621 Kolding;2011 2011;25.46
70 Gini coefficient;630 Vejle;2011 2011;25.37
70 Gini coefficient;657 Herning;2011 2011;26.68
70 Gini coefficient;661 Holstebro;2011 2011;25.34
70 Gini coefficient;665 Lemvig;2011 2011;26.68
70 Gini coefficient;671 Struer;2011 2011;24.05
70 Gini coefficient;706 Syddjurs;2011 2011;24.46
70 Gini coefficient;707 Norddjurs;2011 2011;24.26
70 Gini coefficient;710 Favrskov;2011 2011;22.43
70 Gini coefficient;727 Odder;2011 2011;23.52
70 Gini coefficient;730 Randers;2011 2011;23.65
70 Gini coefficient;740 Silkeborg;2011 2011;27.49
70 Gini coefficient;741 Samsø;2011 2011;25.10
70 Gini coefficient;746 Skanderborg;2011 2011;22.68
70 Gini coefficient;751 Aarhus;2011 2011;31.09
70 Gini coefficient;756 Ikast-Brande;2011 2011;25.02
70 Gini coefficient;760 Ringkøbing-Skjern;2011 2011;25.91
70 Gini coefficient;766 Hedensted;2011 2011;23.43
70 Gini coefficient;773 Morsø;2011 2011;25.47
70 Gini coefficient;779 Skive;2011 2011;23.92
70 Gini coefficient;787 Thisted;2011 2011;25.61
70 Gini coefficient;791 Viborg;2011 2011;24.41
70 Gini coefficient;810 Brønderslev;2011 2011;23.81
70 Gini coefficient;813 Frederikshavn;2011 2011;24.73
70 Gini coefficient;820 Vesthimmerlands;2011 2011;24.41
70 Gini coefficient;825 Læsø;2011 2011;22.98
70 Gini coefficient;840 Rebild;2011 2011;24.84
70 Gini coefficient;846 Mariagerfjord;2011 2011;24.03
70 Gini coefficient;849 Jammerbugt;2011 2011;24.28
70 Gini coefficient;851 Aalborg;2011 2011;26.43
70 Gini coefficient;860 Hjørring;2011 2011;26.17
71 Hoover index;000 All Denmark;2011 2011;18.82
71 Hoover index;101 Copenhagen;2011 2011;21.87
71 Hoover index;147 Frederiksberg;2011 2011;22.98
71 Hoover index;151 Ballerup;2011 2011;17.19
71 Hoover index;153 Brøndby;2011 2011;17.07
71 Hoover index;155 Dragør;2011 2011;19.21
71 Hoover index;157 Gentofte;2011 2011;29.07
71 Hoover index;159 Gladsaxe;2011 2011;19.17
71 Hoover index;161 Glostrup;2011 2011;16.97
71 Hoover index;163 Herlev;2011 2011;17.20
71 Hoover index;165 Albertslund;2011 2011;17.53
71 Hoover index;167 Hvidovre;2011 2011;16.75
71 Hoover index;169 Høje-Taastrup;2011 2011;16.83
71 Hoover index;173 Lyngby-Taarbæk;2011 2011;22.62
71 Hoover index;175 Rødovre;2011 2011;16.71
71 Hoover index;183 Ishøj;2011 2011;16.84
71 Hoover index;185 Tårnby;2011 2011;16.16
71 Hoover index;187 Vallensbæk;2011 2011;15.90
71 Hoover index;190 Furesø;2011 2011;19.49
71 Hoover index;201 Allerød;2011 2011;17.22
71 Hoover index;210 Fredensborg;2011 2011;20.13
71 Hoover index;217 Helsingør;2011 2011;18.81
71 Hoover index;219 Hillerød;2011 2011;17.34
71 Hoover index;223 Hørsholm;2011 2011;25.14
71 Hoover index;230 Rudersdal;2011 2011;25.48
71 Hoover index;240 Egedal;2011 2011;14.35
71 Hoover index;250 Frederikssund;2011 2011;16.13
71 Hoover index;253 Greve;2011 2011;16.66
71 Hoover index;259 Køge;2011 2011;16.39
71 Hoover index;260 Halsnæs;2011 2011;14.97
71 Hoover index;265 Roskilde;2011 2011;18.53
71 Hoover index;269 Solrød;2011 2011;17.05
71 Hoover index;270 Gribskov;2011 2011;16.52
71 Hoover index;306 Odsherred;2011 2011;15.80
71 Hoover index;316 Holbæk;2011 2011;16.91
71 Hoover index;320 Faxe;2011 2011;15.33
71 Hoover index;326 Kalundborg;2011 2011;16.71
71 Hoover index;329 Ringsted;2011 2011;16.35
71 Hoover index;330 Slagelse;2011 2011;16.60
71 Hoover index;336 Stevns;2011 2011;16.00
71 Hoover index;340 Sorø;2011 2011;16.06
71 Hoover index;350 Lejre;2011 2011;16.46
71 Hoover index;360 Lolland;2011 2011;17.66
71 Hoover index;370 Næstved;2011 2011;16.83
71 Hoover index;376 Guldborgsund;2011 2011;17.59
71 Hoover index;390 Vordingborg;2011 2011;16.82
71 Hoover index;400 Bornholm;2011 2011;15.43
71 Hoover index;410 Middelfart;2011 2011;17.39
71 Hoover index;420 Assens;2011 2011;15.58
71 Hoover index;430 Faaborg-Midtfyn;2011 2011;15.52
71 Hoover index;440 Kerteminde;2011 2011;16.07
71 Hoover index;450 Nyborg;2011 2011;15.54
71 Hoover index;461 Odense;2011 2011;18.78
71 Hoover index;479 Svendborg;2011 2011;18.14
71 Hoover index;480 Nordfyns;2011 2011;16.06
71 Hoover index;482 Langeland;2011 2011;16.02
71 Hoover index;492 Ærø;2011 2011;16.98
71 Hoover index;510 Haderslev;2011 2011;16.89
71 Hoover index;530 Billund;2011 2011;16.37
71 Hoover index;540 Sønderborg;2011 2011;17.81
71 Hoover index;550 Tønder;2011 2011;17.06
71 Hoover index;561 Esbjerg;2011 2011;17.76
71 Hoover index;563 Fanø;2011 2011;17.63
71 Hoover index;573 Varde;2011 2011;17.16
71 Hoover index;575 Vejen;2011 2011;16.34
71 Hoover index;580 Aabenraa;2011 2011;17.04
71 Hoover index;607 Fredericia;2011 2011;16.58
71 Hoover index;615 Horsens;2011 2011;16.78
71 Hoover index;621 Kolding;2011 2011;17.35
71 Hoover index;630 Vejle;2011 2011;17.25
71 Hoover index;657 Herning;2011 2011;17.79
71 Hoover index;661 Holstebro;2011 2011;17.05
71 Hoover index;665 Lemvig;2011 2011;17.73
71 Hoover index;671 Struer;2011 2011;16.30
71 Hoover index;706 Syddjurs;2011 2011;16.43
71 Hoover index;707 Norddjurs;2011 2011;16.48
71 Hoover index;710 Favrskov;2011 2011;15.20
71 Hoover index;727 Odder;2011 2011;15.94
71 Hoover index;730 Randers;2011 2011;16.17
71 Hoover index;740 Silkeborg;2011 2011;18.14
71 Hoover index;741 Samsø;2011 2011;16.87
71 Hoover index;746 Skanderborg;2011 2011;15.44
71 Hoover index;751 Aarhus;2011 2011;21.35
71 Hoover index;756 Ikast-Brande;2011 2011;16.70
71 Hoover index;760 Ringkøbing-Skjern;2011 2011;17.18
71 Hoover index;766 Hedensted;2011 2011;15.74
71 Hoover index;773 Morsø;2011 2011;16.98
71 Hoover index;779 Skive;2011 2011;16.17
71 Hoover index;787 Thisted;2011 2011;17.10
71 Hoover index;791 Viborg;2011 2011;16.48
71 Hoover index;810 Brønderslev;2011 2011;15.99
71 Hoover index;813 Frederikshavn;2011 2011;16.68
71 Hoover index;820 Vesthimmerlands;2011 2011;16.46
71 Hoover index;825 Læsø;2011 2011;15.85
71 Hoover index;840 Rebild;2011 2011;16.69
71 Hoover index;846 Mariagerfjord;2011 2011;16.35
71 Hoover index;849 Jammerbugt;2011 2011;16.32
71 Hoover index;851 Aalborg;2011 2011;18.11
71 Hoover index;860 Hjørring;2011 2011;17.46
72 S80/S20 (Income quintile share ratio);000 All Denmark;2011 2011;4.28
72 S80/S20 (Income quintile share ratio);101 Copenhagen;2011 2011;5.45
72 S80/S20 (Income quintile share ratio);147 Frederiksberg;2011 2011;5.97
72 S80/S20 (Income quintile share ratio);151 Ballerup;2011 2011;3.50
72 S80/S20 (Income quintile share ratio);153 Brøndby;2011 2011;3.47
72 S80/S20 (Income quintile share ratio);155 Dragør;2011 2011;4.64
72 S80/S20 (Income quintile share ratio);157 Gentofte;2011 2011;11.02
72 S80/S20 (Income quintile share ratio);159 Gladsaxe;2011 2011;4.28
72 S80/S20 (Income quintile share ratio);161 Glostrup;2011 2011;3.41
72 S80/S20 (Income quintile share ratio);163 Herlev;2011 2011;3.49
72 S80/S20 (Income quintile share ratio);165 Albertslund;2011 2011;3.77
72 S80/S20 (Income quintile share ratio);167 Hvidovre;2011 2011;3.47
72 S80/S20 (Income quintile share ratio);169 Høje-Taastrup;2011 2011;3.48
72 S80/S20 (Income quintile share ratio);173 Lyngby-Taarbæk;2011 2011;5.79
72 S80/S20 (Income quintile share ratio);175 Rødovre;2011 2011;3.37
72 S80/S20 (Income quintile share ratio);183 Ishøj;2011 2011;3.43
72 S80/S20 (Income quintile share ratio);185 Tårnby;2011 2011;3.44
72 S80/S20 (Income quintile share ratio);187 Vallensbæk;2011 2011;3.37
72 S80/S20 (Income quintile share ratio);190 Furesø;2011 2011;4.66
72 S80/S20 (Income quintile share ratio);201 Allerød;2011 2011;3.73
72 S80/S20 (Income quintile share ratio);210 Fredensborg;2011 2011;4.58
72 S80/S20 (Income quintile share ratio);217 Helsingør;2011 2011;4.14
72 S80/S20 (Income quintile share ratio);219 Hillerød;2011 2011;3.87
72 S80/S20 (Income quintile share ratio);223 Hørsholm;2011 2011;7.06
72 S80/S20 (Income quintile share ratio);230 Rudersdal;2011 2011;8.27
72 S80/S20 (Income quintile share ratio);240 Egedal;2011 2011;2.96
72 S80/S20 (Income quintile share ratio);250 Frederikssund;2011 2011;3.35
72 S80/S20 (Income quintile share ratio);253 Greve;2011 2011;3.56
72 S80/S20 (Income quintile share ratio);259 Køge;2011 2011;3.39
72 S80/S20 (Income quintile share ratio);260 Halsnæs;2011 2011;3.06
72 S80/S20 (Income quintile share ratio);265 Roskilde;2011 2011;4.20
72 S80/S20 (Income quintile share ratio);269 Solrød;2011 2011;3.69
72 S80/S20 (Income quintile share ratio);270 Gribskov;2011 2011;3.51
72 S80/S20 (Income quintile share ratio);306 Odsherred;2011 2011;3.28
72 S80/S20 (Income quintile share ratio);316 Holbæk;2011 2011;3.66
72 S80/S20 (Income quintile share ratio);320 Faxe;2011 2011;3.18
72 S80/S20 (Income quintile share ratio);326 Kalundborg;2011 2011;3.65
72 S80/S20 (Income quintile share ratio);329 Ringsted;2011 2011;3.39
72 S80/S20 (Income quintile share ratio);330 Slagelse;2011 2011;3.52
72 S80/S20 (Income quintile share ratio);336 Stevns;2011 2011;3.34
72 S80/S20 (Income quintile share ratio);340 Sorø;2011 2011;3.33
72 S80/S20 (Income quintile share ratio);350 Lejre;2011 2011;3.60
72 S80/S20 (Income quintile share ratio);360 Lolland;2011 2011;3.93
72 S80/S20 (Income quintile share ratio);370 Næstved;2011 2011;3.73
72 S80/S20 (Income quintile share ratio);376 Guldborgsund;2011 2011;4.35
72 S80/S20 (Income quintile share ratio);390 Vordingborg;2011 2011;3.70
72 S80/S20 (Income quintile share ratio);400 Bornholm;2011 2011;3.17
72 S80/S20 (Income quintile share ratio);410 Middelfart;2011 2011;4.03
72 S80/S20 (Income quintile share ratio);420 Assens;2011 2011;3.21
72 S80/S20 (Income quintile share ratio);430 Faaborg-Midtfyn;2011 2011;3.19
72 S80/S20 (Income quintile share ratio);440 Kerteminde;2011 2011;3.26
72 S80/S20 (Income quintile share ratio);450 Nyborg;2011 2011;3.14
72 S80/S20 (Income quintile share ratio);461 Odense;2011 2011;4.17
72 S80/S20 (Income quintile share ratio);479 Svendborg;2011 2011;4.38
72 S80/S20 (Income quintile share ratio);480 Nordfyns;2011 2011;3.39
72 S80/S20 (Income quintile share ratio);482 Langeland;2011 2011;3.34
72 S80/S20 (Income quintile share ratio);492 Ærø;2011 2011;3.53
72 S80/S20 (Income quintile share ratio);510 Haderslev;2011 2011;3.64
72 S80/S20 (Income quintile share ratio);530 Billund;2011 2011;3.50
72 S80/S20 (Income quintile share ratio);540 Sønderborg;2011 2011;3.93
72 S80/S20 (Income quintile share ratio);550 Tønder;2011 2011;3.92
72 S80/S20 (Income quintile share ratio);561 Esbjerg;2011 2011;3.86
72 S80/S20 (Income quintile share ratio);563 Fanø;2011 2011;3.73
72 S80/S20 (Income quintile share ratio);573 Varde;2011 2011;4.13
72 S80/S20 (Income quintile share ratio);575 Vejen;2011 2011;3.63
72 S80/S20 (Income quintile share ratio);580 Aabenraa;2011 2011;3.66
72 S80/S20 (Income quintile share ratio);607 Fredericia;2011 2011;3.44
72 S80/S20 (Income quintile share ratio);615 Horsens;2011 2011;3.65
72 S80/S20 (Income quintile share ratio);621 Kolding;2011 2011;3.72
72 S80/S20 (Income quintile share ratio);630 Vejle;2011 2011;3.75
72 S80/S20 (Income quintile share ratio);657 Herning;2011 2011;3.99
72 S80/S20 (Income quintile share ratio);661 Holstebro;2011 2011;3.76
72 S80/S20 (Income quintile share ratio);665 Lemvig;2011 2011;4.14
72 S80/S20 (Income quintile share ratio);671 Struer;2011 2011;3.48
72 S80/S20 (Income quintile share ratio);706 Syddjurs;2011 2011;3.62
72 S80/S20 (Income quintile share ratio);707 Norddjurs;2011 2011;3.59
72 S80/S20 (Income quintile share ratio);710 Favrskov;2011 2011;3.25
72 S80/S20 (Income quintile share ratio);727 Odder;2011 2011;3.45
72 S80/S20 (Income quintile share ratio);730 Randers;2011 2011;3.43
72 S80/S20 (Income quintile share ratio);740 Silkeborg;2011 2011;4.79
72 S80/S20 (Income quintile share ratio);741 Samsø;2011 2011;3.73
72 S80/S20 (Income quintile share ratio);746 Skanderborg;2011 2011;3.23
72 S80/S20 (Income quintile share ratio);751 Aarhus;2011 2011;5.53
72 S80/S20 (Income quintile share ratio);756 Ikast-Brande;2011 2011;3.73
72 S80/S20 (Income quintile share ratio);760 Ringkøbing-Skjern;2011 2011;3.93
72 S80/S20 (Income quintile share ratio);766 Hedensted;2011 2011;3.42
72 S80/S20 (Income quintile share ratio);773 Morsø;2011 2011;3.83
72 S80/S20 (Income quintile share ratio);779 Skive;2011 2011;3.50
72 S80/S20 (Income quintile share ratio);787 Thisted;2011 2011;3.88
72 S80/S20 (Income quintile share ratio);791 Viborg;2011 2011;3.63
72 S80/S20 (Income quintile share ratio);810 Brønderslev;2011 2011;3.54
72 S80/S20 (Income quintile share ratio);813 Frederikshavn;2011 2011;3.64
72 S80/S20 (Income quintile share ratio);820 Vesthimmerlands;2011 2011;3.57
72 S80/S20 (Income quintile share ratio);825 Læsø;2011 2011;3.10
72 S80/S20 (Income quintile share ratio);840 Rebild;2011 2011;3.68
72 S80/S20 (Income quintile share ratio);846 Mariagerfjord;2011 2011;3.47
72 S80/S20 (Income quintile share ratio);849 Jammerbugt;2011 2011;3.56
72 S80/S20 (Income quintile share ratio);851 Aalborg;2011 2011;4.06
72 S80/S20 (Income quintile share ratio);860 Hjørring;2011 2011;4.00
73 P90/10 (Upper decile boundary divided by lower);000 All Denmark;2011 2011;3.00
73 P90/10 (Upper decile boundary divided by lower);101 Copenhagen;2011 2011;4.01
73 P90/10 (Upper decile boundary divided by lower);147 Frederiksberg;2011 2011;4.16
73 P90/10 (Upper decile boundary divided by lower);151 Ballerup;2011 2011;2.85
73 P90/10 (Upper decile boundary divided by lower);153 Brøndby;2011 2011;2.84
73 P90/10 (Upper decile boundary divided by lower);155 Dragør;2011 2011;3.05
73 P90/10 (Upper decile boundary divided by lower);157 Gentofte;2011 2011;5.07
73 P90/10 (Upper decile boundary divided by lower);159 Gladsaxe;2011 2011;3.31
73 P90/10 (Upper decile boundary divided by lower);161 Glostrup;2011 2011;2.83
73 P90/10 (Upper decile boundary divided by lower);163 Herlev;2011 2011;2.86
73 P90/10 (Upper decile boundary divided by lower);165 Albertslund;2011 2011;3.16
73 P90/10 (Upper decile boundary divided by lower);167 Hvidovre;2011 2011;2.88
73 P90/10 (Upper decile boundary divided by lower);169 Høje-Taastrup;2011 2011;2.90
73 P90/10 (Upper decile boundary divided by lower);173 Lyngby-Taarbæk;2011 2011;3.96
73 P90/10 (Upper decile boundary divided by lower);175 Rødovre;2011 2011;2.85
73 P90/10 (Upper decile boundary divided by lower);183 Ishøj;2011 2011;2.82
73 P90/10 (Upper decile boundary divided by lower);185 Tårnby;2011 2011;2.75
73 P90/10 (Upper decile boundary divided by lower);187 Vallensbæk;2011 2011;2.81
73 P90/10 (Upper decile boundary divided by lower);190 Furesø;2011 2011;3.34
73 P90/10 (Upper decile boundary divided by lower);201 Allerød;2011 2011;2.87
73 P90/10 (Upper decile boundary divided by lower);210 Fredensborg;2011 2011;3.21
73 P90/10 (Upper decile boundary divided by lower);217 Helsingør;2011 2011;2.98
73 P90/10 (Upper decile boundary divided by lower);219 Hillerød;2011 2011;2.92
73 P90/10 (Upper decile boundary divided by lower);223 Hørsholm;2011 2011;4.09
73 P90/10 (Upper decile boundary divided by lower);230 Rudersdal;2011 2011;4.20
73 P90/10 (Upper decile boundary divided by lower);240 Egedal;2011 2011;2.45
73 P90/10 (Upper decile boundary divided by lower);250 Frederikssund;2011 2011;2.63
73 P90/10 (Upper decile boundary divided by lower);253 Greve;2011 2011;2.78
73 P90/10 (Upper decile boundary divided by lower);259 Køge;2011 2011;2.72
73 P90/10 (Upper decile boundary divided by lower);260 Halsnæs;2011 2011;2.45
73 P90/10 (Upper decile boundary divided by lower);265 Roskilde;2011 2011;3.14
73 P90/10 (Upper decile boundary divided by lower);269 Solrød;2011 2011;2.76
73 P90/10 (Upper decile boundary divided by lower);270 Gribskov;2011 2011;2.66
73 P90/10 (Upper decile boundary divided by lower);306 Odsherred;2011 2011;2.46
73 P90/10 (Upper decile boundary divided by lower);316 Holbæk;2011 2011;2.74
73 P90/10 (Upper decile boundary divided by lower);320 Faxe;2011 2011;2.53
73 P90/10 (Upper decile boundary divided by lower);326 Kalundborg;2011 2011;2.59
73 P90/10 (Upper decile boundary divided by lower);329 Ringsted;2011 2011;2.70
73 P90/10 (Upper decile boundary divided by lower);330 Slagelse;2011 2011;2.74
73 P90/10 (Upper decile boundary divided by lower);336 Stevns;2011 2011;2.53
73 P90/10 (Upper decile boundary divided by lower);340 Sorø;2011 2011;2.59
73 P90/10 (Upper decile boundary divided by lower);350 Lejre;2011 2011;2.63
73 P90/10 (Upper decile boundary divided by lower);360 Lolland;2011 2011;2.55
73 P90/10 (Upper decile boundary divided by lower);370 Næstved;2011 2011;2.64
73 P90/10 (Upper decile boundary divided by lower);376 Guldborgsund;2011 2011;2.58
73 P90/10 (Upper decile boundary divided by lower);390 Vordingborg;2011 2011;2.61
73 P90/10 (Upper decile boundary divided by lower);400 Bornholm;2011 2011;2.37
73 P90/10 (Upper decile boundary divided by lower);410 Middelfart;2011 2011;2.54
73 P90/10 (Upper decile boundary divided by lower);420 Assens;2011 2011;2.41
73 P90/10 (Upper decile boundary divided by lower);430 Faaborg-Midtfyn;2011 2011;2.41
73 P90/10 (Upper decile boundary divided by lower);440 Kerteminde;2011 2011;2.44
73 P90/10 (Upper decile boundary divided by lower);450 Nyborg;2011 2011;2.44
73 P90/10 (Upper decile boundary divided by lower);461 Odense;2011 2011;3.19
73 P90/10 (Upper decile boundary divided by lower);479 Svendborg;2011 2011;2.77
73 P90/10 (Upper decile boundary divided by lower);480 Nordfyns;2011 2011;2.41
73 P90/10 (Upper decile boundary divided by lower);482 Langeland;2011 2011;2.43
73 P90/10 (Upper decile boundary divided by lower);492 Ærø;2011 2011;2.76
73 P90/10 (Upper decile boundary divided by lower);510 Haderslev;2011 2011;2.57
73 P90/10 (Upper decile boundary divided by lower);530 Billund;2011 2011;2.52
73 P90/10 (Upper decile boundary divided by lower);540 Sønderborg;2011 2011;2.61
73 P90/10 (Upper decile boundary divided by lower);550 Tønder;2011 2011;2.57
73 P90/10 (Upper decile boundary divided by lower);561 Esbjerg;2011 2011;2.79
73 P90/10 (Upper decile boundary divided by lower);563 Fanø;2011 2011;2.76
73 P90/10 (Upper decile boundary divided by lower);573 Varde;2011 2011;2.53
73 P90/10 (Upper decile boundary divided by lower);575 Vejen;2011 2011;2.46
73 P90/10 (Upper decile boundary divided by lower);580 Aabenraa;2011 2011;2.66
73 P90/10 (Upper decile boundary divided by lower);607 Fredericia;2011 2011;2.64
73 P90/10 (Upper decile boundary divided by lower);615 Horsens;2011 2011;2.71
73 P90/10 (Upper decile boundary divided by lower);621 Kolding;2011 2011;2.76
73 P90/10 (Upper decile boundary divided by lower);630 Vejle;2011 2011;2.71
73 P90/10 (Upper decile boundary divided by lower);657 Herning;2011 2011;2.69
73 P90/10 (Upper decile boundary divided by lower);661 Holstebro;2011 2011;2.65
73 P90/10 (Upper decile boundary divided by lower);665 Lemvig;2011 2011;2.54
73 P90/10 (Upper decile boundary divided by lower);671 Struer;2011 2011;2.49
73 P90/10 (Upper decile boundary divided by lower);706 Syddjurs;2011 2011;2.52
73 P90/10 (Upper decile boundary divided by lower);707 Norddjurs;2011 2011;2.55
73 P90/10 (Upper decile boundary divided by lower);710 Favrskov;2011 2011;2.46
73 P90/10 (Upper decile boundary divided by lower);727 Odder;2011 2011;2.55
73 P90/10 (Upper decile boundary divided by lower);730 Randers;2011 2011;2.59
73 P90/10 (Upper decile boundary divided by lower);740 Silkeborg;2011 2011;2.67
73 P90/10 (Upper decile boundary divided by lower);741 Samsø;2011 2011;2.52
73 P90/10 (Upper decile boundary divided by lower);746 Skanderborg;2011 2011;2.54
73 P90/10 (Upper decile boundary divided by lower);751 Aarhus;2011 2011;3.82
73 P90/10 (Upper decile boundary divided by lower);756 Ikast-Brande;2011 2011;2.50
73 P90/10 (Upper decile boundary divided by lower);760 Ringkøbing-Skjern;2011 2011;2.50
73 P90/10 (Upper decile boundary divided by lower);766 Hedensted;2011 2011;2.42
73 P90/10 (Upper decile boundary divided by lower);773 Morsø;2011 2011;2.44
73 P90/10 (Upper decile boundary divided by lower);779 Skive;2011 2011;2.49
73 P90/10 (Upper decile boundary divided by lower);787 Thisted;2011 2011;2.52
73 P90/10 (Upper decile boundary divided by lower);791 Viborg;2011 2011;2.59
73 P90/10 (Upper decile boundary divided by lower);810 Brønderslev;2011 2011;2.43
73 P90/10 (Upper decile boundary divided by lower);813 Frederikshavn;2011 2011;2.50
73 P90/10 (Upper decile boundary divided by lower);820 Vesthimmerlands;2011 2011;2.48
73 P90/10 (Upper decile boundary divided by lower);825 Læsø;2011 2011;2.33
73 P90/10 (Upper decile boundary divided by lower);840 Rebild;2011 2011;2.54
73 P90/10 (Upper decile boundary divided by lower);846 Mariagerfjord;2011 2011;2.53
73 P90/10 (Upper decile boundary divided by lower);849 Jammerbugt;2011 2011;2.47
73 P90/10 (Upper decile boundary divided by lower);851 Aalborg;2011 2011;3.06
73 P90/10 (Upper decile boundary divided by lower);860 Hjørring;2011 2011;2.56
73 P90/10 (Upper decile boundary divided by lower);259 Køge;2009 2009;2.60
73 P90/10 (Upper decile boundary divided by lower);260 Halsnæs;2009 2009;2.43
73 P90/10 (Upper decile boundary divided by lower);265 Roskilde;2009 2009;2.90
73 P90/10 (Upper decile boundary divided by lower);269 Solrød;2009 2009;2.63
73 P90/10 (Upper decile boundary divided by lower);270 Gribskov;2009 2009;2.63
73 P90/10 (Upper decile boundary divided by lower);306 Odsherred;2009 2009;2.47
73 P90/10 (Upper decile boundary divided by lower);316 Holbæk;2009 2009;2.71
73 P90/10 (Upper decile boundary divided by lower);320 Faxe;2009 2009;2.51
73 P90/10 (Upper decile boundary divided by lower);326 Kalundborg;2009 2009;2.56
73 P90/10 (Upper decile boundary divided by lower);329 Ringsted;2009 2009;2.63
73 P90/10 (Upper decile boundary divided by lower);330 Slagelse;2009 2009;2.62
73 P90/10 (Upper decile boundary divided by lower);336 Stevns;2009 2009;2.56
73 P90/10 (Upper decile boundary divided by lower);340 Sorø;2009 2009;2.54
73 P90/10 (Upper decile boundary divided by lower);350 Lejre;2009 2009;2.52
73 P90/10 (Upper decile boundary divided by lower);360 Lolland;2009 2009;2.53
73 P90/10 (Upper decile boundary divided by lower);370 Næstved;2009 2009;2.58
73 P90/10 (Upper decile boundary divided by lower);376 Guldborgsund;2009 2009;2.58
73 P90/10 (Upper decile boundary divided by lower);390 Vordingborg;2009 2009;2.59
73 P90/10 (Upper decile boundary divided by lower);400 Bornholm;2009 2009;2.38
73 P90/10 (Upper decile boundary divided by lower);410 Middelfart;2009 2009;2.47
73 P90/10 (Upper decile boundary divided by lower);420 Assens;2009 2009;2.41
73 P90/10 (Upper decile boundary divided by lower);430 Faaborg-Midtfyn;2009 2009;2.42
73 P90/10 (Upper decile boundary divided by lower);440 Kerteminde;2009 2009;2.40
73 P90/10 (Upper decile boundary divided by lower);450 Nyborg;2009 2009;2.38
73 P90/10 (Upper decile boundary divided by lower);461 Odense;2009 2009;2.98
73 P90/10 (Upper decile boundary divided by lower);479 Svendborg;2009 2009;2.71
73 P90/10 (Upper decile boundary divided by lower);480 Nordfyns;2009 2009;2.38
73 P90/10 (Upper decile boundary divided by lower);482 Langeland;2009 2009;2.40
73 P90/10 (Upper decile boundary divided by lower);492 Ærø;2009 2009;2.72
73 P90/10 (Upper decile boundary divided by lower);510 Haderslev;2009 2009;2.50
73 P90/10 (Upper decile boundary divided by lower);530 Billund;2009 2009;2.45
73 P90/10 (Upper decile boundary divided by lower);540 Sønderborg;2009 2009;2.51
73 P90/10 (Upper decile boundary divided by lower);550 Tønder;2009 2009;2.58
73 P90/10 (Upper decile boundary divided by lower);561 Esbjerg;2009 2009;2.63
73 P90/10 (Upper decile boundary divided by lower);563 Fanø;2009 2009;2.75
73 P90/10 (Upper decile boundary divided by lower);573 Varde;2009 2009;2.48
73 P90/10 (Upper decile boundary divided by lower);575 Vejen;2009 2009;2.41
73 P90/10 (Upper decile boundary divided by lower);580 Aabenraa;2009 2009;2.59
73 P90/10 (Upper decile boundary divided by lower);607 Fredericia;2009 2009;2.49
73 P90/10 (Upper decile boundary divided by lower);615 Horsens;2009 2009;2.60
73 P90/10 (Upper decile boundary divided by lower);621 Kolding;2009 2009;2.60
73 P90/10 (Upper decile boundary divided by lower);630 Vejle;2009 2009;2.60
73 P90/10 (Upper decile boundary divided by lower);657 Herning;2009 2009;2.57
73 P90/10 (Upper decile boundary divided by lower);661 Holstebro;2009 2009;2.54
73 P90/10 (Upper decile boundary divided by lower);665 Lemvig;2009 2009;2.56
73 P90/10 (Upper decile boundary divided by lower);671 Struer;2009 2009;2.45
73 P90/10 (Upper decile boundary divided by lower);706 Syddjurs;2009 2009;2.49
73 P90/10 (Upper decile boundary divided by lower);707 Norddjurs;2009 2009;2.58
73 P90/10 (Upper decile boundary divided by lower);710 Favrskov;2009 2009;2.39
73 P90/10 (Upper decile boundary divided by lower);727 Odder;2009 2009;2.46
73 P90/10 (Upper decile boundary divided by lower);730 Randers;2009 2009;2.49
73 P90/10 (Upper decile boundary divided by lower);740 Silkeborg;2009 2009;2.57
73 P90/10 (Upper decile boundary divided by lower);741 Samsø;2009 2009;2.56
73 P90/10 (Upper decile boundary divided by lower);746 Skanderborg;2009 2009;2.46
73 P90/10 (Upper decile boundary divided by lower);751 Aarhus;2009 2009;3.45
73 P90/10 (Upper decile boundary divided by lower);756 Ikast-Brande;2009 2009;2.45
73 P90/10 (Upper decile boundary divided by lower);760 Ringkøbing-Skjern;2009 2009;2.50
73 P90/10 (Upper decile boundary divided by lower);766 Hedensted;2009 2009;2.39
73 P90/10 (Upper decile boundary divided by lower);773 Morsø;2009 2009;2.46
73 P90/10 (Upper decile boundary divided by lower);779 Skive;2009 2009;2.45
73 P90/10 (Upper decile boundary divided by lower);787 Thisted;2009 2009;2.55
73 P90/10 (Upper decile boundary divided by lower);791 Viborg;2009 2009;2.52
73 P90/10 (Upper decile boundary divided by lower);810 Brønderslev;2009 2009;2.47
73 P90/10 (Upper decile boundary divided by lower);813 Frederikshavn;2009 2009;2.48
73 P90/10 (Upper decile boundary divided by lower);820 Vesthimmerlands;2009 2009;2.50
73 P90/10 (Upper decile boundary divided by lower);825 Læsø;2009 2009;2.42
73 P90/10 (Upper decile boundary divided by lower);840 Rebild;2009 2009;2.55
73 P90/10 (Upper decile boundary divided by lower);846 Mariagerfjord;2009 2009;2.48
73 P90/10 (Upper decile boundary divided by lower);849 Jammerbugt;2009 2009;2.51
73 P90/10 (Upper decile boundary divided by lower);851 Aalborg;2009 2009;2.88
73 P90/10 (Upper decile boundary divided by lower);860 Hjørring;2009 2009;2.53
70 Gini coefficient;000 All Denmark;2009 2009;26.74
70 Gini coefficient;101 Copenhagen;2009 2009;29.38
70 Gini coefficient;147 Frederiksberg;2009 2009;30.33
70 Gini coefficient;151 Ballerup;2009 2009;22.50
70 Gini coefficient;153 Brøndby;2009 2009;22.60
70 Gini coefficient;155 Dragør;2009 2009;26.25
70 Gini coefficient;157 Gentofte;2009 2009;42.42
70 Gini coefficient;159 Gladsaxe;2009 2009;24.83
70 Gini coefficient;161 Glostrup;2009 2009;22.61
70 Gini coefficient;163 Herlev;2009 2009;22.56
70 Gini coefficient;165 Albertslund;2009 2009;23.99
70 Gini coefficient;167 Hvidovre;2009 2009;22.35
70 Gini coefficient;169 Høje-Taastrup;2009 2009;23.29
70 Gini coefficient;173 Lyngby-Taarbæk;2009 2009;30.69
70 Gini coefficient;175 Rødovre;2009 2009;21.81
70 Gini coefficient;183 Ishøj;2009 2009;22.95
70 Gini coefficient;185 Tårnby;2009 2009;21.40
70 Gini coefficient;187 Vallensbæk;2009 2009;22.11
70 Gini coefficient;190 Furesø;2009 2009;26.87
70 Gini coefficient;201 Allerød;2009 2009;24.23
70 Gini coefficient;210 Fredensborg;2009 2009;27.42
70 Gini coefficient;217 Helsingør;2009 2009;26.08
70 Gini coefficient;219 Hillerød;2009 2009;23.87
70 Gini coefficient;223 Hørsholm;2009 2009;36.72
70 Gini coefficient;230 Rudersdal;2009 2009;36.12
70 Gini coefficient;240 Egedal;2009 2009;20.40
70 Gini coefficient;250 Frederikssund;2009 2009;22.30
70 Gini coefficient;253 Greve;2009 2009;23.13
70 Gini coefficient;259 Køge;2009 2009;23.03
70 Gini coefficient;260 Halsnæs;2009 2009;21.08
70 Gini coefficient;265 Roskilde;2009 2009;25.77
70 Gini coefficient;269 Solrød;2009 2009;23.90
70 Gini coefficient;270 Gribskov;2009 2009;24.34
70 Gini coefficient;306 Odsherred;2009 2009;23.12
70 Gini coefficient;316 Holbæk;2009 2009;24.21
70 Gini coefficient;320 Faxe;2009 2009;22.28
70 Gini coefficient;326 Kalundborg;2009 2009;23.76
70 Gini coefficient;329 Ringsted;2009 2009;23.30
70 Gini coefficient;330 Slagelse;2009 2009;23.05
70 Gini coefficient;336 Stevns;2009 2009;23.37
70 Gini coefficient;340 Sorø;2009 2009;23.62
70 Gini coefficient;350 Lejre;2009 2009;24.09
70 Gini coefficient;360 Lolland;2009 2009;25.45
70 Gini coefficient;370 Næstved;2009 2009;23.76
70 Gini coefficient;376 Guldborgsund;2009 2009;24.91
70 Gini coefficient;390 Vordingborg;2009 2009;25.23
70 Gini coefficient;400 Bornholm;2009 2009;23.89
70 Gini coefficient;410 Middelfart;2009 2009;23.38
70 Gini coefficient;420 Assens;2009 2009;23.77
70 Gini coefficient;430 Faaborg-Midtfyn;2009 2009;23.91
70 Gini coefficient;440 Kerteminde;2009 2009;22.99
70 Gini coefficient;450 Nyborg;2009 2009;22.31
70 Gini coefficient;461 Odense;2009 2009;26.06
70 Gini coefficient;479 Svendborg;2009 2009;25.06
70 Gini coefficient;480 Nordfyns;2009 2009;23.80
70 Gini coefficient;482 Langeland;2009 2009;26.00
70 Gini coefficient;492 Ærø;2009 2009;24.99
70 Gini coefficient;510 Haderslev;2009 2009;26.67
70 Gini coefficient;530 Billund;2009 2009;23.92
70 Gini coefficient;540 Sønderborg;2009 2009;32.85
70 Gini coefficient;550 Tønder;2009 2009;28.86
70 Gini coefficient;561 Esbjerg;2009 2009;25.01
70 Gini coefficient;563 Fanø;2009 2009;24.91
70 Gini coefficient;573 Varde;2009 2009;27.46
70 Gini coefficient;575 Vejen;2009 2009;25.93
70 Gini coefficient;580 Aabenraa;2009 2009;25.57
70 Gini coefficient;607 Fredericia;2009 2009;22.38
70 Gini coefficient;615 Horsens;2009 2009;24.19
70 Gini coefficient;621 Kolding;2009 2009;24.63
70 Gini coefficient;630 Vejle;2009 2009;25.19
70 Gini coefficient;657 Herning;2009 2009;25.25
70 Gini coefficient;661 Holstebro;2009 2009;25.46
70 Gini coefficient;665 Lemvig;2009 2009;29.19
70 Gini coefficient;671 Struer;2009 2009;24.20
70 Gini coefficient;706 Syddjurs;2009 2009;25.45
70 Gini coefficient;707 Norddjurs;2009 2009;25.77
70 Gini coefficient;710 Favrskov;2009 2009;23.16
70 Gini coefficient;727 Odder;2009 2009;23.84
70 Gini coefficient;730 Randers;2009 2009;23.70
70 Gini coefficient;740 Silkeborg;2009 2009;27.72
70 Gini coefficient;741 Samsø;2009 2009;27.66
70 Gini coefficient;746 Skanderborg;2009 2009;22.09
70 Gini coefficient;751 Aarhus;2009 2009;28.64
70 Gini coefficient;756 Ikast-Brande;2009 2009;25.01
70 Gini coefficient;760 Ringkøbing-Skjern;2009 2009;26.91
70 Gini coefficient;766 Hedensted;2009 2009;24.45
70 Gini coefficient;773 Morsø;2009 2009;27.98
70 Gini coefficient;779 Skive;2009 2009;24.01
70 Gini coefficient;787 Thisted;2009 2009;26.35
70 Gini coefficient;791 Viborg;2009 2009;25.29
70 Gini coefficient;810 Brønderslev;2009 2009;26.48
70 Gini coefficient;813 Frederikshavn;2009 2009;24.13
70 Gini coefficient;820 Vesthimmerlands;2009 2009;28.33
70 Gini coefficient;825 Læsø;2009 2009;22.41
70 Gini coefficient;840 Rebild;2009 2009;26.28
70 Gini coefficient;846 Mariagerfjord;2009 2009;25.57
70 Gini coefficient;849 Jammerbugt;2009 2009;27.41
70 Gini coefficient;851 Aalborg;2009 2009;25.72
70 Gini coefficient;860 Hjørring;2009 2009;26.71
71 Hoover index;000 All Denmark;2009 2009;18.01
71 Hoover index;101 Copenhagen;2009 2009;20.42
71 Hoover index;147 Frederiksberg;2009 2009;20.90
71 Hoover index;151 Ballerup;2009 2009;15.74
71 Hoover index;153 Brøndby;2009 2009;15.88
71 Hoover index;155 Dragør;2009 2009;17.54
71 Hoover index;157 Gentofte;2009 2009;27.76
71 Hoover index;159 Gladsaxe;2009 2009;17.22
71 Hoover index;161 Glostrup;2009 2009;15.91
71 Hoover index;163 Herlev;2009 2009;15.84
71 Hoover index;165 Albertslund;2009 2009;16.82
71 Hoover index;167 Hvidovre;2009 2009;15.60
71 Hoover index;169 Høje-Taastrup;2009 2009;16.09
71 Hoover index;173 Lyngby-Taarbæk;2009 2009;20.85
71 Hoover index;175 Rødovre;2009 2009;15.31
71 Hoover index;183 Ishøj;2009 2009;16.06
71 Hoover index;185 Tårnby;2009 2009;14.87
71 Hoover index;187 Vallensbæk;2009 2009;15.28
71 Hoover index;190 Furesø;2009 2009;18.20
71 Hoover index;201 Allerød;2009 2009;16.20
71 Hoover index;210 Fredensborg;2009 2009;18.60
71 Hoover index;217 Helsingør;2009 2009;17.73
71 Hoover index;219 Hillerød;2009 2009;16.21
71 Hoover index;223 Hørsholm;2009 2009;24.06
71 Hoover index;230 Rudersdal;2009 2009;23.73
71 Hoover index;240 Egedal;2009 2009;13.84
71 Hoover index;250 Frederikssund;2009 2009;15.31
71 Hoover index;253 Greve;2009 2009;15.82
71 Hoover index;259 Køge;2009 2009;15.83
71 Hoover index;260 Halsnæs;2009 2009;14.57
71 Hoover index;265 Roskilde;2009 2009;17.45
71 Hoover index;269 Solrød;2009 2009;16.17
71 Hoover index;270 Gribskov;2009 2009;16.39
71 Hoover index;306 Odsherred;2009 2009;15.72
71 Hoover index;316 Holbæk;2009 2009;16.50
71 Hoover index;320 Faxe;2009 2009;15.24
71 Hoover index;326 Kalundborg;2009 2009;16.19
71 Hoover index;329 Ringsted;2009 2009;15.94
71 Hoover index;330 Slagelse;2009 2009;15.87
71 Hoover index;336 Stevns;2009 2009;15.84
71 Hoover index;340 Sorø;2009 2009;16.04
71 Hoover index;350 Lejre;2009 2009;16.05
71 Hoover index;360 Lolland;2009 2009;17.14
71 Hoover index;370 Næstved;2009 2009;16.18
71 Hoover index;376 Guldborgsund;2009 2009;16.82
71 Hoover index;390 Vordingborg;2009 2009;16.99
71 Hoover index;400 Bornholm;2009 2009;15.97
71 Hoover index;410 Middelfart;2009 2009;15.80
71 Hoover index;420 Assens;2009 2009;15.94
71 Hoover index;430 Faaborg-Midtfyn;2009 2009;16.02
71 Hoover index;440 Kerteminde;2009 2009;15.55
71 Hoover index;450 Nyborg;2009 2009;15.20
71 Hoover index;461 Odense;2009 2009;17.85
71 Hoover index;479 Svendborg;2009 2009;17.04
71 Hoover index;480 Nordfyns;2009 2009;15.91
71 Hoover index;482 Langeland;2009 2009;17.20
71 Hoover index;492 Ærø;2009 2009;17.22
71 Hoover index;510 Haderslev;2009 2009;17.56
71 Hoover index;530 Billund;2009 2009;15.96
71 Hoover index;540 Sønderborg;2009 2009;20.79
71 Hoover index;550 Tønder;2009 2009;18.75
71 Hoover index;561 Esbjerg;2009 2009;16.92
71 Hoover index;563 Fanø;2009 2009;17.26
71 Hoover index;573 Varde;2009 2009;17.76
71 Hoover index;575 Vejen;2009 2009;17.02
71 Hoover index;580 Aabenraa;2009 2009;17.14
71 Hoover index;607 Fredericia;2009 2009;15.44
71 Hoover index;615 Horsens;2009 2009;16.41
71 Hoover index;621 Kolding;2009 2009;16.63
71 Hoover index;630 Vejle;2009 2009;16.88
71 Hoover index;657 Herning;2009 2009;16.75
71 Hoover index;661 Holstebro;2009 2009;16.87
71 Hoover index;665 Lemvig;2009 2009;18.87
71 Hoover index;671 Struer;2009 2009;16.23
71 Hoover index;706 Syddjurs;2009 2009;16.84
71 Hoover index;707 Norddjurs;2009 2009;17.17
71 Hoover index;710 Favrskov;2009 2009;15.42
71 Hoover index;727 Odder;2009 2009;15.99
71 Hoover index;730 Randers;2009 2009;16.03
71 Hoover index;740 Silkeborg;2009 2009;18.16
71 Hoover index;741 Samsø;2009 2009;18.22
71 Hoover index;746 Skanderborg;2009 2009;14.96
71 Hoover index;751 Aarhus;2009 2009;19.62
71 Hoover index;756 Ikast-Brande;2009 2009;16.53
71 Hoover index;760 Ringkøbing-Skjern;2009 2009;17.55
71 Hoover index;766 Hedensted;2009 2009;16.17
71 Hoover index;773 Morsø;2009 2009;18.17
71 Hoover index;779 Skive;2009 2009;16.19
71 Hoover index;787 Thisted;2009 2009;17.39
71 Hoover index;791 Viborg;2009 2009;16.77
71 Hoover index;810 Brønderslev;2009 2009;17.40
71 Hoover index;813 Frederikshavn;2009 2009;16.20
71 Hoover index;820 Vesthimmerlands;2009 2009;18.35
71 Hoover index;825 Læsø;2009 2009;15.33
71 Hoover index;840 Rebild;2009 2009;17.34
71 Hoover index;846 Mariagerfjord;2009 2009;16.99
71 Hoover index;849 Jammerbugt;2009 2009;17.89
71 Hoover index;851 Aalborg;2009 2009;17.49
71 Hoover index;860 Hjørring;2009 2009;17.63
72 S80/S20 (Income quintile share ratio);000 All Denmark;2009 2009;4.27
72 S80/S20 (Income quintile share ratio);101 Copenhagen;2009 2009;5.04
72 S80/S20 (Income quintile share ratio);147 Frederiksberg;2009 2009;5.24
72 S80/S20 (Income quintile share ratio);151 Ballerup;2009 2009;3.20
72 S80/S20 (Income quintile share ratio);153 Brøndby;2009 2009;3.20
72 S80/S20 (Income quintile share ratio);155 Dragør;2009 2009;4.32
72 S80/S20 (Income quintile share ratio);157 Gentofte;2009 2009;15.81
72 S80/S20 (Income quintile share ratio);159 Gladsaxe;2009 2009;3.71
72 S80/S20 (Income quintile share ratio);161 Glostrup;2009 2009;3.20
72 S80/S20 (Income quintile share ratio);163 Herlev;2009 2009;3.21
72 S80/S20 (Income quintile share ratio);165 Albertslund;2009 2009;3.58
72 S80/S20 (Income quintile share ratio);167 Hvidovre;2009 2009;3.24
72 S80/S20 (Income quintile share ratio);169 Høje-Taastrup;2009 2009;3.37
72 S80/S20 (Income quintile share ratio);173 Lyngby-Taarbæk;2009 2009;5.53
72 S80/S20 (Income quintile share ratio);175 Rødovre;2009 2009;3.09
72 S80/S20 (Income quintile share ratio);183 Ishøj;2009 2009;3.31
72 S80/S20 (Income quintile share ratio);185 Tårnby;2009 2009;3.10
72 S80/S20 (Income quintile share ratio);187 Vallensbæk;2009 2009;3.23
72 S80/S20 (Income quintile share ratio);190 Furesø;2009 2009;4.22
72 S80/S20 (Income quintile share ratio);201 Allerød;2009 2009;3.56
72 S80/S20 (Income quintile share ratio);210 Fredensborg;2009 2009;4.28
72 S80/S20 (Income quintile share ratio);217 Helsingør;2009 2009;3.98
72 S80/S20 (Income quintile share ratio);219 Hillerød;2009 2009;3.60
72 S80/S20 (Income quintile share ratio);223 Hørsholm;2009 2009;9.17
72 S80/S20 (Income quintile share ratio);230 Rudersdal;2009 2009;8.86
72 S80/S20 (Income quintile share ratio);240 Egedal;2009 2009;2.95
72 S80/S20 (Income quintile share ratio);250 Frederikssund;2009 2009;3.18
72 S80/S20 (Income quintile share ratio);253 Greve;2009 2009;3.40
72 S80/S20 (Income quintile share ratio);259 Køge;2009 2009;3.36
72 S80/S20 (Income quintile share ratio);260 Halsnæs;2009 2009;3.00
72 S80/S20 (Income quintile share ratio);265 Roskilde;2009 2009;4.02
72 S80/S20 (Income quintile share ratio);269 Solrød;2009 2009;3.65
72 S80/S20 (Income quintile share ratio);270 Gribskov;2009 2009;3.71
72 S80/S20 (Income quintile share ratio);306 Odsherred;2009 2009;3.39
72 S80/S20 (Income quintile share ratio);316 Holbæk;2009 2009;3.67
72 S80/S20 (Income quintile share ratio);320 Faxe;2009 2009;3.27
72 S80/S20 (Income quintile share ratio);326 Kalundborg;2009 2009;3.58
72 S80/S20 (Income quintile share ratio);329 Ringsted;2009 2009;3.46
72 S80/S20 (Income quintile share ratio);330 Slagelse;2009 2009;3.37
72 S80/S20 (Income quintile share ratio);336 Stevns;2009 2009;3.48
72 S80/S20 (Income quintile share ratio);340 Sorø;2009 2009;3.51
72 S80/S20 (Income quintile share ratio);350 Lejre;2009 2009;3.73
72 S80/S20 (Income quintile share ratio);360 Lolland;2009 2009;3.89
72 S80/S20 (Income quintile share ratio);370 Næstved;2009 2009;3.56
72 S80/S20 (Income quintile share ratio);376 Guldborgsund;2009 2009;3.81
72 S80/S20 (Income quintile share ratio);390 Vordingborg;2009 2009;4.04
72 S80/S20 (Income quintile share ratio);400 Bornholm;2009 2009;3.56
72 S80/S20 (Income quintile share ratio);410 Middelfart;2009 2009;3.36
72 S80/S20 (Income quintile share ratio);420 Assens;2009 2009;3.56
72 S80/S20 (Income quintile share ratio);430 Faaborg-Midtfyn;2009 2009;3.61
72 S80/S20 (Income quintile share ratio);440 Kerteminde;2009 2009;3.33
72 S80/S20 (Income quintile share ratio);450 Nyborg;2009 2009;3.15
72 S80/S20 (Income quintile share ratio);461 Odense;2009 2009;4.15
72 S80/S20 (Income quintile share ratio);479 Svendborg;2009 2009;3.77
72 S80/S20 (Income quintile share ratio);480 Nordfyns;2009 2009;3.68
72 S80/S20 (Income quintile share ratio);482 Langeland;2009 2009;4.25
72 S80/S20 (Income quintile share ratio);492 Ærø;2009 2009;3.72
72 S80/S20 (Income quintile share ratio);510 Haderslev;2009 2009;4.24
72 S80/S20 (Income quintile share ratio);530 Billund;2009 2009;3.66
72 S80/S20 (Income quintile share ratio);540 Sønderborg;2009 2009;11.14
72 S80/S20 (Income quintile share ratio);550 Tønder;2009 2009;5.79
72 S80/S20 (Income quintile share ratio);561 Esbjerg;2009 2009;3.76
72 S80/S20 (Income quintile share ratio);563 Fanø;2009 2009;3.53
72 S80/S20 (Income quintile share ratio);573 Varde;2009 2009;5.06
72 S80/S20 (Income quintile share ratio);575 Vejen;2009 2009;4.35
72 S80/S20 (Income quintile share ratio);580 Aabenraa;2009 2009;4.04
72 S80/S20 (Income quintile share ratio);607 Fredericia;2009 2009;3.16
72 S80/S20 (Income quintile share ratio);615 Horsens;2009 2009;3.63
72 S80/S20 (Income quintile share ratio);621 Kolding;2009 2009;3.68
72 S80/S20 (Income quintile share ratio);630 Vejle;2009 2009;3.91
72 S80/S20 (Income quintile share ratio);657 Herning;2009 2009;4.03
72 S80/S20 (Income quintile share ratio);661 Holstebro;2009 2009;4.13
72 S80/S20 (Income quintile share ratio);665 Lemvig;2009 2009;6.03
72 S80/S20 (Income quintile share ratio);671 Struer;2009 2009;3.64
72 S80/S20 (Income quintile share ratio);706 Syddjurs;2009 2009;3.96
72 S80/S20 (Income quintile share ratio);707 Norddjurs;2009 2009;4.18
72 S80/S20 (Income quintile share ratio);710 Favrskov;2009 2009;3.53
72 S80/S20 (Income quintile share ratio);727 Odder;2009 2009;3.55
72 S80/S20 (Income quintile share ratio);730 Randers;2009 2009;3.54
72 S80/S20 (Income quintile share ratio);740 Silkeborg;2009 2009;4.31
72 S80/S20 (Income quintile share ratio);741 Samsø;2009 2009;4.62
72 S80/S20 (Income quintile share ratio);746 Skanderborg;2009 2009;3.19
72 S80/S20 (Income quintile share ratio);751 Aarhus;2009 2009;4.83
72 S80/S20 (Income quintile share ratio);756 Ikast-Brande;2009 2009;4.02
72 S80/S20 (Income quintile share ratio);760 Ringkøbing-Skjern;2009 2009;4.66
72 S80/S20 (Income quintile share ratio);766 Hedensted;2009 2009;3.70
72 S80/S20 (Income quintile share ratio);773 Morsø;2009 2009;5.03
72 S80/S20 (Income quintile share ratio);779 Skive;2009 2009;3.55
72 S80/S20 (Income quintile share ratio);787 Thisted;2009 2009;4.32
72 S80/S20 (Income quintile share ratio);791 Viborg;2009 2009;4.01
72 S80/S20 (Income quintile share ratio);810 Brønderslev;2009 2009;4.63
72 S80/S20 (Income quintile share ratio);813 Frederikshavn;2009 2009;3.65
72 S80/S20 (Income quintile share ratio);820 Vesthimmerlands;2009 2009;5.31
72 S80/S20 (Income quintile share ratio);825 Læsø;2009 2009;3.23
72 S80/S20 (Income quintile share ratio);840 Rebild;2009 2009;4.42
72 S80/S20 (Income quintile share ratio);846 Mariagerfjord;2009 2009;4.12
72 S80/S20 (Income quintile share ratio);849 Jammerbugt;2009 2009;4.72
72 S80/S20 (Income quintile share ratio);851 Aalborg;2009 2009;4.03
72 S80/S20 (Income quintile share ratio);860 Hjørring;2009 2009;4.62
73 P90/10 (Upper decile boundary divided by lower);000 All Denmark;2009 2009;2.83
73 P90/10 (Upper decile boundary divided by lower);101 Copenhagen;2009 2009;3.71
73 P90/10 (Upper decile boundary divided by lower);147 Frederiksberg;2009 2009;3.73
73 P90/10 (Upper decile boundary divided by lower);151 Ballerup;2009 2009;2.61
73 P90/10 (Upper decile boundary divided by lower);153 Brøndby;2009 2009;2.67
73 P90/10 (Upper decile boundary divided by lower);155 Dragør;2009 2009;2.88
73 P90/10 (Upper decile boundary divided by lower);157 Gentofte;2009 2009;4.47
73 P90/10 (Upper decile boundary divided by lower);159 Gladsaxe;2009 2009;2.91
73 P90/10 (Upper decile boundary divided by lower);161 Glostrup;2009 2009;2.67
73 P90/10 (Upper decile boundary divided by lower);163 Herlev;2009 2009;2.68
73 P90/10 (Upper decile boundary divided by lower);165 Albertslund;2009 2009;3.01
73 P90/10 (Upper decile boundary divided by lower);167 Hvidovre;2009 2009;2.66
73 P90/10 (Upper decile boundary divided by lower);169 Høje-Taastrup;2009 2009;2.72
73 P90/10 (Upper decile boundary divided by lower);173 Lyngby-Taarbæk;2009 2009;3.54
73 P90/10 (Upper decile boundary divided by lower);175 Rødovre;2009 2009;2.60
73 P90/10 (Upper decile boundary divided by lower);183 Ishøj;2009 2009;2.73
73 P90/10 (Upper decile boundary divided by lower);185 Tårnby;2009 2009;2.57
73 P90/10 (Upper decile boundary divided by lower);187 Vallensbæk;2009 2009;2.67
73 P90/10 (Upper decile boundary divided by lower);190 Furesø;2009 2009;2.97
73 P90/10 (Upper decile boundary divided by lower);201 Allerød;2009 2009;2.62
73 P90/10 (Upper decile boundary divided by lower);210 Fredensborg;2009 2009;2.98
73 P90/10 (Upper decile boundary divided by lower);217 Helsingør;2009 2009;2.85
73 P90/10 (Upper decile boundary divided by lower);219 Hillerød;2009 2009;2.70
73 P90/10 (Upper decile boundary divided by lower);223 Hørsholm;2009 2009;3.61
73 P90/10 (Upper decile boundary divided by lower);230 Rudersdal;2009 2009;3.79
73 P90/10 (Upper decile boundary divided by lower);240 Egedal;2009 2009;2.37
73 P90/10 (Upper decile boundary divided by lower);250 Frederikssund;2009 2009;2.53
73 P90/10 (Upper decile boundary divided by lower);253 Greve;2009 2009;2.65
73 P90/10 (Upper decile boundary divided by lower);253 Greve;2022 2022;3.06
73 P90/10 (Upper decile boundary divided by lower);259 Køge;2022 2022;2.95
73 P90/10 (Upper decile boundary divided by lower);260 Halsnæs;2022 2022;2.64
73 P90/10 (Upper decile boundary divided by lower);265 Roskilde;2022 2022;3.32
73 P90/10 (Upper decile boundary divided by lower);269 Solrød;2022 2022;2.99
73 P90/10 (Upper decile boundary divided by lower);270 Gribskov;2022 2022;2.95
73 P90/10 (Upper decile boundary divided by lower);306 Odsherred;2022 2022;2.66
73 P90/10 (Upper decile boundary divided by lower);316 Holbæk;2022 2022;2.88
73 P90/10 (Upper decile boundary divided by lower);320 Faxe;2022 2022;2.72
73 P90/10 (Upper decile boundary divided by lower);326 Kalundborg;2022 2022;2.87
73 P90/10 (Upper decile boundary divided by lower);329 Ringsted;2022 2022;2.85
73 P90/10 (Upper decile boundary divided by lower);330 Slagelse;2022 2022;2.92
73 P90/10 (Upper decile boundary divided by lower);336 Stevns;2022 2022;2.72
73 P90/10 (Upper decile boundary divided by lower);340 Sorø;2022 2022;2.78
73 P90/10 (Upper decile boundary divided by lower);350 Lejre;2022 2022;2.74
73 P90/10 (Upper decile boundary divided by lower);360 Lolland;2022 2022;2.66
73 P90/10 (Upper decile boundary divided by lower);370 Næstved;2022 2022;2.88
73 P90/10 (Upper decile boundary divided by lower);376 Guldborgsund;2022 2022;2.81
73 P90/10 (Upper decile boundary divided by lower);390 Vordingborg;2022 2022;2.84
73 P90/10 (Upper decile boundary divided by lower);400 Bornholm;2022 2022;2.48
73 P90/10 (Upper decile boundary divided by lower);410 Middelfart;2022 2022;2.74
73 P90/10 (Upper decile boundary divided by lower);420 Assens;2022 2022;2.59
73 P90/10 (Upper decile boundary divided by lower);430 Faaborg-Midtfyn;2022 2022;2.57
73 P90/10 (Upper decile boundary divided by lower);440 Kerteminde;2022 2022;2.71
73 P90/10 (Upper decile boundary divided by lower);450 Nyborg;2022 2022;2.67
73 P90/10 (Upper decile boundary divided by lower);461 Odense;2022 2022;3.51
73 P90/10 (Upper decile boundary divided by lower);479 Svendborg;2022 2022;2.99
73 P90/10 (Upper decile boundary divided by lower);480 Nordfyns;2022 2022;2.61
73 P90/10 (Upper decile boundary divided by lower);482 Langeland;2022 2022;2.59
73 P90/10 (Upper decile boundary divided by lower);492 Ærø;2022 2022;3.02
73 P90/10 (Upper decile boundary divided by lower);510 Haderslev;2022 2022;2.73
73 P90/10 (Upper decile boundary divided by lower);530 Billund;2022 2022;2.77
73 P90/10 (Upper decile boundary divided by lower);540 Sønderborg;2022 2022;2.79
73 P90/10 (Upper decile boundary divided by lower);550 Tønder;2022 2022;2.73
73 P90/10 (Upper decile boundary divided by lower);561 Esbjerg;2022 2022;2.87
73 P90/10 (Upper decile boundary divided by lower);563 Fanø;2022 2022;2.76
73 P90/10 (Upper decile boundary divided by lower);573 Varde;2022 2022;2.62
73 P90/10 (Upper decile boundary divided by lower);575 Vejen;2022 2022;2.63
73 P90/10 (Upper decile boundary divided by lower);580 Aabenraa;2022 2022;2.77
73 P90/10 (Upper decile boundary divided by lower);607 Fredericia;2022 2022;2.96
73 P90/10 (Upper decile boundary divided by lower);615 Horsens;2022 2022;2.81
73 P90/10 (Upper decile boundary divided by lower);621 Kolding;2022 2022;2.99
73 P90/10 (Upper decile boundary divided by lower);630 Vejle;2022 2022;2.96
73 P90/10 (Upper decile boundary divided by lower);657 Herning;2022 2022;2.80
73 P90/10 (Upper decile boundary divided by lower);661 Holstebro;2022 2022;2.79
73 P90/10 (Upper decile boundary divided by lower);665 Lemvig;2022 2022;2.69
73 P90/10 (Upper decile boundary divided by lower);671 Struer;2022 2022;2.64
73 P90/10 (Upper decile boundary divided by lower);706 Syddjurs;2022 2022;2.76
73 P90/10 (Upper decile boundary divided by lower);707 Norddjurs;2022 2022;2.68
73 P90/10 (Upper decile boundary divided by lower);710 Favrskov;2022 2022;2.62
73 P90/10 (Upper decile boundary divided by lower);727 Odder;2022 2022;2.76
73 P90/10 (Upper decile boundary divided by lower);730 Randers;2022 2022;2.84
73 P90/10 (Upper decile boundary divided by lower);740 Silkeborg;2022 2022;2.82
73 P90/10 (Upper decile boundary divided by lower);741 Samsø;2022 2022;2.71
73 P90/10 (Upper decile boundary divided by lower);746 Skanderborg;2022 2022;2.75
73 P90/10 (Upper decile boundary divided by lower);751 Aarhus;2022 2022;4.26
73 P90/10 (Upper decile boundary divided by lower);756 Ikast-Brande;2022 2022;2.69
73 P90/10 (Upper decile boundary divided by lower);760 Ringkøbing-Skjern;2022 2022;2.62
73 P90/10 (Upper decile boundary divided by lower);766 Hedensted;2022 2022;2.60
73 P90/10 (Upper decile boundary divided by lower);773 Morsø;2022 2022;2.56
73 P90/10 (Upper decile boundary divided by lower);779 Skive;2022 2022;2.61
73 P90/10 (Upper decile boundary divided by lower);787 Thisted;2022 2022;2.63
73 P90/10 (Upper decile boundary divided by lower);791 Viborg;2022 2022;2.76
73 P90/10 (Upper decile boundary divided by lower);810 Brønderslev;2022 2022;2.57
73 P90/10 (Upper decile boundary divided by lower);813 Frederikshavn;2022 2022;2.66
73 P90/10 (Upper decile boundary divided by lower);820 Vesthimmerlands;2022 2022;2.63
73 P90/10 (Upper decile boundary divided by lower);825 Læsø;2022 2022;2.65
73 P90/10 (Upper decile boundary divided by lower);840 Rebild;2022 2022;2.65
73 P90/10 (Upper decile boundary divided by lower);846 Mariagerfjord;2022 2022;2.72
73 P90/10 (Upper decile boundary divided by lower);849 Jammerbugt;2022 2022;2.62
73 P90/10 (Upper decile boundary divided by lower);851 Aalborg;2022 2022;3.44
73 P90/10 (Upper decile boundary divided by lower);860 Hjørring;2022 2022;2.68
70 Gini coefficient;000 All Denmark;2022 2022;29.96
70 Gini coefficient;101 Copenhagen;2022 2022;34.56
70 Gini coefficient;147 Frederiksberg;2022 2022;36.95
70 Gini coefficient;151 Ballerup;2022 2022;26.35
70 Gini coefficient;153 Brøndby;2022 2022;25.21
70 Gini coefficient;155 Dragør;2022 2022;28.05
70 Gini coefficient;157 Gentofte;2022 2022;50.70
70 Gini coefficient;159 Gladsaxe;2022 2022;29.24
70 Gini coefficient;161 Glostrup;2022 2022;25.43
70 Gini coefficient;163 Herlev;2022 2022;25.42
70 Gini coefficient;165 Albertslund;2022 2022;24.49
70 Gini coefficient;167 Hvidovre;2022 2022;25.23
70 Gini coefficient;169 Høje-Taastrup;2022 2022;25.59
70 Gini coefficient;173 Lyngby-Taarbæk;2022 2022;39.09
70 Gini coefficient;175 Rødovre;2022 2022;25.73
70 Gini coefficient;183 Ishøj;2022 2022;24.53
70 Gini coefficient;185 Tårnby;2022 2022;23.84
70 Gini coefficient;187 Vallensbæk;2022 2022;25.05
70 Gini coefficient;190 Furesø;2022 2022;29.02
70 Gini coefficient;201 Allerød;2022 2022;26.66
70 Gini coefficient;210 Fredensborg;2022 2022;31.42
70 Gini coefficient;217 Helsingør;2022 2022;30.54
70 Gini coefficient;219 Hillerød;2022 2022;27.56
70 Gini coefficient;223 Hørsholm;2022 2022;42.24
70 Gini coefficient;230 Rudersdal;2022 2022;43.68
70 Gini coefficient;240 Egedal;2022 2022;22.98
70 Gini coefficient;250 Frederikssund;2022 2022;24.87
70 Gini coefficient;253 Greve;2022 2022;25.97
70 Gini coefficient;259 Køge;2022 2022;25.86
70 Gini coefficient;260 Halsnæs;2022 2022;23.30
70 Gini coefficient;265 Roskilde;2022 2022;28.45
70 Gini coefficient;269 Solrød;2022 2022;26.42
70 Gini coefficient;270 Gribskov;2022 2022;27.38
70 Gini coefficient;306 Odsherred;2022 2022;24.40
70 Gini coefficient;316 Holbæk;2022 2022;25.52
70 Gini coefficient;320 Faxe;2022 2022;24.36
70 Gini coefficient;326 Kalundborg;2022 2022;26.98
70 Gini coefficient;329 Ringsted;2022 2022;25.16
70 Gini coefficient;330 Slagelse;2022 2022;25.54
70 Gini coefficient;336 Stevns;2022 2022;24.78
70 Gini coefficient;340 Sorø;2022 2022;24.72
70 Gini coefficient;350 Lejre;2022 2022;26.04
70 Gini coefficient;360 Lolland;2022 2022;27.34
70 Gini coefficient;370 Næstved;2022 2022;25.12
70 Gini coefficient;376 Guldborgsund;2022 2022;26.04
70 Gini coefficient;390 Vordingborg;2022 2022;26.82
70 Gini coefficient;400 Bornholm;2022 2022;23.65
70 Gini coefficient;410 Middelfart;2022 2022;27.94
70 Gini coefficient;420 Assens;2022 2022;23.88
70 Gini coefficient;430 Faaborg-Midtfyn;2022 2022;23.63
70 Gini coefficient;440 Kerteminde;2022 2022;26.95
70 Gini coefficient;450 Nyborg;2022 2022;24.95
70 Gini coefficient;461 Odense;2022 2022;28.52
70 Gini coefficient;479 Svendborg;2022 2022;27.64
70 Gini coefficient;480 Nordfyns;2022 2022;25.21
70 Gini coefficient;482 Langeland;2022 2022;25.79
70 Gini coefficient;492 Ærø;2022 2022;27.02
70 Gini coefficient;510 Haderslev;2022 2022;25.74
70 Gini coefficient;530 Billund;2022 2022;26.36
70 Gini coefficient;540 Sønderborg;2022 2022;26.76
70 Gini coefficient;550 Tønder;2022 2022;29.47
70 Gini coefficient;561 Esbjerg;2022 2022;26.77
70 Gini coefficient;563 Fanø;2022 2022;24.62
70 Gini coefficient;573 Varde;2022 2022;26.12
70 Gini coefficient;575 Vejen;2022 2022;26.74
70 Gini coefficient;580 Aabenraa;2022 2022;27.35
70 Gini coefficient;607 Fredericia;2022 2022;26.96
70 Gini coefficient;615 Horsens;2022 2022;25.40
70 Gini coefficient;621 Kolding;2022 2022;27.37
70 Gini coefficient;630 Vejle;2022 2022;27.01
70 Gini coefficient;657 Herning;2022 2022;26.40
70 Gini coefficient;661 Holstebro;2022 2022;26.77
70 Gini coefficient;665 Lemvig;2022 2022;29.68
70 Gini coefficient;671 Struer;2022 2022;26.57
70 Gini coefficient;706 Syddjurs;2022 2022;25.94
70 Gini coefficient;707 Norddjurs;2022 2022;25.96
70 Gini coefficient;710 Favrskov;2022 2022;24.01
70 Gini coefficient;727 Odder;2022 2022;24.53
70 Gini coefficient;730 Randers;2022 2022;25.80
70 Gini coefficient;740 Silkeborg;2022 2022;26.61
70 Gini coefficient;741 Samsø;2022 2022;27.18
70 Gini coefficient;746 Skanderborg;2022 2022;25.50
70 Gini coefficient;751 Aarhus;2022 2022;34.22
70 Gini coefficient;756 Ikast-Brande;2022 2022;26.13
70 Gini coefficient;760 Ringkøbing-Skjern;2022 2022;26.55
70 Gini coefficient;766 Hedensted;2022 2022;24.54
70 Gini coefficient;773 Morsø;2022 2022;26.50
70 Gini coefficient;779 Skive;2022 2022;26.30
70 Gini coefficient;787 Thisted;2022 2022;27.00
70 Gini coefficient;791 Viborg;2022 2022;25.99
70 Gini coefficient;810 Brønderslev;2022 2022;25.14
70 Gini coefficient;813 Frederikshavn;2022 2022;25.16
70 Gini coefficient;820 Vesthimmerlands;2022 2022;27.48
70 Gini coefficient;825 Læsø;2022 2022;23.93
70 Gini coefficient;840 Rebild;2022 2022;25.72
70 Gini coefficient;846 Mariagerfjord;2022 2022;26.23
70 Gini coefficient;849 Jammerbugt;2022 2022;24.44
70 Gini coefficient;851 Aalborg;2022 2022;29.04
70 Gini coefficient;860 Hjørring;2022 2022;26.51
71 Hoover index;000 All Denmark;2022 2022;20.44
71 Hoover index;101 Copenhagen;2022 2022;23.74
71 Hoover index;147 Frederiksberg;2022 2022;25.41
71 Hoover index;151 Ballerup;2022 2022;18.58
71 Hoover index;153 Brøndby;2022 2022;17.77
71 Hoover index;155 Dragør;2022 2022;18.93
71 Hoover index;157 Gentofte;2022 2022;35.03
71 Hoover index;159 Gladsaxe;2022 2022;20.51
71 Hoover index;161 Glostrup;2022 2022;17.91
71 Hoover index;163 Herlev;2022 2022;17.90
71 Hoover index;165 Albertslund;2022 2022;17.17
71 Hoover index;167 Hvidovre;2022 2022;17.78
71 Hoover index;169 Høje-Taastrup;2022 2022;17.77
71 Hoover index;173 Lyngby-Taarbæk;2022 2022;26.43
71 Hoover index;175 Rødovre;2022 2022;18.18
71 Hoover index;183 Ishøj;2022 2022;17.01
71 Hoover index;185 Tårnby;2022 2022;16.59
71 Hoover index;187 Vallensbæk;2022 2022;17.26
71 Hoover index;190 Furesø;2022 2022;19.90
71 Hoover index;201 Allerød;2022 2022;17.95
71 Hoover index;210 Fredensborg;2022 2022;21.36
71 Hoover index;217 Helsingør;2022 2022;20.79
71 Hoover index;219 Hillerød;2022 2022;18.79
71 Hoover index;223 Hørsholm;2022 2022;28.68
71 Hoover index;230 Rudersdal;2022 2022;29.55
71 Hoover index;240 Egedal;2022 2022;15.63
71 Hoover index;250 Frederikssund;2022 2022;17.17
71 Hoover index;253 Greve;2022 2022;17.87
71 Hoover index;259 Køge;2022 2022;17.84
71 Hoover index;260 Halsnæs;2022 2022;16.12
71 Hoover index;265 Roskilde;2022 2022;19.46
71 Hoover index;269 Solrød;2022 2022;18.08
71 Hoover index;270 Gribskov;2022 2022;18.56
71 Hoover index;306 Odsherred;2022 2022;16.85
71 Hoover index;316 Holbæk;2022 2022;17.56
71 Hoover index;320 Faxe;2022 2022;16.76
71 Hoover index;326 Kalundborg;2022 2022;18.51
71 Hoover index;329 Ringsted;2022 2022;17.34
71 Hoover index;330 Slagelse;2022 2022;17.69
71 Hoover index;336 Stevns;2022 2022;16.99
71 Hoover index;340 Sorø;2022 2022;17.02
71 Hoover index;350 Lejre;2022 2022;17.54
71 Hoover index;360 Lolland;2022 2022;18.69
71 Hoover index;370 Næstved;2022 2022;17.38
71 Hoover index;376 Guldborgsund;2022 2022;17.90
71 Hoover index;390 Vordingborg;2022 2022;18.37
71 Hoover index;400 Bornholm;2022 2022;16.28
71 Hoover index;410 Middelfart;2022 2022;18.95
71 Hoover index;420 Assens;2022 2022;16.45
71 Hoover index;430 Faaborg-Midtfyn;2022 2022;16.19
71 Hoover index;440 Kerteminde;2022 2022;18.31
71 Hoover index;450 Nyborg;2022 2022;17.19
71 Hoover index;461 Odense;2022 2022;19.81
71 Hoover index;479 Svendborg;2022 2022;18.88
71 Hoover index;480 Nordfyns;2022 2022;17.13
71 Hoover index;482 Langeland;2022 2022;17.75
71 Hoover index;492 Ærø;2022 2022;18.49
71 Hoover index;510 Haderslev;2022 2022;17.60
71 Hoover index;530 Billund;2022 2022;18.07
71 Hoover index;540 Sønderborg;2022 2022;18.36
71 Hoover index;550 Tønder;2022 2022;19.87
71 Hoover index;561 Esbjerg;2022 2022;18.41
71 Hoover index;563 Fanø;2022 2022;16.99
71 Hoover index;573 Varde;2022 2022;17.63
71 Hoover index;575 Vejen;2022 2022;18.08
71 Hoover index;580 Aabenraa;2022 2022;18.63
71 Hoover index;607 Fredericia;2022 2022;18.60
71 Hoover index;615 Horsens;2022 2022;17.40
71 Hoover index;621 Kolding;2022 2022;18.74
71 Hoover index;630 Vejle;2022 2022;18.57
71 Hoover index;657 Herning;2022 2022;17.99
71 Hoover index;661 Holstebro;2022 2022;18.11
71 Hoover index;665 Lemvig;2022 2022;19.90
71 Hoover index;671 Struer;2022 2022;18.03
71 Hoover index;706 Syddjurs;2022 2022;17.60
71 Hoover index;707 Norddjurs;2022 2022;17.72
71 Hoover index;710 Favrskov;2022 2022;16.31
71 Hoover index;727 Odder;2022 2022;16.85
71 Hoover index;730 Randers;2022 2022;17.72
71 Hoover index;740 Silkeborg;2022 2022;18.13
71 Hoover index;741 Samsø;2022 2022;18.54
71 Hoover index;746 Skanderborg;2022 2022;17.21
71 Hoover index;751 Aarhus;2022 2022;23.49
71 Hoover index;756 Ikast-Brande;2022 2022;17.68
71 Hoover index;760 Ringkøbing-Skjern;2022 2022;17.95
71 Hoover index;766 Hedensted;2022 2022;16.72
71 Hoover index;773 Morsø;2022 2022;17.92
71 Hoover index;779 Skive;2022 2022;17.81
71 Hoover index;787 Thisted;2022 2022;18.23
71 Hoover index;791 Viborg;2022 2022;17.67
71 Hoover index;810 Brønderslev;2022 2022;17.06
71 Hoover index;813 Frederikshavn;2022 2022;17.32
71 Hoover index;820 Vesthimmerlands;2022 2022;18.60
71 Hoover index;825 Læsø;2022 2022;16.66
71 Hoover index;840 Rebild;2022 2022;17.41
71 Hoover index;846 Mariagerfjord;2022 2022;17.98
71 Hoover index;849 Jammerbugt;2022 2022;16.75
71 Hoover index;851 Aalborg;2022 2022;19.90
71 Hoover index;860 Hjørring;2022 2022;17.97
72 S80/S20 (Income quintile share ratio);000 All Denmark;2022 2022;4.65
72 S80/S20 (Income quintile share ratio);101 Copenhagen;2022 2022;6.58
72 S80/S20 (Income quintile share ratio);147 Frederiksberg;2022 2022;6.83
72 S80/S20 (Income quintile share ratio);151 Ballerup;2022 2022;3.82
72 S80/S20 (Income quintile share ratio);153 Brøndby;2022 2022;3.68
72 S80/S20 (Income quintile share ratio);155 Dragør;2022 2022;4.38
72 S80/S20 (Income quintile share ratio);157 Gentofte;2022 2022;16.04
72 S80/S20 (Income quintile share ratio);159 Gladsaxe;2022 2022;4.62
72 S80/S20 (Income quintile share ratio);161 Glostrup;2022 2022;3.72
72 S80/S20 (Income quintile share ratio);163 Herlev;2022 2022;3.71
72 S80/S20 (Income quintile share ratio);165 Albertslund;2022 2022;3.61
72 S80/S20 (Income quintile share ratio);167 Hvidovre;2022 2022;3.73
72 S80/S20 (Income quintile share ratio);169 Høje-Taastrup;2022 2022;3.86
72 S80/S20 (Income quintile share ratio);173 Lyngby-Taarbæk;2022 2022;8.23
72 S80/S20 (Income quintile share ratio);175 Rødovre;2022 2022;3.78
72 S80/S20 (Income quintile share ratio);183 Ishøj;2022 2022;3.61
72 S80/S20 (Income quintile share ratio);185 Tårnby;2022 2022;3.51
72 S80/S20 (Income quintile share ratio);187 Vallensbæk;2022 2022;3.77
72 S80/S20 (Income quintile share ratio);190 Furesø;2022 2022;4.55
72 S80/S20 (Income quintile share ratio);201 Allerød;2022 2022;4.05
72 S80/S20 (Income quintile share ratio);210 Fredensborg;2022 2022;5.03
72 S80/S20 (Income quintile share ratio);217 Helsingør;2022 2022;4.77
72 S80/S20 (Income quintile share ratio);219 Hillerød;2022 2022;4.21
72 S80/S20 (Income quintile share ratio);223 Hørsholm;2022 2022;9.70
72 S80/S20 (Income quintile share ratio);230 Rudersdal;2022 2022;10.06
72 S80/S20 (Income quintile share ratio);240 Egedal;2022 2022;3.33
72 S80/S20 (Income quintile share ratio);250 Frederikssund;2022 2022;3.56
72 S80/S20 (Income quintile share ratio);253 Greve;2022 2022;3.91
72 S80/S20 (Income quintile share ratio);259 Køge;2022 2022;3.81
72 S80/S20 (Income quintile share ratio);260 Halsnæs;2022 2022;3.28
72 S80/S20 (Income quintile share ratio);265 Roskilde;2022 2022;4.42
72 S80/S20 (Income quintile share ratio);269 Solrød;2022 2022;3.88
72 S80/S20 (Income quintile share ratio);270 Gribskov;2022 2022;4.12
72 S80/S20 (Income quintile share ratio);306 Odsherred;2022 2022;3.44
72 S80/S20 (Income quintile share ratio);316 Holbæk;2022 2022;3.71
72 S80/S20 (Income quintile share ratio);320 Faxe;2022 2022;3.50
72 S80/S20 (Income quintile share ratio);326 Kalundborg;2022 2022;3.95
72 S80/S20 (Income quintile share ratio);329 Ringsted;2022 2022;3.65
72 S80/S20 (Income quintile share ratio);330 Slagelse;2022 2022;3.70
72 S80/S20 (Income quintile share ratio);336 Stevns;2022 2022;3.52
72 S80/S20 (Income quintile share ratio);340 Sorø;2022 2022;3.56
72 S80/S20 (Income quintile share ratio);350 Lejre;2022 2022;3.83
72 S80/S20 (Income quintile share ratio);360 Lolland;2022 2022;3.87
72 S80/S20 (Income quintile share ratio);370 Næstved;2022 2022;3.66
72 S80/S20 (Income quintile share ratio);376 Guldborgsund;2022 2022;3.74
72 S80/S20 (Income quintile share ratio);390 Vordingborg;2022 2022;3.87
72 S80/S20 (Income quintile share ratio);400 Bornholm;2022 2022;3.25
72 S80/S20 (Income quintile share ratio);410 Middelfart;2022 2022;3.98
72 S80/S20 (Income quintile share ratio);420 Assens;2022 2022;3.34
72 S80/S20 (Income quintile share ratio);430 Faaborg-Midtfyn;2022 2022;3.34
72 S80/S20 (Income quintile share ratio);440 Kerteminde;2022 2022;3.83
72 S80/S20 (Income quintile share ratio);450 Nyborg;2022 2022;3.52
72 S80/S20 (Income quintile share ratio);461 Odense;2022 2022;4.47
72 S80/S20 (Income quintile share ratio);479 Svendborg;2022 2022;4.07
72 S80/S20 (Income quintile share ratio);480 Nordfyns;2022 2022;3.64
72 S80/S20 (Income quintile share ratio);482 Langeland;2022 2022;3.61
72 S80/S20 (Income quintile share ratio);492 Ærø;2022 2022;4.15
72 S80/S20 (Income quintile share ratio);510 Haderslev;2022 2022;3.69
72 S80/S20 (Income quintile share ratio);530 Billund;2022 2022;3.74
72 S80/S20 (Income quintile share ratio);540 Sønderborg;2022 2022;3.85
72 S80/S20 (Income quintile share ratio);550 Tønder;2022 2022;4.35
72 S80/S20 (Income quintile share ratio);561 Esbjerg;2022 2022;3.85
72 S80/S20 (Income quintile share ratio);563 Fanø;2022 2022;3.48
72 S80/S20 (Income quintile share ratio);573 Varde;2022 2022;3.79
72 S80/S20 (Income quintile share ratio);575 Vejen;2022 2022;3.81
72 S80/S20 (Income quintile share ratio);580 Aabenraa;2022 2022;3.95
72 S80/S20 (Income quintile share ratio);607 Fredericia;2022 2022;3.91
72 S80/S20 (Income quintile share ratio);615 Horsens;2022 2022;3.66
72 S80/S20 (Income quintile share ratio);621 Kolding;2022 2022;4.03
72 S80/S20 (Income quintile share ratio);630 Vejle;2022 2022;3.93
72 S80/S20 (Income quintile share ratio);657 Herning;2022 2022;3.79
72 S80/S20 (Income quintile share ratio);661 Holstebro;2022 2022;3.92
72 S80/S20 (Income quintile share ratio);665 Lemvig;2022 2022;4.40
72 S80/S20 (Income quintile share ratio);671 Struer;2022 2022;3.81
72 S80/S20 (Income quintile share ratio);706 Syddjurs;2022 2022;3.80
72 S80/S20 (Income quintile share ratio);707 Norddjurs;2022 2022;3.75
72 S80/S20 (Income quintile share ratio);710 Favrskov;2022 2022;3.41
72 S80/S20 (Income quintile share ratio);727 Odder;2022 2022;3.50
72 S80/S20 (Income quintile share ratio);730 Randers;2022 2022;3.73
72 S80/S20 (Income quintile share ratio);740 Silkeborg;2022 2022;3.85
72 S80/S20 (Income quintile share ratio);741 Samsø;2022 2022;3.95
72 S80/S20 (Income quintile share ratio);746 Skanderborg;2022 2022;3.68
72 S80/S20 (Income quintile share ratio);751 Aarhus;2022 2022;6.16
72 S80/S20 (Income quintile share ratio);756 Ikast-Brande;2022 2022;3.80
72 S80/S20 (Income quintile share ratio);760 Ringkøbing-Skjern;2022 2022;3.81
72 S80/S20 (Income quintile share ratio);766 Hedensted;2022 2022;3.41
72 S80/S20 (Income quintile share ratio);773 Morsø;2022 2022;3.73
72 S80/S20 (Income quintile share ratio);779 Skive;2022 2022;3.74
72 S80/S20 (Income quintile share ratio);787 Thisted;2022 2022;3.88
72 S80/S20 (Income quintile share ratio);791 Viborg;2022 2022;3.76
72 S80/S20 (Income quintile share ratio);810 Brønderslev;2022 2022;3.58
72 S80/S20 (Income quintile share ratio);813 Frederikshavn;2022 2022;3.54
72 S80/S20 (Income quintile share ratio);820 Vesthimmerlands;2022 2022;3.93
72 S80/S20 (Income quintile share ratio);825 Læsø;2022 2022;3.47
72 S80/S20 (Income quintile share ratio);840 Rebild;2022 2022;3.62
72 S80/S20 (Income quintile share ratio);846 Mariagerfjord;2022 2022;3.69
72 S80/S20 (Income quintile share ratio);849 Jammerbugt;2022 2022;3.47
72 S80/S20 (Income quintile share ratio);851 Aalborg;2022 2022;4.57
72 S80/S20 (Income quintile share ratio);860 Hjørring;2022 2022;3.85
73 P90/10 (Upper decile boundary divided by lower);000 All Denmark;2022 2022;3.24
73 P90/10 (Upper decile boundary divided by lower);101 Copenhagen;2022 2022;4.35
73 P90/10 (Upper decile boundary divided by lower);147 Frederiksberg;2022 2022;4.36
73 P90/10 (Upper decile boundary divided by lower);151 Ballerup;2022 2022;3.08
73 P90/10 (Upper decile boundary divided by lower);153 Brøndby;2022 2022;3.04
73 P90/10 (Upper decile boundary divided by lower);155 Dragør;2022 2022;3.25
73 P90/10 (Upper decile boundary divided by lower);157 Gentofte;2022 2022;5.90
73 P90/10 (Upper decile boundary divided by lower);159 Gladsaxe;2022 2022;3.59
73 P90/10 (Upper decile boundary divided by lower);161 Glostrup;2022 2022;3.08
73 P90/10 (Upper decile boundary divided by lower);163 Herlev;2022 2022;3.04
73 P90/10 (Upper decile boundary divided by lower);165 Albertslund;2022 2022;3.00
73 P90/10 (Upper decile boundary divided by lower);167 Hvidovre;2022 2022;3.08
73 P90/10 (Upper decile boundary divided by lower);169 Høje-Taastrup;2022 2022;3.09
73 P90/10 (Upper decile boundary divided by lower);173 Lyngby-Taarbæk;2022 2022;4.66
73 P90/10 (Upper decile boundary divided by lower);175 Rødovre;2022 2022;3.15
73 P90/10 (Upper decile boundary divided by lower);183 Ishøj;2022 2022;2.93
73 P90/10 (Upper decile boundary divided by lower);185 Tårnby;2022 2022;2.93
73 P90/10 (Upper decile boundary divided by lower);187 Vallensbæk;2022 2022;2.99
73 P90/10 (Upper decile boundary divided by lower);190 Furesø;2022 2022;3.44
73 P90/10 (Upper decile boundary divided by lower);201 Allerød;2022 2022;3.04
73 P90/10 (Upper decile boundary divided by lower);210 Fredensborg;2022 2022;3.34
73 P90/10 (Upper decile boundary divided by lower);217 Helsingør;2022 2022;3.19
73 P90/10 (Upper decile boundary divided by lower);219 Hillerød;2022 2022;3.16
73 P90/10 (Upper decile boundary divided by lower);223 Hørsholm;2022 2022;4.58
73 P90/10 (Upper decile boundary divided by lower);230 Rudersdal;2022 2022;4.56
73 P90/10 (Upper decile boundary divided by lower);240 Egedal;2022 2022;2.63
73 P90/10 (Upper decile boundary divided by lower);250 Frederikssund;2022 2022;2.83
70 Gini coefficient;000 All Denmark;2005 2005;25.66
70 Gini coefficient;101 Copenhagen;2005 2005;28.47
70 Gini coefficient;147 Frederiksberg;2005 2005;30.66
70 Gini coefficient;151 Ballerup;2005 2005;22.25
70 Gini coefficient;153 Brøndby;2005 2005;22.33
70 Gini coefficient;155 Dragør;2005 2005;24.04
70 Gini coefficient;157 Gentofte;2005 2005;39.17
70 Gini coefficient;159 Gladsaxe;2005 2005;24.96
70 Gini coefficient;161 Glostrup;2005 2005;22.03
70 Gini coefficient;163 Herlev;2005 2005;23.23
70 Gini coefficient;165 Albertslund;2005 2005;23.21
70 Gini coefficient;167 Hvidovre;2005 2005;22.10
70 Gini coefficient;169 Høje-Taastrup;2005 2005;22.95
70 Gini coefficient;173 Lyngby-Taarbæk;2005 2005;30.23
70 Gini coefficient;175 Rødovre;2005 2005;21.51
70 Gini coefficient;183 Ishøj;2005 2005;23.06
70 Gini coefficient;185 Tårnby;2005 2005;21.10
70 Gini coefficient;187 Vallensbæk;2005 2005;21.03
70 Gini coefficient;190 Furesø;2005 2005;25.86
70 Gini coefficient;201 Allerød;2005 2005;23.74
70 Gini coefficient;210 Fredensborg;2005 2005;29.13
70 Gini coefficient;217 Helsingør;2005 2005;25.69
70 Gini coefficient;219 Hillerød;2005 2005;23.81
70 Gini coefficient;223 Hørsholm;2005 2005;32.47
70 Gini coefficient;230 Rudersdal;2005 2005;40.36
70 Gini coefficient;240 Egedal;2005 2005;20.39
70 Gini coefficient;250 Frederikssund;2005 2005;22.17
70 Gini coefficient;253 Greve;2005 2005;22.70
70 Gini coefficient;259 Køge;2005 2005;21.61
70 Gini coefficient;260 Halsnæs;2005 2005;20.91
70 Gini coefficient;265 Roskilde;2005 2005;24.33
70 Gini coefficient;269 Solrød;2005 2005;22.41
70 Gini coefficient;270 Gribskov;2005 2005;22.61
70 Gini coefficient;306 Odsherred;2005 2005;22.33
70 Gini coefficient;316 Holbæk;2005 2005;23.52
70 Gini coefficient;320 Faxe;2005 2005;21.45
70 Gini coefficient;326 Kalundborg;2005 2005;22.31
70 Gini coefficient;329 Ringsted;2005 2005;22.11
70 Gini coefficient;330 Slagelse;2005 2005;22.97
70 Gini coefficient;336 Stevns;2005 2005;21.54
70 Gini coefficient;340 Sorø;2005 2005;22.44
70 Gini coefficient;350 Lejre;2005 2005;22.17
70 Gini coefficient;360 Lolland;2005 2005;23.44
70 Gini coefficient;370 Næstved;2005 2005;22.32
70 Gini coefficient;376 Guldborgsund;2005 2005;23.45
70 Gini coefficient;390 Vordingborg;2005 2005;23.05
70 Gini coefficient;400 Bornholm;2005 2005;21.84
70 Gini coefficient;410 Middelfart;2005 2005;22.66
70 Gini coefficient;420 Assens;2005 2005;21.49
70 Gini coefficient;430 Faaborg-Midtfyn;2005 2005;21.74
70 Gini coefficient;440 Kerteminde;2005 2005;22.19
70 Gini coefficient;450 Nyborg;2005 2005;21.69
70 Gini coefficient;461 Odense;2005 2005;24.85
70 Gini coefficient;479 Svendborg;2005 2005;23.72
70 Gini coefficient;480 Nordfyns;2005 2005;21.92
70 Gini coefficient;482 Langeland;2005 2005;22.72
70 Gini coefficient;492 Ærø;2005 2005;25.60
70 Gini coefficient;510 Haderslev;2005 2005;23.49
70 Gini coefficient;530 Billund;2005 2005;21.93
70 Gini coefficient;540 Sønderborg;2005 2005;22.80
70 Gini coefficient;550 Tønder;2005 2005;24.38
70 Gini coefficient;561 Esbjerg;2005 2005;22.77
70 Gini coefficient;563 Fanø;2005 2005;23.87
70 Gini coefficient;573 Varde;2005 2005;22.65
70 Gini coefficient;575 Vejen;2005 2005;22.60
70 Gini coefficient;580 Aabenraa;2005 2005;23.89
70 Gini coefficient;607 Fredericia;2005 2005;21.82
70 Gini coefficient;615 Horsens;2005 2005;23.04
70 Gini coefficient;621 Kolding;2005 2005;23.82
70 Gini coefficient;630 Vejle;2005 2005;24.01
70 Gini coefficient;657 Herning;2005 2005;23.83
70 Gini coefficient;661 Holstebro;2005 2005;23.56
70 Gini coefficient;665 Lemvig;2005 2005;23.54
70 Gini coefficient;671 Struer;2005 2005;22.28
70 Gini coefficient;706 Syddjurs;2005 2005;23.69
70 Gini coefficient;707 Norddjurs;2005 2005;23.27
70 Gini coefficient;710 Favrskov;2005 2005;21.01
70 Gini coefficient;727 Odder;2005 2005;22.61
70 Gini coefficient;730 Randers;2005 2005;22.50
70 Gini coefficient;740 Silkeborg;2005 2005;24.86
70 Gini coefficient;741 Samsø;2005 2005;22.83
70 Gini coefficient;746 Skanderborg;2005 2005;21.79
70 Gini coefficient;751 Aarhus;2005 2005;29.02
70 Gini coefficient;756 Ikast-Brande;2005 2005;22.85
70 Gini coefficient;760 Ringkøbing-Skjern;2005 2005;23.93
70 Gini coefficient;766 Hedensted;2005 2005;22.09
70 Gini coefficient;773 Morsø;2005 2005;24.62
70 Gini coefficient;779 Skive;2005 2005;22.32
70 Gini coefficient;787 Thisted;2005 2005;23.53
70 Gini coefficient;791 Viborg;2005 2005;22.97
70 Gini coefficient;810 Brønderslev;2005 2005;22.95
70 Gini coefficient;813 Frederikshavn;2005 2005;21.90
70 Gini coefficient;820 Vesthimmerlands;2005 2005;22.96
70 Gini coefficient;825 Læsø;2005 2005;21.40
70 Gini coefficient;840 Rebild;2005 2005;22.91
70 Gini coefficient;846 Mariagerfjord;2005 2005;22.65
70 Gini coefficient;849 Jammerbugt;2005 2005;22.69
70 Gini coefficient;851 Aalborg;2005 2005;24.67
70 Gini coefficient;860 Hjørring;2005 2005;23.73
71 Hoover index;000 All Denmark;2005 2005;17.53
71 Hoover index;101 Copenhagen;2005 2005;19.96
71 Hoover index;147 Frederiksberg;2005 2005;21.30
71 Hoover index;151 Ballerup;2005 2005;15.60
71 Hoover index;153 Brøndby;2005 2005;15.80
71 Hoover index;155 Dragør;2005 2005;16.26
71 Hoover index;157 Gentofte;2005 2005;26.75
71 Hoover index;159 Gladsaxe;2005 2005;17.36
71 Hoover index;161 Glostrup;2005 2005;15.60
71 Hoover index;163 Herlev;2005 2005;16.32
71 Hoover index;165 Albertslund;2005 2005;16.32
71 Hoover index;167 Hvidovre;2005 2005;15.47
71 Hoover index;169 Høje-Taastrup;2005 2005;15.97
71 Hoover index;173 Lyngby-Taarbæk;2005 2005;20.71
71 Hoover index;175 Rødovre;2005 2005;15.15
71 Hoover index;183 Ishøj;2005 2005;16.22
71 Hoover index;185 Tårnby;2005 2005;14.65
71 Hoover index;187 Vallensbæk;2005 2005;14.37
71 Hoover index;190 Furesø;2005 2005;17.72
71 Hoover index;201 Allerød;2005 2005;15.97
71 Hoover index;210 Fredensborg;2005 2005;19.59
71 Hoover index;217 Helsingør;2005 2005;17.59
71 Hoover index;219 Hillerød;2005 2005;16.22
71 Hoover index;223 Hørsholm;2005 2005;22.17
71 Hoover index;230 Rudersdal;2005 2005;26.32
71 Hoover index;240 Egedal;2005 2005;13.80
71 Hoover index;250 Frederikssund;2005 2005;15.12
71 Hoover index;253 Greve;2005 2005;15.54
71 Hoover index;259 Køge;2005 2005;14.95
71 Hoover index;260 Halsnæs;2005 2005;14.39
71 Hoover index;265 Roskilde;2005 2005;16.69
71 Hoover index;269 Solrød;2005 2005;15.23
71 Hoover index;270 Gribskov;2005 2005;15.34
71 Hoover index;306 Odsherred;2005 2005;15.32
71 Hoover index;316 Holbæk;2005 2005;16.16
71 Hoover index;320 Faxe;2005 2005;14.71
71 Hoover index;326 Kalundborg;2005 2005;15.40
71 Hoover index;329 Ringsted;2005 2005;15.26
71 Hoover index;330 Slagelse;2005 2005;15.85
71 Hoover index;336 Stevns;2005 2005;14.81
71 Hoover index;340 Sorø;2005 2005;15.35
71 Hoover index;350 Lejre;2005 2005;15.04
71 Hoover index;360 Lolland;2005 2005;16.21
71 Hoover index;370 Næstved;2005 2005;15.35
71 Hoover index;376 Guldborgsund;2005 2005;16.04
71 Hoover index;390 Vordingborg;2005 2005;15.81
71 Hoover index;400 Bornholm;2005 2005;14.93
71 Hoover index;410 Middelfart;2005 2005;15.45
71 Hoover index;420 Assens;2005 2005;14.66
71 Hoover index;430 Faaborg-Midtfyn;2005 2005;14.88
71 Hoover index;440 Kerteminde;2005 2005;15.08
71 Hoover index;450 Nyborg;2005 2005;14.85
71 Hoover index;461 Odense;2005 2005;17.17
71 Hoover index;479 Svendborg;2005 2005;16.20
71 Hoover index;480 Nordfyns;2005 2005;14.89
71 Hoover index;482 Langeland;2005 2005;15.53
71 Hoover index;492 Ærø;2005 2005;17.32
71 Hoover index;510 Haderslev;2005 2005;15.86
71 Hoover index;530 Billund;2005 2005;14.92
71 Hoover index;540 Sønderborg;2005 2005;15.61
71 Hoover index;550 Tønder;2005 2005;16.48
71 Hoover index;561 Esbjerg;2005 2005;15.62
71 Hoover index;563 Fanø;2005 2005;16.41
71 Hoover index;573 Varde;2005 2005;15.33
71 Hoover index;575 Vejen;2005 2005;15.34
71 Hoover index;580 Aabenraa;2005 2005;16.23
71 Hoover index;607 Fredericia;2005 2005;15.04
71 Hoover index;615 Horsens;2005 2005;15.76
71 Hoover index;621 Kolding;2005 2005;16.20
71 Hoover index;630 Vejle;2005 2005;16.32
71 Hoover index;657 Herning;2005 2005;16.09
71 Hoover index;661 Holstebro;2005 2005;15.91
71 Hoover index;665 Lemvig;2005 2005;15.82
71 Hoover index;671 Struer;2005 2005;15.16
71 Hoover index;706 Syddjurs;2005 2005;15.93
71 Hoover index;707 Norddjurs;2005 2005;15.83
71 Hoover index;710 Favrskov;2005 2005;14.22
71 Hoover index;727 Odder;2005 2005;15.36
71 Hoover index;730 Randers;2005 2005;15.37
71 Hoover index;740 Silkeborg;2005 2005;16.75
71 Hoover index;741 Samsø;2005 2005;15.54
71 Hoover index;746 Skanderborg;2005 2005;14.81
71 Hoover index;751 Aarhus;2005 2005;19.85
71 Hoover index;756 Ikast-Brande;2005 2005;15.50
71 Hoover index;760 Ringkøbing-Skjern;2005 2005;16.12
71 Hoover index;766 Hedensted;2005 2005;14.95
71 Hoover index;773 Morsø;2005 2005;16.53
71 Hoover index;779 Skive;2005 2005;15.22
71 Hoover index;787 Thisted;2005 2005;15.90
71 Hoover index;791 Viborg;2005 2005;15.51
71 Hoover index;810 Brønderslev;2005 2005;15.57
71 Hoover index;813 Frederikshavn;2005 2005;14.97
71 Hoover index;820 Vesthimmerlands;2005 2005;15.57
71 Hoover index;825 Læsø;2005 2005;14.56
71 Hoover index;840 Rebild;2005 2005;15.57
71 Hoover index;846 Mariagerfjord;2005 2005;15.45
71 Hoover index;849 Jammerbugt;2005 2005;15.45
71 Hoover index;851 Aalborg;2005 2005;16.84
71 Hoover index;860 Hjørring;2005 2005;16.07
72 S80/S20 (Income quintile share ratio);000 All Denmark;2005 2005;3.71
72 S80/S20 (Income quintile share ratio);101 Copenhagen;2005 2005;4.44
72 S80/S20 (Income quintile share ratio);147 Frederiksberg;2005 2005;4.94
72 S80/S20 (Income quintile share ratio);151 Ballerup;2005 2005;3.11
72 S80/S20 (Income quintile share ratio);153 Brøndby;2005 2005;3.08
72 S80/S20 (Income quintile share ratio);155 Dragør;2005 2005;3.58
72 S80/S20 (Income quintile share ratio);157 Gentofte;2005 2005;7.38
72 S80/S20 (Income quintile share ratio);159 Gladsaxe;2005 2005;3.60
72 S80/S20 (Income quintile share ratio);161 Glostrup;2005 2005;3.05
72 S80/S20 (Income quintile share ratio);163 Herlev;2005 2005;3.30
72 S80/S20 (Income quintile share ratio);165 Albertslund;2005 2005;3.33
72 S80/S20 (Income quintile share ratio);167 Hvidovre;2005 2005;3.14
72 S80/S20 (Income quintile share ratio);169 Høje-Taastrup;2005 2005;3.26
72 S80/S20 (Income quintile share ratio);173 Lyngby-Taarbæk;2005 2005;4.82
72 S80/S20 (Income quintile share ratio);175 Rødovre;2005 2005;2.99
72 S80/S20 (Income quintile share ratio);183 Ishøj;2005 2005;3.27
72 S80/S20 (Income quintile share ratio);185 Tårnby;2005 2005;3.03
72 S80/S20 (Income quintile share ratio);187 Vallensbæk;2005 2005;3.01
72 S80/S20 (Income quintile share ratio);190 Furesø;2005 2005;3.82
72 S80/S20 (Income quintile share ratio);201 Allerød;2005 2005;3.34
72 S80/S20 (Income quintile share ratio);210 Fredensborg;2005 2005;4.45
72 S80/S20 (Income quintile share ratio);217 Helsingør;2005 2005;3.70
72 S80/S20 (Income quintile share ratio);219 Hillerød;2005 2005;3.40
72 S80/S20 (Income quintile share ratio);223 Hørsholm;2005 2005;5.22
72 S80/S20 (Income quintile share ratio);230 Rudersdal;2005 2005;10.48
72 S80/S20 (Income quintile share ratio);240 Egedal;2005 2005;2.85
72 S80/S20 (Income quintile share ratio);250 Frederikssund;2005 2005;3.09
72 S80/S20 (Income quintile share ratio);253 Greve;2005 2005;3.25
72 S80/S20 (Income quintile share ratio);259 Køge;2005 2005;3.03
72 S80/S20 (Income quintile share ratio);260 Halsnæs;2005 2005;2.92
72 S80/S20 (Income quintile share ratio);265 Roskilde;2005 2005;3.54
72 S80/S20 (Income quintile share ratio);269 Solrød;2005 2005;3.13
72 S80/S20 (Income quintile share ratio);270 Gribskov;2005 2005;3.20
72 S80/S20 (Income quintile share ratio);306 Odsherred;2005 2005;3.10
72 S80/S20 (Income quintile share ratio);316 Holbæk;2005 2005;3.34
72 S80/S20 (Income quintile share ratio);320 Faxe;2005 2005;3.00
72 S80/S20 (Income quintile share ratio);326 Kalundborg;2005 2005;3.14
72 S80/S20 (Income quintile share ratio);329 Ringsted;2005 2005;3.07
72 S80/S20 (Income quintile share ratio);330 Slagelse;2005 2005;3.23
72 S80/S20 (Income quintile share ratio);336 Stevns;2005 2005;2.99
72 S80/S20 (Income quintile share ratio);340 Sorø;2005 2005;3.14
72 S80/S20 (Income quintile share ratio);350 Lejre;2005 2005;3.13
72 S80/S20 (Income quintile share ratio);360 Lolland;2005 2005;3.22
72 S80/S20 (Income quintile share ratio);370 Næstved;2005 2005;3.13
72 S80/S20 (Income quintile share ratio);376 Guldborgsund;2005 2005;3.31
72 S80/S20 (Income quintile share ratio);390 Vordingborg;2005 2005;3.23
72 S80/S20 (Income quintile share ratio);400 Bornholm;2005 2005;2.98
72 S80/S20 (Income quintile share ratio);410 Middelfart;2005 2005;3.11
72 S80/S20 (Income quintile share ratio);420 Assens;2005 2005;2.98
72 S80/S20 (Income quintile share ratio);430 Faaborg-Midtfyn;2005 2005;3.01
72 S80/S20 (Income quintile share ratio);440 Kerteminde;2005 2005;3.05
72 S80/S20 (Income quintile share ratio);450 Nyborg;2005 2005;3.01
72 S80/S20 (Income quintile share ratio);461 Odense;2005 2005;3.60
72 S80/S20 (Income quintile share ratio);479 Svendborg;2005 2005;3.36
72 S80/S20 (Income quintile share ratio);480 Nordfyns;2005 2005;3.04
72 S80/S20 (Income quintile share ratio);482 Langeland;2005 2005;3.17
72 S80/S20 (Income quintile share ratio);492 Ærø;2005 2005;3.75
72 S80/S20 (Income quintile share ratio);510 Haderslev;2005 2005;3.29
72 S80/S20 (Income quintile share ratio);530 Billund;2005 2005;3.02
72 S80/S20 (Income quintile share ratio);540 Sønderborg;2005 2005;3.17
72 S80/S20 (Income quintile share ratio);550 Tønder;2005 2005;3.46
72 S80/S20 (Income quintile share ratio);561 Esbjerg;2005 2005;3.18
72 S80/S20 (Income quintile share ratio);563 Fanø;2005 2005;3.35
72 S80/S20 (Income quintile share ratio);573 Varde;2005 2005;3.17
72 S80/S20 (Income quintile share ratio);575 Vejen;2005 2005;3.15
72 S80/S20 (Income quintile share ratio);580 Aabenraa;2005 2005;3.35
72 S80/S20 (Income quintile share ratio);607 Fredericia;2005 2005;3.02
72 S80/S20 (Income quintile share ratio);615 Horsens;2005 2005;3.25
72 S80/S20 (Income quintile share ratio);621 Kolding;2005 2005;3.36
72 S80/S20 (Income quintile share ratio);630 Vejle;2005 2005;3.38
72 S80/S20 (Income quintile share ratio);657 Herning;2005 2005;3.33
70 Gini coefficient;000 All Denmark;2012 2012;27.37
70 Gini coefficient;101 Copenhagen;2012 2012;31.25
70 Gini coefficient;147 Frederiksberg;2012 2012;33.53
70 Gini coefficient;151 Ballerup;2012 2012;24.76
70 Gini coefficient;153 Brøndby;2012 2012;23.94
70 Gini coefficient;155 Dragør;2012 2012;25.95
70 Gini coefficient;157 Gentofte;2012 2012;42.13
70 Gini coefficient;159 Gladsaxe;2012 2012;27.40
70 Gini coefficient;161 Glostrup;2012 2012;23.80
70 Gini coefficient;163 Herlev;2012 2012;24.12
70 Gini coefficient;165 Albertslund;2012 2012;25.06
70 Gini coefficient;167 Hvidovre;2012 2012;24.02
70 Gini coefficient;169 Høje-Taastrup;2012 2012;23.98
70 Gini coefficient;173 Lyngby-Taarbæk;2012 2012;32.70
70 Gini coefficient;175 Rødovre;2012 2012;23.77
70 Gini coefficient;183 Ishøj;2012 2012;23.73
70 Gini coefficient;185 Tårnby;2012 2012;22.77
70 Gini coefficient;187 Vallensbæk;2012 2012;23.51
70 Gini coefficient;190 Furesø;2012 2012;28.01
70 Gini coefficient;201 Allerød;2012 2012;25.32
70 Gini coefficient;210 Fredensborg;2012 2012;30.42
70 Gini coefficient;217 Helsingør;2012 2012;27.63
70 Gini coefficient;219 Hillerød;2012 2012;25.04
70 Gini coefficient;223 Hørsholm;2012 2012;36.60
70 Gini coefficient;230 Rudersdal;2012 2012;38.09
70 Gini coefficient;240 Egedal;2012 2012;20.71
70 Gini coefficient;250 Frederikssund;2012 2012;22.98
70 Gini coefficient;253 Greve;2012 2012;23.69
70 Gini coefficient;259 Køge;2012 2012;23.79
70 Gini coefficient;260 Halsnæs;2012 2012;21.39
70 Gini coefficient;265 Roskilde;2012 2012;27.07
70 Gini coefficient;269 Solrød;2012 2012;25.06
70 Gini coefficient;270 Gribskov;2012 2012;25.50
70 Gini coefficient;306 Odsherred;2012 2012;22.31
70 Gini coefficient;316 Holbæk;2012 2012;24.19
70 Gini coefficient;320 Faxe;2012 2012;23.07
70 Gini coefficient;326 Kalundborg;2012 2012;24.12
70 Gini coefficient;329 Ringsted;2012 2012;23.87
70 Gini coefficient;330 Slagelse;2012 2012;23.66
70 Gini coefficient;336 Stevns;2012 2012;23.55
70 Gini coefficient;340 Sorø;2012 2012;24.29
70 Gini coefficient;350 Lejre;2012 2012;23.88
70 Gini coefficient;360 Lolland;2012 2012;25.25
70 Gini coefficient;370 Næstved;2012 2012;23.35
70 Gini coefficient;376 Guldborgsund;2012 2012;24.75
70 Gini coefficient;390 Vordingborg;2012 2012;23.94
70 Gini coefficient;400 Bornholm;2012 2012;22.27
70 Gini coefficient;410 Middelfart;2012 2012;23.75
70 Gini coefficient;420 Assens;2012 2012;22.17
70 Gini coefficient;430 Faaborg-Midtfyn;2012 2012;22.56
70 Gini coefficient;440 Kerteminde;2012 2012;23.87
70 Gini coefficient;450 Nyborg;2012 2012;22.35
70 Gini coefficient;461 Odense;2012 2012;27.51
70 Gini coefficient;479 Svendborg;2012 2012;25.20
70 Gini coefficient;480 Nordfyns;2012 2012;22.02
70 Gini coefficient;482 Langeland;2012 2012;23.47
70 Gini coefficient;492 Ærø;2012 2012;25.36
70 Gini coefficient;510 Haderslev;2012 2012;24.48
70 Gini coefficient;530 Billund;2012 2012;24.58
70 Gini coefficient;540 Sønderborg;2012 2012;25.32
70 Gini coefficient;550 Tønder;2012 2012;25.50
70 Gini coefficient;561 Esbjerg;2012 2012;25.66
70 Gini coefficient;563 Fanø;2012 2012;25.45
70 Gini coefficient;573 Varde;2012 2012;25.37
70 Gini coefficient;575 Vejen;2012 2012;24.35
70 Gini coefficient;580 Aabenraa;2012 2012;24.83
70 Gini coefficient;607 Fredericia;2012 2012;23.82
70 Gini coefficient;615 Horsens;2012 2012;24.67
70 Gini coefficient;621 Kolding;2012 2012;25.15
70 Gini coefficient;630 Vejle;2012 2012;25.25
70 Gini coefficient;657 Herning;2012 2012;24.72
70 Gini coefficient;661 Holstebro;2012 2012;26.00
70 Gini coefficient;665 Lemvig;2012 2012;25.45
70 Gini coefficient;671 Struer;2012 2012;24.39
70 Gini coefficient;706 Syddjurs;2012 2012;24.03
70 Gini coefficient;707 Norddjurs;2012 2012;23.44
70 Gini coefficient;710 Favrskov;2012 2012;22.58
70 Gini coefficient;727 Odder;2012 2012;22.81
70 Gini coefficient;730 Randers;2012 2012;23.26
70 Gini coefficient;740 Silkeborg;2012 2012;24.36
70 Gini coefficient;741 Samsø;2012 2012;23.08
70 Gini coefficient;746 Skanderborg;2012 2012;22.63
70 Gini coefficient;751 Aarhus;2012 2012;30.67
70 Gini coefficient;756 Ikast-Brande;2012 2012;23.80
70 Gini coefficient;760 Ringkøbing-Skjern;2012 2012;25.89
70 Gini coefficient;766 Hedensted;2012 2012;22.81
70 Gini coefficient;773 Morsø;2012 2012;26.00
70 Gini coefficient;779 Skive;2012 2012;22.91
70 Gini coefficient;787 Thisted;2012 2012;24.52
70 Gini coefficient;791 Viborg;2012 2012;23.81
70 Gini coefficient;810 Brønderslev;2012 2012;23.34
70 Gini coefficient;813 Frederikshavn;2012 2012;24.06
70 Gini coefficient;820 Vesthimmerlands;2012 2012;24.15
70 Gini coefficient;825 Læsø;2012 2012;22.90
70 Gini coefficient;840 Rebild;2012 2012;24.01
70 Gini coefficient;846 Mariagerfjord;2012 2012;23.78
70 Gini coefficient;849 Jammerbugt;2012 2012;24.45
70 Gini coefficient;851 Aalborg;2012 2012;26.39
70 Gini coefficient;860 Hjørring;2012 2012;24.89
71 Hoover index;000 All Denmark;2012 2012;18.72
71 Hoover index;101 Copenhagen;2012 2012;21.83
71 Hoover index;147 Frederiksberg;2012 2012;23.18
71 Hoover index;151 Ballerup;2012 2012;17.45
71 Hoover index;153 Brøndby;2012 2012;16.93
71 Hoover index;155 Dragør;2012 2012;17.70
71 Hoover index;157 Gentofte;2012 2012;28.69
71 Hoover index;159 Gladsaxe;2012 2012;19.16
71 Hoover index;161 Glostrup;2012 2012;16.85
71 Hoover index;163 Herlev;2012 2012;17.01
71 Hoover index;165 Albertslund;2012 2012;17.60
71 Hoover index;167 Hvidovre;2012 2012;16.85
71 Hoover index;169 Høje-Taastrup;2012 2012;16.83
71 Hoover index;173 Lyngby-Taarbæk;2012 2012;22.56
71 Hoover index;175 Rødovre;2012 2012;16.82
71 Hoover index;183 Ishøj;2012 2012;16.66
71 Hoover index;185 Tårnby;2012 2012;15.82
71 Hoover index;187 Vallensbæk;2012 2012;16.18
71 Hoover index;190 Furesø;2012 2012;19.28
71 Hoover index;201 Allerød;2012 2012;17.13
71 Hoover index;210 Fredensborg;2012 2012;20.66
71 Hoover index;217 Helsingør;2012 2012;19.01
71 Hoover index;219 Hillerød;2012 2012;17.20
71 Hoover index;223 Hørsholm;2012 2012;25.07
71 Hoover index;230 Rudersdal;2012 2012;25.69
71 Hoover index;240 Egedal;2012 2012;14.22
71 Hoover index;250 Frederikssund;2012 2012;15.95
71 Hoover index;253 Greve;2012 2012;16.36
71 Hoover index;259 Køge;2012 2012;16.51
71 Hoover index;260 Halsnæs;2012 2012;14.82
71 Hoover index;265 Roskilde;2012 2012;18.58
71 Hoover index;269 Solrød;2012 2012;17.04
71 Hoover index;270 Gribskov;2012 2012;17.22
71 Hoover index;306 Odsherred;2012 2012;15.43
71 Hoover index;316 Holbæk;2012 2012;16.64
71 Hoover index;320 Faxe;2012 2012;15.75
71 Hoover index;326 Kalundborg;2012 2012;16.50
71 Hoover index;329 Ringsted;2012 2012;16.49
71 Hoover index;330 Slagelse;2012 2012;16.46
71 Hoover index;336 Stevns;2012 2012;16.05
71 Hoover index;340 Sorø;2012 2012;16.62
71 Hoover index;350 Lejre;2012 2012;16.25
71 Hoover index;360 Lolland;2012 2012;17.21
71 Hoover index;370 Næstved;2012 2012;16.13
71 Hoover index;376 Guldborgsund;2012 2012;16.82
71 Hoover index;390 Vordingborg;2012 2012;16.42
71 Hoover index;400 Bornholm;2012 2012;15.29
71 Hoover index;410 Middelfart;2012 2012;16.25
71 Hoover index;420 Assens;2012 2012;15.31
71 Hoover index;430 Faaborg-Midtfyn;2012 2012;15.47
71 Hoover index;440 Kerteminde;2012 2012;16.26
71 Hoover index;450 Nyborg;2012 2012;15.38
71 Hoover index;461 Odense;2012 2012;18.90
71 Hoover index;479 Svendborg;2012 2012;17.31
71 Hoover index;480 Nordfyns;2012 2012;15.20
71 Hoover index;482 Langeland;2012 2012;15.99
71 Hoover index;492 Ærø;2012 2012;17.45
71 Hoover index;510 Haderslev;2012 2012;16.67
71 Hoover index;530 Billund;2012 2012;16.57
71 Hoover index;540 Sønderborg;2012 2012;17.39
71 Hoover index;550 Tønder;2012 2012;17.04
71 Hoover index;561 Esbjerg;2012 2012;17.60
71 Hoover index;563 Fanø;2012 2012;17.50
71 Hoover index;573 Varde;2012 2012;16.89
71 Hoover index;575 Vejen;2012 2012;16.43
71 Hoover index;580 Aabenraa;2012 2012;17.00
71 Hoover index;607 Fredericia;2012 2012;16.49
71 Hoover index;615 Horsens;2012 2012;16.88
71 Hoover index;621 Kolding;2012 2012;17.23
71 Hoover index;630 Vejle;2012 2012;17.25
71 Hoover index;657 Herning;2012 2012;16.72
71 Hoover index;661 Holstebro;2012 2012;17.45
71 Hoover index;665 Lemvig;2012 2012;17.10
71 Hoover index;671 Struer;2012 2012;16.50
71 Hoover index;706 Syddjurs;2012 2012;16.26
71 Hoover index;707 Norddjurs;2012 2012;16.06
71 Hoover index;710 Favrskov;2012 2012;15.28
71 Hoover index;727 Odder;2012 2012;15.63
71 Hoover index;730 Randers;2012 2012;16.03
71 Hoover index;740 Silkeborg;2012 2012;16.64
71 Hoover index;741 Samsø;2012 2012;16.01
71 Hoover index;746 Skanderborg;2012 2012;15.43
71 Hoover index;751 Aarhus;2012 2012;21.19
71 Hoover index;756 Ikast-Brande;2012 2012;16.08
71 Hoover index;760 Ringkøbing-Skjern;2012 2012;17.22
71 Hoover index;766 Hedensted;2012 2012;15.51
71 Hoover index;773 Morsø;2012 2012;17.21
71 Hoover index;779 Skive;2012 2012;15.69
71 Hoover index;787 Thisted;2012 2012;16.53
71 Hoover index;791 Viborg;2012 2012;16.22
71 Hoover index;810 Brønderslev;2012 2012;15.80
71 Hoover index;813 Frederikshavn;2012 2012;16.44
71 Hoover index;820 Vesthimmerlands;2012 2012;16.33
71 Hoover index;825 Læsø;2012 2012;15.87
71 Hoover index;840 Rebild;2012 2012;16.34
71 Hoover index;846 Mariagerfjord;2012 2012;16.23
71 Hoover index;849 Jammerbugt;2012 2012;16.47
71 Hoover index;851 Aalborg;2012 2012;18.14
71 Hoover index;860 Hjørring;2012 2012;16.87
72 S80/S20 (Income quintile share ratio);000 All Denmark;2012 2012;4.11
72 S80/S20 (Income quintile share ratio);101 Copenhagen;2012 2012;5.32
72 S80/S20 (Income quintile share ratio);147 Frederiksberg;2012 2012;5.98
72 S80/S20 (Income quintile share ratio);151 Ballerup;2012 2012;3.52
72 S80/S20 (Income quintile share ratio);153 Brøndby;2012 2012;3.38
72 S80/S20 (Income quintile share ratio);155 Dragør;2012 2012;3.90
72 S80/S20 (Income quintile share ratio);157 Gentofte;2012 2012;10.01
72 S80/S20 (Income quintile share ratio);159 Gladsaxe;2012 2012;4.23
72 S80/S20 (Income quintile share ratio);161 Glostrup;2012 2012;3.36
72 S80/S20 (Income quintile share ratio);163 Herlev;2012 2012;3.42
72 S80/S20 (Income quintile share ratio);165 Albertslund;2012 2012;3.76
72 S80/S20 (Income quintile share ratio);167 Hvidovre;2012 2012;3.47
72 S80/S20 (Income quintile share ratio);169 Høje-Taastrup;2012 2012;3.47
72 S80/S20 (Income quintile share ratio);173 Lyngby-Taarbæk;2012 2012;5.68
72 S80/S20 (Income quintile share ratio);175 Rødovre;2012 2012;3.39
72 S80/S20 (Income quintile share ratio);183 Ishøj;2012 2012;3.36
72 S80/S20 (Income quintile share ratio);185 Tårnby;2012 2012;3.32
72 S80/S20 (Income quintile share ratio);187 Vallensbæk;2012 2012;3.45
72 S80/S20 (Income quintile share ratio);190 Furesø;2012 2012;4.33
72 S80/S20 (Income quintile share ratio);201 Allerød;2012 2012;3.70
72 S80/S20 (Income quintile share ratio);210 Fredensborg;2012 2012;4.78
72 S80/S20 (Income quintile share ratio);217 Helsingør;2012 2012;4.10
72 S80/S20 (Income quintile share ratio);219 Hillerød;2012 2012;3.66
72 S80/S20 (Income quintile share ratio);223 Hørsholm;2012 2012;6.71
72 S80/S20 (Income quintile share ratio);230 Rudersdal;2012 2012;7.46
72 S80/S20 (Income quintile share ratio);240 Egedal;2012 2012;2.92
72 S80/S20 (Income quintile share ratio);250 Frederikssund;2012 2012;3.23
72 S80/S20 (Income quintile share ratio);253 Greve;2012 2012;3.40
72 S80/S20 (Income quintile share ratio);259 Køge;2012 2012;3.38
72 S80/S20 (Income quintile share ratio);260 Halsnæs;2012 2012;2.97
72 S80/S20 (Income quintile share ratio);265 Roskilde;2012 2012;4.15
72 S80/S20 (Income quintile share ratio);269 Solrød;2012 2012;3.66
72 S80/S20 (Income quintile share ratio);270 Gribskov;2012 2012;3.68
72 S80/S20 (Income quintile share ratio);306 Odsherred;2012 2012;3.08
72 S80/S20 (Income quintile share ratio);316 Holbæk;2012 2012;3.48
72 S80/S20 (Income quintile share ratio);320 Faxe;2012 2012;3.28
72 S80/S20 (Income quintile share ratio);326 Kalundborg;2012 2012;3.50
72 S80/S20 (Income quintile share ratio);329 Ringsted;2012 2012;3.37
72 S80/S20 (Income quintile share ratio);330 Slagelse;2012 2012;3.39
72 S80/S20 (Income quintile share ratio);336 Stevns;2012 2012;3.38
72 S80/S20 (Income quintile share ratio);340 Sorø;2012 2012;3.51
72 S80/S20 (Income quintile share ratio);350 Lejre;2012 2012;3.45
72 S80/S20 (Income quintile share ratio);360 Lolland;2012 2012;3.61
72 S80/S20 (Income quintile share ratio);370 Næstved;2012 2012;3.33
72 S80/S20 (Income quintile share ratio);376 Guldborgsund;2012 2012;3.66
72 S80/S20 (Income quintile share ratio);390 Vordingborg;2012 2012;3.47
72 S80/S20 (Income quintile share ratio);400 Bornholm;2012 2012;3.04
72 S80/S20 (Income quintile share ratio);410 Middelfart;2012 2012;3.30
72 S80/S20 (Income quintile share ratio);420 Assens;2012 2012;3.05
72 S80/S20 (Income quintile share ratio);430 Faaborg-Midtfyn;2012 2012;3.11
72 S80/S20 (Income quintile share ratio);440 Kerteminde;2012 2012;3.29
72 S80/S20 (Income quintile share ratio);450 Nyborg;2012 2012;3.06
72 S80/S20 (Income quintile share ratio);461 Odense;2012 2012;4.43
72 S80/S20 (Income quintile share ratio);479 Svendborg;2012 2012;3.63
72 S80/S20 (Income quintile share ratio);480 Nordfyns;2012 2012;3.02
72 S80/S20 (Income quintile share ratio);482 Langeland;2012 2012;3.32
72 S80/S20 (Income quintile share ratio);492 Ærø;2012 2012;3.69
72 S80/S20 (Income quintile share ratio);510 Haderslev;2012 2012;3.53
72 S80/S20 (Income quintile share ratio);530 Billund;2012 2012;3.46
72 S80/S20 (Income quintile share ratio);540 Sønderborg;2012 2012;3.51
72 S80/S20 (Income quintile share ratio);550 Tønder;2012 2012;3.96
72 S80/S20 (Income quintile share ratio);561 Esbjerg;2012 2012;3.68
72 S80/S20 (Income quintile share ratio);563 Fanø;2012 2012;3.64
72 S80/S20 (Income quintile share ratio);573 Varde;2012 2012;3.82
72 S80/S20 (Income quintile share ratio);575 Vejen;2012 2012;3.43
72 S80/S20 (Income quintile share ratio);580 Aabenraa;2012 2012;3.54
72 S80/S20 (Income quintile share ratio);607 Fredericia;2012 2012;3.35
72 S80/S20 (Income quintile share ratio);615 Horsens;2012 2012;3.58
72 S80/S20 (Income quintile share ratio);621 Kolding;2012 2012;3.59
72 S80/S20 (Income quintile share ratio);630 Vejle;2012 2012;3.63
72 S80/S20 (Income quintile share ratio);657 Herning;2012 2012;3.60
72 S80/S20 (Income quintile share ratio);661 Holstebro;2012 2012;3.81
72 S80/S20 (Income quintile share ratio);665 Lemvig;2012 2012;3.73
72 S80/S20 (Income quintile share ratio);671 Struer;2012 2012;3.44
72 S80/S20 (Income quintile share ratio);706 Syddjurs;2012 2012;3.41
72 S80/S20 (Income quintile share ratio);707 Norddjurs;2012 2012;3.35
72 S80/S20 (Income quintile share ratio);710 Favrskov;2012 2012;3.22
72 S80/S20 (Income quintile share ratio);727 Odder;2012 2012;3.21
72 S80/S20 (Income quintile share ratio);730 Randers;2012 2012;3.29
72 S80/S20 (Income quintile share ratio);740 Silkeborg;2012 2012;3.51
72 S80/S20 (Income quintile share ratio);741 Samsø;2012 2012;3.14
72 S80/S20 (Income quintile share ratio);746 Skanderborg;2012 2012;3.17
72 S80/S20 (Income quintile share ratio);751 Aarhus;2012 2012;5.29
72 S80/S20 (Income quintile share ratio);756 Ikast-Brande;2012 2012;3.43
72 S80/S20 (Income quintile share ratio);760 Ringkøbing-Skjern;2012 2012;3.78
72 S80/S20 (Income quintile share ratio);766 Hedensted;2012 2012;3.20
72 S80/S20 (Income quintile share ratio);773 Morsø;2012 2012;3.93
72 S80/S20 (Income quintile share ratio);779 Skive;2012 2012;3.20
72 S80/S20 (Income quintile share ratio);787 Thisted;2012 2012;3.56
72 S80/S20 (Income quintile share ratio);791 Viborg;2012 2012;3.44
72 S80/S20 (Income quintile share ratio);810 Brønderslev;2012 2012;3.30
72 S80/S20 (Income quintile share ratio);813 Frederikshavn;2012 2012;3.31
72 S80/S20 (Income quintile share ratio);820 Vesthimmerlands;2012 2012;3.48
72 S80/S20 (Income quintile share ratio);825 Læsø;2012 2012;3.07
72 S80/S20 (Income quintile share ratio);840 Rebild;2012 2012;3.44
72 S80/S20 (Income quintile share ratio);846 Mariagerfjord;2012 2012;3.34
72 S80/S20 (Income quintile share ratio);849 Jammerbugt;2012 2012;3.50
72 S80/S20 (Income quintile share ratio);851 Aalborg;2012 2012;4.02
72 S80/S20 (Income quintile share ratio);860 Hjørring;2012 2012;3.60
73 P90/10 (Upper decile boundary divided by lower);000 All Denmark;2012 2012;2.99
73 P90/10 (Upper decile boundary divided by lower);101 Copenhagen;2012 2012;4.01
73 P90/10 (Upper decile boundary divided by lower);147 Frederiksberg;2012 2012;4.22
73 P90/10 (Upper decile boundary divided by lower);151 Ballerup;2012 2012;2.87
73 P90/10 (Upper decile boundary divided by lower);153 Brøndby;2012 2012;2.82
73 P90/10 (Upper decile boundary divided by lower);155 Dragør;2012 2012;3.04
73 P90/10 (Upper decile boundary divided by lower);157 Gentofte;2012 2012;4.98
73 P90/10 (Upper decile boundary divided by lower);159 Gladsaxe;2012 2012;3.32
73 P90/10 (Upper decile boundary divided by lower);161 Glostrup;2012 2012;2.82
73 P90/10 (Upper decile boundary divided by lower);163 Herlev;2012 2012;2.86
73 P90/10 (Upper decile boundary divided by lower);165 Albertslund;2012 2012;3.11
73 P90/10 (Upper decile boundary divided by lower);167 Hvidovre;2012 2012;2.88
73 P90/10 (Upper decile boundary divided by lower);169 Høje-Taastrup;2012 2012;2.90
73 P90/10 (Upper decile boundary divided by lower);173 Lyngby-Taarbæk;2012 2012;3.96
73 P90/10 (Upper decile boundary divided by lower);175 Rødovre;2012 2012;2.87
73 P90/10 (Upper decile boundary divided by lower);183 Ishøj;2012 2012;2.80
73 P90/10 (Upper decile boundary divided by lower);185 Tårnby;2012 2012;2.74
73 P90/10 (Upper decile boundary divided by lower);187 Vallensbæk;2012 2012;2.83
73 P90/10 (Upper decile boundary divided by lower);190 Furesø;2012 2012;3.34
73 P90/10 (Upper decile boundary divided by lower);201 Allerød;2012 2012;2.86
73 P90/10 (Upper decile boundary divided by lower);210 Fredensborg;2012 2012;3.22
73 P90/10 (Upper decile boundary divided by lower);217 Helsingør;2012 2012;3.02
73 P90/10 (Upper decile boundary divided by lower);219 Hillerød;2012 2012;2.87
73 P90/10 (Upper decile boundary divided by lower);223 Hørsholm;2012 2012;4.22
73 P90/10 (Upper decile boundary divided by lower);230 Rudersdal;2012 2012;4.19
73 P90/10 (Upper decile boundary divided by lower);240 Egedal;2012 2012;2.47
73 P90/10 (Upper decile boundary divided by lower);250 Frederikssund;2012 2012;2.63
73 P90/10 (Upper decile boundary divided by lower);253 Greve;2012 2012;2.74
73 P90/10 (Upper decile boundary divided by lower);259 Køge;2012 2012;2.72
73 P90/10 (Upper decile boundary divided by lower);260 Halsnæs;2012 2012;2.44
73 P90/10 (Upper decile boundary divided by lower);265 Roskilde;2012 2012;3.14
73 P90/10 (Upper decile boundary divided by lower);269 Solrød;2012 2012;2.77
73 P90/10 (Upper decile boundary divided by lower);270 Gribskov;2012 2012;2.66
73 P90/10 (Upper decile boundary divided by lower);306 Odsherred;2012 2012;2.41
73 P90/10 (Upper decile boundary divided by lower);316 Holbæk;2012 2012;2.72
73 P90/10 (Upper decile boundary divided by lower);320 Faxe;2012 2012;2.54
73 P90/10 (Upper decile boundary divided by lower);326 Kalundborg;2012 2012;2.56
73 P90/10 (Upper decile boundary divided by lower);329 Ringsted;2012 2012;2.70
73 P90/10 (Upper decile boundary divided by lower);330 Slagelse;2012 2012;2.75
73 P90/10 (Upper decile boundary divided by lower);336 Stevns;2012 2012;2.54
73 P90/10 (Upper decile boundary divided by lower);340 Sorø;2012 2012;2.58
73 P90/10 (Upper decile boundary divided by lower);350 Lejre;2012 2012;2.64
73 P90/10 (Upper decile boundary divided by lower);360 Lolland;2012 2012;2.51
73 P90/10 (Upper decile boundary divided by lower);370 Næstved;2012 2012;2.64
73 P90/10 (Upper decile boundary divided by lower);376 Guldborgsund;2012 2012;2.55
73 P90/10 (Upper decile boundary divided by lower);390 Vordingborg;2012 2012;2.57
73 P90/10 (Upper decile boundary divided by lower);400 Bornholm;2012 2012;2.34
73 P90/10 (Upper decile boundary divided by lower);410 Middelfart;2012 2012;2.52
73 P90/10 (Upper decile boundary divided by lower);420 Assens;2012 2012;2.43
73 P90/10 (Upper decile boundary divided by lower);430 Faaborg-Midtfyn;2012 2012;2.39
73 P90/10 (Upper decile boundary divided by lower);440 Kerteminde;2012 2012;2.43
73 P90/10 (Upper decile boundary divided by lower);450 Nyborg;2012 2012;2.41
73 P90/10 (Upper decile boundary divided by lower);461 Odense;2012 2012;3.18
73 P90/10 (Upper decile boundary divided by lower);479 Svendborg;2012 2012;2.77
73 P90/10 (Upper decile boundary divided by lower);480 Nordfyns;2012 2012;2.36
73 P90/10 (Upper decile boundary divided by lower);482 Langeland;2012 2012;2.37
73 P90/10 (Upper decile boundary divided by lower);492 Ærø;2012 2012;2.69
73 P90/10 (Upper decile boundary divided by lower);510 Haderslev;2012 2012;2.58
73 P90/10 (Upper decile boundary divided by lower);530 Billund;2012 2012;2.51
73 P90/10 (Upper decile boundary divided by lower);540 Sønderborg;2012 2012;2.60
73 P90/10 (Upper decile boundary divided by lower);550 Tønder;2012 2012;2.53
73 P90/10 (Upper decile boundary divided by lower);561 Esbjerg;2012 2012;2.77
73 P90/10 (Upper decile boundary divided by lower);563 Fanø;2012 2012;2.73
73 P90/10 (Upper decile boundary divided by lower);573 Varde;2012 2012;2.51
73 P90/10 (Upper decile boundary divided by lower);575 Vejen;2012 2012;2.44
73 P90/10 (Upper decile boundary divided by lower);580 Aabenraa;2012 2012;2.64
73 P90/10 (Upper decile boundary divided by lower);607 Fredericia;2012 2012;2.67
73 P90/10 (Upper decile boundary divided by lower);615 Horsens;2012 2012;2.72
73 P90/10 (Upper decile boundary divided by lower);621 Kolding;2012 2012;2.73
73 P90/10 (Upper decile boundary divided by lower);630 Vejle;2012 2012;2.70
73 P90/10 (Upper decile boundary divided by lower);657 Herning;2012 2012;2.65
73 P90/10 (Upper decile boundary divided by lower);661 Holstebro;2012 2012;2.62
73 P90/10 (Upper decile boundary divided by lower);665 Lemvig;2012 2012;2.51
73 P90/10 (Upper decile boundary divided by lower);671 Struer;2012 2012;2.46
73 P90/10 (Upper decile boundary divided by lower);706 Syddjurs;2012 2012;2.51
73 P90/10 (Upper decile boundary divided by lower);707 Norddjurs;2012 2012;2.53
73 P90/10 (Upper decile boundary divided by lower);710 Favrskov;2012 2012;2.46
73 P90/10 (Upper decile boundary divided by lower);727 Odder;2012 2012;2.54
73 P90/10 (Upper decile boundary divided by lower);730 Randers;2012 2012;2.59
73 P90/10 (Upper decile boundary divided by lower);740 Silkeborg;2012 2012;2.68
73 P90/10 (Upper decile boundary divided by lower);741 Samsø;2012 2012;2.44
73 P90/10 (Upper decile boundary divided by lower);746 Skanderborg;2012 2012;2.53
73 P90/10 (Upper decile boundary divided by lower);751 Aarhus;2012 2012;3.87
73 P90/10 (Upper decile boundary divided by lower);756 Ikast-Brande;2012 2012;2.48
73 P90/10 (Upper decile boundary divided by lower);760 Ringkøbing-Skjern;2012 2012;2.48
73 P90/10 (Upper decile boundary divided by lower);766 Hedensted;2012 2012;2.43
73 P90/10 (Upper decile boundary divided by lower);773 Morsø;2012 2012;2.41
73 P90/10 (Upper decile boundary divided by lower);779 Skive;2012 2012;2.47
73 P90/10 (Upper decile boundary divided by lower);787 Thisted;2012 2012;2.51
73 P90/10 (Upper decile boundary divided by lower);791 Viborg;2012 2012;2.58
73 P90/10 (Upper decile boundary divided by lower);810 Brønderslev;2012 2012;2.43
73 P90/10 (Upper decile boundary divided by lower);813 Frederikshavn;2012 2012;2.46
73 P90/10 (Upper decile boundary divided by lower);820 Vesthimmerlands;2012 2012;2.46
73 P90/10 (Upper decile boundary divided by lower);825 Læsø;2012 2012;2.33
73 P90/10 (Upper decile boundary divided by lower);840 Rebild;2012 2012;2.56
73 P90/10 (Upper decile boundary divided by lower);846 Mariagerfjord;2012 2012;2.48
73 P90/10 (Upper decile boundary divided by lower);849 Jammerbugt;2012 2012;2.45
73 P90/10 (Upper decile boundary divided by lower);851 Aalborg;2012 2012;3.10
73 P90/10 (Upper decile boundary divided by lower);860 Hjørring;2012 2012;2.54
70 Gini coefficient;000 All Denmark;2006 2006;26.28
70 Gini coefficient;101 Copenhagen;2006 2006;28.79
70 Gini coefficient;147 Frederiksberg;2006 2006;31.64
70 Gini coefficient;151 Ballerup;2006 2006;22.59
70 Gini coefficient;153 Brøndby;2006 2006;22.62
70 Gini coefficient;155 Dragør;2006 2006;24.62
70 Gini coefficient;157 Gentofte;2006 2006;42.24
70 Gini coefficient;159 Gladsaxe;2006 2006;25.27
70 Gini coefficient;161 Glostrup;2006 2006;22.08
70 Gini coefficient;163 Herlev;2006 2006;23.11
70 Gini coefficient;165 Albertslund;2006 2006;23.32
70 Gini coefficient;167 Hvidovre;2006 2006;22.23
70 Gini coefficient;169 Høje-Taastrup;2006 2006;22.96
70 Gini coefficient;173 Lyngby-Taarbæk;2006 2006;32.63
70 Gini coefficient;175 Rødovre;2006 2006;21.91
70 Gini coefficient;183 Ishøj;2006 2006;22.84
70 Gini coefficient;185 Tårnby;2006 2006;21.33
70 Gini coefficient;187 Vallensbæk;2006 2006;21.29
70 Gini coefficient;190 Furesø;2006 2006;27.03
70 Gini coefficient;201 Allerød;2006 2006;24.11
70 Gini coefficient;210 Fredensborg;2006 2006;28.69
70 Gini coefficient;217 Helsingør;2006 2006;26.51
70 Gini coefficient;219 Hillerød;2006 2006;23.70
70 Gini coefficient;223 Hørsholm;2006 2006;35.09
70 Gini coefficient;230 Rudersdal;2006 2006;39.16
70 Gini coefficient;240 Egedal;2006 2006;20.47
70 Gini coefficient;250 Frederikssund;2006 2006;22.41
70 Gini coefficient;253 Greve;2006 2006;22.98
70 Gini coefficient;259 Køge;2006 2006;22.20
70 Gini coefficient;260 Halsnæs;2006 2006;20.86
70 Gini coefficient;265 Roskilde;2006 2006;25.10
70 Gini coefficient;269 Solrød;2006 2006;23.48
70 Gini coefficient;270 Gribskov;2006 2006;23.83
70 Gini coefficient;306 Odsherred;2006 2006;23.30
70 Gini coefficient;316 Holbæk;2006 2006;23.80
70 Gini coefficient;320 Faxe;2006 2006;22.46
70 Gini coefficient;326 Kalundborg;2006 2006;22.77
70 Gini coefficient;329 Ringsted;2006 2006;22.55
70 Gini coefficient;330 Slagelse;2006 2006;23.06
70 Gini coefficient;336 Stevns;2006 2006;22.21
70 Gini coefficient;340 Sorø;2006 2006;23.22
70 Gini coefficient;350 Lejre;2006 2006;23.30
70 Gini coefficient;360 Lolland;2006 2006;23.74
70 Gini coefficient;370 Næstved;2006 2006;23.19
70 Gini coefficient;376 Guldborgsund;2006 2006;24.34
70 Gini coefficient;390 Vordingborg;2006 2006;23.63
70 Gini coefficient;400 Bornholm;2006 2006;22.50
70 Gini coefficient;410 Middelfart;2006 2006;22.92
70 Gini coefficient;420 Assens;2006 2006;22.63
70 Gini coefficient;430 Faaborg-Midtfyn;2006 2006;22.71
70 Gini coefficient;440 Kerteminde;2006 2006;21.91
70 Gini coefficient;450 Nyborg;2006 2006;22.03
70 Gini coefficient;461 Odense;2006 2006;25.32
70 Gini coefficient;479 Svendborg;2006 2006;24.27
70 Gini coefficient;480 Nordfyns;2006 2006;23.17
70 Gini coefficient;482 Langeland;2006 2006;22.84
70 Gini coefficient;492 Ærø;2006 2006;24.66
70 Gini coefficient;510 Haderslev;2006 2006;24.44
70 Gini coefficient;530 Billund;2006 2006;22.44
70 Gini coefficient;540 Sønderborg;2006 2006;23.50
70 Gini coefficient;550 Tønder;2006 2006;24.88
70 Gini coefficient;561 Esbjerg;2006 2006;23.82
70 Gini coefficient;563 Fanø;2006 2006;24.45
70 Gini coefficient;573 Varde;2006 2006;23.18
70 Gini coefficient;575 Vejen;2006 2006;22.54
70 Gini coefficient;580 Aabenraa;2006 2006;24.26
70 Gini coefficient;607 Fredericia;2006 2006;22.73
70 Gini coefficient;615 Horsens;2006 2006;24.03
70 Gini coefficient;621 Kolding;2006 2006;24.68
70 Gini coefficient;630 Vejle;2006 2006;24.80
70 Gini coefficient;657 Herning;2006 2006;23.75
70 Gini coefficient;661 Holstebro;2006 2006;24.82
70 Gini coefficient;665 Lemvig;2006 2006;24.73
70 Gini coefficient;671 Struer;2006 2006;23.12
70 Gini coefficient;706 Syddjurs;2006 2006;25.12
70 Gini coefficient;707 Norddjurs;2006 2006;23.87
70 Gini coefficient;710 Favrskov;2006 2006;22.26
70 Gini coefficient;727 Odder;2006 2006;22.97
70 Gini coefficient;730 Randers;2006 2006;22.88
70 Gini coefficient;740 Silkeborg;2006 2006;25.68
70 Gini coefficient;741 Samsø;2006 2006;24.09
70 Gini coefficient;746 Skanderborg;2006 2006;22.69
70 Gini coefficient;751 Aarhus;2006 2006;29.44
70 Gini coefficient;756 Ikast-Brande;2006 2006;23.16
70 Gini coefficient;760 Ringkøbing-Skjern;2006 2006;25.32
70 Gini coefficient;766 Hedensted;2006 2006;23.23
70 Gini coefficient;773 Morsø;2006 2006;25.62
70 Gini coefficient;779 Skive;2006 2006;23.01
70 Gini coefficient;787 Thisted;2006 2006;24.90
70 Gini coefficient;791 Viborg;2006 2006;23.37
70 Gini coefficient;810 Brønderslev;2006 2006;24.44
70 Gini coefficient;813 Frederikshavn;2006 2006;24.63
70 Gini coefficient;820 Vesthimmerlands;2006 2006;23.21
70 Gini coefficient;825 Læsø;2006 2006;25.53
70 Gini coefficient;840 Rebild;2006 2006;23.42
70 Gini coefficient;846 Mariagerfjord;2006 2006;23.43
70 Gini coefficient;849 Jammerbugt;2006 2006;23.87
70 Gini coefficient;851 Aalborg;2006 2006;25.19
70 Gini coefficient;860 Hjørring;2006 2006;24.04
71 Hoover index;000 All Denmark;2006 2006;17.88
71 Hoover index;101 Copenhagen;2006 2006;20.07
71 Hoover index;147 Frederiksberg;2006 2006;21.82
71 Hoover index;151 Ballerup;2006 2006;15.80
71 Hoover index;153 Brøndby;2006 2006;15.93
71 Hoover index;155 Dragør;2006 2006;16.61
71 Hoover index;157 Gentofte;2006 2006;28.80
71 Hoover index;159 Gladsaxe;2006 2006;17.53
71 Hoover index;161 Glostrup;2006 2006;15.58
71 Hoover index;163 Herlev;2006 2006;16.22
71 Hoover index;165 Albertslund;2006 2006;16.32
71 Hoover index;167 Hvidovre;2006 2006;15.53
71 Hoover index;169 Høje-Taastrup;2006 2006;15.91
71 Hoover index;173 Lyngby-Taarbæk;2006 2006;22.03
71 Hoover index;175 Rødovre;2006 2006;15.39
71 Hoover index;183 Ishøj;2006 2006;15.96
71 Hoover index;185 Tårnby;2006 2006;14.76
71 Hoover index;187 Vallensbæk;2006 2006;14.64
71 Hoover index;190 Furesø;2006 2006;18.41
71 Hoover index;201 Allerød;2006 2006;16.23
71 Hoover index;210 Fredensborg;2006 2006;19.40
71 Hoover index;217 Helsingør;2006 2006;18.04
71 Hoover index;219 Hillerød;2006 2006;16.20
71 Hoover index;223 Hørsholm;2006 2006;23.88
71 Hoover index;230 Rudersdal;2006 2006;26.47
71 Hoover index;240 Egedal;2006 2006;13.86
71 Hoover index;250 Frederikssund;2006 2006;15.32
71 Hoover index;253 Greve;2006 2006;15.75
71 Hoover index;259 Køge;2006 2006;15.28
71 Hoover index;260 Halsnæs;2006 2006;14.37
71 Hoover index;265 Roskilde;2006 2006;17.12
71 Hoover index;269 Solrød;2006 2006;15.94
71 Hoover index;270 Gribskov;2006 2006;16.14
71 Hoover index;306 Odsherred;2006 2006;15.87
71 Hoover index;316 Holbæk;2006 2006;16.27
71 Hoover index;320 Faxe;2006 2006;15.22
71 Hoover index;326 Kalundborg;2006 2006;15.66
71 Hoover index;329 Ringsted;2006 2006;15.47
71 Hoover index;330 Slagelse;2006 2006;15.89
71 Hoover index;336 Stevns;2006 2006;15.23
71 Hoover index;340 Sorø;2006 2006;15.80
71 Hoover index;350 Lejre;2006 2006;15.62
71 Hoover index;360 Lolland;2006 2006;16.35
71 Hoover index;370 Næstved;2006 2006;15.79
71 Hoover index;376 Guldborgsund;2006 2006;16.59
71 Hoover index;390 Vordingborg;2006 2006;16.12
71 Hoover index;400 Bornholm;2006 2006;15.34
71 Hoover index;410 Middelfart;2006 2006;15.64
71 Hoover index;420 Assens;2006 2006;15.34
71 Hoover index;430 Faaborg-Midtfyn;2006 2006;15.46
71 Hoover index;440 Kerteminde;2006 2006;14.94
71 Hoover index;450 Nyborg;2006 2006;15.04
71 Hoover index;461 Odense;2006 2006;17.41
71 Hoover index;479 Svendborg;2006 2006;16.53
71 Hoover index;480 Nordfyns;2006 2006;15.63
71 Hoover index;482 Langeland;2006 2006;15.64
71 Hoover index;492 Ærø;2006 2006;16.89
71 Hoover index;510 Haderslev;2006 2006;16.45
71 Hoover index;530 Billund;2006 2006;15.23
71 Hoover index;540 Sønderborg;2006 2006;16.00
71 Hoover index;550 Tønder;2006 2006;16.80
71 Hoover index;561 Esbjerg;2006 2006;16.21
71 Hoover index;563 Fanø;2006 2006;16.85
71 Hoover index;573 Varde;2006 2006;15.63
71 Hoover index;575 Vejen;2006 2006;15.31
71 Hoover index;580 Aabenraa;2006 2006;16.47
71 Hoover index;607 Fredericia;2006 2006;15.53
71 Hoover index;615 Horsens;2006 2006;16.26
71 Hoover index;621 Kolding;2006 2006;16.69
71 Hoover index;630 Vejle;2006 2006;16.78
71 Hoover index;657 Herning;2006 2006;15.99
71 Hoover index;661 Holstebro;2006 2006;16.64
71 Hoover index;665 Lemvig;2006 2006;16.65
71 Hoover index;671 Struer;2006 2006;15.61
71 Hoover index;706 Syddjurs;2006 2006;16.73
71 Hoover index;707 Norddjurs;2006 2006;16.18
71 Hoover index;710 Favrskov;2006 2006;14.93
71 Hoover index;727 Odder;2006 2006;15.50
71 Hoover index;730 Randers;2006 2006;15.59
71 Hoover index;740 Silkeborg;2006 2006;17.26
71 Hoover index;741 Samsø;2006 2006;16.40
71 Hoover index;746 Skanderborg;2006 2006;15.36
71 Hoover index;751 Aarhus;2006 2006;20.07
71 Hoover index;756 Ikast-Brande;2006 2006;15.66
71 Hoover index;760 Ringkøbing-Skjern;2006 2006;16.95
71 Hoover index;766 Hedensted;2006 2006;15.59
71 Hoover index;773 Morsø;2006 2006;17.05
71 Hoover index;779 Skive;2006 2006;15.62
71 Hoover index;787 Thisted;2006 2006;16.70
71 Hoover index;791 Viborg;2006 2006;15.80
71 Hoover index;810 Brønderslev;2006 2006;16.39
71 Hoover index;813 Frederikshavn;2006 2006;16.59
71 Hoover index;820 Vesthimmerlands;2006 2006;15.73
71 Hoover index;825 Læsø;2006 2006;17.35
71 Hoover index;840 Rebild;2006 2006;15.85
71 Hoover index;846 Mariagerfjord;2006 2006;15.90
71 Hoover index;849 Jammerbugt;2006 2006;16.11
71 Hoover index;851 Aalborg;2006 2006;17.15
71 Hoover index;860 Hjørring;2006 2006;16.29
72 S80/S20 (Income quintile share ratio);000 All Denmark;2006 2006;3.79
72 S80/S20 (Income quintile share ratio);101 Copenhagen;2006 2006;4.50
72 S80/S20 (Income quintile share ratio);147 Frederiksberg;2006 2006;5.10
72 S80/S20 (Income quintile share ratio);151 Ballerup;2006 2006;3.16
72 S80/S20 (Income quintile share ratio);153 Brøndby;2006 2006;3.11
72 S80/S20 (Income quintile share ratio);155 Dragør;2006 2006;3.63
72 S80/S20 (Income quintile share ratio);157 Gentofte;2006 2006;8.93
72 S80/S20 (Income quintile share ratio);159 Gladsaxe;2006 2006;3.68
72 S80/S20 (Income quintile share ratio);161 Glostrup;2006 2006;3.07
72 S80/S20 (Income quintile share ratio);163 Herlev;2006 2006;3.26
72 S80/S20 (Income quintile share ratio);165 Albertslund;2006 2006;3.36
72 S80/S20 (Income quintile share ratio);167 Hvidovre;2006 2006;3.16
72 S80/S20 (Income quintile share ratio);169 Høje-Taastrup;2006 2006;3.29
72 S80/S20 (Income quintile share ratio);173 Lyngby-Taarbæk;2006 2006;5.73
72 S80/S20 (Income quintile share ratio);175 Rødovre;2006 2006;3.06
72 S80/S20 (Income quintile share ratio);183 Ishøj;2006 2006;3.24
72 S80/S20 (Income quintile share ratio);185 Tårnby;2006 2006;3.04
72 S80/S20 (Income quintile share ratio);187 Vallensbæk;2006 2006;3.03
72 S80/S20 (Income quintile share ratio);190 Furesø;2006 2006;4.04
72 S80/S20 (Income quintile share ratio);201 Allerød;2006 2006;3.42
72 S80/S20 (Income quintile share ratio);210 Fredensborg;2006 2006;4.30
72 S80/S20 (Income quintile share ratio);217 Helsingør;2006 2006;3.90
72 S80/S20 (Income quintile share ratio);219 Hillerød;2006 2006;3.40
72 S80/S20 (Income quintile share ratio);223 Hørsholm;2006 2006;5.90
72 S80/S20 (Income quintile share ratio);230 Rudersdal;2006 2006;7.29
72 S80/S20 (Income quintile share ratio);240 Egedal;2006 2006;2.85
72 S80/S20 (Income quintile share ratio);250 Frederikssund;2006 2006;3.11
72 S80/S20 (Income quintile share ratio);253 Greve;2006 2006;3.26
72 S80/S20 (Income quintile share ratio);259 Køge;2006 2006;3.11
72 S80/S20 (Income quintile share ratio);260 Halsnæs;2006 2006;2.91
72 S80/S20 (Income quintile share ratio);265 Roskilde;2006 2006;3.68
72 S80/S20 (Income quintile share ratio);269 Solrød;2006 2006;3.31
72 S80/S20 (Income quintile share ratio);270 Gribskov;2006 2006;3.40
72 S80/S20 (Income quintile share ratio);306 Odsherred;2006 2006;3.24
72 S80/S20 (Income quintile share ratio);316 Holbæk;2006 2006;3.38
72 S80/S20 (Income quintile share ratio);320 Faxe;2006 2006;3.20
72 S80/S20 (Income quintile share ratio);326 Kalundborg;2006 2006;3.14
72 S80/S20 (Income quintile share ratio);329 Ringsted;2006 2006;3.12
72 S80/S20 (Income quintile share ratio);330 Slagelse;2006 2006;3.23
72 S80/S20 (Income quintile share ratio);336 Stevns;2006 2006;3.10
72 S80/S20 (Income quintile share ratio);340 Sorø;2006 2006;3.24
72 S80/S20 (Income quintile share ratio);350 Lejre;2006 2006;3.41
72 S80/S20 (Income quintile share ratio);360 Lolland;2006 2006;3.25
72 S80/S20 (Income quintile share ratio);370 Næstved;2006 2006;3.27
72 S80/S20 (Income quintile share ratio);376 Guldborgsund;2006 2006;3.41
72 S80/S20 (Income quintile share ratio);390 Vordingborg;2006 2006;3.32
72 S80/S20 (Income quintile share ratio);400 Bornholm;2006 2006;3.07
72 S80/S20 (Income quintile share ratio);410 Middelfart;2006 2006;3.15
72 S80/S20 (Income quintile share ratio);420 Assens;2006 2006;3.10
72 S80/S20 (Income quintile share ratio);430 Faaborg-Midtfyn;2006 2006;3.14
72 S80/S20 (Income quintile share ratio);440 Kerteminde;2006 2006;2.99
72 S80/S20 (Income quintile share ratio);450 Nyborg;2006 2006;3.02
72 S80/S20 (Income quintile share ratio);461 Odense;2006 2006;3.66
72 S80/S20 (Income quintile share ratio);479 Svendborg;2006 2006;3.42
72 S80/S20 (Income quintile share ratio);480 Nordfyns;2006 2006;3.18
72 S80/S20 (Income quintile share ratio);482 Langeland;2006 2006;3.11
72 S80/S20 (Income quintile share ratio);492 Ærø;2006 2006;3.47
72 S80/S20 (Income quintile share ratio);510 Haderslev;2006 2006;3.38
72 S80/S20 (Income quintile share ratio);530 Billund;2006 2006;3.11
72 S80/S20 (Income quintile share ratio);540 Sønderborg;2006 2006;3.25
72 S80/S20 (Income quintile share ratio);550 Tønder;2006 2006;3.48
72 S80/S20 (Income quintile share ratio);561 Esbjerg;2006 2006;3.33
72 S80/S20 (Income quintile share ratio);563 Fanø;2006 2006;3.45
72 S80/S20 (Income quintile share ratio);573 Varde;2006 2006;3.26
72 S80/S20 (Income quintile share ratio);575 Vejen;2006 2006;3.12
72 S80/S20 (Income quintile share ratio);580 Aabenraa;2006 2006;3.40
72 S80/S20 (Income quintile share ratio);607 Fredericia;2006 2006;3.12
72 S80/S20 (Income quintile share ratio);615 Horsens;2006 2006;3.39
72 S80/S20 (Income quintile share ratio);621 Kolding;2006 2006;3.45
72 S80/S20 (Income quintile share ratio);630 Vejle;2006 2006;3.49
72 S80/S20 (Income quintile share ratio);657 Herning;2006 2006;3.32
72 S80/S20 (Income quintile share ratio);661 Holstebro;2006 2006;3.49
72 S80/S20 (Income quintile share ratio);665 Lemvig;2006 2006;3.47
72 S80/S20 (Income quintile share ratio);671 Struer;2006 2006;3.22
72 S80/S20 (Income quintile share ratio);706 Syddjurs;2006 2006;3.60
72 S80/S20 (Income quintile share ratio);707 Norddjurs;2006 2006;3.34
72 S80/S20 (Income quintile share ratio);710 Favrskov;2006 2006;3.12
72 S80/S20 (Income quintile share ratio);727 Odder;2006 2006;3.20
72 S80/S20 (Income quintile share ratio);730 Randers;2006 2006;3.16
72 S80/S20 (Income quintile share ratio);740 Silkeborg;2006 2006;3.54
72 S80/S20 (Income quintile share ratio);741 Samsø;2006 2006;3.40
72 S80/S20 (Income quintile share ratio);746 Skanderborg;2006 2006;3.10
72 S80/S20 (Income quintile share ratio);751 Aarhus;2006 2006;4.63
72 S80/S20 (Income quintile share ratio);756 Ikast-Brande;2006 2006;3.16
72 S80/S20 (Income quintile share ratio);760 Ringkøbing-Skjern;2006 2006;3.56
72 S80/S20 (Income quintile share ratio);766 Hedensted;2006 2006;3.21
72 S80/S20 (Income quintile share ratio);773 Morsø;2006 2006;3.66
72 S80/S20 (Income quintile share ratio);779 Skive;2006 2006;3.17
72 S80/S20 (Income quintile share ratio);787 Thisted;2006 2006;3.50
72 S80/S20 (Income quintile share ratio);791 Viborg;2006 2006;3.28
72 S80/S20 (Income quintile share ratio);810 Brønderslev;2006 2006;3.44
72 S80/S20 (Income quintile share ratio);813 Frederikshavn;2006 2006;3.39
72 S80/S20 (Income quintile share ratio);820 Vesthimmerlands;2006 2006;3.26
72 S80/S20 (Income quintile share ratio);825 Læsø;2006 2006;3.55
72 S80/S20 (Income quintile share ratio);840 Rebild;2006 2006;3.28
72 S80/S20 (Income quintile share ratio);846 Mariagerfjord;2006 2006;3.27
72 S80/S20 (Income quintile share ratio);849 Jammerbugt;2006 2006;3.31
72 S80/S20 (Income quintile share ratio);851 Aalborg;2006 2006;3.67
72 S80/S20 (Income quintile share ratio);860 Hjørring;2006 2006;3.35
73 P90/10 (Upper decile boundary divided by lower);000 All Denmark;2006 2006;2.78
73 P90/10 (Upper decile boundary divided by lower);101 Copenhagen;2006 2006;3.44
73 P90/10 (Upper decile boundary divided by lower);147 Frederiksberg;2006 2006;3.66
73 P90/10 (Upper decile boundary divided by lower);151 Ballerup;2006 2006;2.65
73 P90/10 (Upper decile boundary divided by lower);153 Brøndby;2006 2006;2.60
73 P90/10 (Upper decile boundary divided by lower);155 Dragør;2006 2006;2.82
73 P90/10 (Upper decile boundary divided by lower);157 Gentofte;2006 2006;4.51
73 P90/10 (Upper decile boundary divided by lower);159 Gladsaxe;2006 2006;2.92
73 P90/10 (Upper decile boundary divided by lower);161 Glostrup;2006 2006;2.61
73 P90/10 (Upper decile boundary divided by lower);163 Herlev;2006 2006;2.73
73 P90/10 (Upper decile boundary divided by lower);165 Albertslund;2006 2006;2.83
73 P90/10 (Upper decile boundary divided by lower);167 Hvidovre;2006 2006;2.67
73 P90/10 (Upper decile boundary divided by lower);169 Høje-Taastrup;2006 2006;2.70
73 P90/10 (Upper decile boundary divided by lower);173 Lyngby-Taarbæk;2006 2006;3.62
73 P90/10 (Upper decile boundary divided by lower);175 Rødovre;2006 2006;2.59
73 P90/10 (Upper decile boundary divided by lower);183 Ishøj;2006 2006;2.68
73 P90/10 (Upper decile boundary divided by lower);185 Tårnby;2006 2006;2.58
73 P90/10 (Upper decile boundary divided by lower);187 Vallensbæk;2006 2006;2.54
73 P90/10 (Upper decile boundary divided by lower);190 Furesø;2006 2006;3.03
73 P90/10 (Upper decile boundary divided by lower);201 Allerød;2006 2006;2.63
73 P90/10 (Upper decile boundary divided by lower);210 Fredensborg;2006 2006;2.97
73 P90/10 (Upper decile boundary divided by lower);217 Helsingør;2006 2006;2.83
73 P90/10 (Upper decile boundary divided by lower);219 Hillerød;2006 2006;2.73
73 P90/10 (Upper decile boundary divided by lower);223 Hørsholm;2006 2006;3.68
73 P90/10 (Upper decile boundary divided by lower);230 Rudersdal;2006 2006;3.88
73 P90/10 (Upper decile boundary divided by lower);240 Egedal;2006 2006;2.33
73 P90/10 (Upper decile boundary divided by lower);250 Frederikssund;2006 2006;2.48
73 P90/10 (Upper decile boundary divided by lower);253 Greve;2006 2006;2.63
73 P90/10 (Upper decile boundary divided by lower);259 Køge;2006 2006;2.58
73 P90/10 (Upper decile boundary divided by lower);260 Halsnæs;2006 2006;2.41
73 P90/10 (Upper decile boundary divided by lower);265 Roskilde;2006 2006;2.84
73 P90/10 (Upper decile boundary divided by lower);269 Solrød;2006 2006;2.61
73 P90/10 (Upper decile boundary divided by lower);270 Gribskov;2006 2006;2.58
73 P90/10 (Upper decile boundary divided by lower);306 Odsherred;2006 2006;2.43
73 P90/10 (Upper decile boundary divided by lower);316 Holbæk;2006 2006;2.60
73 P90/10 (Upper decile boundary divided by lower);320 Faxe;2006 2006;2.44
73 P90/10 (Upper decile boundary divided by lower);326 Kalundborg;2006 2006;2.49
73 P90/10 (Upper decile boundary divided by lower);329 Ringsted;2006 2006;2.51
73 P90/10 (Upper decile boundary divided by lower);330 Slagelse;2006 2006;2.57
73 P90/10 (Upper decile boundary divided by lower);336 Stevns;2006 2006;2.49
73 P90/10 (Upper decile boundary divided by lower);340 Sorø;2006 2006;2.50
73 P90/10 (Upper decile boundary divided by lower);350 Lejre;2006 2006;2.52
73 P90/10 (Upper decile boundary divided by lower);360 Lolland;2006 2006;2.46
73 P90/10 (Upper decile boundary divided by lower);370 Næstved;2006 2006;2.50
73 P90/10 (Upper decile boundary divided by lower);376 Guldborgsund;2006 2006;2.53
73 P90/10 (Upper decile boundary divided by lower);390 Vordingborg;2006 2006;2.46
73 P90/10 (Upper decile boundary divided by lower);400 Bornholm;2006 2006;2.36
73 P90/10 (Upper decile boundary divided by lower);410 Middelfart;2006 2006;2.44
73 P90/10 (Upper decile boundary divided by lower);420 Assens;2006 2006;2.35
73 P90/10 (Upper decile boundary divided by lower);430 Faaborg-Midtfyn;2006 2006;2.39
73 P90/10 (Upper decile boundary divided by lower);440 Kerteminde;2006 2006;2.35
73 P90/10 (Upper decile boundary divided by lower);450 Nyborg;2006 2006;2.36
73 P90/10 (Upper decile boundary divided by lower);461 Odense;2006 2006;2.88
73 P90/10 (Upper decile boundary divided by lower);479 Svendborg;2006 2006;2.59
73 P90/10 (Upper decile boundary divided by lower);480 Nordfyns;2006 2006;2.36
73 P90/10 (Upper decile boundary divided by lower);482 Langeland;2006 2006;2.36
73 P90/10 (Upper decile boundary divided by lower);492 Ærø;2006 2006;2.49
73 P90/10 (Upper decile boundary divided by lower);510 Haderslev;2006 2006;2.43
73 P90/10 (Upper decile boundary divided by lower);530 Billund;2006 2006;2.43
73 P90/10 (Upper decile boundary divided by lower);540 Sønderborg;2006 2006;2.46
73 P90/10 (Upper decile boundary divided by lower);550 Tønder;2006 2006;2.49
73 P90/10 (Upper decile boundary divided by lower);561 Esbjerg;2006 2006;2.54
73 P90/10 (Upper decile boundary divided by lower);563 Fanø;2006 2006;2.65
73 P90/10 (Upper decile boundary divided by lower);573 Varde;2006 2006;2.44
73 P90/10 (Upper decile boundary divided by lower);575 Vejen;2006 2006;2.41
73 P90/10 (Upper decile boundary divided by lower);580 Aabenraa;2006 2006;2.52
73 P90/10 (Upper decile boundary divided by lower);607 Fredericia;2006 2006;2.45
73 P90/10 (Upper decile boundary divided by lower);615 Horsens;2006 2006;2.51
73 P90/10 (Upper decile boundary divided by lower);621 Kolding;2006 2006;2.57
73 P90/10 (Upper decile boundary divided by lower);630 Vejle;2006 2006;2.58
73 P90/10 (Upper decile boundary divided by lower);657 Herning;2006 2006;2.48
73 P90/10 (Upper decile boundary divided by lower);661 Holstebro;2006 2006;2.50
73 P90/10 (Upper decile boundary divided by lower);665 Lemvig;2006 2006;2.49
73 P90/10 (Upper decile boundary divided by lower);671 Struer;2006 2006;2.43
73 P90/10 (Upper decile boundary divided by lower);706 Syddjurs;2006 2006;2.45
73 P90/10 (Upper decile boundary divided by lower);707 Norddjurs;2006 2006;2.47
73 P90/10 (Upper decile boundary divided by lower);710 Favrskov;2006 2006;2.36
73 P90/10 (Upper decile boundary divided by lower);727 Odder;2006 2006;2.43
73 P90/10 (Upper decile boundary divided by lower);730 Randers;2006 2006;2.43
73 P90/10 (Upper decile boundary divided by lower);740 Silkeborg;2006 2006;2.49
73 P90/10 (Upper decile boundary divided by lower);741 Samsø;2006 2006;2.42
73 P90/10 (Upper decile boundary divided by lower);746 Skanderborg;2006 2006;2.41
73 P90/10 (Upper decile boundary divided by lower);751 Aarhus;2006 2006;3.35
73 P90/10 (Upper decile boundary divided by lower);756 Ikast-Brande;2006 2006;2.40
73 P90/10 (Upper decile boundary divided by lower);760 Ringkøbing-Skjern;2006 2006;2.48
73 P90/10 (Upper decile boundary divided by lower);766 Hedensted;2006 2006;2.37
73 P90/10 (Upper decile boundary divided by lower);773 Morsø;2006 2006;2.40
73 P90/10 (Upper decile boundary divided by lower);779 Skive;2006 2006;2.41
73 P90/10 (Upper decile boundary divided by lower);787 Thisted;2006 2006;2.50
73 P90/10 (Upper decile boundary divided by lower);791 Viborg;2006 2006;2.47
73 P90/10 (Upper decile boundary divided by lower);810 Brønderslev;2006 2006;2.45
73 P90/10 (Upper decile boundary divided by lower);813 Frederikshavn;2006 2006;2.42
73 P90/10 (Upper decile boundary divided by lower);820 Vesthimmerlands;2006 2006;2.43
73 P90/10 (Upper decile boundary divided by lower);825 Læsø;2006 2006;2.46
73 P90/10 (Upper decile boundary divided by lower);840 Rebild;2006 2006;2.50
73 P90/10 (Upper decile boundary divided by lower);846 Mariagerfjord;2006 2006;2.45
73 P90/10 (Upper decile boundary divided by lower);849 Jammerbugt;2006 2006;2.44
73 P90/10 (Upper decile boundary divided by lower);851 Aalborg;2006 2006;2.79
73 P90/10 (Upper decile boundary divided by lower);860 Hjørring;2006 2006;2.48
70 Gini coefficient;000 All Denmark;1998 1998;23.81
70 Gini coefficient;101 Copenhagen;1998 1998;24.99
70 Gini coefficient;147 Frederiksberg;1998 1998;27.30
70 Gini coefficient;151 Ballerup;1998 1998;21.46
70 Gini coefficient;153 Brøndby;1998 1998;22.06
70 Gini coefficient;155 Dragør;1998 1998;23.07
70 Gini coefficient;157 Gentofte;1998 1998;35.41
70 Gini coefficient;159 Gladsaxe;1998 1998;22.88
70 Gini coefficient;161 Glostrup;1998 1998;21.34
70 Gini coefficient;163 Herlev;1998 1998;22.40
70 Gini coefficient;165 Albertslund;1998 1998;22.89
70 Gini coefficient;167 Hvidovre;1998 1998;21.03
70 Gini coefficient;169 Høje-Taastrup;1998 1998;22.00
70 Gini coefficient;173 Lyngby-Taarbæk;1998 1998;28.21
70 Gini coefficient;175 Rødovre;1998 1998;20.57
70 Gini coefficient;183 Ishøj;1998 1998;22.33
70 Gini coefficient;185 Tårnby;1998 1998;19.40
70 Gini coefficient;187 Vallensbæk;1998 1998;19.77
70 Gini coefficient;190 Furesø;1998 1998;24.92
70 Gini coefficient;201 Allerød;1998 1998;22.61
70 Gini coefficient;210 Fredensborg;1998 1998;25.28
70 Gini coefficient;217 Helsingør;1998 1998;25.01
70 Gini coefficient;219 Hillerød;1998 1998;22.53
70 Gini coefficient;223 Hørsholm;1998 1998;31.46
70 Gini coefficient;230 Rudersdal;1998 1998;33.37
70 Gini coefficient;240 Egedal;1998 1998;19.64
70 Gini coefficient;250 Frederikssund;1998 1998;21.19
70 Gini coefficient;253 Greve;1998 1998;21.97
70 Gini coefficient;259 Køge;1998 1998;21.26
70 Gini coefficient;260 Halsnæs;1998 1998;20.05
70 Gini coefficient;265 Roskilde;1998 1998;23.12
70 Gini coefficient;269 Solrød;1998 1998;21.66
70 Gini coefficient;270 Gribskov;1998 1998;21.78
70 Gini coefficient;306 Odsherred;1998 1998;20.93
70 Gini coefficient;316 Holbæk;1998 1998;22.10
70 Gini coefficient;320 Faxe;1998 1998;21.74
70 Gini coefficient;326 Kalundborg;1998 1998;21.84
70 Gini coefficient;329 Ringsted;1998 1998;21.79
70 Gini coefficient;330 Slagelse;1998 1998;21.43
70 Gini coefficient;336 Stevns;1998 1998;21.05
70 Gini coefficient;340 Sorø;1998 1998;21.64
70 Gini coefficient;350 Lejre;1998 1998;20.56
70 Gini coefficient;360 Lolland;1998 1998;21.66
70 Gini coefficient;370 Næstved;1998 1998;21.41
70 Gini coefficient;376 Guldborgsund;1998 1998;21.22
70 Gini coefficient;390 Vordingborg;1998 1998;21.83
70 Gini coefficient;400 Bornholm;1998 1998;20.51
70 Gini coefficient;410 Middelfart;1998 1998;21.62
70 Gini coefficient;420 Assens;1998 1998;21.08
70 Gini coefficient;430 Faaborg-Midtfyn;1998 1998;21.12
70 Gini coefficient;440 Kerteminde;1998 1998;20.83
70 Gini coefficient;450 Nyborg;1998 1998;20.58
70 Gini coefficient;461 Odense;1998 1998;24.04
70 Gini coefficient;479 Svendborg;1998 1998;22.74
70 Gini coefficient;480 Nordfyns;1998 1998;20.84
70 Gini coefficient;482 Langeland;1998 1998;21.27
70 Gini coefficient;492 Ærø;1998 1998;22.45
70 Gini coefficient;510 Haderslev;1998 1998;21.31
70 Gini coefficient;530 Billund;1998 1998;21.15
70 Gini coefficient;540 Sønderborg;1998 1998;21.84
70 Gini coefficient;550 Tønder;1998 1998;22.29
70 Gini coefficient;561 Esbjerg;1998 1998;22.12
70 Gini coefficient;563 Fanø;1998 1998;22.43
70 Gini coefficient;573 Varde;1998 1998;20.90
70 Gini coefficient;575 Vejen;1998 1998;21.21
70 Gini coefficient;580 Aabenraa;1998 1998;22.23
70 Gini coefficient;607 Fredericia;1998 1998;20.60
70 Gini coefficient;615 Horsens;1998 1998;22.11
70 Gini coefficient;621 Kolding;1998 1998;23.47
70 Gini coefficient;630 Vejle;1998 1998;22.26
70 Gini coefficient;657 Herning;1998 1998;22.48
70 Gini coefficient;661 Holstebro;1998 1998;22.83
70 Gini coefficient;665 Lemvig;1998 1998;22.38
70 Gini coefficient;671 Struer;1998 1998;20.93
70 Gini coefficient;706 Syddjurs;1998 1998;21.54
70 Gini coefficient;707 Norddjurs;1998 1998;21.56
70 Gini coefficient;710 Favrskov;1998 1998;20.14
70 Gini coefficient;727 Odder;1998 1998;21.91
70 Gini coefficient;730 Randers;1998 1998;21.70
70 Gini coefficient;740 Silkeborg;1998 1998;23.42
70 Gini coefficient;741 Samsø;1998 1998;23.11
70 Gini coefficient;746 Skanderborg;1998 1998;20.93
70 Gini coefficient;751 Aarhus;1998 1998;26.25
70 Gini coefficient;756 Ikast-Brande;1998 1998;22.01
70 Gini coefficient;760 Ringkøbing-Skjern;1998 1998;23.05
70 Gini coefficient;766 Hedensted;1998 1998;20.78
70 Gini coefficient;773 Morsø;1998 1998;21.20
70 Gini coefficient;779 Skive;1998 1998;21.97
70 Gini coefficient;787 Thisted;1998 1998;21.96
70 Gini coefficient;791 Viborg;1998 1998;21.33
70 Gini coefficient;810 Brønderslev;1998 1998;20.98
70 Gini coefficient;813 Frederikshavn;1998 1998;20.84
70 Gini coefficient;820 Vesthimmerlands;1998 1998;21.75
70 Gini coefficient;825 Læsø;1998 1998;22.56
70 Gini coefficient;840 Rebild;1998 1998;21.60
70 Gini coefficient;846 Mariagerfjord;1998 1998;21.69
70 Gini coefficient;849 Jammerbugt;1998 1998;21.10
70 Gini coefficient;851 Aalborg;1998 1998;22.77
70 Gini coefficient;860 Hjørring;1998 1998;21.27
71 Hoover index;000 All Denmark;1998 1998;16.33
71 Hoover index;101 Copenhagen;1998 1998;17.55
71 Hoover index;147 Frederiksberg;1998 1998;19.06
71 Hoover index;151 Ballerup;1998 1998;14.99
71 Hoover index;153 Brøndby;1998 1998;15.61
71 Hoover index;155 Dragør;1998 1998;15.60
71 Hoover index;157 Gentofte;1998 1998;23.94
71 Hoover index;159 Gladsaxe;1998 1998;15.89
71 Hoover index;161 Glostrup;1998 1998;14.95
71 Hoover index;163 Herlev;1998 1998;15.59
71 Hoover index;165 Albertslund;1998 1998;16.06
71 Hoover index;167 Hvidovre;1998 1998;14.71
71 Hoover index;169 Høje-Taastrup;1998 1998;15.38
71 Hoover index;173 Lyngby-Taarbæk;1998 1998;19.41
71 Hoover index;175 Rødovre;1998 1998;14.41
71 Hoover index;183 Ishøj;1998 1998;15.74
71 Hoover index;185 Tårnby;1998 1998;13.50
71 Hoover index;187 Vallensbæk;1998 1998;13.54
71 Hoover index;190 Furesø;1998 1998;17.16
71 Hoover index;201 Allerød;1998 1998;15.40
71 Hoover index;210 Fredensborg;1998 1998;17.33
71 Hoover index;217 Helsingør;1998 1998;17.17
71 Hoover index;219 Hillerød;1998 1998;15.44
71 Hoover index;223 Hørsholm;1998 1998;21.48
71 Hoover index;230 Rudersdal;1998 1998;22.64
71 Hoover index;240 Egedal;1998 1998;13.41
71 Hoover index;250 Frederikssund;1998 1998;14.56
71 Hoover index;253 Greve;1998 1998;15.13
71 Hoover index;259 Køge;1998 1998;14.74
71 Hoover index;260 Halsnæs;1998 1998;13.84
71 Hoover index;265 Roskilde;1998 1998;15.94
71 Hoover index;269 Solrød;1998 1998;14.79
71 Hoover index;270 Gribskov;1998 1998;14.88
71 Hoover index;306 Odsherred;1998 1998;14.43
71 Hoover index;316 Holbæk;1998 1998;15.26
71 Hoover index;320 Faxe;1998 1998;14.84
71 Hoover index;326 Kalundborg;1998 1998;15.01
71 Hoover index;329 Ringsted;1998 1998;15.01
71 Hoover index;330 Slagelse;1998 1998;14.84
71 Hoover index;336 Stevns;1998 1998;14.51
71 Hoover index;340 Sorø;1998 1998;14.79
71 Hoover index;350 Lejre;1998 1998;14.08
71 Hoover index;360 Lolland;1998 1998;14.96
71 Hoover index;370 Næstved;1998 1998;14.76
71 Hoover index;376 Guldborgsund;1998 1998;14.72
71 Hoover index;390 Vordingborg;1998 1998;15.03
71 Hoover index;400 Bornholm;1998 1998;14.11
71 Hoover index;410 Middelfart;1998 1998;14.78
71 Hoover index;420 Assens;1998 1998;14.36
71 Hoover index;430 Faaborg-Midtfyn;1998 1998;14.42
71 Hoover index;440 Kerteminde;1998 1998;14.23
71 Hoover index;450 Nyborg;1998 1998;14.19
71 Hoover index;461 Odense;1998 1998;16.56
71 Hoover index;479 Svendborg;1998 1998;15.63
71 Hoover index;480 Nordfyns;1998 1998;14.18
71 Hoover index;482 Langeland;1998 1998;14.57
71 Hoover index;492 Ærø;1998 1998;15.64
71 Hoover index;510 Haderslev;1998 1998;14.53
71 Hoover index;530 Billund;1998 1998;14.35
71 Hoover index;540 Sønderborg;1998 1998;14.90
71 Hoover index;550 Tønder;1998 1998;15.12
71 Hoover index;561 Esbjerg;1998 1998;15.14
71 Hoover index;563 Fanø;1998 1998;15.53
71 Hoover index;573 Varde;1998 1998;14.24
71 Hoover index;575 Vejen;1998 1998;14.46
71 Hoover index;580 Aabenraa;1998 1998;15.14
71 Hoover index;607 Fredericia;1998 1998;14.23
71 Hoover index;615 Horsens;1998 1998;15.14
71 Hoover index;621 Kolding;1998 1998;15.91
71 Hoover index;630 Vejle;1998 1998;15.23
71 Hoover index;657 Herning;1998 1998;15.19
71 Hoover index;661 Holstebro;1998 1998;15.40
71 Hoover index;665 Lemvig;1998 1998;15.17
71 Hoover index;671 Struer;1998 1998;14.20
71 Hoover index;706 Syddjurs;1998 1998;14.71
71 Hoover index;707 Norddjurs;1998 1998;14.75
71 Hoover index;710 Favrskov;1998 1998;13.69
71 Hoover index;727 Odder;1998 1998;14.88
71 Hoover index;730 Randers;1998 1998;14.89
71 Hoover index;740 Silkeborg;1998 1998;15.84
71 Hoover index;741 Samsø;1998 1998;15.68
71 Hoover index;746 Skanderborg;1998 1998;14.24
71 Hoover index;751 Aarhus;1998 1998;18.11
71 Hoover index;756 Ikast-Brande;1998 1998;14.85
71 Hoover index;760 Ringkøbing-Skjern;1998 1998;15.49
71 Hoover index;766 Hedensted;1998 1998;14.08
71 Hoover index;773 Morsø;1998 1998;14.52
71 Hoover index;779 Skive;1998 1998;14.87
71 Hoover index;787 Thisted;1998 1998;14.95
71 Hoover index;791 Viborg;1998 1998;14.54
71 Hoover index;810 Brønderslev;1998 1998;14.37
71 Hoover index;813 Frederikshavn;1998 1998;14.20
71 Hoover index;820 Vesthimmerlands;1998 1998;14.78
71 Hoover index;825 Læsø;1998 1998;15.39
71 Hoover index;840 Rebild;1998 1998;14.74
71 Hoover index;846 Mariagerfjord;1998 1998;14.80
71 Hoover index;849 Jammerbugt;1998 1998;14.31
71 Hoover index;851 Aalborg;1998 1998;15.66
71 Hoover index;860 Hjørring;1998 1998;14.51
72 S80/S20 (Income quintile share ratio);000 All Denmark;1998 1998;3.37
72 S80/S20 (Income quintile share ratio);101 Copenhagen;1998 1998;3.61
72 S80/S20 (Income quintile share ratio);147 Frederiksberg;1998 1998;4.08
72 S80/S20 (Income quintile share ratio);151 Ballerup;1998 1998;2.98
72 S80/S20 (Income quintile share ratio);153 Brøndby;1998 1998;3.01
72 S80/S20 (Income quintile share ratio);155 Dragør;1998 1998;3.40
72 S80/S20 (Income quintile share ratio);157 Gentofte;1998 1998;6.48
72 S80/S20 (Income quintile share ratio);159 Gladsaxe;1998 1998;3.24
72 S80/S20 (Income quintile share ratio);161 Glostrup;1998 1998;2.97
72 S80/S20 (Income quintile share ratio);163 Herlev;1998 1998;3.16
72 S80/S20 (Income quintile share ratio);165 Albertslund;1998 1998;3.25
72 S80/S20 (Income quintile share ratio);167 Hvidovre;1998 1998;2.95
72 S80/S20 (Income quintile share ratio);169 Høje-Taastrup;1998 1998;3.11
72 S80/S20 (Income quintile share ratio);173 Lyngby-Taarbæk;1998 1998;4.33
72 S80/S20 (Income quintile share ratio);175 Rødovre;1998 1998;2.85
72 S80/S20 (Income quintile share ratio);183 Ishøj;1998 1998;3.12
72 S80/S20 (Income quintile share ratio);185 Tårnby;1998 1998;2.75
72 S80/S20 (Income quintile share ratio);187 Vallensbæk;1998 1998;2.78
72 S80/S20 (Income quintile share ratio);190 Furesø;1998 1998;3.62
72 S80/S20 (Income quintile share ratio);201 Allerød;1998 1998;3.21
72 S80/S20 (Income quintile share ratio);210 Fredensborg;1998 1998;3.64
72 S80/S20 (Income quintile share ratio);217 Helsingør;1998 1998;3.61
72 S80/S20 (Income quintile share ratio);219 Hillerød;1998 1998;3.21
72 S80/S20 (Income quintile share ratio);223 Hørsholm;1998 1998;4.99
72 S80/S20 (Income quintile share ratio);230 Rudersdal;1998 1998;5.61
72 S80/S20 (Income quintile share ratio);240 Egedal;1998 1998;2.76
72 S80/S20 (Income quintile share ratio);250 Frederikssund;1998 1998;2.98
72 S80/S20 (Income quintile share ratio);253 Greve;1998 1998;3.14
72 S80/S20 (Income quintile share ratio);259 Køge;1998 1998;2.96
72 S80/S20 (Income quintile share ratio);260 Halsnæs;1998 1998;2.81
72 S80/S20 (Income quintile share ratio);265 Roskilde;1998 1998;3.30
72 S80/S20 (Income quintile share ratio);269 Solrød;1998 1998;3.04
72 S80/S20 (Income quintile share ratio);270 Gribskov;1998 1998;3.09
72 S80/S20 (Income quintile share ratio);306 Odsherred;1998 1998;2.89
72 S80/S20 (Income quintile share ratio);316 Holbæk;1998 1998;3.11
72 S80/S20 (Income quintile share ratio);320 Faxe;1998 1998;3.04
72 S80/S20 (Income quintile share ratio);326 Kalundborg;1998 1998;3.03
72 S80/S20 (Income quintile share ratio);329 Ringsted;1998 1998;3.03
72 S80/S20 (Income quintile share ratio);330 Slagelse;1998 1998;2.97
72 S80/S20 (Income quintile share ratio);336 Stevns;1998 1998;2.94
72 S80/S20 (Income quintile share ratio);340 Sorø;1998 1998;3.05
72 S80/S20 (Income quintile share ratio);350 Lejre;1998 1998;2.89
72 S80/S20 (Income quintile share ratio);360 Lolland;1998 1998;2.94
72 S80/S20 (Income quintile share ratio);370 Næstved;1998 1998;2.97
72 S80/S20 (Income quintile share ratio);376 Guldborgsund;1998 1998;2.91
72 S80/S20 (Income quintile share ratio);390 Vordingborg;1998 1998;3.04
72 S80/S20 (Income quintile share ratio);400 Bornholm;1998 1998;2.80
72 S80/S20 (Income quintile share ratio);410 Middelfart;1998 1998;2.97
72 S80/S20 (Income quintile share ratio);420 Assens;1998 1998;2.91
72 S80/S20 (Income quintile share ratio);430 Faaborg-Midtfyn;1998 1998;2.93
72 S80/S20 (Income quintile share ratio);440 Kerteminde;1998 1998;2.88
72 S80/S20 (Income quintile share ratio);450 Nyborg;1998 1998;2.84
72 S80/S20 (Income quintile share ratio);461 Odense;1998 1998;3.43
72 S80/S20 (Income quintile share ratio);479 Svendborg;1998 1998;3.18
72 S80/S20 (Income quintile share ratio);480 Nordfyns;1998 1998;2.86
72 S80/S20 (Income quintile share ratio);482 Langeland;1998 1998;2.94
72 S80/S20 (Income quintile share ratio);492 Ærø;1998 1998;3.09
72 S80/S20 (Income quintile share ratio);510 Haderslev;1998 1998;2.98
72 S80/S20 (Income quintile share ratio);530 Billund;1998 1998;2.90
72 S80/S20 (Income quintile share ratio);540 Sønderborg;1998 1998;3.02
72 S80/S20 (Income quintile share ratio);550 Tønder;1998 1998;3.09
72 S80/S20 (Income quintile share ratio);561 Esbjerg;1998 1998;3.08
72 S80/S20 (Income quintile share ratio);563 Fanø;1998 1998;3.19
72 S80/S20 (Income quintile share ratio);573 Varde;1998 1998;2.90
72 S80/S20 (Income quintile share ratio);575 Vejen;1998 1998;2.98
72 S80/S20 (Income quintile share ratio);580 Aabenraa;1998 1998;3.08
72 S80/S20 (Income quintile share ratio);607 Fredericia;1998 1998;2.84
72 S80/S20 (Income quintile share ratio);615 Horsens;1998 1998;3.06
72 S80/S20 (Income quintile share ratio);621 Kolding;1998 1998;3.30
72 S80/S20 (Income quintile share ratio);630 Vejle;1998 1998;3.12
72 S80/S20 (Income quintile share ratio);657 Herning;1998 1998;3.15
72 S80/S20 (Income quintile share ratio);661 Holstebro;1998 1998;3.23
72 S80/S20 (Income quintile share ratio);665 Lemvig;1998 1998;3.19
72 S80/S20 (Income quintile share ratio);671 Struer;1998 1998;2.91
72 S80/S20 (Income quintile share ratio);706 Syddjurs;1998 1998;3.02
72 S80/S20 (Income quintile share ratio);707 Norddjurs;1998 1998;3.00
72 S80/S20 (Income quintile share ratio);710 Favrskov;1998 1998;2.82
72 S80/S20 (Income quintile share ratio);727 Odder;1998 1998;3.03
72 S80/S20 (Income quintile share ratio);730 Randers;1998 1998;3.00
72 S80/S20 (Income quintile share ratio);740 Silkeborg;1998 1998;3.23
72 S80/S20 (Income quintile share ratio);741 Samsø;1998 1998;3.19
72 S80/S20 (Income quintile share ratio);746 Skanderborg;1998 1998;2.91
72 S80/S20 (Income quintile share ratio);751 Aarhus;1998 1998;3.93
72 S80/S20 (Income quintile share ratio);756 Ikast-Brande;1998 1998;3.09
72 S80/S20 (Income quintile share ratio);760 Ringkøbing-Skjern;1998 1998;3.24
72 S80/S20 (Income quintile share ratio);766 Hedensted;1998 1998;2.89
72 S80/S20 (Income quintile share ratio);773 Morsø;1998 1998;2.93
72 S80/S20 (Income quintile share ratio);779 Skive;1998 1998;3.06
72 S80/S20 (Income quintile share ratio);787 Thisted;1998 1998;3.05
72 S80/S20 (Income quintile share ratio);791 Viborg;1998 1998;2.97
72 S80/S20 (Income quintile share ratio);810 Brønderslev;1998 1998;2.95
72 S80/S20 (Income quintile share ratio);813 Frederikshavn;1998 1998;2.89
72 S80/S20 (Income quintile share ratio);820 Vesthimmerlands;1998 1998;3.05
72 S80/S20 (Income quintile share ratio);825 Læsø;1998 1998;3.19
72 S80/S20 (Income quintile share ratio);840 Rebild;1998 1998;3.04
72 S80/S20 (Income quintile share ratio);846 Mariagerfjord;1998 1998;3.01
72 S80/S20 (Income quintile share ratio);849 Jammerbugt;1998 1998;2.92
72 S80/S20 (Income quintile share ratio);851 Aalborg;1998 1998;3.21
72 S80/S20 (Income quintile share ratio);860 Hjørring;1998 1998;2.97
73 P90/10 (Upper decile boundary divided by lower);000 All Denmark;1998 1998;2.66
73 P90/10 (Upper decile boundary divided by lower);101 Copenhagen;1998 1998;2.94
73 P90/10 (Upper decile boundary divided by lower);147 Frederiksberg;1998 1998;3.24
73 P90/10 (Upper decile boundary divided by lower);151 Ballerup;1998 1998;2.56
73 P90/10 (Upper decile boundary divided by lower);153 Brøndby;1998 1998;2.57
73 P90/10 (Upper decile boundary divided by lower);155 Dragør;1998 1998;2.69
73 P90/10 (Upper decile boundary divided by lower);157 Gentofte;1998 1998;3.87
73 P90/10 (Upper decile boundary divided by lower);159 Gladsaxe;1998 1998;2.68
73 P90/10 (Upper decile boundary divided by lower);161 Glostrup;1998 1998;2.56
73 P90/10 (Upper decile boundary divided by lower);163 Herlev;1998 1998;2.63
73 P90/10 (Upper decile boundary divided by lower);165 Albertslund;1998 1998;2.80
73 P90/10 (Upper decile boundary divided by lower);167 Hvidovre;1998 1998;2.53
73 P90/10 (Upper decile boundary divided by lower);169 Høje-Taastrup;1998 1998;2.67
73 P90/10 (Upper decile boundary divided by lower);173 Lyngby-Taarbæk;1998 1998;3.31
73 P90/10 (Upper decile boundary divided by lower);175 Rødovre;1998 1998;2.45
73 P90/10 (Upper decile boundary divided by lower);183 Ishøj;1998 1998;2.68
73 P90/10 (Upper decile boundary divided by lower);185 Tårnby;1998 1998;2.43
73 P90/10 (Upper decile boundary divided by lower);187 Vallensbæk;1998 1998;2.37
73 P90/10 (Upper decile boundary divided by lower);190 Furesø;1998 1998;2.93
73 P90/10 (Upper decile boundary divided by lower);201 Allerød;1998 1998;2.59
73 P90/10 (Upper decile boundary divided by lower);210 Fredensborg;1998 1998;2.86
73 P90/10 (Upper decile boundary divided by lower);217 Helsingør;1998 1998;2.79
73 P90/10 (Upper decile boundary divided by lower);219 Hillerød;1998 1998;2.65
73 P90/10 (Upper decile boundary divided by lower);223 Hørsholm;1998 1998;3.51
73 P90/10 (Upper decile boundary divided by lower);230 Rudersdal;1998 1998;3.67
73 P90/10 (Upper decile boundary divided by lower);240 Egedal;1998 1998;2.34
73 P90/10 (Upper decile boundary divided by lower);250 Frederikssund;1998 1998;2.46
73 P90/10 (Upper decile boundary divided by lower);253 Greve;1998 1998;2.68
73 P90/10 (Upper decile boundary divided by lower);259 Køge;1998 1998;2.52
73 P90/10 (Upper decile boundary divided by lower);260 Halsnæs;1998 1998;2.37
73 P90/10 (Upper decile boundary divided by lower);265 Roskilde;1998 1998;2.73
73 P90/10 (Upper decile boundary divided by lower);269 Solrød;1998 1998;2.53
73 P90/10 (Upper decile boundary divided by lower);270 Gribskov;1998 1998;2.51
73 P90/10 (Upper decile boundary divided by lower);306 Odsherred;1998 1998;2.38
73 P90/10 (Upper decile boundary divided by lower);316 Holbæk;1998 1998;2.55
73 P90/10 (Upper decile boundary divided by lower);320 Faxe;1998 1998;2.42
73 P90/10 (Upper decile boundary divided by lower);326 Kalundborg;1998 1998;2.44
73 P90/10 (Upper decile boundary divided by lower);329 Ringsted;1998 1998;2.47
73 P90/10 (Upper decile boundary divided by lower);330 Slagelse;1998 1998;2.46
73 P90/10 (Upper decile boundary divided by lower);336 Stevns;1998 1998;2.44
73 P90/10 (Upper decile boundary divided by lower);340 Sorø;1998 1998;2.43
73 P90/10 (Upper decile boundary divided by lower);350 Lejre;1998 1998;2.44
73 P90/10 (Upper decile boundary divided by lower);360 Lolland;1998 1998;2.36
73 P90/10 (Upper decile boundary divided by lower);370 Næstved;1998 1998;2.45
73 P90/10 (Upper decile boundary divided by lower);376 Guldborgsund;1998 1998;2.40
73 P90/10 (Upper decile boundary divided by lower);390 Vordingborg;1998 1998;2.43
73 P90/10 (Upper decile boundary divided by lower);400 Bornholm;1998 1998;2.28
73 P90/10 (Upper decile boundary divided by lower);410 Middelfart;1998 1998;2.38
73 P90/10 (Upper decile boundary divided by lower);420 Assens;1998 1998;2.31
73 P90/10 (Upper decile boundary divided by lower);430 Faaborg-Midtfyn;1998 1998;2.33
73 P90/10 (Upper decile boundary divided by lower);440 Kerteminde;1998 1998;2.34
73 P90/10 (Upper decile boundary divided by lower);450 Nyborg;1998 1998;2.36
73 P90/10 (Upper decile boundary divided by lower);461 Odense;1998 1998;2.75
73 P90/10 (Upper decile boundary divided by lower);479 Svendborg;1998 1998;2.54
73 P90/10 (Upper decile boundary divided by lower);480 Nordfyns;1998 1998;2.31
73 P90/10 (Upper decile boundary divided by lower);482 Langeland;1998 1998;2.30
73 P90/10 (Upper decile boundary divided by lower);492 Ærø;1998 1998;2.50
73 P90/10 (Upper decile boundary divided by lower);510 Haderslev;1998 1998;2.40
73 P90/10 (Upper decile boundary divided by lower);530 Billund;1998 1998;2.32
73 P90/10 (Upper decile boundary divided by lower);540 Sønderborg;1998 1998;2.43
73 P90/10 (Upper decile boundary divided by lower);550 Tønder;1998 1998;2.40
73 P90/10 (Upper decile boundary divided by lower);561 Esbjerg;1998 1998;2.50
73 P90/10 (Upper decile boundary divided by lower);563 Fanø;1998 1998;2.70
73 P90/10 (Upper decile boundary divided by lower);573 Varde;1998 1998;2.35
73 P90/10 (Upper decile boundary divided by lower);575 Vejen;1998 1998;2.36
73 P90/10 (Upper decile boundary divided by lower);580 Aabenraa;1998 1998;2.45
73 P90/10 (Upper decile boundary divided by lower);607 Fredericia;1998 1998;2.39
73 P90/10 (Upper decile boundary divided by lower);615 Horsens;1998 1998;2.46
73 P90/10 (Upper decile boundary divided by lower);621 Kolding;1998 1998;2.52
73 P90/10 (Upper decile boundary divided by lower);630 Vejle;1998 1998;2.51
73 P90/10 (Upper decile boundary divided by lower);657 Herning;1998 1998;2.45
73 P90/10 (Upper decile boundary divided by lower);661 Holstebro;1998 1998;2.48
73 P90/10 (Upper decile boundary divided by lower);665 Lemvig;1998 1998;2.53
73 P90/10 (Upper decile boundary divided by lower);671 Struer;1998 1998;2.35
73 P90/10 (Upper decile boundary divided by lower);706 Syddjurs;1998 1998;2.43
73 P90/10 (Upper decile boundary divided by lower);707 Norddjurs;1998 1998;2.39
73 P90/10 (Upper decile boundary divided by lower);710 Favrskov;1998 1998;2.28
73 P90/10 (Upper decile boundary divided by lower);727 Odder;1998 1998;2.41
73 P90/10 (Upper decile boundary divided by lower);730 Randers;1998 1998;2.43
73 P90/10 (Upper decile boundary divided by lower);740 Silkeborg;1998 1998;2.45
73 P90/10 (Upper decile boundary divided by lower);741 Samsø;1998 1998;2.35
73 P90/10 (Upper decile boundary divided by lower);746 Skanderborg;1998 1998;2.37
73 P90/10 (Upper decile boundary divided by lower);751 Aarhus;1998 1998;3.09
73 P90/10 (Upper decile boundary divided by lower);756 Ikast-Brande;1998 1998;2.35
73 P90/10 (Upper decile boundary divided by lower);760 Ringkøbing-Skjern;1998 1998;2.40
73 P90/10 (Upper decile boundary divided by lower);766 Hedensted;1998 1998;2.31
73 P90/10 (Upper decile boundary divided by lower);773 Morsø;1998 1998;2.35
73 P90/10 (Upper decile boundary divided by lower);779 Skive;1998 1998;2.38
73 P90/10 (Upper decile boundary divided by lower);787 Thisted;1998 1998;2.43
73 P90/10 (Upper decile boundary divided by lower);791 Viborg;1998 1998;2.39
73 P90/10 (Upper decile boundary divided by lower);810 Brønderslev;1998 1998;2.38
73 P90/10 (Upper decile boundary divided by lower);813 Frederikshavn;1998 1998;2.34
73 P90/10 (Upper decile boundary divided by lower);820 Vesthimmerlands;1998 1998;2.40
73 P90/10 (Upper decile boundary divided by lower);825 Læsø;1998 1998;2.37
73 P90/10 (Upper decile boundary divided by lower);840 Rebild;1998 1998;2.44
73 P90/10 (Upper decile boundary divided by lower);846 Mariagerfjord;1998 1998;2.37
73 P90/10 (Upper decile boundary divided by lower);849 Jammerbugt;1998 1998;2.34
73 P90/10 (Upper decile boundary divided by lower);851 Aalborg;1998 1998;2.57
73 P90/10 (Upper decile boundary divided by lower);860 Hjørring;1998 1998;2.37
70 Gini coefficient;000 All Denmark;1996 1996;22.83
70 Gini coefficient;101 Copenhagen;1996 1996;24.10
70 Gini coefficient;147 Frederiksberg;1996 1996;26.61
70 Gini coefficient;151 Ballerup;1996 1996;20.77
70 Gini coefficient;153 Brøndby;1996 1996;21.52
70 Gini coefficient;155 Dragør;1996 1996;22.44
70 Gini coefficient;157 Gentofte;1996 1996;32.99
70 Gini coefficient;159 Gladsaxe;1996 1996;21.92
70 Gini coefficient;161 Glostrup;1996 1996;20.62
70 Gini coefficient;163 Herlev;1996 1996;21.44
70 Gini coefficient;165 Albertslund;1996 1996;22.26
70 Gini coefficient;167 Hvidovre;1996 1996;20.61
70 Gini coefficient;169 Høje-Taastrup;1996 1996;21.89
70 Gini coefficient;173 Lyngby-Taarbæk;1996 1996;27.39
70 Gini coefficient;175 Rødovre;1996 1996;19.95
70 Gini coefficient;183 Ishøj;1996 1996;21.88
70 Gini coefficient;185 Tårnby;1996 1996;19.32
70 Gini coefficient;187 Vallensbæk;1996 1996;19.00
70 Gini coefficient;190 Furesø;1996 1996;25.18
70 Gini coefficient;201 Allerød;1996 1996;22.00
70 Gini coefficient;210 Fredensborg;1996 1996;24.80
70 Gini coefficient;217 Helsingør;1996 1996;23.82
70 Gini coefficient;219 Hillerød;1996 1996;22.14
70 Gini coefficient;223 Hørsholm;1996 1996;33.78
70 Gini coefficient;230 Rudersdal;1996 1996;30.85
70 Gini coefficient;240 Egedal;1996 1996;18.92
70 Gini coefficient;250 Frederikssund;1996 1996;21.02
70 Gini coefficient;253 Greve;1996 1996;21.13
70 Gini coefficient;259 Køge;1996 1996;20.53
70 Gini coefficient;260 Halsnæs;1996 1996;19.43
70 Gini coefficient;265 Roskilde;1996 1996;22.27
70 Gini coefficient;269 Solrød;1996 1996;20.54
70 Gini coefficient;270 Gribskov;1996 1996;21.74
70 Gini coefficient;306 Odsherred;1996 1996;19.79
70 Gini coefficient;316 Holbæk;1996 1996;21.16
70 Gini coefficient;320 Faxe;1996 1996;19.85
70 Gini coefficient;326 Kalundborg;1996 1996;20.32
70 Gini coefficient;329 Ringsted;1996 1996;21.23
70 Gini coefficient;330 Slagelse;1996 1996;20.65
70 Gini coefficient;336 Stevns;1996 1996;20.42
70 Gini coefficient;340 Sorø;1996 1996;20.67
70 Gini coefficient;350 Lejre;1996 1996;20.51
70 Gini coefficient;360 Lolland;1996 1996;20.47
70 Gini coefficient;370 Næstved;1996 1996;20.67
70 Gini coefficient;376 Guldborgsund;1996 1996;20.50
70 Gini coefficient;390 Vordingborg;1996 1996;20.64
70 Gini coefficient;400 Bornholm;1996 1996;19.76
70 Gini coefficient;410 Middelfart;1996 1996;20.90
70 Gini coefficient;420 Assens;1996 1996;19.78
70 Gini coefficient;430 Faaborg-Midtfyn;1996 1996;19.63
70 Gini coefficient;440 Kerteminde;1996 1996;19.21
70 Gini coefficient;450 Nyborg;1996 1996;19.71
70 Gini coefficient;461 Odense;1996 1996;22.69
70 Gini coefficient;479 Svendborg;1996 1996;21.81
70 Gini coefficient;480 Nordfyns;1996 1996;19.52
70 Gini coefficient;482 Langeland;1996 1996;19.80
70 Gini coefficient;492 Ærø;1996 1996;21.12
70 Gini coefficient;510 Haderslev;1996 1996;20.57
70 Gini coefficient;530 Billund;1996 1996;21.22
70 Gini coefficient;540 Sønderborg;1996 1996;20.98
70 Gini coefficient;550 Tønder;1996 1996;20.68
70 Gini coefficient;561 Esbjerg;1996 1996;21.79
70 Gini coefficient;563 Fanø;1996 1996;22.61
70 Gini coefficient;573 Varde;1996 1996;20.15
70 Gini coefficient;575 Vejen;1996 1996;20.04
70 Gini coefficient;580 Aabenraa;1996 1996;21.43
70 Gini coefficient;607 Fredericia;1996 1996;20.00
70 Gini coefficient;615 Horsens;1996 1996;21.29
70 Gini coefficient;621 Kolding;1996 1996;21.90
70 Gini coefficient;630 Vejle;1996 1996;21.50
70 Gini coefficient;657 Herning;1996 1996;21.26
70 Gini coefficient;661 Holstebro;1996 1996;21.24
70 Gini coefficient;665 Lemvig;1996 1996;21.23
70 Gini coefficient;671 Struer;1996 1996;20.31
70 Gini coefficient;706 Syddjurs;1996 1996;20.41
70 Gini coefficient;707 Norddjurs;1996 1996;20.43
70 Gini coefficient;710 Favrskov;1996 1996;19.57
70 Gini coefficient;727 Odder;1996 1996;20.65
70 Gini coefficient;730 Randers;1996 1996;20.85
70 Gini coefficient;740 Silkeborg;1996 1996;24.90
70 Gini coefficient;741 Samsø;1996 1996;21.26
70 Gini coefficient;746 Skanderborg;1996 1996;20.17
70 Gini coefficient;751 Aarhus;1996 1996;24.93
70 Gini coefficient;756 Ikast-Brande;1996 1996;21.48
70 Gini coefficient;760 Ringkøbing-Skjern;1996 1996;21.05
70 Gini coefficient;766 Hedensted;1996 1996;19.32
70 Gini coefficient;773 Morsø;1996 1996;19.74
70 Gini coefficient;779 Skive;1996 1996;21.66
70 Gini coefficient;787 Thisted;1996 1996;20.79
70 Gini coefficient;791 Viborg;1996 1996;20.45
70 Gini coefficient;810 Brønderslev;1996 1996;19.76
70 Gini coefficient;813 Frederikshavn;1996 1996;19.52
70 Gini coefficient;820 Vesthimmerlands;1996 1996;20.27
70 Gini coefficient;825 Læsø;1996 1996;19.42
70 Gini coefficient;840 Rebild;1996 1996;20.31
70 Gini coefficient;846 Mariagerfjord;1996 1996;20.58
70 Gini coefficient;849 Jammerbugt;1996 1996;19.55
70 Gini coefficient;851 Aalborg;1996 1996;21.64
70 Gini coefficient;860 Hjørring;1996 1996;20.56
71 Hoover index;000 All Denmark;1996 1996;15.71
71 Hoover index;101 Copenhagen;1996 1996;16.97
71 Hoover index;147 Frederiksberg;1996 1996;18.67
71 Hoover index;151 Ballerup;1996 1996;14.56
71 Hoover index;153 Brøndby;1996 1996;15.27
71 Hoover index;155 Dragør;1996 1996;15.19
71 Hoover index;157 Gentofte;1996 1996;22.27
71 Hoover index;159 Gladsaxe;1996 1996;15.28
71 Hoover index;161 Glostrup;1996 1996;14.44
71 Hoover index;163 Herlev;1996 1996;14.97
71 Hoover index;165 Albertslund;1996 1996;15.64
71 Hoover index;167 Hvidovre;1996 1996;14.46
71 Hoover index;169 Høje-Taastrup;1996 1996;15.25
71 Hoover index;173 Lyngby-Taarbæk;1996 1996;18.82
71 Hoover index;175 Rødovre;1996 1996;14.02
71 Hoover index;183 Ishøj;1996 1996;15.42
71 Hoover index;185 Tårnby;1996 1996;13.40
71 Hoover index;187 Vallensbæk;1996 1996;13.03
71 Hoover index;190 Furesø;1996 1996;17.11
71 Hoover index;201 Allerød;1996 1996;14.90
71 Hoover index;210 Fredensborg;1996 1996;16.93
71 Hoover index;217 Helsingør;1996 1996;16.49
71 Hoover index;219 Hillerød;1996 1996;15.11
71 Hoover index;223 Hørsholm;1996 1996;22.30
71 Hoover index;230 Rudersdal;1996 1996;20.94
71 Hoover index;240 Egedal;1996 1996;12.95
71 Hoover index;250 Frederikssund;1996 1996;14.39
71 Hoover index;253 Greve;1996 1996;14.60
71 Hoover index;259 Køge;1996 1996;14.28
71 Hoover index;260 Halsnæs;1996 1996;13.45
71 Hoover index;265 Roskilde;1996 1996;15.40
71 Hoover index;269 Solrød;1996 1996;14.06
71 Hoover index;270 Gribskov;1996 1996;14.77
71 Hoover index;306 Odsherred;1996 1996;13.68
71 Hoover index;316 Holbæk;1996 1996;14.63
71 Hoover index;320 Faxe;1996 1996;13.75
71 Hoover index;326 Kalundborg;1996 1996;14.10
71 Hoover index;329 Ringsted;1996 1996;14.57
71 Hoover index;330 Slagelse;1996 1996;14.34
71 Hoover index;336 Stevns;1996 1996;14.07
71 Hoover index;340 Sorø;1996 1996;14.20
71 Hoover index;350 Lejre;1996 1996;13.99
71 Hoover index;360 Lolland;1996 1996;14.19
71 Hoover index;370 Næstved;1996 1996;14.30
71 Hoover index;376 Guldborgsund;1996 1996;14.24
71 Hoover index;390 Vordingborg;1996 1996;14.28
71 Hoover index;400 Bornholm;1996 1996;13.62
71 Hoover index;410 Middelfart;1996 1996;14.26
71 Hoover index;420 Assens;1996 1996;13.63
71 Hoover index;430 Faaborg-Midtfyn;1996 1996;13.51
71 Hoover index;440 Kerteminde;1996 1996;13.26
71 Hoover index;450 Nyborg;1996 1996;13.64
71 Hoover index;461 Odense;1996 1996;15.77
71 Hoover index;479 Svendborg;1996 1996;14.97
71 Hoover index;480 Nordfyns;1996 1996;13.44
71 Hoover index;482 Langeland;1996 1996;13.75
71 Hoover index;492 Ærø;1996 1996;14.70
71 Hoover index;510 Haderslev;1996 1996;14.10
71 Hoover index;530 Billund;1996 1996;14.34
71 Hoover index;540 Sønderborg;1996 1996;14.38
71 Hoover index;550 Tønder;1996 1996;14.20
71 Hoover index;561 Esbjerg;1996 1996;14.93
71 Hoover index;563 Fanø;1996 1996;15.40
71 Hoover index;573 Varde;1996 1996;13.81
71 Hoover index;575 Vejen;1996 1996;13.78
71 Hoover index;580 Aabenraa;1996 1996;14.64
71 Hoover index;607 Fredericia;1996 1996;13.81
71 Hoover index;615 Horsens;1996 1996;14.65
71 Hoover index;621 Kolding;1996 1996;15.01
71 Hoover index;630 Vejle;1996 1996;14.75
71 Hoover index;657 Herning;1996 1996;14.49
71 Hoover index;661 Holstebro;1996 1996;14.48
71 Hoover index;665 Lemvig;1996 1996;14.53
71 Hoover index;671 Struer;1996 1996;13.82
71 Hoover index;706 Syddjurs;1996 1996;14.00
71 Hoover index;707 Norddjurs;1996 1996;14.07
71 Hoover index;710 Favrskov;1996 1996;13.35
71 Hoover index;727 Odder;1996 1996;14.13
71 Hoover index;730 Randers;1996 1996;14.39
71 Hoover index;740 Silkeborg;1996 1996;16.66
71 Hoover index;741 Samsø;1996 1996;14.53
71 Hoover index;746 Skanderborg;1996 1996;13.76
71 Hoover index;751 Aarhus;1996 1996;17.30
71 Hoover index;756 Ikast-Brande;1996 1996;14.55
71 Hoover index;760 Ringkøbing-Skjern;1996 1996;14.31
71 Hoover index;766 Hedensted;1996 1996;13.22
71 Hoover index;773 Morsø;1996 1996;13.60
71 Hoover index;779 Skive;1996 1996;14.68
71 Hoover index;787 Thisted;1996 1996;14.27
71 Hoover index;791 Viborg;1996 1996;13.97
71 Hoover index;810 Brønderslev;1996 1996;13.66
71 Hoover index;813 Frederikshavn;1996 1996;13.41
71 Hoover index;820 Vesthimmerlands;1996 1996;13.98
71 Hoover index;825 Læsø;1996 1996;13.54
71 Hoover index;840 Rebild;1996 1996;13.92
71 Hoover index;846 Mariagerfjord;1996 1996;14.17
71 Hoover index;849 Jammerbugt;1996 1996;13.40
71 Hoover index;851 Aalborg;1996 1996;14.96
71 Hoover index;860 Hjørring;1996 1996;14.08
72 S80/S20 (Income quintile share ratio);000 All Denmark;1996 1996;3.21
72 S80/S20 (Income quintile share ratio);101 Copenhagen;1996 1996;3.45
72 S80/S20 (Income quintile share ratio);147 Frederiksberg;1996 1996;3.95
72 S80/S20 (Income quintile share ratio);151 Ballerup;1996 1996;2.90
72 S80/S20 (Income quintile share ratio);153 Brøndby;1996 1996;2.96
72 S80/S20 (Income quintile share ratio);155 Dragør;1996 1996;3.25
72 S80/S20 (Income quintile share ratio);157 Gentofte;1996 1996;5.76
72 S80/S20 (Income quintile share ratio);159 Gladsaxe;1996 1996;3.11
72 S80/S20 (Income quintile share ratio);161 Glostrup;1996 1996;2.86
72 S80/S20 (Income quintile share ratio);163 Herlev;1996 1996;3.00
72 S80/S20 (Income quintile share ratio);165 Albertslund;1996 1996;3.15
72 S80/S20 (Income quintile share ratio);167 Hvidovre;1996 1996;2.90
72 S80/S20 (Income quintile share ratio);169 Høje-Taastrup;1996 1996;3.12
72 S80/S20 (Income quintile share ratio);173 Lyngby-Taarbæk;1996 1996;4.19
72 S80/S20 (Income quintile share ratio);175 Rødovre;1996 1996;2.77
72 S80/S20 (Income quintile share ratio);183 Ishøj;1996 1996;3.07
72 S80/S20 (Income quintile share ratio);185 Tårnby;1996 1996;2.73
72 S80/S20 (Income quintile share ratio);187 Vallensbæk;1996 1996;2.68
72 S80/S20 (Income quintile share ratio);190 Furesø;1996 1996;3.89
72 S80/S20 (Income quintile share ratio);201 Allerød;1996 1996;3.20
72 S80/S20 (Income quintile share ratio);210 Fredensborg;1996 1996;3.62
72 S80/S20 (Income quintile share ratio);217 Helsingør;1996 1996;3.39
72 S80/S20 (Income quintile share ratio);219 Hillerød;1996 1996;3.22
72 S80/S20 (Income quintile share ratio);223 Hørsholm;1996 1996;7.20
72 S80/S20 (Income quintile share ratio);230 Rudersdal;1996 1996;5.11
72 S80/S20 (Income quintile share ratio);240 Egedal;1996 1996;2.68
72 S80/S20 (Income quintile share ratio);250 Frederikssund;1996 1996;2.94
72 S80/S20 (Income quintile share ratio);253 Greve;1996 1996;3.02
72 S80/S20 (Income quintile share ratio);259 Køge;1996 1996;2.86
72 S80/S20 (Income quintile share ratio);260 Halsnæs;1996 1996;2.71
72 S80/S20 (Income quintile share ratio);265 Roskilde;1996 1996;3.18
72 S80/S20 (Income quintile share ratio);269 Solrød;1996 1996;2.88
72 S80/S20 (Income quintile share ratio);270 Gribskov;1996 1996;3.15
72 S80/S20 (Income quintile share ratio);306 Odsherred;1996 1996;2.72
72 S80/S20 (Income quintile share ratio);316 Holbæk;1996 1996;2.96
72 S80/S20 (Income quintile share ratio);320 Faxe;1996 1996;2.78
72 S80/S20 (Income quintile share ratio);326 Kalundborg;1996 1996;2.81
72 S80/S20 (Income quintile share ratio);329 Ringsted;1996 1996;2.98
72 S80/S20 (Income quintile share ratio);330 Slagelse;1996 1996;2.87
72 S80/S20 (Income quintile share ratio);336 Stevns;1996 1996;2.84
72 S80/S20 (Income quintile share ratio);340 Sorø;1996 1996;2.86
72 S80/S20 (Income quintile share ratio);350 Lejre;1996 1996;2.89
72 S80/S20 (Income quintile share ratio);360 Lolland;1996 1996;2.78
72 S80/S20 (Income quintile share ratio);370 Næstved;1996 1996;2.88
72 S80/S20 (Income quintile share ratio);376 Guldborgsund;1996 1996;2.81
72 S80/S20 (Income quintile share ratio);390 Vordingborg;1996 1996;2.86
72 S80/S20 (Income quintile share ratio);400 Bornholm;1996 1996;2.69
72 S80/S20 (Income quintile share ratio);410 Middelfart;1996 1996;2.92
72 S80/S20 (Income quintile share ratio);420 Assens;1996 1996;2.71
72 S80/S20 (Income quintile share ratio);430 Faaborg-Midtfyn;1996 1996;2.71
72 S80/S20 (Income quintile share ratio);440 Kerteminde;1996 1996;2.64
72 S80/S20 (Income quintile share ratio);450 Nyborg;1996 1996;2.71
72 S80/S20 (Income quintile share ratio);461 Odense;1996 1996;3.23
72 S80/S20 (Income quintile share ratio);479 Svendborg;1996 1996;3.04
72 S80/S20 (Income quintile share ratio);480 Nordfyns;1996 1996;2.70
72 S80/S20 (Income quintile share ratio);482 Langeland;1996 1996;2.68
72 S80/S20 (Income quintile share ratio);492 Ærø;1996 1996;2.93
72 S80/S20 (Income quintile share ratio);510 Haderslev;1996 1996;2.83
72 S80/S20 (Income quintile share ratio);530 Billund;1996 1996;2.91
72 S80/S20 (Income quintile share ratio);540 Sønderborg;1996 1996;2.90
72 S80/S20 (Income quintile share ratio);550 Tønder;1996 1996;2.86
72 S80/S20 (Income quintile share ratio);561 Esbjerg;1996 1996;3.07
72 S80/S20 (Income quintile share ratio);563 Fanø;1996 1996;3.22
72 S80/S20 (Income quintile share ratio);573 Varde;1996 1996;2.78
72 S80/S20 (Income quintile share ratio);575 Vejen;1996 1996;2.77
72 S80/S20 (Income quintile share ratio);580 Aabenraa;1996 1996;2.96
72 S80/S20 (Income quintile share ratio);607 Fredericia;1996 1996;2.77
72 S80/S20 (Income quintile share ratio);615 Horsens;1996 1996;2.95
72 S80/S20 (Income quintile share ratio);621 Kolding;1996 1996;3.06
72 S80/S20 (Income quintile share ratio);630 Vejle;1996 1996;3.00
72 S80/S20 (Income quintile share ratio);657 Herning;1996 1996;2.96
72 S80/S20 (Income quintile share ratio);661 Holstebro;1996 1996;2.96
72 S80/S20 (Income quintile share ratio);665 Lemvig;1996 1996;2.99
72 S80/S20 (Income quintile share ratio);671 Struer;1996 1996;2.81
72 S80/S20 (Income quintile share ratio);706 Syddjurs;1996 1996;2.83
72 S80/S20 (Income quintile share ratio);707 Norddjurs;1996 1996;2.82
72 S80/S20 (Income quintile share ratio);710 Favrskov;1996 1996;2.71
72 S80/S20 (Income quintile share ratio);727 Odder;1996 1996;2.87
72 S80/S20 (Income quintile share ratio);730 Randers;1996 1996;2.87
72 S80/S20 (Income quintile share ratio);740 Silkeborg;1996 1996;3.39
72 S80/S20 (Income quintile share ratio);741 Samsø;1996 1996;2.86
72 S80/S20 (Income quintile share ratio);746 Skanderborg;1996 1996;2.80
72 S80/S20 (Income quintile share ratio);751 Aarhus;1996 1996;3.65
72 S80/S20 (Income quintile share ratio);756 Ikast-Brande;1996 1996;3.00
72 S80/S20 (Income quintile share ratio);760 Ringkøbing-Skjern;1996 1996;2.95
72 S80/S20 (Income quintile share ratio);766 Hedensted;1996 1996;2.67
72 S80/S20 (Income quintile share ratio);773 Morsø;1996 1996;2.69
72 S80/S20 (Income quintile share ratio);779 Skive;1996 1996;2.94
72 S80/S20 (Income quintile share ratio);787 Thisted;1996 1996;2.87
72 S80/S20 (Income quintile share ratio);791 Viborg;1996 1996;2.85
72 S80/S20 (Income quintile share ratio);810 Brønderslev;1996 1996;2.72
72 S80/S20 (Income quintile share ratio);813 Frederikshavn;1996 1996;2.70
72 S80/S20 (Income quintile share ratio);820 Vesthimmerlands;1996 1996;2.81
72 S80/S20 (Income quintile share ratio);825 Læsø;1996 1996;2.64
72 S80/S20 (Income quintile share ratio);840 Rebild;1996 1996;2.83
72 S80/S20 (Income quintile share ratio);846 Mariagerfjord;1996 1996;2.84
72 S80/S20 (Income quintile share ratio);849 Jammerbugt;1996 1996;2.69
72 S80/S20 (Income quintile share ratio);851 Aalborg;1996 1996;3.05
72 S80/S20 (Income quintile share ratio);860 Hjørring;1996 1996;2.83
73 P90/10 (Upper decile boundary divided by lower);000 All Denmark;1996 1996;2.60
73 P90/10 (Upper decile boundary divided by lower);101 Copenhagen;1996 1996;2.81
73 P90/10 (Upper decile boundary divided by lower);147 Frederiksberg;1996 1996;3.20
73 P90/10 (Upper decile boundary divided by lower);151 Ballerup;1996 1996;2.54
73 P90/10 (Upper decile boundary divided by lower);153 Brøndby;1996 1996;2.59
73 P90/10 (Upper decile boundary divided by lower);155 Dragør;1996 1996;2.66
73 P90/10 (Upper decile boundary divided by lower);157 Gentofte;1996 1996;3.70
73 P90/10 (Upper decile boundary divided by lower);159 Gladsaxe;1996 1996;2.67
73 P90/10 (Upper decile boundary divided by lower);161 Glostrup;1996 1996;2.49
73 P90/10 (Upper decile boundary divided by lower);163 Herlev;1996 1996;2.59
73 P90/10 (Upper decile boundary divided by lower);165 Albertslund;1996 1996;2.71
73 P90/10 (Upper decile boundary divided by lower);167 Hvidovre;1996 1996;2.52
73 P90/10 (Upper decile boundary divided by lower);169 Høje-Taastrup;1996 1996;2.65
73 P90/10 (Upper decile boundary divided by lower);173 Lyngby-Taarbæk;1996 1996;3.22
73 P90/10 (Upper decile boundary divided by lower);175 Rødovre;1996 1996;2.44
73 P90/10 (Upper decile boundary divided by lower);183 Ishøj;1996 1996;2.65
73 P90/10 (Upper decile boundary divided by lower);185 Tårnby;1996 1996;2.42
73 P90/10 (Upper decile boundary divided by lower);187 Vallensbæk;1996 1996;2.33
73 P90/10 (Upper decile boundary divided by lower);190 Furesø;1996 1996;2.86
73 P90/10 (Upper decile boundary divided by lower);201 Allerød;1996 1996;2.53
73 P90/10 (Upper decile boundary divided by lower);210 Fredensborg;1996 1996;2.82
73 P90/10 (Upper decile boundary divided by lower);217 Helsingør;1996 1996;2.75
73 P90/10 (Upper decile boundary divided by lower);219 Hillerød;1996 1996;2.61
73 P90/10 (Upper decile boundary divided by lower);223 Hørsholm;1996 1996;3.49
73 P90/10 (Upper decile boundary divided by lower);230 Rudersdal;1996 1996;3.52
73 P90/10 (Upper decile boundary divided by lower);240 Egedal;1996 1996;2.30
73 P90/10 (Upper decile boundary divided by lower);250 Frederikssund;1996 1996;2.44
73 P90/10 (Upper decile boundary divided by lower);253 Greve;1996 1996;2.63
73 P90/10 (Upper decile boundary divided by lower);259 Køge;1996 1996;2.48
73 P90/10 (Upper decile boundary divided by lower);260 Halsnæs;1996 1996;2.32
73 P90/10 (Upper decile boundary divided by lower);265 Roskilde;1996 1996;2.71
73 P90/10 (Upper decile boundary divided by lower);269 Solrød;1996 1996;2.45
73 P90/10 (Upper decile boundary divided by lower);270 Gribskov;1996 1996;2.47
73 P90/10 (Upper decile boundary divided by lower);306 Odsherred;1996 1996;2.29
73 P90/10 (Upper decile boundary divided by lower);316 Holbæk;1996 1996;2.47
73 P90/10 (Upper decile boundary divided by lower);320 Faxe;1996 1996;2.38
73 P90/10 (Upper decile boundary divided by lower);326 Kalundborg;1996 1996;2.38
73 P90/10 (Upper decile boundary divided by lower);329 Ringsted;1996 1996;2.44
73 P90/10 (Upper decile boundary divided by lower);330 Slagelse;1996 1996;2.42
73 P90/10 (Upper decile boundary divided by lower);336 Stevns;1996 1996;2.38
73 P90/10 (Upper decile boundary divided by lower);340 Sorø;1996 1996;2.37
73 P90/10 (Upper decile boundary divided by lower);350 Lejre;1996 1996;2.42
73 P90/10 (Upper decile boundary divided by lower);360 Lolland;1996 1996;2.30
73 P90/10 (Upper decile boundary divided by lower);370 Næstved;1996 1996;2.42
73 P90/10 (Upper decile boundary divided by lower);376 Guldborgsund;1996 1996;2.35
73 P90/10 (Upper decile boundary divided by lower);390 Vordingborg;1996 1996;2.38
73 P90/10 (Upper decile boundary divided by lower);400 Bornholm;1996 1996;2.24
73 P90/10 (Upper decile boundary divided by lower);410 Middelfart;1996 1996;2.32
73 P90/10 (Upper decile boundary divided by lower);420 Assens;1996 1996;2.27
73 P90/10 (Upper decile boundary divided by lower);430 Faaborg-Midtfyn;1996 1996;2.27
73 P90/10 (Upper decile boundary divided by lower);440 Kerteminde;1996 1996;2.25
73 P90/10 (Upper decile boundary divided by lower);450 Nyborg;1996 1996;2.32
73 P90/10 (Upper decile boundary divided by lower);461 Odense;1996 1996;2.69
73 P90/10 (Upper decile boundary divided by lower);479 Svendborg;1996 1996;2.47
73 P90/10 (Upper decile boundary divided by lower);480 Nordfyns;1996 1996;2.27
73 P90/10 (Upper decile boundary divided by lower);482 Langeland;1996 1996;2.23
73 P90/10 (Upper decile boundary divided by lower);492 Ærø;1996 1996;2.39
73 P90/10 (Upper decile boundary divided by lower);510 Haderslev;1996 1996;2.33
73 P90/10 (Upper decile boundary divided by lower);530 Billund;1996 1996;2.32
73 P90/10 (Upper decile boundary divided by lower);540 Sønderborg;1996 1996;2.41
73 P90/10 (Upper decile boundary divided by lower);550 Tønder;1996 1996;2.37
73 P90/10 (Upper decile boundary divided by lower);561 Esbjerg;1996 1996;2.48
73 P90/10 (Upper decile boundary divided by lower);563 Fanø;1996 1996;2.53
73 P90/10 (Upper decile boundary divided by lower);573 Varde;1996 1996;2.32
73 P90/10 (Upper decile boundary divided by lower);575 Vejen;1996 1996;2.30
73 P90/10 (Upper decile boundary divided by lower);580 Aabenraa;1996 1996;2.42
73 P90/10 (Upper decile boundary divided by lower);607 Fredericia;1996 1996;2.36
73 P90/10 (Upper decile boundary divided by lower);615 Horsens;1996 1996;2.43
73 P90/10 (Upper decile boundary divided by lower);621 Kolding;1996 1996;2.46
73 P90/10 (Upper decile boundary divided by lower);630 Vejle;1996 1996;2.47
73 P90/10 (Upper decile boundary divided by lower);657 Herning;1996 1996;2.40
73 P90/10 (Upper decile boundary divided by lower);661 Holstebro;1996 1996;2.42
73 P90/10 (Upper decile boundary divided by lower);665 Lemvig;1996 1996;2.42
73 P90/10 (Upper decile boundary divided by lower);671 Struer;1996 1996;2.29
73 P90/10 (Upper decile boundary divided by lower);706 Syddjurs;1996 1996;2.35
73 P90/10 (Upper decile boundary divided by lower);707 Norddjurs;1996 1996;2.34
73 P90/10 (Upper decile boundary divided by lower);710 Favrskov;1996 1996;2.26
73 P90/10 (Upper decile boundary divided by lower);727 Odder;1996 1996;2.38
73 P90/10 (Upper decile boundary divided by lower);730 Randers;1996 1996;2.39
73 P90/10 (Upper decile boundary divided by lower);740 Silkeborg;1996 1996;2.41
73 P90/10 (Upper decile boundary divided by lower);741 Samsø;1996 1996;2.29
73 P90/10 (Upper decile boundary divided by lower);746 Skanderborg;1996 1996;2.32
73 P90/10 (Upper decile boundary divided by lower);751 Aarhus;1996 1996;2.98
73 P90/10 (Upper decile boundary divided by lower);756 Ikast-Brande;1996 1996;2.34
73 P90/10 (Upper decile boundary divided by lower);760 Ringkøbing-Skjern;1996 1996;2.35
73 P90/10 (Upper decile boundary divided by lower);766 Hedensted;1996 1996;2.26
73 P90/10 (Upper decile boundary divided by lower);773 Morsø;1996 1996;2.24
73 P90/10 (Upper decile boundary divided by lower);779 Skive;1996 1996;2.33
73 P90/10 (Upper decile boundary divided by lower);787 Thisted;1996 1996;2.36
73 P90/10 (Upper decile boundary divided by lower);791 Viborg;1996 1996;2.35
73 P90/10 (Upper decile boundary divided by lower);810 Brønderslev;1996 1996;2.30
73 P90/10 (Upper decile boundary divided by lower);813 Frederikshavn;1996 1996;2.28
73 P90/10 (Upper decile boundary divided by lower);820 Vesthimmerlands;1996 1996;2.35
73 P90/10 (Upper decile boundary divided by lower);825 Læsø;1996 1996;2.29
73 P90/10 (Upper decile boundary divided by lower);840 Rebild;1996 1996;2.35
73 P90/10 (Upper decile boundary divided by lower);846 Mariagerfjord;1996 1996;2.34
73 P90/10 (Upper decile boundary divided by lower);849 Jammerbugt;1996 1996;2.25
73 P90/10 (Upper decile boundary divided by lower);851 Aalborg;1996 1996;2.52
73 P90/10 (Upper decile boundary divided by lower);860 Hjørring;1996 1996;2.32
70 Gini coefficient;000 All Denmark;1987 1987;22.07
70 Gini coefficient;101 Copenhagen;1987 1987;23.05
70 Gini coefficient;147 Frederiksberg;1987 1987;25.28
70 Gini coefficient;151 Ballerup;1987 1987;18.19
70 Gini coefficient;153 Brøndby;1987 1987;18.44
70 Gini coefficient;155 Dragør;1987 1987;21.27
70 Gini coefficient;157 Gentofte;1987 1987;31.10
70 Gini coefficient;159 Gladsaxe;1987 1987;20.66
70 Gini coefficient;161 Glostrup;1987 1987;19.30
70 Gini coefficient;163 Herlev;1987 1987;19.11
70 Gini coefficient;165 Albertslund;1987 1987;18.82
70 Gini coefficient;167 Hvidovre;1987 1987;18.96
70 Gini coefficient;169 Høje-Taastrup;1987 1987;18.69
70 Gini coefficient;173 Lyngby-Taarbæk;1987 1987;24.97
70 Gini coefficient;175 Rødovre;1987 1987;17.93
70 Gini coefficient;183 Ishøj;1987 1987;18.01
70 Gini coefficient;185 Tårnby;1987 1987;17.83
70 Gini coefficient;187 Vallensbæk;1987 1987;15.90
70 Gini coefficient;190 Furesø;1987 1987;21.51
70 Gini coefficient;201 Allerød;1987 1987;19.86
70 Gini coefficient;210 Fredensborg;1987 1987;21.17
70 Gini coefficient;217 Helsingør;1987 1987;21.91
70 Gini coefficient;219 Hillerød;1987 1987;20.91
70 Gini coefficient;223 Hørsholm;1987 1987;28.39
70 Gini coefficient;230 Rudersdal;1987 1987;29.05
70 Gini coefficient;240 Egedal;1987 1987;16.93
70 Gini coefficient;250 Frederikssund;1987 1987;19.27
70 Gini coefficient;253 Greve;1987 1987;18.64
70 Gini coefficient;259 Køge;1987 1987;19.52
70 Gini coefficient;260 Halsnæs;1987 1987;18.50
70 Gini coefficient;265 Roskilde;1987 1987;20.54
70 Gini coefficient;269 Solrød;1987 1987;18.73
70 Gini coefficient;270 Gribskov;1987 1987;20.48
70 Gini coefficient;306 Odsherred;1987 1987;20.84
70 Gini coefficient;316 Holbæk;1987 1987;20.51
70 Gini coefficient;320 Faxe;1987 1987;21.64
70 Gini coefficient;326 Kalundborg;1987 1987;20.40
70 Gini coefficient;329 Ringsted;1987 1987;20.97
70 Gini coefficient;330 Slagelse;1987 1987;20.84
70 Gini coefficient;336 Stevns;1987 1987;21.35
70 Gini coefficient;340 Sorø;1987 1987;22.24
70 Gini coefficient;350 Lejre;1987 1987;19.34
70 Gini coefficient;360 Lolland;1987 1987;20.40
70 Gini coefficient;370 Næstved;1987 1987;20.65
70 Gini coefficient;376 Guldborgsund;1987 1987;21.30
70 Gini coefficient;390 Vordingborg;1987 1987;21.36
70 Gini coefficient;400 Bornholm;1987 1987;21.31
70 Gini coefficient;410 Middelfart;1987 1987;20.29
70 Gini coefficient;420 Assens;1987 1987;20.25
70 Gini coefficient;430 Faaborg-Midtfyn;1987 1987;20.88
70 Gini coefficient;440 Kerteminde;1987 1987;19.33
70 Gini coefficient;450 Nyborg;1987 1987;19.86
70 Gini coefficient;461 Odense;1987 1987;20.75
70 Gini coefficient;479 Svendborg;1987 1987;22.15
70 Gini coefficient;480 Nordfyns;1987 1987;20.06
70 Gini coefficient;482 Langeland;1987 1987;21.43
70 Gini coefficient;492 Ærø;1987 1987;24.63
70 Gini coefficient;510 Haderslev;1987 1987;20.74
70 Gini coefficient;530 Billund;1987 1987;21.58
70 Gini coefficient;540 Sønderborg;1987 1987;20.18
70 Gini coefficient;550 Tønder;1987 1987;21.03
70 Gini coefficient;561 Esbjerg;1987 1987;21.51
70 Gini coefficient;563 Fanø;1987 1987;25.67
70 Gini coefficient;573 Varde;1987 1987;20.57
70 Gini coefficient;575 Vejen;1987 1987;21.20
70 Gini coefficient;580 Aabenraa;1987 1987;21.33
70 Gini coefficient;607 Fredericia;1987 1987;19.15
70 Gini coefficient;615 Horsens;1987 1987;20.77
70 Gini coefficient;621 Kolding;1987 1987;20.51
70 Gini coefficient;630 Vejle;1987 1987;21.32
70 Gini coefficient;657 Herning;1987 1987;21.20
70 Gini coefficient;661 Holstebro;1987 1987;21.12
70 Gini coefficient;665 Lemvig;1987 1987;23.13
70 Gini coefficient;671 Struer;1987 1987;20.29
70 Gini coefficient;706 Syddjurs;1987 1987;22.22
70 Gini coefficient;707 Norddjurs;1987 1987;21.51
70 Gini coefficient;710 Favrskov;1987 1987;19.59
70 Gini coefficient;727 Odder;1987 1987;20.93
70 Gini coefficient;730 Randers;1987 1987;20.65
70 Gini coefficient;740 Silkeborg;1987 1987;21.77
70 Gini coefficient;741 Samsø;1987 1987;21.14
70 Gini coefficient;746 Skanderborg;1987 1987;19.97
70 Gini coefficient;751 Aarhus;1987 1987;22.10
70 Gini coefficient;756 Ikast-Brande;1987 1987;22.04
70 Gini coefficient;760 Ringkøbing-Skjern;1987 1987;21.80
70 Gini coefficient;766 Hedensted;1987 1987;20.69
70 Gini coefficient;773 Morsø;1987 1987;20.85
70 Gini coefficient;779 Skive;1987 1987;21.02
70 Gini coefficient;787 Thisted;1987 1987;21.70
70 Gini coefficient;791 Viborg;1987 1987;20.69
70 Gini coefficient;810 Brønderslev;1987 1987;21.51
70 Gini coefficient;813 Frederikshavn;1987 1987;20.35
70 Gini coefficient;820 Vesthimmerlands;1987 1987;21.75
70 Gini coefficient;825 Læsø;1987 1987;22.81
70 Gini coefficient;840 Rebild;1987 1987;22.02
70 Gini coefficient;846 Mariagerfjord;1987 1987;22.31
70 Gini coefficient;849 Jammerbugt;1987 1987;20.87
70 Gini coefficient;851 Aalborg;1987 1987;21.01
70 Gini coefficient;860 Hjørring;1987 1987;21.96
71 Hoover index;000 All Denmark;1987 1987;15.00
71 Hoover index;101 Copenhagen;1987 1987;16.16
71 Hoover index;147 Frederiksberg;1987 1987;17.41
71 Hoover index;151 Ballerup;1987 1987;12.53
71 Hoover index;153 Brøndby;1987 1987;12.80
71 Hoover index;155 Dragør;1987 1987;14.25
71 Hoover index;157 Gentofte;1987 1987;20.64
71 Hoover index;159 Gladsaxe;1987 1987;14.16
71 Hoover index;161 Glostrup;1987 1987;13.33
71 Hoover index;163 Herlev;1987 1987;13.19
71 Hoover index;165 Albertslund;1987 1987;13.02
71 Hoover index;167 Hvidovre;1987 1987;13.12
71 Hoover index;169 Høje-Taastrup;1987 1987;12.83
71 Hoover index;173 Lyngby-Taarbæk;1987 1987;16.99
71 Hoover index;175 Rødovre;1987 1987;12.44
71 Hoover index;183 Ishøj;1987 1987;12.48
71 Hoover index;185 Tårnby;1987 1987;12.33
71 Hoover index;187 Vallensbæk;1987 1987;10.87
71 Hoover index;190 Furesø;1987 1987;14.58
71 Hoover index;201 Allerød;1987 1987;13.39
71 Hoover index;210 Fredensborg;1987 1987;14.31
71 Hoover index;217 Helsingør;1987 1987;14.87
71 Hoover index;219 Hillerød;1987 1987;14.15
71 Hoover index;223 Hørsholm;1987 1987;18.81
71 Hoover index;230 Rudersdal;1987 1987;19.14
71 Hoover index;240 Egedal;1987 1987;11.49
71 Hoover index;250 Frederikssund;1987 1987;13.14
71 Hoover index;253 Greve;1987 1987;12.66
71 Hoover index;259 Køge;1987 1987;13.35
71 Hoover index;260 Halsnæs;1987 1987;12.70
71 Hoover index;265 Roskilde;1987 1987;13.96
71 Hoover index;269 Solrød;1987 1987;12.56
71 Hoover index;270 Gribskov;1987 1987;13.93
71 Hoover index;306 Odsherred;1987 1987;14.19
71 Hoover index;316 Holbæk;1987 1987;13.99
71 Hoover index;320 Faxe;1987 1987;14.64
71 Hoover index;326 Kalundborg;1987 1987;13.89
71 Hoover index;329 Ringsted;1987 1987;14.27
71 Hoover index;330 Slagelse;1987 1987;14.21
71 Hoover index;336 Stevns;1987 1987;14.51
71 Hoover index;340 Sorø;1987 1987;15.08
71 Hoover index;350 Lejre;1987 1987;12.95
71 Hoover index;360 Lolland;1987 1987;13.89
71 Hoover index;370 Næstved;1987 1987;14.07
71 Hoover index;376 Guldborgsund;1987 1987;14.44
71 Hoover index;390 Vordingborg;1987 1987;14.53
71 Hoover index;400 Bornholm;1987 1987;14.40
71 Hoover index;410 Middelfart;1987 1987;13.68
71 Hoover index;420 Assens;1987 1987;13.77
71 Hoover index;430 Faaborg-Midtfyn;1987 1987;14.08
71 Hoover index;440 Kerteminde;1987 1987;13.15
71 Hoover index;450 Nyborg;1987 1987;13.47
71 Hoover index;461 Odense;1987 1987;14.14
71 Hoover index;479 Svendborg;1987 1987;14.93
71 Hoover index;480 Nordfyns;1987 1987;13.70
71 Hoover index;482 Langeland;1987 1987;14.53
71 Hoover index;492 Ærø;1987 1987;16.60
71 Hoover index;510 Haderslev;1987 1987;14.05
71 Hoover index;530 Billund;1987 1987;14.41
71 Hoover index;540 Sønderborg;1987 1987;13.69
71 Hoover index;550 Tønder;1987 1987;14.32
71 Hoover index;561 Esbjerg;1987 1987;14.46
71 Hoover index;563 Fanø;1987 1987;17.18
71 Hoover index;573 Varde;1987 1987;13.98
71 Hoover index;575 Vejen;1987 1987;14.38
71 Hoover index;580 Aabenraa;1987 1987;14.46
71 Hoover index;607 Fredericia;1987 1987;13.03
71 Hoover index;615 Horsens;1987 1987;14.14
71 Hoover index;621 Kolding;1987 1987;13.93
71 Hoover index;630 Vejle;1987 1987;14.47
71 Hoover index;657 Herning;1987 1987;14.25
71 Hoover index;661 Holstebro;1987 1987;14.33
71 Hoover index;665 Lemvig;1987 1987;15.68
71 Hoover index;671 Struer;1987 1987;13.73
71 Hoover index;706 Syddjurs;1987 1987;14.96
71 Hoover index;707 Norddjurs;1987 1987;14.64
71 Hoover index;710 Favrskov;1987 1987;13.21
71 Hoover index;727 Odder;1987 1987;14.00
71 Hoover index;730 Randers;1987 1987;14.00
71 Hoover index;740 Silkeborg;1987 1987;14.61
71 Hoover index;741 Samsø;1987 1987;14.58
71 Hoover index;746 Skanderborg;1987 1987;13.42
71 Hoover index;751 Aarhus;1987 1987;15.07
71 Hoover index;756 Ikast-Brande;1987 1987;14.75
71 Hoover index;760 Ringkøbing-Skjern;1987 1987;14.77
71 Hoover index;766 Hedensted;1987 1987;14.07
71 Hoover index;773 Morsø;1987 1987;14.27
71 Hoover index;779 Skive;1987 1987;14.22
71 Hoover index;787 Thisted;1987 1987;14.77
71 Hoover index;791 Viborg;1987 1987;13.98
71 Hoover index;810 Brønderslev;1987 1987;14.54
71 Hoover index;813 Frederikshavn;1987 1987;13.79
71 Hoover index;820 Vesthimmerlands;1987 1987;14.81
71 Hoover index;825 Læsø;1987 1987;15.55
71 Hoover index;840 Rebild;1987 1987;14.81
71 Hoover index;846 Mariagerfjord;1987 1987;15.03
71 Hoover index;849 Jammerbugt;1987 1987;14.22
71 Hoover index;851 Aalborg;1987 1987;14.33
71 Hoover index;860 Hjørring;1987 1987;14.79
72 S80/S20 (Income quintile share ratio);000 All Denmark;1987 1987;3.24
72 S80/S20 (Income quintile share ratio);101 Copenhagen;1987 1987;3.36
72 S80/S20 (Income quintile share ratio);147 Frederiksberg;1987 1987;3.85
72 S80/S20 (Income quintile share ratio);151 Ballerup;1987 1987;2.58
72 S80/S20 (Income quintile share ratio);153 Brøndby;1987 1987;2.61
72 S80/S20 (Income quintile share ratio);155 Dragør;1987 1987;3.05
72 S80/S20 (Income quintile share ratio);157 Gentofte;1987 1987;5.39
72 S80/S20 (Income quintile share ratio);159 Gladsaxe;1987 1987;3.04
72 S80/S20 (Income quintile share ratio);161 Glostrup;1987 1987;2.81
72 S80/S20 (Income quintile share ratio);163 Herlev;1987 1987;2.73
72 S80/S20 (Income quintile share ratio);165 Albertslund;1987 1987;2.68
72 S80/S20 (Income quintile share ratio);167 Hvidovre;1987 1987;2.74
72 S80/S20 (Income quintile share ratio);169 Høje-Taastrup;1987 1987;2.67
72 S80/S20 (Income quintile share ratio);173 Lyngby-Taarbæk;1987 1987;3.77
72 S80/S20 (Income quintile share ratio);175 Rødovre;1987 1987;2.56
72 S80/S20 (Income quintile share ratio);183 Ishøj;1987 1987;2.57
72 S80/S20 (Income quintile share ratio);185 Tårnby;1987 1987;2.57
72 S80/S20 (Income quintile share ratio);187 Vallensbæk;1987 1987;2.26
72 S80/S20 (Income quintile share ratio);190 Furesø;1987 1987;3.10
72 S80/S20 (Income quintile share ratio);201 Allerød;1987 1987;2.83
72 S80/S20 (Income quintile share ratio);210 Fredensborg;1987 1987;3.12
72 S80/S20 (Income quintile share ratio);217 Helsingør;1987 1987;3.24
72 S80/S20 (Income quintile share ratio);219 Hillerød;1987 1987;3.05
72 S80/S20 (Income quintile share ratio);223 Hørsholm;1987 1987;4.51
72 S80/S20 (Income quintile share ratio);230 Rudersdal;1987 1987;5.15
72 S80/S20 (Income quintile share ratio);240 Egedal;1987 1987;2.44
72 S80/S20 (Income quintile share ratio);250 Frederikssund;1987 1987;2.80
72 S80/S20 (Income quintile share ratio);253 Greve;1987 1987;2.68
72 S80/S20 (Income quintile share ratio);259 Køge;1987 1987;2.84
72 S80/S20 (Income quintile share ratio);260 Halsnæs;1987 1987;2.67
72 S80/S20 (Income quintile share ratio);265 Roskilde;1987 1987;2.99
72 S80/S20 (Income quintile share ratio);269 Solrød;1987 1987;2.67
72 S80/S20 (Income quintile share ratio);270 Gribskov;1987 1987;3.01
72 S80/S20 (Income quintile share ratio);306 Odsherred;1987 1987;3.06
72 S80/S20 (Income quintile share ratio);316 Holbæk;1987 1987;3.00
72 S80/S20 (Income quintile share ratio);320 Faxe;1987 1987;3.27
72 S80/S20 (Income quintile share ratio);326 Kalundborg;1987 1987;2.97
72 S80/S20 (Income quintile share ratio);329 Ringsted;1987 1987;3.07
72 S80/S20 (Income quintile share ratio);330 Slagelse;1987 1987;3.04
72 S80/S20 (Income quintile share ratio);336 Stevns;1987 1987;3.18
72 S80/S20 (Income quintile share ratio);340 Sorø;1987 1987;3.46
72 S80/S20 (Income quintile share ratio);350 Lejre;1987 1987;2.86
72 S80/S20 (Income quintile share ratio);360 Lolland;1987 1987;2.98
72 S80/S20 (Income quintile share ratio);370 Næstved;1987 1987;3.04
72 S80/S20 (Income quintile share ratio);376 Guldborgsund;1987 1987;3.19
72 S80/S20 (Income quintile share ratio);390 Vordingborg;1987 1987;3.18
72 S80/S20 (Income quintile share ratio);400 Bornholm;1987 1987;3.18
72 S80/S20 (Income quintile share ratio);410 Middelfart;1987 1987;2.94
72 S80/S20 (Income quintile share ratio);420 Assens;1987 1987;2.97
72 S80/S20 (Income quintile share ratio);430 Faaborg-Midtfyn;1987 1987;3.09
72 S80/S20 (Income quintile share ratio);440 Kerteminde;1987 1987;2.77
72 S80/S20 (Income quintile share ratio);450 Nyborg;1987 1987;2.90
72 S80/S20 (Income quintile share ratio);461 Odense;1987 1987;2.96
72 S80/S20 (Income quintile share ratio);479 Svendborg;1987 1987;3.25
72 S80/S20 (Income quintile share ratio);480 Nordfyns;1987 1987;2.94
72 S80/S20 (Income quintile share ratio);482 Langeland;1987 1987;3.11
72 S80/S20 (Income quintile share ratio);492 Ærø;1987 1987;3.78
72 S80/S20 (Income quintile share ratio);510 Haderslev;1987 1987;3.00
72 S80/S20 (Income quintile share ratio);530 Billund;1987 1987;3.11
72 S80/S20 (Income quintile share ratio);540 Sønderborg;1987 1987;2.93
72 S80/S20 (Income quintile share ratio);550 Tønder;1987 1987;3.09
72 S80/S20 (Income quintile share ratio);561 Esbjerg;1987 1987;3.15
72 S80/S20 (Income quintile share ratio);563 Fanø;1987 1987;4.43
72 S80/S20 (Income quintile share ratio);573 Varde;1987 1987;3.00
72 S80/S20 (Income quintile share ratio);575 Vejen;1987 1987;3.14
72 S80/S20 (Income quintile share ratio);580 Aabenraa;1987 1987;3.08
72 S80/S20 (Income quintile share ratio);607 Fredericia;1987 1987;2.75
72 S80/S20 (Income quintile share ratio);615 Horsens;1987 1987;3.03
72 S80/S20 (Income quintile share ratio);621 Kolding;1987 1987;2.96
72 S80/S20 (Income quintile share ratio);630 Vejle;1987 1987;3.15
72 S80/S20 (Income quintile share ratio);657 Herning;1987 1987;3.12
72 S80/S20 (Income quintile share ratio);661 Holstebro;1987 1987;3.09
72 S80/S20 (Income quintile share ratio);665 Lemvig;1987 1987;3.56
72 S80/S20 (Income quintile share ratio);671 Struer;1987 1987;3.01
72 S80/S20 (Income quintile share ratio);706 Syddjurs;1987 1987;3.28
72 S80/S20 (Income quintile share ratio);707 Norddjurs;1987 1987;3.22
72 S80/S20 (Income quintile share ratio);710 Favrskov;1987 1987;2.90
72 S80/S20 (Income quintile share ratio);727 Odder;1987 1987;3.03
72 S80/S20 (Income quintile share ratio);730 Randers;1987 1987;2.97
72 S80/S20 (Income quintile share ratio);740 Silkeborg;1987 1987;3.24
72 S80/S20 (Income quintile share ratio);741 Samsø;1987 1987;3.06
72 S80/S20 (Income quintile share ratio);746 Skanderborg;1987 1987;2.97
72 S80/S20 (Income quintile share ratio);751 Aarhus;1987 1987;3.26
72 S80/S20 (Income quintile share ratio);756 Ikast-Brande;1987 1987;3.29
72 S80/S20 (Income quintile share ratio);760 Ringkøbing-Skjern;1987 1987;3.27
72 S80/S20 (Income quintile share ratio);766 Hedensted;1987 1987;3.03
72 S80/S20 (Income quintile share ratio);773 Morsø;1987 1987;3.00
72 S80/S20 (Income quintile share ratio);779 Skive;1987 1987;3.08
72 S80/S20 (Income quintile share ratio);787 Thisted;1987 1987;3.17
72 S80/S20 (Income quintile share ratio);791 Viborg;1987 1987;3.05
72 S80/S20 (Income quintile share ratio);810 Brønderslev;1987 1987;3.22
72 S80/S20 (Income quintile share ratio);813 Frederikshavn;1987 1987;2.95
72 S80/S20 (Income quintile share ratio);820 Vesthimmerlands;1987 1987;3.28
72 S80/S20 (Income quintile share ratio);825 Læsø;1987 1987;3.40
72 S80/S20 (Income quintile share ratio);840 Rebild;1987 1987;3.33
72 S80/S20 (Income quintile share ratio);846 Mariagerfjord;1987 1987;3.39
72 S80/S20 (Income quintile share ratio);849 Jammerbugt;1987 1987;3.09
72 S80/S20 (Income quintile share ratio);851 Aalborg;1987 1987;3.06
72 S80/S20 (Income quintile share ratio);860 Hjørring;1987 1987;3.33
73 P90/10 (Upper decile boundary divided by lower);000 All Denmark;1987 1987;2.50
73 P90/10 (Upper decile boundary divided by lower);101 Copenhagen;1987 1987;2.65
73 P90/10 (Upper decile boundary divided by lower);147 Frederiksberg;1987 1987;2.92
73 P90/10 (Upper decile boundary divided by lower);151 Ballerup;1987 1987;2.26
73 P90/10 (Upper decile boundary divided by lower);153 Brøndby;1987 1987;2.25
73 P90/10 (Upper decile boundary divided by lower);155 Dragør;1987 1987;2.42
73 P90/10 (Upper decile boundary divided by lower);157 Gentofte;1987 1987;3.33
73 P90/10 (Upper decile boundary divided by lower);159 Gladsaxe;1987 1987;2.48
73 P90/10 (Upper decile boundary divided by lower);161 Glostrup;1987 1987;2.40
73 P90/10 (Upper decile boundary divided by lower);163 Herlev;1987 1987;2.35
73 P90/10 (Upper decile boundary divided by lower);165 Albertslund;1987 1987;2.33
73 P90/10 (Upper decile boundary divided by lower);167 Hvidovre;1987 1987;2.37
73 P90/10 (Upper decile boundary divided by lower);169 Høje-Taastrup;1987 1987;2.27
73 P90/10 (Upper decile boundary divided by lower);173 Lyngby-Taarbæk;1987 1987;2.95
73 P90/10 (Upper decile boundary divided by lower);175 Rødovre;1987 1987;2.25
73 P90/10 (Upper decile boundary divided by lower);183 Ishøj;1987 1987;2.25
73 P90/10 (Upper decile boundary divided by lower);185 Tårnby;1987 1987;2.25
73 P90/10 (Upper decile boundary divided by lower);187 Vallensbæk;1987 1987;1.96
73 P90/10 (Upper decile boundary divided by lower);190 Furesø;1987 1987;2.47
73 P90/10 (Upper decile boundary divided by lower);201 Allerød;1987 1987;2.30
73 P90/10 (Upper decile boundary divided by lower);210 Fredensborg;1987 1987;2.42
73 P90/10 (Upper decile boundary divided by lower);217 Helsingør;1987 1987;2.53
73 P90/10 (Upper decile boundary divided by lower);219 Hillerød;1987 1987;2.43
73 P90/10 (Upper decile boundary divided by lower);223 Hørsholm;1987 1987;2.88
73 P90/10 (Upper decile boundary divided by lower);230 Rudersdal;1987 1987;3.07
73 P90/10 (Upper decile boundary divided by lower);240 Egedal;1987 1987;2.07
73 P90/10 (Upper decile boundary divided by lower);250 Frederikssund;1987 1987;2.30
73 P90/10 (Upper decile boundary divided by lower);253 Greve;1987 1987;2.22
73 P90/10 (Upper decile boundary divided by lower);259 Køge;1987 1987;2.32
73 P90/10 (Upper decile boundary divided by lower);260 Halsnæs;1987 1987;2.24
73 P90/10 (Upper decile boundary divided by lower);265 Roskilde;1987 1987;2.42
73 P90/10 (Upper decile boundary divided by lower);269 Solrød;1987 1987;2.17
73 P90/10 (Upper decile boundary divided by lower);270 Gribskov;1987 1987;2.40
73 P90/10 (Upper decile boundary divided by lower);306 Odsherred;1987 1987;2.40
73 P90/10 (Upper decile boundary divided by lower);316 Holbæk;1987 1987;2.36
73 P90/10 (Upper decile boundary divided by lower);320 Faxe;1987 1987;2.46
73 P90/10 (Upper decile boundary divided by lower);326 Kalundborg;1987 1987;2.31
73 P90/10 (Upper decile boundary divided by lower);329 Ringsted;1987 1987;2.38
73 P90/10 (Upper decile boundary divided by lower);330 Slagelse;1987 1987;2.35
73 P90/10 (Upper decile boundary divided by lower);336 Stevns;1987 1987;2.45
73 P90/10 (Upper decile boundary divided by lower);340 Sorø;1987 1987;2.57
73 P90/10 (Upper decile boundary divided by lower);350 Lejre;1987 1987;2.26
73 P90/10 (Upper decile boundary divided by lower);360 Lolland;1987 1987;2.29
73 P90/10 (Upper decile boundary divided by lower);370 Næstved;1987 1987;2.36
73 P90/10 (Upper decile boundary divided by lower);376 Guldborgsund;1987 1987;2.37
73 P90/10 (Upper decile boundary divided by lower);390 Vordingborg;1987 1987;2.39
73 P90/10 (Upper decile boundary divided by lower);400 Bornholm;1987 1987;2.34
73 P90/10 (Upper decile boundary divided by lower);410 Middelfart;1987 1987;2.28
73 P90/10 (Upper decile boundary divided by lower);420 Assens;1987 1987;2.29
73 P90/10 (Upper decile boundary divided by lower);430 Faaborg-Midtfyn;1987 1987;2.33
73 P90/10 (Upper decile boundary divided by lower);440 Kerteminde;1987 1987;2.24
73 P90/10 (Upper decile boundary divided by lower);450 Nyborg;1987 1987;2.28
73 P90/10 (Upper decile boundary divided by lower);461 Odense;1987 1987;2.38
73 P90/10 (Upper decile boundary divided by lower);479 Svendborg;1987 1987;2.44
73 P90/10 (Upper decile boundary divided by lower);480 Nordfyns;1987 1987;2.27
73 P90/10 (Upper decile boundary divided by lower);482 Langeland;1987 1987;2.34
73 P90/10 (Upper decile boundary divided by lower);492 Ærø;1987 1987;2.67
73 P90/10 (Upper decile boundary divided by lower);510 Haderslev;1987 1987;2.34
73 P90/10 (Upper decile boundary divided by lower);530 Billund;1987 1987;2.35
73 P90/10 (Upper decile boundary divided by lower);540 Sønderborg;1987 1987;2.34
73 P90/10 (Upper decile boundary divided by lower);550 Tønder;1987 1987;2.42
73 P90/10 (Upper decile boundary divided by lower);561 Esbjerg;1987 1987;2.37
73 P90/10 (Upper decile boundary divided by lower);563 Fanø;1987 1987;2.98
73 P90/10 (Upper decile boundary divided by lower);573 Varde;1987 1987;2.36
73 P90/10 (Upper decile boundary divided by lower);575 Vejen;1987 1987;2.40
73 P90/10 (Upper decile boundary divided by lower);580 Aabenraa;1987 1987;2.41
73 P90/10 (Upper decile boundary divided by lower);607 Fredericia;1987 1987;2.26
73 P90/10 (Upper decile boundary divided by lower);615 Horsens;1987 1987;2.37
73 P90/10 (Upper decile boundary divided by lower);621 Kolding;1987 1987;2.33
73 P90/10 (Upper decile boundary divided by lower);630 Vejle;1987 1987;2.43
73 P90/10 (Upper decile boundary divided by lower);657 Herning;1987 1987;2.38
73 P90/10 (Upper decile boundary divided by lower);661 Holstebro;1987 1987;2.41
73 P90/10 (Upper decile boundary divided by lower);665 Lemvig;1987 1987;2.62
73 P90/10 (Upper decile boundary divided by lower);671 Struer;1987 1987;2.31
73 P90/10 (Upper decile boundary divided by lower);706 Syddjurs;1987 1987;2.45
73 P90/10 (Upper decile boundary divided by lower);707 Norddjurs;1987 1987;2.42
73 P90/10 (Upper decile boundary divided by lower);710 Favrskov;1987 1987;2.25
73 P90/10 (Upper decile boundary divided by lower);727 Odder;1987 1987;2.33
73 P90/10 (Upper decile boundary divided by lower);730 Randers;1987 1987;2.31
73 P90/10 (Upper decile boundary divided by lower);740 Silkeborg;1987 1987;2.39
73 P90/10 (Upper decile boundary divided by lower);741 Samsø;1987 1987;2.42
73 P90/10 (Upper decile boundary divided by lower);746 Skanderborg;1987 1987;2.29
73 P90/10 (Upper decile boundary divided by lower);751 Aarhus;1987 1987;2.58
73 P90/10 (Upper decile boundary divided by lower);756 Ikast-Brande;1987 1987;2.40
73 P90/10 (Upper decile boundary divided by lower);760 Ringkøbing-Skjern;1987 1987;2.49
73 P90/10 (Upper decile boundary divided by lower);766 Hedensted;1987 1987;2.35
73 P90/10 (Upper decile boundary divided by lower);773 Morsø;1987 1987;2.37
73 P90/10 (Upper decile boundary divided by lower);779 Skive;1987 1987;2.34
73 P90/10 (Upper decile boundary divided by lower);787 Thisted;1987 1987;2.44
73 P90/10 (Upper decile boundary divided by lower);791 Viborg;1987 1987;2.33
73 P90/10 (Upper decile boundary divided by lower);810 Brønderslev;1987 1987;2.39
73 P90/10 (Upper decile boundary divided by lower);813 Frederikshavn;1987 1987;2.31
73 P90/10 (Upper decile boundary divided by lower);820 Vesthimmerlands;1987 1987;2.48
73 P90/10 (Upper decile boundary divided by lower);825 Læsø;1987 1987;2.51
73 P90/10 (Upper decile boundary divided by lower);840 Rebild;1987 1987;2.40
73 P90/10 (Upper decile boundary divided by lower);846 Mariagerfjord;1987 1987;2.43
73 P90/10 (Upper decile boundary divided by lower);849 Jammerbugt;1987 1987;2.37
73 P90/10 (Upper decile boundary divided by lower);851 Aalborg;1987 1987;2.42
73 P90/10 (Upper decile boundary divided by lower);860 Hjørring;1987 1987;2.45
70 Gini coefficient;000 All Denmark;2018 2018;29.10
70 Gini coefficient;101 Copenhagen;2018 2018;33.71
70 Gini coefficient;147 Frederiksberg;2018 2018;35.42
70 Gini coefficient;151 Ballerup;2018 2018;25.84
70 Gini coefficient;153 Brøndby;2018 2018;25.89
70 Gini coefficient;155 Dragør;2018 2018;27.55
70 Gini coefficient;157 Gentofte;2018 2018;44.50
70 Gini coefficient;159 Gladsaxe;2018 2018;28.75
70 Gini coefficient;161 Glostrup;2018 2018;25.82
70 Gini coefficient;163 Herlev;2018 2018;25.71
70 Gini coefficient;165 Albertslund;2018 2018;25.11
70 Gini coefficient;167 Hvidovre;2018 2018;25.23
70 Gini coefficient;169 Høje-Taastrup;2018 2018;25.78
70 Gini coefficient;173 Lyngby-Taarbæk;2018 2018;36.61
70 Gini coefficient;175 Rødovre;2018 2018;25.81
70 Gini coefficient;183 Ishøj;2018 2018;25.30
70 Gini coefficient;185 Tårnby;2018 2018;23.95
70 Gini coefficient;187 Vallensbæk;2018 2018;25.25
70 Gini coefficient;190 Furesø;2018 2018;30.41
70 Gini coefficient;201 Allerød;2018 2018;25.50
70 Gini coefficient;210 Fredensborg;2018 2018;31.60
70 Gini coefficient;217 Helsingør;2018 2018;29.40
70 Gini coefficient;219 Hillerød;2018 2018;27.02
70 Gini coefficient;223 Hørsholm;2018 2018;38.48
70 Gini coefficient;230 Rudersdal;2018 2018;41.51
70 Gini coefficient;240 Egedal;2018 2018;23.96
70 Gini coefficient;250 Frederikssund;2018 2018;24.75
70 Gini coefficient;253 Greve;2018 2018;25.73
70 Gini coefficient;259 Køge;2018 2018;25.16
70 Gini coefficient;260 Halsnæs;2018 2018;23.50
70 Gini coefficient;265 Roskilde;2018 2018;27.94
70 Gini coefficient;269 Solrød;2018 2018;26.43
70 Gini coefficient;270 Gribskov;2018 2018;25.70
70 Gini coefficient;306 Odsherred;2018 2018;23.80
70 Gini coefficient;316 Holbæk;2018 2018;25.72
70 Gini coefficient;320 Faxe;2018 2018;24.28
70 Gini coefficient;326 Kalundborg;2018 2018;24.85
70 Gini coefficient;329 Ringsted;2018 2018;24.85
70 Gini coefficient;330 Slagelse;2018 2018;25.44
70 Gini coefficient;336 Stevns;2018 2018;25.12
70 Gini coefficient;340 Sorø;2018 2018;24.67
70 Gini coefficient;350 Lejre;2018 2018;25.40
70 Gini coefficient;360 Lolland;2018 2018;26.70
70 Gini coefficient;370 Næstved;2018 2018;25.09
70 Gini coefficient;376 Guldborgsund;2018 2018;25.04
70 Gini coefficient;390 Vordingborg;2018 2018;25.70
70 Gini coefficient;400 Bornholm;2018 2018;23.41
70 Gini coefficient;410 Middelfart;2018 2018;25.45
70 Gini coefficient;420 Assens;2018 2018;24.00
70 Gini coefficient;430 Faaborg-Midtfyn;2018 2018;24.31
70 Gini coefficient;440 Kerteminde;2018 2018;25.42
70 Gini coefficient;450 Nyborg;2018 2018;24.21
70 Gini coefficient;461 Odense;2018 2018;28.82
70 Gini coefficient;479 Svendborg;2018 2018;26.50
70 Gini coefficient;480 Nordfyns;2018 2018;23.91
70 Gini coefficient;482 Langeland;2018 2018;22.88
70 Gini coefficient;492 Ærø;2018 2018;26.16
70 Gini coefficient;510 Haderslev;2018 2018;25.44
70 Gini coefficient;530 Billund;2018 2018;25.80
70 Gini coefficient;540 Sønderborg;2018 2018;25.89
70 Gini coefficient;550 Tønder;2018 2018;25.30
70 Gini coefficient;561 Esbjerg;2018 2018;26.51
70 Gini coefficient;563 Fanø;2018 2018;25.79
70 Gini coefficient;573 Varde;2018 2018;24.37
70 Gini coefficient;575 Vejen;2018 2018;25.13
70 Gini coefficient;580 Aabenraa;2018 2018;25.91
70 Gini coefficient;607 Fredericia;2018 2018;25.64
70 Gini coefficient;615 Horsens;2018 2018;25.99
70 Gini coefficient;621 Kolding;2018 2018;26.85
70 Gini coefficient;630 Vejle;2018 2018;26.91
70 Gini coefficient;657 Herning;2018 2018;26.00
70 Gini coefficient;661 Holstebro;2018 2018;25.12
70 Gini coefficient;665 Lemvig;2018 2018;25.74
70 Gini coefficient;671 Struer;2018 2018;24.21
70 Gini coefficient;706 Syddjurs;2018 2018;25.29
70 Gini coefficient;707 Norddjurs;2018 2018;24.28
70 Gini coefficient;710 Favrskov;2018 2018;23.32
70 Gini coefficient;727 Odder;2018 2018;24.48
70 Gini coefficient;730 Randers;2018 2018;24.84
70 Gini coefficient;740 Silkeborg;2018 2018;25.94
70 Gini coefficient;741 Samsø;2018 2018;27.05
70 Gini coefficient;746 Skanderborg;2018 2018;24.32
70 Gini coefficient;751 Aarhus;2018 2018;32.92
70 Gini coefficient;756 Ikast-Brande;2018 2018;24.28
70 Gini coefficient;760 Ringkøbing-Skjern;2018 2018;25.20
70 Gini coefficient;766 Hedensted;2018 2018;24.18
70 Gini coefficient;773 Morsø;2018 2018;24.96
70 Gini coefficient;779 Skive;2018 2018;24.16
70 Gini coefficient;787 Thisted;2018 2018;24.78
70 Gini coefficient;791 Viborg;2018 2018;25.33
70 Gini coefficient;810 Brønderslev;2018 2018;24.51
70 Gini coefficient;813 Frederikshavn;2018 2018;25.26
70 Gini coefficient;820 Vesthimmerlands;2018 2018;24.84
70 Gini coefficient;825 Læsø;2018 2018;23.47
70 Gini coefficient;840 Rebild;2018 2018;24.58
70 Gini coefficient;846 Mariagerfjord;2018 2018;24.72
70 Gini coefficient;849 Jammerbugt;2018 2018;24.94
70 Gini coefficient;851 Aalborg;2018 2018;28.70
70 Gini coefficient;860 Hjørring;2018 2018;26.31
71 Hoover index;000 All Denmark;2018 2018;19.96
71 Hoover index;101 Copenhagen;2018 2018;23.40
71 Hoover index;147 Frederiksberg;2018 2018;24.47
71 Hoover index;151 Ballerup;2018 2018;18.32
71 Hoover index;153 Brøndby;2018 2018;18.27
71 Hoover index;155 Dragør;2018 2018;18.71
71 Hoover index;157 Gentofte;2018 2018;30.76
71 Hoover index;159 Gladsaxe;2018 2018;20.35
71 Hoover index;161 Glostrup;2018 2018;18.27
71 Hoover index;163 Herlev;2018 2018;18.09
71 Hoover index;165 Albertslund;2018 2018;17.66
71 Hoover index;167 Hvidovre;2018 2018;17.80
71 Hoover index;169 Høje-Taastrup;2018 2018;18.02
71 Hoover index;173 Lyngby-Taarbæk;2018 2018;24.98
71 Hoover index;175 Rødovre;2018 2018;18.24
71 Hoover index;183 Ishøj;2018 2018;17.61
71 Hoover index;185 Tårnby;2018 2018;16.73
71 Hoover index;187 Vallensbæk;2018 2018;17.41
71 Hoover index;190 Furesø;2018 2018;20.86
71 Hoover index;201 Allerød;2018 2018;17.40
71 Hoover index;210 Fredensborg;2018 2018;21.62
71 Hoover index;217 Helsingør;2018 2018;20.31
71 Hoover index;219 Hillerød;2018 2018;18.52
71 Hoover index;223 Hørsholm;2018 2018;26.42
71 Hoover index;230 Rudersdal;2018 2018;28.16
71 Hoover index;240 Egedal;2018 2018;16.26
71 Hoover index;250 Frederikssund;2018 2018;17.17
71 Hoover index;253 Greve;2018 2018;17.77
71 Hoover index;259 Køge;2018 2018;17.46
71 Hoover index;260 Halsnæs;2018 2018;16.21
71 Hoover index;265 Roskilde;2018 2018;19.20
71 Hoover index;269 Solrød;2018 2018;18.03
71 Hoover index;270 Gribskov;2018 2018;17.61
71 Hoover index;306 Odsherred;2018 2018;16.45
71 Hoover index;316 Holbæk;2018 2018;17.69
71 Hoover index;320 Faxe;2018 2018;16.70
71 Hoover index;326 Kalundborg;2018 2018;17.30
71 Hoover index;329 Ringsted;2018 2018;17.25
71 Hoover index;330 Slagelse;2018 2018;17.67
71 Hoover index;336 Stevns;2018 2018;17.20
71 Hoover index;340 Sorø;2018 2018;17.07
71 Hoover index;350 Lejre;2018 2018;17.26
71 Hoover index;360 Lolland;2018 2018;18.11
71 Hoover index;370 Næstved;2018 2018;17.40
71 Hoover index;376 Guldborgsund;2018 2018;17.27
71 Hoover index;390 Vordingborg;2018 2018;17.67
71 Hoover index;400 Bornholm;2018 2018;16.12
71 Hoover index;410 Middelfart;2018 2018;17.46
71 Hoover index;420 Assens;2018 2018;16.54
71 Hoover index;430 Faaborg-Midtfyn;2018 2018;16.59
71 Hoover index;440 Kerteminde;2018 2018;17.48
71 Hoover index;450 Nyborg;2018 2018;16.71
71 Hoover index;461 Odense;2018 2018;20.01
71 Hoover index;479 Svendborg;2018 2018;18.26
71 Hoover index;480 Nordfyns;2018 2018;16.39
71 Hoover index;482 Langeland;2018 2018;15.92
71 Hoover index;492 Ærø;2018 2018;17.93
71 Hoover index;510 Haderslev;2018 2018;17.42
71 Hoover index;530 Billund;2018 2018;17.54
71 Hoover index;540 Sønderborg;2018 2018;17.86
71 Hoover index;550 Tønder;2018 2018;17.21
71 Hoover index;561 Esbjerg;2018 2018;18.24
71 Hoover index;563 Fanø;2018 2018;17.77
71 Hoover index;573 Varde;2018 2018;16.60
71 Hoover index;575 Vejen;2018 2018;17.08
71 Hoover index;580 Aabenraa;2018 2018;17.69
71 Hoover index;607 Fredericia;2018 2018;17.86
71 Hoover index;615 Horsens;2018 2018;17.83
71 Hoover index;621 Kolding;2018 2018;18.46
71 Hoover index;630 Vejle;2018 2018;18.43
71 Hoover index;657 Herning;2018 2018;17.69
71 Hoover index;661 Holstebro;2018 2018;17.12
71 Hoover index;665 Lemvig;2018 2018;17.44
71 Hoover index;671 Struer;2018 2018;16.65
71 Hoover index;706 Syddjurs;2018 2018;17.24
71 Hoover index;707 Norddjurs;2018 2018;16.74
71 Hoover index;710 Favrskov;2018 2018;15.94
71 Hoover index;727 Odder;2018 2018;16.76
71 Hoover index;730 Randers;2018 2018;17.15
71 Hoover index;740 Silkeborg;2018 2018;17.79
71 Hoover index;741 Samsø;2018 2018;18.26
71 Hoover index;746 Skanderborg;2018 2018;16.55
71 Hoover index;751 Aarhus;2018 2018;22.75
71 Hoover index;756 Ikast-Brande;2018 2018;16.61
71 Hoover index;760 Ringkøbing-Skjern;2018 2018;17.04
71 Hoover index;766 Hedensted;2018 2018;16.49
71 Hoover index;773 Morsø;2018 2018;16.99
71 Hoover index;779 Skive;2018 2018;16.59
71 Hoover index;787 Thisted;2018 2018;16.86
71 Hoover index;791 Viborg;2018 2018;17.26
71 Hoover index;810 Brønderslev;2018 2018;16.72
71 Hoover index;813 Frederikshavn;2018 2018;17.32
71 Hoover index;820 Vesthimmerlands;2018 2018;16.92
71 Hoover index;825 Læsø;2018 2018;15.98
71 Hoover index;840 Rebild;2018 2018;16.76
71 Hoover index;846 Mariagerfjord;2018 2018;17.01
71 Hoover index;849 Jammerbugt;2018 2018;16.85
71 Hoover index;851 Aalborg;2018 2018;19.71
71 Hoover index;860 Hjørring;2018 2018;17.83
72 S80/S20 (Income quintile share ratio);000 All Denmark;2018 2018;4.51
72 S80/S20 (Income quintile share ratio);101 Copenhagen;2018 2018;6.21
72 S80/S20 (Income quintile share ratio);147 Frederiksberg;2018 2018;6.41
72 S80/S20 (Income quintile share ratio);151 Ballerup;2018 2018;3.71
72 S80/S20 (Income quintile share ratio);153 Brøndby;2018 2018;3.82
72 S80/S20 (Income quintile share ratio);155 Dragør;2018 2018;4.26
72 S80/S20 (Income quintile share ratio);157 Gentofte;2018 2018;10.48
72 S80/S20 (Income quintile share ratio);159 Gladsaxe;2018 2018;4.54
72 S80/S20 (Income quintile share ratio);161 Glostrup;2018 2018;3.84
72 S80/S20 (Income quintile share ratio);163 Herlev;2018 2018;3.74
72 S80/S20 (Income quintile share ratio);165 Albertslund;2018 2018;3.77
72 S80/S20 (Income quintile share ratio);167 Hvidovre;2018 2018;3.75
72 S80/S20 (Income quintile share ratio);169 Høje-Taastrup;2018 2018;3.89
72 S80/S20 (Income quintile share ratio);173 Lyngby-Taarbæk;2018 2018;7.22
72 S80/S20 (Income quintile share ratio);175 Rødovre;2018 2018;3.79
72 S80/S20 (Income quintile share ratio);183 Ishøj;2018 2018;3.79
72 S80/S20 (Income quintile share ratio);185 Tårnby;2018 2018;3.56
72 S80/S20 (Income quintile share ratio);187 Vallensbæk;2018 2018;3.84
72 S80/S20 (Income quintile share ratio);190 Furesø;2018 2018;4.92
72 S80/S20 (Income quintile share ratio);201 Allerød;2018 2018;3.81
72 S80/S20 (Income quintile share ratio);210 Fredensborg;2018 2018;4.90
72 S80/S20 (Income quintile share ratio);217 Helsingør;2018 2018;4.44
72 S80/S20 (Income quintile share ratio);219 Hillerød;2018 2018;4.13
72 S80/S20 (Income quintile share ratio);223 Hørsholm;2018 2018;7.35
72 S80/S20 (Income quintile share ratio);230 Rudersdal;2018 2018;8.67
72 S80/S20 (Income quintile share ratio);240 Egedal;2018 2018;3.44
72 S80/S20 (Income quintile share ratio);250 Frederikssund;2018 2018;3.56
72 S80/S20 (Income quintile share ratio);253 Greve;2018 2018;3.83
72 S80/S20 (Income quintile share ratio);259 Køge;2018 2018;3.65
72 S80/S20 (Income quintile share ratio);260 Halsnæs;2018 2018;3.34
72 S80/S20 (Income quintile share ratio);265 Roskilde;2018 2018;4.37
72 S80/S20 (Income quintile share ratio);269 Solrød;2018 2018;3.91
72 S80/S20 (Income quintile share ratio);270 Gribskov;2018 2018;3.81
72 S80/S20 (Income quintile share ratio);306 Odsherred;2018 2018;3.40
72 S80/S20 (Income quintile share ratio);316 Holbæk;2018 2018;3.82
72 S80/S20 (Income quintile share ratio);320 Faxe;2018 2018;3.55
72 S80/S20 (Income quintile share ratio);326 Kalundborg;2018 2018;3.60
72 S80/S20 (Income quintile share ratio);329 Ringsted;2018 2018;3.62
72 S80/S20 (Income quintile share ratio);330 Slagelse;2018 2018;3.75
72 S80/S20 (Income quintile share ratio);336 Stevns;2018 2018;3.65
72 S80/S20 (Income quintile share ratio);340 Sorø;2018 2018;3.59
72 S80/S20 (Income quintile share ratio);350 Lejre;2018 2018;3.65
72 S80/S20 (Income quintile share ratio);360 Lolland;2018 2018;3.95
72 S80/S20 (Income quintile share ratio);370 Næstved;2018 2018;3.70
72 S80/S20 (Income quintile share ratio);376 Guldborgsund;2018 2018;3.67
72 S80/S20 (Income quintile share ratio);390 Vordingborg;2018 2018;3.81
72 S80/S20 (Income quintile share ratio);400 Bornholm;2018 2018;3.25
72 S80/S20 (Income quintile share ratio);410 Middelfart;2018 2018;3.62
72 S80/S20 (Income quintile share ratio);420 Assens;2018 2018;3.42
72 S80/S20 (Income quintile share ratio);430 Faaborg-Midtfyn;2018 2018;3.49
72 S80/S20 (Income quintile share ratio);440 Kerteminde;2018 2018;3.54
72 S80/S20 (Income quintile share ratio);450 Nyborg;2018 2018;3.40
72 S80/S20 (Income quintile share ratio);461 Odense;2018 2018;4.62
72 S80/S20 (Income quintile share ratio);479 Svendborg;2018 2018;3.95
72 S80/S20 (Income quintile share ratio);480 Nordfyns;2018 2018;3.39
72 S80/S20 (Income quintile share ratio);482 Langeland;2018 2018;3.21
72 S80/S20 (Income quintile share ratio);492 Ærø;2018 2018;3.99
72 S80/S20 (Income quintile share ratio);510 Haderslev;2018 2018;3.70
72 S80/S20 (Income quintile share ratio);530 Billund;2018 2018;3.71
72 S80/S20 (Income quintile share ratio);540 Sønderborg;2018 2018;3.69
72 S80/S20 (Income quintile share ratio);550 Tønder;2018 2018;3.71
72 S80/S20 (Income quintile share ratio);561 Esbjerg;2018 2018;3.90
72 S80/S20 (Income quintile share ratio);563 Fanø;2018 2018;3.69
72 S80/S20 (Income quintile share ratio);573 Varde;2018 2018;3.58
72 S80/S20 (Income quintile share ratio);575 Vejen;2018 2018;3.58
72 S80/S20 (Income quintile share ratio);580 Aabenraa;2018 2018;3.76
72 S80/S20 (Income quintile share ratio);607 Fredericia;2018 2018;3.69
72 S80/S20 (Income quintile share ratio);615 Horsens;2018 2018;3.81
72 S80/S20 (Income quintile share ratio);621 Kolding;2018 2018;3.97
72 S80/S20 (Income quintile share ratio);630 Vejle;2018 2018;3.98
72 S80/S20 (Income quintile share ratio);657 Herning;2018 2018;3.82
70 Gini coefficient;000 All Denmark;2000 2000;24.38
70 Gini coefficient;101 Copenhagen;2000 2000;26.48
70 Gini coefficient;147 Frederiksberg;2000 2000;28.51
70 Gini coefficient;151 Ballerup;2000 2000;22.11
70 Gini coefficient;153 Brøndby;2000 2000;22.29
70 Gini coefficient;155 Dragør;2000 2000;22.88
70 Gini coefficient;157 Gentofte;2000 2000;36.70
70 Gini coefficient;159 Gladsaxe;2000 2000;23.07
70 Gini coefficient;161 Glostrup;2000 2000;21.77
70 Gini coefficient;163 Herlev;2000 2000;23.02
70 Gini coefficient;165 Albertslund;2000 2000;22.88
70 Gini coefficient;167 Hvidovre;2000 2000;21.21
70 Gini coefficient;169 Høje-Taastrup;2000 2000;22.05
70 Gini coefficient;173 Lyngby-Taarbæk;2000 2000;30.07
70 Gini coefficient;175 Rødovre;2000 2000;20.71
70 Gini coefficient;183 Ishøj;2000 2000;22.51
70 Gini coefficient;185 Tårnby;2000 2000;19.58
70 Gini coefficient;187 Vallensbæk;2000 2000;20.13
70 Gini coefficient;190 Furesø;2000 2000;27.59
70 Gini coefficient;201 Allerød;2000 2000;23.11
70 Gini coefficient;210 Fredensborg;2000 2000;27.08
70 Gini coefficient;217 Helsingør;2000 2000;25.52
70 Gini coefficient;219 Hillerød;2000 2000;23.37
70 Gini coefficient;223 Hørsholm;2000 2000;35.56
70 Gini coefficient;230 Rudersdal;2000 2000;37.57
70 Gini coefficient;240 Egedal;2000 2000;20.02
70 Gini coefficient;250 Frederikssund;2000 2000;21.28
70 Gini coefficient;253 Greve;2000 2000;22.45
70 Gini coefficient;259 Køge;2000 2000;21.56
70 Gini coefficient;260 Halsnæs;2000 2000;20.15
70 Gini coefficient;265 Roskilde;2000 2000;24.08
70 Gini coefficient;269 Solrød;2000 2000;22.34
70 Gini coefficient;270 Gribskov;2000 2000;22.59
70 Gini coefficient;306 Odsherred;2000 2000;21.22
70 Gini coefficient;316 Holbæk;2000 2000;22.22
70 Gini coefficient;320 Faxe;2000 2000;21.38
70 Gini coefficient;326 Kalundborg;2000 2000;21.36
70 Gini coefficient;329 Ringsted;2000 2000;22.11
70 Gini coefficient;330 Slagelse;2000 2000;21.59
70 Gini coefficient;336 Stevns;2000 2000;21.72
70 Gini coefficient;340 Sorø;2000 2000;21.51
70 Gini coefficient;350 Lejre;2000 2000;21.46
70 Gini coefficient;360 Lolland;2000 2000;21.67
70 Gini coefficient;370 Næstved;2000 2000;21.62
70 Gini coefficient;376 Guldborgsund;2000 2000;21.77
70 Gini coefficient;390 Vordingborg;2000 2000;22.27
70 Gini coefficient;400 Bornholm;2000 2000;20.61
70 Gini coefficient;410 Middelfart;2000 2000;21.85
70 Gini coefficient;420 Assens;2000 2000;20.65
70 Gini coefficient;430 Faaborg-Midtfyn;2000 2000;20.97
70 Gini coefficient;440 Kerteminde;2000 2000;20.82
70 Gini coefficient;450 Nyborg;2000 2000;20.79
70 Gini coefficient;461 Odense;2000 2000;23.89
70 Gini coefficient;479 Svendborg;2000 2000;22.85
70 Gini coefficient;480 Nordfyns;2000 2000;20.83
70 Gini coefficient;482 Langeland;2000 2000;21.20
70 Gini coefficient;492 Ærø;2000 2000;22.69
70 Gini coefficient;510 Haderslev;2000 2000;21.67
70 Gini coefficient;530 Billund;2000 2000;21.29
70 Gini coefficient;540 Sønderborg;2000 2000;22.61
70 Gini coefficient;550 Tønder;2000 2000;22.46
70 Gini coefficient;561 Esbjerg;2000 2000;22.84
70 Gini coefficient;563 Fanø;2000 2000;23.78
70 Gini coefficient;573 Varde;2000 2000;20.85
70 Gini coefficient;575 Vejen;2000 2000;21.12
70 Gini coefficient;580 Aabenraa;2000 2000;23.21
70 Gini coefficient;607 Fredericia;2000 2000;20.96
70 Gini coefficient;615 Horsens;2000 2000;22.45
70 Gini coefficient;621 Kolding;2000 2000;22.83
70 Gini coefficient;630 Vejle;2000 2000;22.60
70 Gini coefficient;657 Herning;2000 2000;22.53
70 Gini coefficient;661 Holstebro;2000 2000;22.33
70 Gini coefficient;665 Lemvig;2000 2000;22.42
70 Gini coefficient;671 Struer;2000 2000;21.33
70 Gini coefficient;706 Syddjurs;2000 2000;22.33
70 Gini coefficient;707 Norddjurs;2000 2000;21.26
70 Gini coefficient;710 Favrskov;2000 2000;20.05
70 Gini coefficient;727 Odder;2000 2000;22.60
70 Gini coefficient;730 Randers;2000 2000;21.89
70 Gini coefficient;740 Silkeborg;2000 2000;23.95
70 Gini coefficient;741 Samsø;2000 2000;23.38
70 Gini coefficient;746 Skanderborg;2000 2000;20.93
70 Gini coefficient;751 Aarhus;2000 2000;26.29
70 Gini coefficient;756 Ikast-Brande;2000 2000;22.68
70 Gini coefficient;760 Ringkøbing-Skjern;2000 2000;21.50
70 Gini coefficient;766 Hedensted;2000 2000;21.17
70 Gini coefficient;773 Morsø;2000 2000;21.39
70 Gini coefficient;779 Skive;2000 2000;21.85
70 Gini coefficient;787 Thisted;2000 2000;22.51
70 Gini coefficient;791 Viborg;2000 2000;21.40
70 Gini coefficient;810 Brønderslev;2000 2000;21.95
70 Gini coefficient;813 Frederikshavn;2000 2000;21.11
70 Gini coefficient;820 Vesthimmerlands;2000 2000;22.21
70 Gini coefficient;825 Læsø;2000 2000;22.13
70 Gini coefficient;840 Rebild;2000 2000;22.02
70 Gini coefficient;846 Mariagerfjord;2000 2000;21.47
70 Gini coefficient;849 Jammerbugt;2000 2000;21.47
70 Gini coefficient;851 Aalborg;2000 2000;24.14
70 Gini coefficient;860 Hjørring;2000 2000;21.50
71 Hoover index;000 All Denmark;2000 2000;16.66
71 Hoover index;101 Copenhagen;2000 2000;18.54
71 Hoover index;147 Frederiksberg;2000 2000;19.77
71 Hoover index;151 Ballerup;2000 2000;15.31
71 Hoover index;153 Brøndby;2000 2000;15.66
71 Hoover index;155 Dragør;2000 2000;15.52
71 Hoover index;157 Gentofte;2000 2000;24.83
71 Hoover index;159 Gladsaxe;2000 2000;16.01
71 Hoover index;161 Glostrup;2000 2000;15.09
71 Hoover index;163 Herlev;2000 2000;15.92
71 Hoover index;165 Albertslund;2000 2000;16.04
71 Hoover index;167 Hvidovre;2000 2000;14.83
71 Hoover index;169 Høje-Taastrup;2000 2000;15.38
71 Hoover index;173 Lyngby-Taarbæk;2000 2000;20.42
71 Hoover index;175 Rødovre;2000 2000;14.47
71 Hoover index;183 Ishøj;2000 2000;15.80
71 Hoover index;185 Tårnby;2000 2000;13.63
71 Hoover index;187 Vallensbæk;2000 2000;13.83
71 Hoover index;190 Furesø;2000 2000;18.58
71 Hoover index;201 Allerød;2000 2000;15.65
71 Hoover index;210 Fredensborg;2000 2000;18.33
71 Hoover index;217 Helsingør;2000 2000;17.48
71 Hoover index;219 Hillerød;2000 2000;15.91
71 Hoover index;223 Hørsholm;2000 2000;24.04
71 Hoover index;230 Rudersdal;2000 2000;25.25
71 Hoover index;240 Egedal;2000 2000;13.64
71 Hoover index;250 Frederikssund;2000 2000;14.65
71 Hoover index;253 Greve;2000 2000;15.36
71 Hoover index;259 Køge;2000 2000;14.87
71 Hoover index;260 Halsnæs;2000 2000;13.95
71 Hoover index;265 Roskilde;2000 2000;16.41
71 Hoover index;269 Solrød;2000 2000;15.18
71 Hoover index;270 Gribskov;2000 2000;15.28
71 Hoover index;306 Odsherred;2000 2000;14.63
71 Hoover index;316 Holbæk;2000 2000;15.33
71 Hoover index;320 Faxe;2000 2000;14.66
71 Hoover index;326 Kalundborg;2000 2000;14.82
71 Hoover index;329 Ringsted;2000 2000;15.23
71 Hoover index;330 Slagelse;2000 2000;14.93
71 Hoover index;336 Stevns;2000 2000;14.89
71 Hoover index;340 Sorø;2000 2000;14.71
71 Hoover index;350 Lejre;2000 2000;14.64
71 Hoover index;360 Lolland;2000 2000;15.06
71 Hoover index;370 Næstved;2000 2000;14.89
71 Hoover index;376 Guldborgsund;2000 2000;15.09
71 Hoover index;390 Vordingborg;2000 2000;15.25
71 Hoover index;400 Bornholm;2000 2000;14.19
71 Hoover index;410 Middelfart;2000 2000;14.96
71 Hoover index;420 Assens;2000 2000;14.13
71 Hoover index;430 Faaborg-Midtfyn;2000 2000;14.35
71 Hoover index;440 Kerteminde;2000 2000;14.22
71 Hoover index;450 Nyborg;2000 2000;14.31
71 Hoover index;461 Odense;2000 2000;16.49
71 Hoover index;479 Svendborg;2000 2000;15.62
71 Hoover index;480 Nordfyns;2000 2000;14.22
71 Hoover index;482 Langeland;2000 2000;14.62
71 Hoover index;492 Ærø;2000 2000;15.63
71 Hoover index;510 Haderslev;2000 2000;14.79
71 Hoover index;530 Billund;2000 2000;14.43
71 Hoover index;540 Sønderborg;2000 2000;15.40
71 Hoover index;550 Tønder;2000 2000;15.23
71 Hoover index;561 Esbjerg;2000 2000;15.54
71 Hoover index;563 Fanø;2000 2000;16.20
71 Hoover index;573 Varde;2000 2000;14.20
71 Hoover index;575 Vejen;2000 2000;14.47
71 Hoover index;580 Aabenraa;2000 2000;15.70
71 Hoover index;607 Fredericia;2000 2000;14.41
71 Hoover index;615 Horsens;2000 2000;15.35
71 Hoover index;621 Kolding;2000 2000;15.60
71 Hoover index;630 Vejle;2000 2000;15.44
71 Hoover index;657 Herning;2000 2000;15.22
71 Hoover index;661 Holstebro;2000 2000;15.09
71 Hoover index;665 Lemvig;2000 2000;15.18
71 Hoover index;671 Struer;2000 2000;14.43
71 Hoover index;706 Syddjurs;2000 2000;15.14
71 Hoover index;707 Norddjurs;2000 2000;14.64
71 Hoover index;710 Favrskov;2000 2000;13.65
71 Hoover index;727 Odder;2000 2000;15.28
71 Hoover index;730 Randers;2000 2000;15.00
71 Hoover index;740 Silkeborg;2000 2000;16.14
71 Hoover index;741 Samsø;2000 2000;15.85
71 Hoover index;746 Skanderborg;2000 2000;14.26
71 Hoover index;751 Aarhus;2000 2000;18.14
71 Hoover index;756 Ikast-Brande;2000 2000;15.24
71 Hoover index;760 Ringkøbing-Skjern;2000 2000;14.61
71 Hoover index;766 Hedensted;2000 2000;14.33
71 Hoover index;773 Morsø;2000 2000;14.65
71 Hoover index;779 Skive;2000 2000;14.88
71 Hoover index;787 Thisted;2000 2000;15.34
71 Hoover index;791 Viborg;2000 2000;14.58
71 Hoover index;810 Brønderslev;2000 2000;14.97
71 Hoover index;813 Frederikshavn;2000 2000;14.42
71 Hoover index;820 Vesthimmerlands;2000 2000;15.10
71 Hoover index;825 Læsø;2000 2000;15.23
71 Hoover index;840 Rebild;2000 2000;15.01
71 Hoover index;846 Mariagerfjord;2000 2000;14.74
71 Hoover index;849 Jammerbugt;2000 2000;14.57
71 Hoover index;851 Aalborg;2000 2000;16.41
71 Hoover index;860 Hjørring;2000 2000;14.70
72 S80/S20 (Income quintile share ratio);000 All Denmark;2000 2000;3.46
72 S80/S20 (Income quintile share ratio);101 Copenhagen;2000 2000;3.93
72 S80/S20 (Income quintile share ratio);147 Frederiksberg;2000 2000;4.33
72 S80/S20 (Income quintile share ratio);151 Ballerup;2000 2000;3.06
72 S80/S20 (Income quintile share ratio);153 Brøndby;2000 2000;3.05
72 S80/S20 (Income quintile share ratio);155 Dragør;2000 2000;3.37
72 S80/S20 (Income quintile share ratio);157 Gentofte;2000 2000;6.70
72 S80/S20 (Income quintile share ratio);159 Gladsaxe;2000 2000;3.27
72 S80/S20 (Income quintile share ratio);161 Glostrup;2000 2000;3.02
72 S80/S20 (Income quintile share ratio);163 Herlev;2000 2000;3.25
72 S80/S20 (Income quintile share ratio);165 Albertslund;2000 2000;3.26
72 S80/S20 (Income quintile share ratio);167 Hvidovre;2000 2000;2.99
72 S80/S20 (Income quintile share ratio);169 Høje-Taastrup;2000 2000;3.12
72 S80/S20 (Income quintile share ratio);173 Lyngby-Taarbæk;2000 2000;4.69
72 S80/S20 (Income quintile share ratio);175 Rødovre;2000 2000;2.89
72 S80/S20 (Income quintile share ratio);183 Ishøj;2000 2000;3.20
72 S80/S20 (Income quintile share ratio);185 Tårnby;2000 2000;2.78
72 S80/S20 (Income quintile share ratio);187 Vallensbæk;2000 2000;2.81
72 S80/S20 (Income quintile share ratio);190 Furesø;2000 2000;4.17
72 S80/S20 (Income quintile share ratio);201 Allerød;2000 2000;3.28
72 S80/S20 (Income quintile share ratio);210 Fredensborg;2000 2000;3.93
72 S80/S20 (Income quintile share ratio);217 Helsingør;2000 2000;3.63
72 S80/S20 (Income quintile share ratio);219 Hillerød;2000 2000;3.36
72 S80/S20 (Income quintile share ratio);223 Hørsholm;2000 2000;6.09
72 S80/S20 (Income quintile share ratio);230 Rudersdal;2000 2000;6.92
72 S80/S20 (Income quintile share ratio);240 Egedal;2000 2000;2.80
72 S80/S20 (Income quintile share ratio);250 Frederikssund;2000 2000;2.97
72 S80/S20 (Income quintile share ratio);253 Greve;2000 2000;3.21
72 S80/S20 (Income quintile share ratio);259 Køge;2000 2000;3.01
72 S80/S20 (Income quintile share ratio);260 Halsnæs;2000 2000;2.81
72 S80/S20 (Income quintile share ratio);265 Roskilde;2000 2000;3.49
72 S80/S20 (Income quintile share ratio);269 Solrød;2000 2000;3.11
72 S80/S20 (Income quintile share ratio);270 Gribskov;2000 2000;3.25
72 S80/S20 (Income quintile share ratio);306 Odsherred;2000 2000;2.93
72 S80/S20 (Income quintile share ratio);316 Holbæk;2000 2000;3.12
72 S80/S20 (Income quintile share ratio);320 Faxe;2000 2000;3.02
72 S80/S20 (Income quintile share ratio);326 Kalundborg;2000 2000;2.94
72 S80/S20 (Income quintile share ratio);329 Ringsted;2000 2000;3.07
72 S80/S20 (Income quintile share ratio);330 Slagelse;2000 2000;3.00
72 S80/S20 (Income quintile share ratio);336 Stevns;2000 2000;3.02
72 S80/S20 (Income quintile share ratio);340 Sorø;2000 2000;2.99
72 S80/S20 (Income quintile share ratio);350 Lejre;2000 2000;3.01
72 S80/S20 (Income quintile share ratio);360 Lolland;2000 2000;2.94
72 S80/S20 (Income quintile share ratio);370 Næstved;2000 2000;3.02
72 S80/S20 (Income quintile share ratio);376 Guldborgsund;2000 2000;3.01
72 S80/S20 (Income quintile share ratio);390 Vordingborg;2000 2000;3.09
72 S80/S20 (Income quintile share ratio);400 Bornholm;2000 2000;2.81
72 S80/S20 (Income quintile share ratio);410 Middelfart;2000 2000;3.01
72 S80/S20 (Income quintile share ratio);420 Assens;2000 2000;2.84
72 S80/S20 (Income quintile share ratio);430 Faaborg-Midtfyn;2000 2000;2.89
72 S80/S20 (Income quintile share ratio);440 Kerteminde;2000 2000;2.90
72 S80/S20 (Income quintile share ratio);450 Nyborg;2000 2000;2.88
72 S80/S20 (Income quintile share ratio);461 Odense;2000 2000;3.43
72 S80/S20 (Income quintile share ratio);479 Svendborg;2000 2000;3.24
72 S80/S20 (Income quintile share ratio);480 Nordfyns;2000 2000;2.89
72 S80/S20 (Income quintile share ratio);482 Langeland;2000 2000;2.87
72 S80/S20 (Income quintile share ratio);492 Ærø;2000 2000;3.19
72 S80/S20 (Income quintile share ratio);510 Haderslev;2000 2000;2.99
72 S80/S20 (Income quintile share ratio);530 Billund;2000 2000;2.96
72 S80/S20 (Income quintile share ratio);540 Sønderborg;2000 2000;3.10
72 S80/S20 (Income quintile share ratio);550 Tønder;2000 2000;3.10
72 S80/S20 (Income quintile share ratio);561 Esbjerg;2000 2000;3.17
72 S80/S20 (Income quintile share ratio);563 Fanø;2000 2000;3.45
72 S80/S20 (Income quintile share ratio);573 Varde;2000 2000;2.89
72 S80/S20 (Income quintile share ratio);575 Vejen;2000 2000;2.94
72 S80/S20 (Income quintile share ratio);580 Aabenraa;2000 2000;3.22
72 S80/S20 (Income quintile share ratio);607 Fredericia;2000 2000;2.90
72 S80/S20 (Income quintile share ratio);615 Horsens;2000 2000;3.12
72 S80/S20 (Income quintile share ratio);621 Kolding;2000 2000;3.20
72 S80/S20 (Income quintile share ratio);630 Vejle;2000 2000;3.17
72 S80/S20 (Income quintile share ratio);657 Herning;2000 2000;3.13
72 S80/S20 (Income quintile share ratio);661 Holstebro;2000 2000;3.14
72 S80/S20 (Income quintile share ratio);665 Lemvig;2000 2000;3.18
72 S80/S20 (Income quintile share ratio);671 Struer;2000 2000;2.97
72 S80/S20 (Income quintile share ratio);706 Syddjurs;2000 2000;3.14
72 S80/S20 (Income quintile share ratio);707 Norddjurs;2000 2000;2.97
72 S80/S20 (Income quintile share ratio);710 Favrskov;2000 2000;2.80
72 S80/S20 (Income quintile share ratio);727 Odder;2000 2000;3.11
72 S80/S20 (Income quintile share ratio);730 Randers;2000 2000;3.04
72 S80/S20 (Income quintile share ratio);740 Silkeborg;2000 2000;3.32
72 S80/S20 (Income quintile share ratio);741 Samsø;2000 2000;3.27
72 S80/S20 (Income quintile share ratio);746 Skanderborg;2000 2000;2.89
72 S80/S20 (Income quintile share ratio);751 Aarhus;2000 2000;3.93
72 S80/S20 (Income quintile share ratio);756 Ikast-Brande;2000 2000;3.13
72 S80/S20 (Income quintile share ratio);760 Ringkøbing-Skjern;2000 2000;2.99
72 S80/S20 (Income quintile share ratio);766 Hedensted;2000 2000;2.94
72 S80/S20 (Income quintile share ratio);773 Morsø;2000 2000;2.94
72 S80/S20 (Income quintile share ratio);779 Skive;2000 2000;3.02
72 S80/S20 (Income quintile share ratio);787 Thisted;2000 2000;3.12
72 S80/S20 (Income quintile share ratio);791 Viborg;2000 2000;2.99
72 S80/S20 (Income quintile share ratio);810 Brønderslev;2000 2000;3.01
72 S80/S20 (Income quintile share ratio);813 Frederikshavn;2000 2000;2.91
72 S80/S20 (Income quintile share ratio);820 Vesthimmerlands;2000 2000;3.14
72 S80/S20 (Income quintile share ratio);825 Læsø;2000 2000;3.07
72 S80/S20 (Income quintile share ratio);840 Rebild;2000 2000;3.06
72 S80/S20 (Income quintile share ratio);846 Mariagerfjord;2000 2000;2.97
72 S80/S20 (Income quintile share ratio);849 Jammerbugt;2000 2000;2.98
72 S80/S20 (Income quintile share ratio);851 Aalborg;2000 2000;3.43
72 S80/S20 (Income quintile share ratio);860 Hjørring;2000 2000;3.00
73 P90/10 (Upper decile boundary divided by lower);000 All Denmark;2000 2000;2.68
73 P90/10 (Upper decile boundary divided by lower);101 Copenhagen;2000 2000;3.10
73 P90/10 (Upper decile boundary divided by lower);147 Frederiksberg;2000 2000;3.31
73 P90/10 (Upper decile boundary divided by lower);151 Ballerup;2000 2000;2.57
73 P90/10 (Upper decile boundary divided by lower);153 Brøndby;2000 2000;2.56
73 P90/10 (Upper decile boundary divided by lower);155 Dragør;2000 2000;2.74
73 P90/10 (Upper decile boundary divided by lower);157 Gentofte;2000 2000;3.91
73 P90/10 (Upper decile boundary divided by lower);159 Gladsaxe;2000 2000;2.71
73 P90/10 (Upper decile boundary divided by lower);161 Glostrup;2000 2000;2.57
73 P90/10 (Upper decile boundary divided by lower);163 Herlev;2000 2000;2.63
73 P90/10 (Upper decile boundary divided by lower);165 Albertslund;2000 2000;2.81
73 P90/10 (Upper decile boundary divided by lower);167 Hvidovre;2000 2000;2.56
73 P90/10 (Upper decile boundary divided by lower);169 Høje-Taastrup;2000 2000;2.66
73 P90/10 (Upper decile boundary divided by lower);173 Lyngby-Taarbæk;2000 2000;3.32
73 P90/10 (Upper decile boundary divided by lower);175 Rødovre;2000 2000;2.47
73 P90/10 (Upper decile boundary divided by lower);183 Ishøj;2000 2000;2.74
73 P90/10 (Upper decile boundary divided by lower);185 Tårnby;2000 2000;2.46
73 P90/10 (Upper decile boundary divided by lower);187 Vallensbæk;2000 2000;2.40
73 P90/10 (Upper decile boundary divided by lower);190 Furesø;2000 2000;2.94
73 P90/10 (Upper decile boundary divided by lower);201 Allerød;2000 2000;2.57
73 P90/10 (Upper decile boundary divided by lower);210 Fredensborg;2000 2000;2.88
73 P90/10 (Upper decile boundary divided by lower);217 Helsingør;2000 2000;2.78
73 P90/10 (Upper decile boundary divided by lower);219 Hillerød;2000 2000;2.68
73 P90/10 (Upper decile boundary divided by lower);223 Hørsholm;2000 2000;3.53
73 P90/10 (Upper decile boundary divided by lower);230 Rudersdal;2000 2000;3.74
73 P90/10 (Upper decile boundary divided by lower);240 Egedal;2000 2000;2.37
73 P90/10 (Upper decile boundary divided by lower);250 Frederikssund;2000 2000;2.49
73 P90/10 (Upper decile boundary divided by lower);253 Greve;2000 2000;2.66
73 P90/10 (Upper decile boundary divided by lower);259 Køge;2000 2000;2.54
73 P90/10 (Upper decile boundary divided by lower);260 Halsnæs;2000 2000;2.38
73 P90/10 (Upper decile boundary divided by lower);265 Roskilde;2000 2000;2.74
73 P90/10 (Upper decile boundary divided by lower);269 Solrød;2000 2000;2.51
73 P90/10 (Upper decile boundary divided by lower);270 Gribskov;2000 2000;2.51
73 P90/10 (Upper decile boundary divided by lower);306 Odsherred;2000 2000;2.40
73 P90/10 (Upper decile boundary divided by lower);316 Holbæk;2000 2000;2.54
73 P90/10 (Upper decile boundary divided by lower);320 Faxe;2000 2000;2.47
73 P90/10 (Upper decile boundary divided by lower);326 Kalundborg;2000 2000;2.46
73 P90/10 (Upper decile boundary divided by lower);329 Ringsted;2000 2000;2.52
73 P90/10 (Upper decile boundary divided by lower);330 Slagelse;2000 2000;2.47
73 P90/10 (Upper decile boundary divided by lower);336 Stevns;2000 2000;2.46
73 P90/10 (Upper decile boundary divided by lower);340 Sorø;2000 2000;2.44
73 P90/10 (Upper decile boundary divided by lower);350 Lejre;2000 2000;2.47
73 P90/10 (Upper decile boundary divided by lower);360 Lolland;2000 2000;2.38
73 P90/10 (Upper decile boundary divided by lower);370 Næstved;2000 2000;2.47
73 P90/10 (Upper decile boundary divided by lower);376 Guldborgsund;2000 2000;2.43
73 P90/10 (Upper decile boundary divided by lower);390 Vordingborg;2000 2000;2.43
73 P90/10 (Upper decile boundary divided by lower);400 Bornholm;2000 2000;2.30
73 P90/10 (Upper decile boundary divided by lower);410 Middelfart;2000 2000;2.41
73 P90/10 (Upper decile boundary divided by lower);420 Assens;2000 2000;2.30
73 P90/10 (Upper decile boundary divided by lower);430 Faaborg-Midtfyn;2000 2000;2.34
73 P90/10 (Upper decile boundary divided by lower);440 Kerteminde;2000 2000;2.36
73 P90/10 (Upper decile boundary divided by lower);450 Nyborg;2000 2000;2.37
73 P90/10 (Upper decile boundary divided by lower);461 Odense;2000 2000;2.76
73 P90/10 (Upper decile boundary divided by lower);479 Svendborg;2000 2000;2.54
73 P90/10 (Upper decile boundary divided by lower);480 Nordfyns;2000 2000;2.35
73 P90/10 (Upper decile boundary divided by lower);482 Langeland;2000 2000;2.30
73 P90/10 (Upper decile boundary divided by lower);492 Ærø;2000 2000;2.47
73 P90/10 (Upper decile boundary divided by lower);510 Haderslev;2000 2000;2.38
73 P90/10 (Upper decile boundary divided by lower);530 Billund;2000 2000;2.33
73 P90/10 (Upper decile boundary divided by lower);540 Sønderborg;2000 2000;2.43
73 P90/10 (Upper decile boundary divided by lower);550 Tønder;2000 2000;2.40
73 P90/10 (Upper decile boundary divided by lower);561 Esbjerg;2000 2000;2.47
73 P90/10 (Upper decile boundary divided by lower);563 Fanø;2000 2000;2.67
73 P90/10 (Upper decile boundary divided by lower);573 Varde;2000 2000;2.37
73 P90/10 (Upper decile boundary divided by lower);575 Vejen;2000 2000;2.39
73 P90/10 (Upper decile boundary divided by lower);580 Aabenraa;2000 2000;2.46
73 P90/10 (Upper decile boundary divided by lower);607 Fredericia;2000 2000;2.40
73 P90/10 (Upper decile boundary divided by lower);615 Horsens;2000 2000;2.49
73 P90/10 (Upper decile boundary divided by lower);621 Kolding;2000 2000;2.53
73 P90/10 (Upper decile boundary divided by lower);630 Vejle;2000 2000;2.54
73 P90/10 (Upper decile boundary divided by lower);657 Herning;2000 2000;2.42
73 P90/10 (Upper decile boundary divided by lower);661 Holstebro;2000 2000;2.45
73 P90/10 (Upper decile boundary divided by lower);665 Lemvig;2000 2000;2.47
73 P90/10 (Upper decile boundary divided by lower);671 Struer;2000 2000;2.37
73 P90/10 (Upper decile boundary divided by lower);706 Syddjurs;2000 2000;2.42
73 P90/10 (Upper decile boundary divided by lower);707 Norddjurs;2000 2000;2.41
73 P90/10 (Upper decile boundary divided by lower);710 Favrskov;2000 2000;2.29
73 P90/10 (Upper decile boundary divided by lower);727 Odder;2000 2000;2.39
73 P90/10 (Upper decile boundary divided by lower);730 Randers;2000 2000;2.44
73 P90/10 (Upper decile boundary divided by lower);740 Silkeborg;2000 2000;2.46
73 P90/10 (Upper decile boundary divided by lower);741 Samsø;2000 2000;2.43
73 P90/10 (Upper decile boundary divided by lower);746 Skanderborg;2000 2000;2.37
73 P90/10 (Upper decile boundary divided by lower);751 Aarhus;2000 2000;3.12
73 P90/10 (Upper decile boundary divided by lower);756 Ikast-Brande;2000 2000;2.35
73 P90/10 (Upper decile boundary divided by lower);760 Ringkøbing-Skjern;2000 2000;2.38
73 P90/10 (Upper decile boundary divided by lower);766 Hedensted;2000 2000;2.33
73 P90/10 (Upper decile boundary divided by lower);773 Morsø;2000 2000;2.35
73 P90/10 (Upper decile boundary divided by lower);779 Skive;2000 2000;2.40
73 P90/10 (Upper decile boundary divided by lower);787 Thisted;2000 2000;2.45
73 P90/10 (Upper decile boundary divided by lower);791 Viborg;2000 2000;2.42
73 P90/10 (Upper decile boundary divided by lower);810 Brønderslev;2000 2000;2.37
73 P90/10 (Upper decile boundary divided by lower);813 Frederikshavn;2000 2000;2.35
73 P90/10 (Upper decile boundary divided by lower);820 Vesthimmerlands;2000 2000;2.44
73 P90/10 (Upper decile boundary divided by lower);825 Læsø;2000 2000;2.45
73 P90/10 (Upper decile boundary divided by lower);840 Rebild;2000 2000;2.42
73 P90/10 (Upper decile boundary divided by lower);846 Mariagerfjord;2000 2000;2.41
73 P90/10 (Upper decile boundary divided by lower);849 Jammerbugt;2000 2000;2.36
73 P90/10 (Upper decile boundary divided by lower);851 Aalborg;2000 2000;2.63
73 P90/10 (Upper decile boundary divided by lower);860 Hjørring;2000 2000;2.40
70 Gini coefficient;000 All Denmark;1992 1992;22.34
70 Gini coefficient;101 Copenhagen;1992 1992;23.49
70 Gini coefficient;147 Frederiksberg;1992 1992;26.27
70 Gini coefficient;151 Ballerup;1992 1992;19.47
70 Gini coefficient;153 Brøndby;1992 1992;19.77
70 Gini coefficient;155 Dragør;1992 1992;22.53
70 Gini coefficient;157 Gentofte;1992 1992;33.31
70 Gini coefficient;159 Gladsaxe;1992 1992;21.88
70 Gini coefficient;161 Glostrup;1992 1992;20.19
70 Gini coefficient;163 Herlev;1992 1992;20.42
70 Gini coefficient;165 Albertslund;1992 1992;20.92
70 Gini coefficient;167 Hvidovre;1992 1992;19.53
70 Gini coefficient;169 Høje-Taastrup;1992 1992;20.66
70 Gini coefficient;173 Lyngby-Taarbæk;1992 1992;27.02
70 Gini coefficient;175 Rødovre;1992 1992;18.83
70 Gini coefficient;183 Ishøj;1992 1992;20.61
70 Gini coefficient;185 Tårnby;1992 1992;18.23
70 Gini coefficient;187 Vallensbæk;1992 1992;18.55
70 Gini coefficient;190 Furesø;1992 1992;23.45
70 Gini coefficient;201 Allerød;1992 1992;20.58
70 Gini coefficient;210 Fredensborg;1992 1992;23.55
70 Gini coefficient;217 Helsingør;1992 1992;22.84
70 Gini coefficient;219 Hillerød;1992 1992;21.89
70 Gini coefficient;223 Hørsholm;1992 1992;34.84
70 Gini coefficient;230 Rudersdal;1992 1992;32.69
70 Gini coefficient;240 Egedal;1992 1992;18.29
70 Gini coefficient;250 Frederikssund;1992 1992;20.35
70 Gini coefficient;253 Greve;1992 1992;19.96
70 Gini coefficient;259 Køge;1992 1992;20.12
70 Gini coefficient;260 Halsnæs;1992 1992;19.28
70 Gini coefficient;265 Roskilde;1992 1992;21.92
70 Gini coefficient;269 Solrød;1992 1992;19.16
70 Gini coefficient;270 Gribskov;1992 1992;21.22
70 Gini coefficient;306 Odsherred;1992 1992;20.10
70 Gini coefficient;316 Holbæk;1992 1992;20.90
70 Gini coefficient;320 Faxe;1992 1992;20.32
70 Gini coefficient;326 Kalundborg;1992 1992;20.02
70 Gini coefficient;329 Ringsted;1992 1992;20.66
70 Gini coefficient;330 Slagelse;1992 1992;20.55
70 Gini coefficient;336 Stevns;1992 1992;20.49
70 Gini coefficient;340 Sorø;1992 1992;20.49
70 Gini coefficient;350 Lejre;1992 1992;19.14
70 Gini coefficient;360 Lolland;1992 1992;19.67
70 Gini coefficient;370 Næstved;1992 1992;21.02
70 Gini coefficient;376 Guldborgsund;1992 1992;20.17
70 Gini coefficient;390 Vordingborg;1992 1992;20.92
70 Gini coefficient;400 Bornholm;1992 1992;20.24
70 Gini coefficient;410 Middelfart;1992 1992;18.91
70 Gini coefficient;420 Assens;1992 1992;20.17
70 Gini coefficient;430 Faaborg-Midtfyn;1992 1992;19.45
70 Gini coefficient;440 Kerteminde;1992 1992;19.02
70 Gini coefficient;450 Nyborg;1992 1992;19.85
70 Gini coefficient;461 Odense;1992 1992;21.72
70 Gini coefficient;479 Svendborg;1992 1992;21.16
70 Gini coefficient;480 Nordfyns;1992 1992;19.31
70 Gini coefficient;482 Langeland;1992 1992;20.10
70 Gini coefficient;492 Ærø;1992 1992;22.19
70 Gini coefficient;510 Haderslev;1992 1992;20.65
70 Gini coefficient;530 Billund;1992 1992;20.74
70 Gini coefficient;540 Sønderborg;1992 1992;20.79
70 Gini coefficient;550 Tønder;1992 1992;20.55
70 Gini coefficient;561 Esbjerg;1992 1992;20.77
70 Gini coefficient;563 Fanø;1992 1992;21.28
70 Gini coefficient;573 Varde;1992 1992;20.09
70 Gini coefficient;575 Vejen;1992 1992;20.05
70 Gini coefficient;580 Aabenraa;1992 1992;20.96
70 Gini coefficient;607 Fredericia;1992 1992;19.42
70 Gini coefficient;615 Horsens;1992 1992;21.13
70 Gini coefficient;621 Kolding;1992 1992;21.16
70 Gini coefficient;630 Vejle;1992 1992;21.71
70 Gini coefficient;657 Herning;1992 1992;21.29
70 Gini coefficient;661 Holstebro;1992 1992;21.98
70 Gini coefficient;665 Lemvig;1992 1992;22.68
70 Gini coefficient;671 Struer;1992 1992;20.28
70 Gini coefficient;706 Syddjurs;1992 1992;21.03
70 Gini coefficient;707 Norddjurs;1992 1992;20.90
70 Gini coefficient;710 Favrskov;1992 1992;18.89
70 Gini coefficient;727 Odder;1992 1992;20.34
70 Gini coefficient;730 Randers;1992 1992;20.68
70 Gini coefficient;740 Silkeborg;1992 1992;21.05
70 Gini coefficient;741 Samsø;1992 1992;20.31
70 Gini coefficient;746 Skanderborg;1992 1992;19.75
70 Gini coefficient;751 Aarhus;1992 1992;24.28
70 Gini coefficient;756 Ikast-Brande;1992 1992;22.01
70 Gini coefficient;760 Ringkøbing-Skjern;1992 1992;21.17
70 Gini coefficient;766 Hedensted;1992 1992;19.46
70 Gini coefficient;773 Morsø;1992 1992;20.23
70 Gini coefficient;779 Skive;1992 1992;20.92
70 Gini coefficient;787 Thisted;1992 1992;20.98
70 Gini coefficient;791 Viborg;1992 1992;20.71
70 Gini coefficient;810 Brønderslev;1992 1992;19.80
70 Gini coefficient;813 Frederikshavn;1992 1992;20.26
70 Gini coefficient;820 Vesthimmerlands;1992 1992;20.65
70 Gini coefficient;825 Læsø;1992 1992;20.93
70 Gini coefficient;840 Rebild;1992 1992;20.50
70 Gini coefficient;846 Mariagerfjord;1992 1992;21.31
70 Gini coefficient;849 Jammerbugt;1992 1992;20.23
70 Gini coefficient;851 Aalborg;1992 1992;21.19
70 Gini coefficient;860 Hjørring;1992 1992;20.89
71 Hoover index;000 All Denmark;1992 1992;15.21
71 Hoover index;101 Copenhagen;1992 1992;16.37
71 Hoover index;147 Frederiksberg;1992 1992;18.17
71 Hoover index;151 Ballerup;1992 1992;13.53
71 Hoover index;153 Brøndby;1992 1992;13.80
71 Hoover index;155 Dragør;1992 1992;15.10
71 Hoover index;157 Gentofte;1992 1992;22.01
71 Hoover index;159 Gladsaxe;1992 1992;15.00
71 Hoover index;161 Glostrup;1992 1992;14.00
71 Hoover index;163 Herlev;1992 1992;14.13
71 Hoover index;165 Albertslund;1992 1992;14.55
71 Hoover index;167 Hvidovre;1992 1992;13.54
71 Hoover index;169 Høje-Taastrup;1992 1992;14.21
71 Hoover index;173 Lyngby-Taarbæk;1992 1992;18.41
71 Hoover index;175 Rødovre;1992 1992;13.11
71 Hoover index;183 Ishøj;1992 1992;14.28
71 Hoover index;185 Tårnby;1992 1992;12.59
71 Hoover index;187 Vallensbæk;1992 1992;12.51
71 Hoover index;190 Furesø;1992 1992;16.02
71 Hoover index;201 Allerød;1992 1992;13.97
71 Hoover index;210 Fredensborg;1992 1992;15.80
71 Hoover index;217 Helsingør;1992 1992;15.65
71 Hoover index;219 Hillerød;1992 1992;14.80
71 Hoover index;223 Hørsholm;1992 1992;22.39
71 Hoover index;230 Rudersdal;1992 1992;21.53
71 Hoover index;240 Egedal;1992 1992;12.46
71 Hoover index;250 Frederikssund;1992 1992;13.84
71 Hoover index;253 Greve;1992 1992;13.68
71 Hoover index;259 Køge;1992 1992;13.85
71 Hoover index;260 Halsnæs;1992 1992;13.20
71 Hoover index;265 Roskilde;1992 1992;14.98
71 Hoover index;269 Solrød;1992 1992;13.02
71 Hoover index;270 Gribskov;1992 1992;14.42
71 Hoover index;306 Odsherred;1992 1992;13.71
71 Hoover index;316 Holbæk;1992 1992;14.32
71 Hoover index;320 Faxe;1992 1992;13.91
71 Hoover index;326 Kalundborg;1992 1992;13.76
71 Hoover index;329 Ringsted;1992 1992;14.18
71 Hoover index;330 Slagelse;1992 1992;14.10
71 Hoover index;336 Stevns;1992 1992;14.04
71 Hoover index;340 Sorø;1992 1992;13.98
71 Hoover index;350 Lejre;1992 1992;12.99
71 Hoover index;360 Lolland;1992 1992;13.47
71 Hoover index;370 Næstved;1992 1992;14.30
71 Hoover index;376 Guldborgsund;1992 1992;13.80
71 Hoover index;390 Vordingborg;1992 1992;14.27
71 Hoover index;400 Bornholm;1992 1992;13.67
71 Hoover index;410 Middelfart;1992 1992;12.94
71 Hoover index;420 Assens;1992 1992;13.61
71 Hoover index;430 Faaborg-Midtfyn;1992 1992;13.27
71 Hoover index;440 Kerteminde;1992 1992;12.96
71 Hoover index;450 Nyborg;1992 1992;13.48
71 Hoover index;461 Odense;1992 1992;14.93
71 Hoover index;479 Svendborg;1992 1992;14.41
71 Hoover index;480 Nordfyns;1992 1992;13.17
71 Hoover index;482 Langeland;1992 1992;13.79
71 Hoover index;492 Ærø;1992 1992;15.19
71 Hoover index;510 Haderslev;1992 1992;14.04
71 Hoover index;530 Billund;1992 1992;13.92
71 Hoover index;540 Sønderborg;1992 1992;14.15
71 Hoover index;550 Tønder;1992 1992;13.97
71 Hoover index;561 Esbjerg;1992 1992;14.12
71 Hoover index;563 Fanø;1992 1992;14.49
71 Hoover index;573 Varde;1992 1992;13.68
71 Hoover index;575 Vejen;1992 1992;13.69
71 Hoover index;580 Aabenraa;1992 1992;14.29
71 Hoover index;607 Fredericia;1992 1992;13.30
71 Hoover index;615 Horsens;1992 1992;14.41
71 Hoover index;621 Kolding;1992 1992;14.39
71 Hoover index;630 Vejle;1992 1992;14.73
71 Hoover index;657 Herning;1992 1992;14.41
71 Hoover index;661 Holstebro;1992 1992;14.72
71 Hoover index;665 Lemvig;1992 1992;15.26
71 Hoover index;671 Struer;1992 1992;13.69
71 Hoover index;706 Syddjurs;1992 1992;14.32
71 Hoover index;707 Norddjurs;1992 1992;14.14
71 Hoover index;710 Favrskov;1992 1992;12.84
71 Hoover index;727 Odder;1992 1992;13.80
71 Hoover index;730 Randers;1992 1992;14.09
71 Hoover index;740 Silkeborg;1992 1992;14.23
71 Hoover index;741 Samsø;1992 1992;14.01
71 Hoover index;746 Skanderborg;1992 1992;13.35
71 Hoover index;751 Aarhus;1992 1992;16.55
71 Hoover index;756 Ikast-Brande;1992 1992;14.64
71 Hoover index;760 Ringkøbing-Skjern;1992 1992;14.31
71 Hoover index;766 Hedensted;1992 1992;13.23
71 Hoover index;773 Morsø;1992 1992;13.76
71 Hoover index;779 Skive;1992 1992;14.12
71 Hoover index;787 Thisted;1992 1992;14.22
71 Hoover index;791 Viborg;1992 1992;13.99
71 Hoover index;810 Brønderslev;1992 1992;13.55
71 Hoover index;813 Frederikshavn;1992 1992;13.71
71 Hoover index;820 Vesthimmerlands;1992 1992;14.06
71 Hoover index;825 Læsø;1992 1992;14.24
71 Hoover index;840 Rebild;1992 1992;13.96
71 Hoover index;846 Mariagerfjord;1992 1992;14.37
71 Hoover index;849 Jammerbugt;1992 1992;13.71
71 Hoover index;851 Aalborg;1992 1992;14.55
71 Hoover index;860 Hjørring;1992 1992;14.15
72 S80/S20 (Income quintile share ratio);000 All Denmark;1992 1992;3.24
72 S80/S20 (Income quintile share ratio);101 Copenhagen;1992 1992;3.45
72 S80/S20 (Income quintile share ratio);147 Frederiksberg;1992 1992;4.06
72 S80/S20 (Income quintile share ratio);151 Ballerup;1992 1992;2.74
72 S80/S20 (Income quintile share ratio);153 Brøndby;1992 1992;2.78
72 S80/S20 (Income quintile share ratio);155 Dragør;1992 1992;3.46
72 S80/S20 (Income quintile share ratio);157 Gentofte;1992 1992;6.99
72 S80/S20 (Income quintile share ratio);159 Gladsaxe;1992 1992;3.20
72 S80/S20 (Income quintile share ratio);161 Glostrup;1992 1992;2.86
72 S80/S20 (Income quintile share ratio);163 Herlev;1992 1992;2.89
72 S80/S20 (Income quintile share ratio);165 Albertslund;1992 1992;3.01
72 S80/S20 (Income quintile share ratio);167 Hvidovre;1992 1992;2.77
72 S80/S20 (Income quintile share ratio);169 Høje-Taastrup;1992 1992;3.00
72 S80/S20 (Income quintile share ratio);173 Lyngby-Taarbæk;1992 1992;4.32
72 S80/S20 (Income quintile share ratio);175 Rødovre;1992 1992;2.64
72 S80/S20 (Income quintile share ratio);183 Ishøj;1992 1992;2.94
72 S80/S20 (Income quintile share ratio);185 Tårnby;1992 1992;2.62
72 S80/S20 (Income quintile share ratio);187 Vallensbæk;1992 1992;2.65
72 S80/S20 (Income quintile share ratio);190 Furesø;1992 1992;3.42
72 S80/S20 (Income quintile share ratio);201 Allerød;1992 1992;2.97
72 S80/S20 (Income quintile share ratio);210 Fredensborg;1992 1992;3.59
72 S80/S20 (Income quintile share ratio);217 Helsingør;1992 1992;3.33
72 S80/S20 (Income quintile share ratio);219 Hillerød;1992 1992;3.26
72 S80/S20 (Income quintile share ratio);223 Hørsholm;1992 1992;10.59
72 S80/S20 (Income quintile share ratio);230 Rudersdal;1992 1992;6.64
72 S80/S20 (Income quintile share ratio);240 Egedal;1992 1992;2.63
72 S80/S20 (Income quintile share ratio);250 Frederikssund;1992 1992;2.96
72 S80/S20 (Income quintile share ratio);253 Greve;1992 1992;2.89
72 S80/S20 (Income quintile share ratio);259 Køge;1992 1992;2.87
72 S80/S20 (Income quintile share ratio);260 Halsnæs;1992 1992;2.77
72 S80/S20 (Income quintile share ratio);265 Roskilde;1992 1992;3.23
72 S80/S20 (Income quintile share ratio);269 Solrød;1992 1992;2.77
72 S80/S20 (Income quintile share ratio);270 Gribskov;1992 1992;3.11
72 S80/S20 (Income quintile share ratio);306 Odsherred;1992 1992;2.87
72 S80/S20 (Income quintile share ratio);316 Holbæk;1992 1992;2.99
72 S80/S20 (Income quintile share ratio);320 Faxe;1992 1992;2.92
72 S80/S20 (Income quintile share ratio);326 Kalundborg;1992 1992;2.83
72 S80/S20 (Income quintile share ratio);329 Ringsted;1992 1992;2.96
72 S80/S20 (Income quintile share ratio);330 Slagelse;1992 1992;2.94
72 S80/S20 (Income quintile share ratio);336 Stevns;1992 1992;2.93
72 S80/S20 (Income quintile share ratio);340 Sorø;1992 1992;2.97
72 S80/S20 (Income quintile share ratio);350 Lejre;1992 1992;2.76
72 S80/S20 (Income quintile share ratio);360 Lolland;1992 1992;2.77
72 S80/S20 (Income quintile share ratio);370 Næstved;1992 1992;3.08
72 S80/S20 (Income quintile share ratio);376 Guldborgsund;1992 1992;2.86
72 S80/S20 (Income quintile share ratio);390 Vordingborg;1992 1992;3.03
72 S80/S20 (Income quintile share ratio);400 Bornholm;1992 1992;2.89
72 S80/S20 (Income quintile share ratio);410 Middelfart;1992 1992;2.67
72 S80/S20 (Income quintile share ratio);420 Assens;1992 1992;2.89
72 S80/S20 (Income quintile share ratio);430 Faaborg-Midtfyn;1992 1992;2.76
72 S80/S20 (Income quintile share ratio);440 Kerteminde;1992 1992;2.68
72 S80/S20 (Income quintile share ratio);450 Nyborg;1992 1992;2.82
72 S80/S20 (Income quintile share ratio);461 Odense;1992 1992;3.14
72 S80/S20 (Income quintile share ratio);479 Svendborg;1992 1992;3.03
72 S80/S20 (Income quintile share ratio);480 Nordfyns;1992 1992;2.74
72 S80/S20 (Income quintile share ratio);482 Langeland;1992 1992;2.83
72 S80/S20 (Income quintile share ratio);492 Ærø;1992 1992;3.17
72 S80/S20 (Income quintile share ratio);510 Haderslev;1992 1992;2.89
72 S80/S20 (Income quintile share ratio);530 Billund;1992 1992;2.95
72 S80/S20 (Income quintile share ratio);540 Sønderborg;1992 1992;2.94
72 S80/S20 (Income quintile share ratio);550 Tønder;1992 1992;2.92
72 S80/S20 (Income quintile share ratio);561 Esbjerg;1992 1992;2.97
72 S80/S20 (Income quintile share ratio);563 Fanø;1992 1992;3.12
72 S80/S20 (Income quintile share ratio);573 Varde;1992 1992;2.85
72 S80/S20 (Income quintile share ratio);575 Vejen;1992 1992;2.83
72 S80/S20 (Income quintile share ratio);580 Aabenraa;1992 1992;2.96
72 S80/S20 (Income quintile share ratio);607 Fredericia;1992 1992;2.74
72 S80/S20 (Income quintile share ratio);615 Horsens;1992 1992;3.02
72 S80/S20 (Income quintile share ratio);621 Kolding;1992 1992;3.02
72 S80/S20 (Income quintile share ratio);630 Vejle;1992 1992;3.10
72 S80/S20 (Income quintile share ratio);657 Herning;1992 1992;3.07
72 S80/S20 (Income quintile share ratio);661 Holstebro;1992 1992;3.23
72 S80/S20 (Income quintile share ratio);665 Lemvig;1992 1992;3.41
72 S80/S20 (Income quintile share ratio);671 Struer;1992 1992;2.89
72 S80/S20 (Income quintile share ratio);706 Syddjurs;1992 1992;3.04
72 S80/S20 (Income quintile share ratio);707 Norddjurs;1992 1992;2.98
72 S80/S20 (Income quintile share ratio);710 Favrskov;1992 1992;2.69
72 S80/S20 (Income quintile share ratio);727 Odder;1992 1992;2.88
72 S80/S20 (Income quintile share ratio);730 Randers;1992 1992;2.93
72 S80/S20 (Income quintile share ratio);740 Silkeborg;1992 1992;2.98
72 S80/S20 (Income quintile share ratio);741 Samsø;1992 1992;2.88
72 S80/S20 (Income quintile share ratio);746 Skanderborg;1992 1992;2.82
72 S80/S20 (Income quintile share ratio);751 Aarhus;1992 1992;3.69
72 S80/S20 (Income quintile share ratio);756 Ikast-Brande;1992 1992;3.17
72 S80/S20 (Income quintile share ratio);760 Ringkøbing-Skjern;1992 1992;3.05
72 S80/S20 (Income quintile share ratio);766 Hedensted;1992 1992;2.77
72 S80/S20 (Income quintile share ratio);773 Morsø;1992 1992;2.85
72 S80/S20 (Income quintile share ratio);779 Skive;1992 1992;3.00
72 S80/S20 (Income quintile share ratio);787 Thisted;1992 1992;2.96
72 S80/S20 (Income quintile share ratio);791 Viborg;1992 1992;2.98
72 S80/S20 (Income quintile share ratio);810 Brønderslev;1992 1992;2.81
72 S80/S20 (Income quintile share ratio);813 Frederikshavn;1992 1992;2.89
72 S80/S20 (Income quintile share ratio);820 Vesthimmerlands;1992 1992;2.98
72 S80/S20 (Income quintile share ratio);825 Læsø;1992 1992;2.97
72 S80/S20 (Income quintile share ratio);840 Rebild;1992 1992;2.93
72 S80/S20 (Income quintile share ratio);846 Mariagerfjord;1992 1992;3.13
72 S80/S20 (Income quintile share ratio);849 Jammerbugt;1992 1992;2.90
72 S80/S20 (Income quintile share ratio);851 Aalborg;1992 1992;3.03
72 S80/S20 (Income quintile share ratio);860 Hjørring;1992 1992;3.02
73 P90/10 (Upper decile boundary divided by lower);000 All Denmark;1992 1992;2.51
73 P90/10 (Upper decile boundary divided by lower);101 Copenhagen;1992 1992;2.76
73 P90/10 (Upper decile boundary divided by lower);147 Frederiksberg;1992 1992;3.05
73 P90/10 (Upper decile boundary divided by lower);151 Ballerup;1992 1992;2.36
73 P90/10 (Upper decile boundary divided by lower);153 Brøndby;1992 1992;2.40
73 P90/10 (Upper decile boundary divided by lower);155 Dragør;1992 1992;2.54
73 P90/10 (Upper decile boundary divided by lower);157 Gentofte;1992 1992;3.60
73 P90/10 (Upper decile boundary divided by lower);159 Gladsaxe;1992 1992;2.56
73 P90/10 (Upper decile boundary divided by lower);161 Glostrup;1992 1992;2.44
73 P90/10 (Upper decile boundary divided by lower);163 Herlev;1992 1992;2.45
73 P90/10 (Upper decile boundary divided by lower);165 Albertslund;1992 1992;2.59
73 P90/10 (Upper decile boundary divided by lower);167 Hvidovre;1992 1992;2.37
73 P90/10 (Upper decile boundary divided by lower);169 Høje-Taastrup;1992 1992;2.48
73 P90/10 (Upper decile boundary divided by lower);173 Lyngby-Taarbæk;1992 1992;3.12
73 P90/10 (Upper decile boundary divided by lower);175 Rødovre;1992 1992;2.32
73 P90/10 (Upper decile boundary divided by lower);183 Ishøj;1992 1992;2.49
73 P90/10 (Upper decile boundary divided by lower);185 Tårnby;1992 1992;2.28
73 P90/10 (Upper decile boundary divided by lower);187 Vallensbæk;1992 1992;2.18
73 P90/10 (Upper decile boundary divided by lower);190 Furesø;1992 1992;2.73
73 P90/10 (Upper decile boundary divided by lower);201 Allerød;1992 1992;2.46
73 P90/10 (Upper decile boundary divided by lower);210 Fredensborg;1992 1992;2.58
73 P90/10 (Upper decile boundary divided by lower);217 Helsingør;1992 1992;2.64
73 P90/10 (Upper decile boundary divided by lower);219 Hillerød;1992 1992;2.51
73 P90/10 (Upper decile boundary divided by lower);223 Hørsholm;1992 1992;3.16
73 P90/10 (Upper decile boundary divided by lower);230 Rudersdal;1992 1992;3.44
73 P90/10 (Upper decile boundary divided by lower);240 Egedal;1992 1992;2.23
73 P90/10 (Upper decile boundary divided by lower);250 Frederikssund;1992 1992;2.34
73 P90/10 (Upper decile boundary divided by lower);253 Greve;1992 1992;2.44
73 P90/10 (Upper decile boundary divided by lower);259 Køge;1992 1992;2.37
73 P90/10 (Upper decile boundary divided by lower);260 Halsnæs;1992 1992;2.25
73 P90/10 (Upper decile boundary divided by lower);265 Roskilde;1992 1992;2.57
73 P90/10 (Upper decile boundary divided by lower);269 Solrød;1992 1992;2.28
73 P90/10 (Upper decile boundary divided by lower);270 Gribskov;1992 1992;2.41
73 P90/10 (Upper decile boundary divided by lower);306 Odsherred;1992 1992;2.29
73 P90/10 (Upper decile boundary divided by lower);316 Holbæk;1992 1992;2.39
73 P90/10 (Upper decile boundary divided by lower);320 Faxe;1992 1992;2.36
73 P90/10 (Upper decile boundary divided by lower);326 Kalundborg;1992 1992;2.29
73 P90/10 (Upper decile boundary divided by lower);329 Ringsted;1992 1992;2.40
73 P90/10 (Upper decile boundary divided by lower);330 Slagelse;1992 1992;2.36
73 P90/10 (Upper decile boundary divided by lower);336 Stevns;1992 1992;2.35
73 P90/10 (Upper decile boundary divided by lower);340 Sorø;1992 1992;2.39
73 P90/10 (Upper decile boundary divided by lower);350 Lejre;1992 1992;2.27
73 P90/10 (Upper decile boundary divided by lower);360 Lolland;1992 1992;2.21
73 P90/10 (Upper decile boundary divided by lower);370 Næstved;1992 1992;2.36
73 P90/10 (Upper decile boundary divided by lower);376 Guldborgsund;1992 1992;2.28
73 P90/10 (Upper decile boundary divided by lower);390 Vordingborg;1992 1992;2.35
73 P90/10 (Upper decile boundary divided by lower);400 Bornholm;1992 1992;2.19
73 P90/10 (Upper decile boundary divided by lower);410 Middelfart;1992 1992;2.20
73 P90/10 (Upper decile boundary divided by lower);420 Assens;1992 1992;2.20
73 P90/10 (Upper decile boundary divided by lower);430 Faaborg-Midtfyn;1992 1992;2.25
73 P90/10 (Upper decile boundary divided by lower);440 Kerteminde;1992 1992;2.20
73 P90/10 (Upper decile boundary divided by lower);450 Nyborg;1992 1992;2.25
73 P90/10 (Upper decile boundary divided by lower);461 Odense;1992 1992;2.55
73 P90/10 (Upper decile boundary divided by lower);479 Svendborg;1992 1992;2.38
73 P90/10 (Upper decile boundary divided by lower);480 Nordfyns;1992 1992;2.22
73 P90/10 (Upper decile boundary divided by lower);482 Langeland;1992 1992;2.24
73 P90/10 (Upper decile boundary divided by lower);492 Ærø;1992 1992;2.45
73 P90/10 (Upper decile boundary divided by lower);510 Haderslev;1992 1992;2.30
73 P90/10 (Upper decile boundary divided by lower);530 Billund;1992 1992;2.28
73 P90/10 (Upper decile boundary divided by lower);540 Sønderborg;1992 1992;2.36
73 P90/10 (Upper decile boundary divided by lower);550 Tønder;1992 1992;2.34
73 P90/10 (Upper decile boundary divided by lower);561 Esbjerg;1992 1992;2.36
73 P90/10 (Upper decile boundary divided by lower);563 Fanø;1992 1992;2.46
73 P90/10 (Upper decile boundary divided by lower);573 Varde;1992 1992;2.30
73 P90/10 (Upper decile boundary divided by lower);575 Vejen;1992 1992;2.29
73 P90/10 (Upper decile boundary divided by lower);580 Aabenraa;1992 1992;2.36
73 P90/10 (Upper decile boundary divided by lower);607 Fredericia;1992 1992;2.28
73 P90/10 (Upper decile boundary divided by lower);615 Horsens;1992 1992;2.40
73 P90/10 (Upper decile boundary divided by lower);621 Kolding;1992 1992;2.38
73 P90/10 (Upper decile boundary divided by lower);630 Vejle;1992 1992;2.42
73 P90/10 (Upper decile boundary divided by lower);657 Herning;1992 1992;2.40
73 P90/10 (Upper decile boundary divided by lower);661 Holstebro;1992 1992;2.37
73 P90/10 (Upper decile boundary divided by lower);665 Lemvig;1992 1992;2.53
73 P90/10 (Upper decile boundary divided by lower);671 Struer;1992 1992;2.26
73 P90/10 (Upper decile boundary divided by lower);706 Syddjurs;1992 1992;2.34
73 P90/10 (Upper decile boundary divided by lower);707 Norddjurs;1992 1992;2.28
73 P90/10 (Upper decile boundary divided by lower);710 Favrskov;1992 1992;2.20
73 P90/10 (Upper decile boundary divided by lower);727 Odder;1992 1992;2.27
73 P90/10 (Upper decile boundary divided by lower);730 Randers;1992 1992;2.30
73 P90/10 (Upper decile boundary divided by lower);740 Silkeborg;1992 1992;2.32
73 P90/10 (Upper decile boundary divided by lower);741 Samsø;1992 1992;2.32
73 P90/10 (Upper decile boundary divided by lower);746 Skanderborg;1992 1992;2.24
73 P90/10 (Upper decile boundary divided by lower);751 Aarhus;1992 1992;2.81
73 P90/10 (Upper decile boundary divided by lower);756 Ikast-Brande;1992 1992;2.29
73 P90/10 (Upper decile boundary divided by lower);760 Ringkøbing-Skjern;1992 1992;2.34
73 P90/10 (Upper decile boundary divided by lower);766 Hedensted;1992 1992;2.23
73 P90/10 (Upper decile boundary divided by lower);773 Morsø;1992 1992;2.26
73 P90/10 (Upper decile boundary divided by lower);779 Skive;1992 1992;2.28
73 P90/10 (Upper decile boundary divided by lower);787 Thisted;1992 1992;2.28
73 P90/10 (Upper decile boundary divided by lower);791 Viborg;1992 1992;2.33
73 P90/10 (Upper decile boundary divided by lower);810 Brønderslev;1992 1992;2.26
73 P90/10 (Upper decile boundary divided by lower);813 Frederikshavn;1992 1992;2.27
73 P90/10 (Upper decile boundary divided by lower);820 Vesthimmerlands;1992 1992;2.33
73 P90/10 (Upper decile boundary divided by lower);825 Læsø;1992 1992;2.30
73 P90/10 (Upper decile boundary divided by lower);840 Rebild;1992 1992;2.31
73 P90/10 (Upper decile boundary divided by lower);846 Mariagerfjord;1992 1992;2.30
73 P90/10 (Upper decile boundary divided by lower);849 Jammerbugt;1992 1992;2.25
73 P90/10 (Upper decile boundary divided by lower);851 Aalborg;1992 1992;2.46
73 P90/10 (Upper decile boundary divided by lower);860 Hjørring;1992 1992;2.32
70 Gini coefficient;000 All Denmark;2007 2007;27.02
70 Gini coefficient;101 Copenhagen;2007 2007;29.14
70 Gini coefficient;147 Frederiksberg;2007 2007;31.39
70 Gini coefficient;151 Ballerup;2007 2007;23.42
70 Gini coefficient;153 Brøndby;2007 2007;22.01
70 Gini coefficient;155 Dragør;2007 2007;26.42
70 Gini coefficient;157 Gentofte;2007 2007;43.34
70 Gini coefficient;159 Gladsaxe;2007 2007;25.65
70 Gini coefficient;161 Glostrup;2007 2007;22.46
70 Gini coefficient;163 Herlev;2007 2007;23.57
70 Gini coefficient;165 Albertslund;2007 2007;23.34
70 Gini coefficient;167 Hvidovre;2007 2007;22.51
70 Gini coefficient;169 Høje-Taastrup;2007 2007;22.94
70 Gini coefficient;173 Lyngby-Taarbæk;2007 2007;32.46
70 Gini coefficient;175 Rødovre;2007 2007;21.94
70 Gini coefficient;183 Ishøj;2007 2007;22.45
70 Gini coefficient;185 Tårnby;2007 2007;21.58
70 Gini coefficient;187 Vallensbæk;2007 2007;22.17
70 Gini coefficient;190 Furesø;2007 2007;27.71
70 Gini coefficient;201 Allerød;2007 2007;25.00
70 Gini coefficient;210 Fredensborg;2007 2007;29.54
70 Gini coefficient;217 Helsingør;2007 2007;29.45
70 Gini coefficient;219 Hillerød;2007 2007;24.76
70 Gini coefficient;223 Hørsholm;2007 2007;38.29
70 Gini coefficient;230 Rudersdal;2007 2007;39.66
70 Gini coefficient;240 Egedal;2007 2007;21.07
70 Gini coefficient;250 Frederikssund;2007 2007;23.47
70 Gini coefficient;253 Greve;2007 2007;24.48
70 Gini coefficient;259 Køge;2007 2007;22.85
70 Gini coefficient;260 Halsnæs;2007 2007;21.58
70 Gini coefficient;265 Roskilde;2007 2007;26.08
70 Gini coefficient;269 Solrød;2007 2007;25.96
70 Gini coefficient;270 Gribskov;2007 2007;24.96
70 Gini coefficient;306 Odsherred;2007 2007;23.21
70 Gini coefficient;316 Holbæk;2007 2007;24.39
70 Gini coefficient;320 Faxe;2007 2007;23.03
70 Gini coefficient;326 Kalundborg;2007 2007;23.93
70 Gini coefficient;329 Ringsted;2007 2007;23.33
70 Gini coefficient;330 Slagelse;2007 2007;24.73
70 Gini coefficient;336 Stevns;2007 2007;23.47
70 Gini coefficient;340 Sorø;2007 2007;23.16
70 Gini coefficient;350 Lejre;2007 2007;23.33
70 Gini coefficient;360 Lolland;2007 2007;24.27
70 Gini coefficient;370 Næstved;2007 2007;24.10
70 Gini coefficient;376 Guldborgsund;2007 2007;25.11
70 Gini coefficient;390 Vordingborg;2007 2007;23.86
70 Gini coefficient;400 Bornholm;2007 2007;22.95
70 Gini coefficient;410 Middelfart;2007 2007;23.98
70 Gini coefficient;420 Assens;2007 2007;23.45
70 Gini coefficient;430 Faaborg-Midtfyn;2007 2007;23.64
70 Gini coefficient;440 Kerteminde;2007 2007;23.93
70 Gini coefficient;450 Nyborg;2007 2007;22.84
70 Gini coefficient;461 Odense;2007 2007;25.59
70 Gini coefficient;479 Svendborg;2007 2007;24.94
70 Gini coefficient;480 Nordfyns;2007 2007;23.07
70 Gini coefficient;482 Langeland;2007 2007;25.49
70 Gini coefficient;492 Ærø;2007 2007;25.58
70 Gini coefficient;510 Haderslev;2007 2007;24.74
70 Gini coefficient;530 Billund;2007 2007;24.40
70 Gini coefficient;540 Sønderborg;2007 2007;23.93
70 Gini coefficient;550 Tønder;2007 2007;26.67
70 Gini coefficient;561 Esbjerg;2007 2007;24.49
70 Gini coefficient;563 Fanø;2007 2007;25.94
70 Gini coefficient;573 Varde;2007 2007;25.04
70 Gini coefficient;575 Vejen;2007 2007;23.83
70 Gini coefficient;580 Aabenraa;2007 2007;25.36
70 Gini coefficient;607 Fredericia;2007 2007;22.84
70 Gini coefficient;615 Horsens;2007 2007;24.32
70 Gini coefficient;621 Kolding;2007 2007;24.54
70 Gini coefficient;630 Vejle;2007 2007;25.30
70 Gini coefficient;657 Herning;2007 2007;24.95
70 Gini coefficient;661 Holstebro;2007 2007;26.44
70 Gini coefficient;665 Lemvig;2007 2007;28.56
70 Gini coefficient;671 Struer;2007 2007;23.29
70 Gini coefficient;706 Syddjurs;2007 2007;28.06
70 Gini coefficient;707 Norddjurs;2007 2007;24.81
70 Gini coefficient;710 Favrskov;2007 2007;22.80
70 Gini coefficient;727 Odder;2007 2007;23.53
70 Gini coefficient;730 Randers;2007 2007;23.88
70 Gini coefficient;740 Silkeborg;2007 2007;26.43
70 Gini coefficient;741 Samsø;2007 2007;25.39
70 Gini coefficient;746 Skanderborg;2007 2007;22.80
70 Gini coefficient;751 Aarhus;2007 2007;30.03
70 Gini coefficient;756 Ikast-Brande;2007 2007;26.70
70 Gini coefficient;760 Ringkøbing-Skjern;2007 2007;26.44
70 Gini coefficient;766 Hedensted;2007 2007;22.73
70 Gini coefficient;773 Morsø;2007 2007;26.55
70 Gini coefficient;779 Skive;2007 2007;24.14
70 Gini coefficient;787 Thisted;2007 2007;26.56
70 Gini coefficient;791 Viborg;2007 2007;24.18
70 Gini coefficient;810 Brønderslev;2007 2007;26.54
70 Gini coefficient;813 Frederikshavn;2007 2007;24.33
70 Gini coefficient;820 Vesthimmerlands;2007 2007;25.45
70 Gini coefficient;825 Læsø;2007 2007;26.50
70 Gini coefficient;840 Rebild;2007 2007;25.63
70 Gini coefficient;846 Mariagerfjord;2007 2007;24.30
70 Gini coefficient;849 Jammerbugt;2007 2007;24.63
70 Gini coefficient;851 Aalborg;2007 2007;26.07
70 Gini coefficient;860 Hjørring;2007 2007;24.88
71 Hoover index;000 All Denmark;2007 2007;18.25
71 Hoover index;101 Copenhagen;2007 2007;20.18
71 Hoover index;147 Frederiksberg;2007 2007;21.57
71 Hoover index;151 Ballerup;2007 2007;16.30
71 Hoover index;153 Brøndby;2007 2007;15.50
71 Hoover index;155 Dragør;2007 2007;17.71
71 Hoover index;157 Gentofte;2007 2007;29.52
71 Hoover index;159 Gladsaxe;2007 2007;17.68
71 Hoover index;161 Glostrup;2007 2007;15.76
71 Hoover index;163 Herlev;2007 2007;16.40
71 Hoover index;165 Albertslund;2007 2007;16.35
71 Hoover index;167 Hvidovre;2007 2007;15.67
71 Hoover index;169 Høje-Taastrup;2007 2007;15.86
71 Hoover index;173 Lyngby-Taarbæk;2007 2007;22.08
71 Hoover index;175 Rødovre;2007 2007;15.33
71 Hoover index;183 Ishøj;2007 2007;15.69
71 Hoover index;185 Tårnby;2007 2007;14.92
71 Hoover index;187 Vallensbæk;2007 2007;15.19
71 Hoover index;190 Furesø;2007 2007;18.88
71 Hoover index;201 Allerød;2007 2007;16.79
71 Hoover index;210 Fredensborg;2007 2007;19.93
71 Hoover index;217 Helsingør;2007 2007;19.79
71 Hoover index;219 Hillerød;2007 2007;16.78
71 Hoover index;223 Hørsholm;2007 2007;26.02
71 Hoover index;230 Rudersdal;2007 2007;26.54
71 Hoover index;240 Egedal;2007 2007;14.23
71 Hoover index;250 Frederikssund;2007 2007;15.98
71 Hoover index;253 Greve;2007 2007;16.59
71 Hoover index;259 Køge;2007 2007;15.63
71 Hoover index;260 Halsnæs;2007 2007;14.81
71 Hoover index;265 Roskilde;2007 2007;17.71
71 Hoover index;269 Solrød;2007 2007;17.39
71 Hoover index;270 Gribskov;2007 2007;16.75
71 Hoover index;306 Odsherred;2007 2007;15.82
71 Hoover index;316 Holbæk;2007 2007;16.54
71 Hoover index;320 Faxe;2007 2007;15.54
71 Hoover index;326 Kalundborg;2007 2007;16.20
71 Hoover index;329 Ringsted;2007 2007;15.86
71 Hoover index;330 Slagelse;2007 2007;16.73
71 Hoover index;336 Stevns;2007 2007;15.85
71 Hoover index;340 Sorø;2007 2007;15.74
71 Hoover index;350 Lejre;2007 2007;15.65
71 Hoover index;360 Lolland;2007 2007;16.49
71 Hoover index;370 Næstved;2007 2007;16.29
71 Hoover index;376 Guldborgsund;2007 2007;16.90
71 Hoover index;390 Vordingborg;2007 2007;16.23
71 Hoover index;400 Bornholm;2007 2007;15.48
71 Hoover index;410 Middelfart;2007 2007;16.18
71 Hoover index;420 Assens;2007 2007;15.73
71 Hoover index;430 Faaborg-Midtfyn;2007 2007;15.87
71 Hoover index;440 Kerteminde;2007 2007;16.06
71 Hoover index;450 Nyborg;2007 2007;15.41
71 Hoover index;461 Odense;2007 2007;17.54
71 Hoover index;479 Svendborg;2007 2007;16.95
71 Hoover index;480 Nordfyns;2007 2007;15.56
71 Hoover index;482 Langeland;2007 2007;17.03
71 Hoover index;492 Ærø;2007 2007;17.49
71 Hoover index;510 Haderslev;2007 2007;16.57
71 Hoover index;530 Billund;2007 2007;16.35
71 Hoover index;540 Sønderborg;2007 2007;16.19
71 Hoover index;550 Tønder;2007 2007;17.70
71 Hoover index;561 Esbjerg;2007 2007;16.59
71 Hoover index;563 Fanø;2007 2007;17.80
71 Hoover index;573 Varde;2007 2007;16.59
71 Hoover index;575 Vejen;2007 2007;15.99
71 Hoover index;580 Aabenraa;2007 2007;17.04
71 Hoover index;607 Fredericia;2007 2007;15.56
71 Hoover index;615 Horsens;2007 2007;16.39
71 Hoover index;621 Kolding;2007 2007;16.57
71 Hoover index;630 Vejle;2007 2007;16.95
71 Hoover index;657 Herning;2007 2007;16.65
71 Hoover index;661 Holstebro;2007 2007;17.56
71 Hoover index;665 Lemvig;2007 2007;18.62
71 Hoover index;671 Struer;2007 2007;15.67
71 Hoover index;706 Syddjurs;2007 2007;18.36
71 Hoover index;707 Norddjurs;2007 2007;16.66
71 Hoover index;710 Favrskov;2007 2007;15.19
71 Hoover index;727 Odder;2007 2007;15.79
71 Hoover index;730 Randers;2007 2007;16.08
71 Hoover index;740 Silkeborg;2007 2007;17.59
71 Hoover index;741 Samsø;2007 2007;17.18
71 Hoover index;746 Skanderborg;2007 2007;15.37
71 Hoover index;751 Aarhus;2007 2007;20.36
71 Hoover index;756 Ikast-Brande;2007 2007;17.67
71 Hoover index;760 Ringkøbing-Skjern;2007 2007;17.44
71 Hoover index;766 Hedensted;2007 2007;15.25
71 Hoover index;773 Morsø;2007 2007;17.43
71 Hoover index;779 Skive;2007 2007;16.20
71 Hoover index;787 Thisted;2007 2007;17.61
71 Hoover index;791 Viborg;2007 2007;16.18
71 Hoover index;810 Brønderslev;2007 2007;17.35
71 Hoover index;813 Frederikshavn;2007 2007;16.29
71 Hoover index;820 Vesthimmerlands;2007 2007;16.93
71 Hoover index;825 Læsø;2007 2007;17.84
71 Hoover index;840 Rebild;2007 2007;16.98
71 Hoover index;846 Mariagerfjord;2007 2007;16.31
71 Hoover index;849 Jammerbugt;2007 2007;16.47
71 Hoover index;851 Aalborg;2007 2007;17.63
71 Hoover index;860 Hjørring;2007 2007;16.61
72 S80/S20 (Income quintile share ratio);000 All Denmark;2007 2007;4.00
72 S80/S20 (Income quintile share ratio);101 Copenhagen;2007 2007;4.73
72 S80/S20 (Income quintile share ratio);147 Frederiksberg;2007 2007;5.20
72 S80/S20 (Income quintile share ratio);151 Ballerup;2007 2007;3.29
72 S80/S20 (Income quintile share ratio);153 Brøndby;2007 2007;3.04
72 S80/S20 (Income quintile share ratio);155 Dragør;2007 2007;4.15
72 S80/S20 (Income quintile share ratio);157 Gentofte;2007 2007;10.19
72 S80/S20 (Income quintile share ratio);159 Gladsaxe;2007 2007;3.78
72 S80/S20 (Income quintile share ratio);161 Glostrup;2007 2007;3.12
72 S80/S20 (Income quintile share ratio);163 Herlev;2007 2007;3.34
72 S80/S20 (Income quintile share ratio);165 Albertslund;2007 2007;3.35
72 S80/S20 (Income quintile share ratio);167 Hvidovre;2007 2007;3.20
72 S80/S20 (Income quintile share ratio);169 Høje-Taastrup;2007 2007;3.27
72 S80/S20 (Income quintile share ratio);173 Lyngby-Taarbæk;2007 2007;5.36
72 S80/S20 (Income quintile share ratio);175 Rødovre;2007 2007;3.05
72 S80/S20 (Income quintile share ratio);183 Ishøj;2007 2007;3.17
72 S80/S20 (Income quintile share ratio);185 Tårnby;2007 2007;3.10
72 S80/S20 (Income quintile share ratio);187 Vallensbæk;2007 2007;3.17
72 S80/S20 (Income quintile share ratio);190 Furesø;2007 2007;4.23
72 S80/S20 (Income quintile share ratio);201 Allerød;2007 2007;3.58
72 S80/S20 (Income quintile share ratio);210 Fredensborg;2007 2007;4.49
72 S80/S20 (Income quintile share ratio);217 Helsingør;2007 2007;4.43
72 S80/S20 (Income quintile share ratio);219 Hillerød;2007 2007;3.65
72 S80/S20 (Income quintile share ratio);223 Hørsholm;2007 2007;6.94
72 S80/S20 (Income quintile share ratio);230 Rudersdal;2007 2007;8.19
72 S80/S20 (Income quintile share ratio);240 Egedal;2007 2007;2.94
72 S80/S20 (Income quintile share ratio);250 Frederikssund;2007 2007;3.28
72 S80/S20 (Income quintile share ratio);253 Greve;2007 2007;3.49
72 S80/S20 (Income quintile share ratio);259 Køge;2007 2007;3.21
72 S80/S20 (Income quintile share ratio);260 Halsnæs;2007 2007;3.04
72 S80/S20 (Income quintile share ratio);265 Roskilde;2007 2007;3.88
72 S80/S20 (Income quintile share ratio);269 Solrød;2007 2007;3.71
72 S80/S20 (Income quintile share ratio);270 Gribskov;2007 2007;3.58
72 S80/S20 (Income quintile share ratio);306 Odsherred;2007 2007;3.22
72 S80/S20 (Income quintile share ratio);316 Holbæk;2007 2007;3.53
72 S80/S20 (Income quintile share ratio);320 Faxe;2007 2007;3.25
72 S80/S20 (Income quintile share ratio);326 Kalundborg;2007 2007;3.42
72 S80/S20 (Income quintile share ratio);329 Ringsted;2007 2007;3.26
72 S80/S20 (Income quintile share ratio);330 Slagelse;2007 2007;3.47
72 S80/S20 (Income quintile share ratio);336 Stevns;2007 2007;3.35
72 S80/S20 (Income quintile share ratio);340 Sorø;2007 2007;3.29
72 S80/S20 (Income quintile share ratio);350 Lejre;2007 2007;3.39
72 S80/S20 (Income quintile share ratio);360 Lolland;2007 2007;3.48
72 S80/S20 (Income quintile share ratio);370 Næstved;2007 2007;3.43
72 S80/S20 (Income quintile share ratio);376 Guldborgsund;2007 2007;3.71
72 S80/S20 (Income quintile share ratio);390 Vordingborg;2007 2007;3.40
72 S80/S20 (Income quintile share ratio);400 Bornholm;2007 2007;3.23
72 S80/S20 (Income quintile share ratio);410 Middelfart;2007 2007;3.36
72 S80/S20 (Income quintile share ratio);420 Assens;2007 2007;3.30
72 S80/S20 (Income quintile share ratio);430 Faaborg-Midtfyn;2007 2007;3.38
72 S80/S20 (Income quintile share ratio);440 Kerteminde;2007 2007;3.32
72 S80/S20 (Income quintile share ratio);450 Nyborg;2007 2007;3.22
72 S80/S20 (Income quintile share ratio);461 Odense;2007 2007;3.76
72 S80/S20 (Income quintile share ratio);479 Svendborg;2007 2007;3.55
72 S80/S20 (Income quintile share ratio);480 Nordfyns;2007 2007;3.25
72 S80/S20 (Income quintile share ratio);482 Langeland;2007 2007;3.68
72 S80/S20 (Income quintile share ratio);492 Ærø;2007 2007;3.60
72 S80/S20 (Income quintile share ratio);510 Haderslev;2007 2007;3.50
72 S80/S20 (Income quintile share ratio);530 Billund;2007 2007;3.37
72 S80/S20 (Income quintile share ratio);540 Sønderborg;2007 2007;3.37
72 S80/S20 (Income quintile share ratio);550 Tønder;2007 2007;3.94
72 S80/S20 (Income quintile share ratio);561 Esbjerg;2007 2007;3.44
72 S80/S20 (Income quintile share ratio);563 Fanø;2007 2007;3.67
72 S80/S20 (Income quintile share ratio);573 Varde;2007 2007;3.64
72 S80/S20 (Income quintile share ratio);575 Vejen;2007 2007;3.39
72 S80/S20 (Income quintile share ratio);580 Aabenraa;2007 2007;3.62
72 S80/S20 (Income quintile share ratio);607 Fredericia;2007 2007;3.15
72 S80/S20 (Income quintile share ratio);615 Horsens;2007 2007;3.47
72 S80/S20 (Income quintile share ratio);621 Kolding;2007 2007;3.47
72 S80/S20 (Income quintile share ratio);630 Vejle;2007 2007;3.64
72 S80/S20 (Income quintile share ratio);657 Herning;2007 2007;3.56
72 S80/S20 (Income quintile share ratio);661 Holstebro;2007 2007;3.78
72 S80/S20 (Income quintile share ratio);665 Lemvig;2007 2007;4.39
72 S80/S20 (Income quintile share ratio);671 Struer;2007 2007;3.29
72 S80/S20 (Income quintile share ratio);706 Syddjurs;2007 2007;4.18
72 S80/S20 (Income quintile share ratio);707 Norddjurs;2007 2007;3.54
72 S80/S20 (Income quintile share ratio);710 Favrskov;2007 2007;3.23
72 S80/S20 (Income quintile share ratio);727 Odder;2007 2007;3.34
72 S80/S20 (Income quintile share ratio);730 Randers;2007 2007;3.39
72 S80/S20 (Income quintile share ratio);740 Silkeborg;2007 2007;3.74
72 S80/S20 (Income quintile share ratio);741 Samsø;2007 2007;3.65
72 S80/S20 (Income quintile share ratio);746 Skanderborg;2007 2007;3.16
72 S80/S20 (Income quintile share ratio);751 Aarhus;2007 2007;4.86
72 S80/S20 (Income quintile share ratio);756 Ikast-Brande;2007 2007;3.78
72 S80/S20 (Income quintile share ratio);760 Ringkøbing-Skjern;2007 2007;3.94
72 S80/S20 (Income quintile share ratio);766 Hedensted;2007 2007;3.18
72 S80/S20 (Income quintile share ratio);773 Morsø;2007 2007;4.26
72 S80/S20 (Income quintile share ratio);779 Skive;2007 2007;3.40
72 S80/S20 (Income quintile share ratio);787 Thisted;2007 2007;3.87
72 S80/S20 (Income quintile share ratio);791 Viborg;2007 2007;3.43
72 S80/S20 (Income quintile share ratio);810 Brønderslev;2007 2007;4.07
72 S80/S20 (Income quintile share ratio);813 Frederikshavn;2007 2007;3.45
72 S80/S20 (Income quintile share ratio);820 Vesthimmerlands;2007 2007;3.74
72 S80/S20 (Income quintile share ratio);825 Læsø;2007 2007;3.73
72 S80/S20 (Income quintile share ratio);840 Rebild;2007 2007;3.88
72 S80/S20 (Income quintile share ratio);846 Mariagerfjord;2007 2007;3.47
72 S80/S20 (Income quintile share ratio);849 Jammerbugt;2007 2007;3.55
72 S80/S20 (Income quintile share ratio);851 Aalborg;2007 2007;3.85
72 S80/S20 (Income quintile share ratio);860 Hjørring;2007 2007;3.61
73 P90/10 (Upper decile boundary divided by lower);000 All Denmark;2007 2007;2.78
73 P90/10 (Upper decile boundary divided by lower);101 Copenhagen;2007 2007;3.50
73 P90/10 (Upper decile boundary divided by lower);147 Frederiksberg;2007 2007;3.66
73 P90/10 (Upper decile boundary divided by lower);151 Ballerup;2007 2007;2.65
73 P90/10 (Upper decile boundary divided by lower);153 Brøndby;2007 2007;2.55
73 P90/10 (Upper decile boundary divided by lower);155 Dragør;2007 2007;2.97
73 P90/10 (Upper decile boundary divided by lower);157 Gentofte;2007 2007;4.72
73 P90/10 (Upper decile boundary divided by lower);159 Gladsaxe;2007 2007;2.89
73 P90/10 (Upper decile boundary divided by lower);161 Glostrup;2007 2007;2.62
73 P90/10 (Upper decile boundary divided by lower);163 Herlev;2007 2007;2.71
73 P90/10 (Upper decile boundary divided by lower);165 Albertslund;2007 2007;2.82
73 P90/10 (Upper decile boundary divided by lower);167 Hvidovre;2007 2007;2.66
73 P90/10 (Upper decile boundary divided by lower);169 Høje-Taastrup;2007 2007;2.67
73 P90/10 (Upper decile boundary divided by lower);173 Lyngby-Taarbæk;2007 2007;3.58
73 P90/10 (Upper decile boundary divided by lower);175 Rødovre;2007 2007;2.55
73 P90/10 (Upper decile boundary divided by lower);183 Ishøj;2007 2007;2.64
73 P90/10 (Upper decile boundary divided by lower);185 Tårnby;2007 2007;2.57
73 P90/10 (Upper decile boundary divided by lower);187 Vallensbæk;2007 2007;2.54
73 P90/10 (Upper decile boundary divided by lower);190 Furesø;2007 2007;3.09
73 P90/10 (Upper decile boundary divided by lower);201 Allerød;2007 2007;2.68
73 P90/10 (Upper decile boundary divided by lower);210 Fredensborg;2007 2007;2.99
73 P90/10 (Upper decile boundary divided by lower);217 Helsingør;2007 2007;2.86
73 P90/10 (Upper decile boundary divided by lower);219 Hillerød;2007 2007;2.74
73 P90/10 (Upper decile boundary divided by lower);223 Hørsholm;2007 2007;3.81
73 P90/10 (Upper decile boundary divided by lower);230 Rudersdal;2007 2007;3.93
73 P90/10 (Upper decile boundary divided by lower);240 Egedal;2007 2007;2.35
73 P90/10 (Upper decile boundary divided by lower);250 Frederikssund;2007 2007;2.52
73 P90/10 (Upper decile boundary divided by lower);253 Greve;2007 2007;2.65
73 P90/10 (Upper decile boundary divided by lower);259 Køge;2007 2007;2.54
73 P90/10 (Upper decile boundary divided by lower);260 Halsnæs;2007 2007;2.45
73 P90/10 (Upper decile boundary divided by lower);265 Roskilde;2007 2007;2.89
73 P90/10 (Upper decile boundary divided by lower);269 Solrød;2007 2007;2.65
73 P90/10 (Upper decile boundary divided by lower);270 Gribskov;2007 2007;2.59
73 P90/10 (Upper decile boundary divided by lower);306 Odsherred;2007 2007;2.42
73 P90/10 (Upper decile boundary divided by lower);316 Holbæk;2007 2007;2.60
73 P90/10 (Upper decile boundary divided by lower);320 Faxe;2007 2007;2.43
73 P90/10 (Upper decile boundary divided by lower);326 Kalundborg;2007 2007;2.48
73 P90/10 (Upper decile boundary divided by lower);329 Ringsted;2007 2007;2.52
73 P90/10 (Upper decile boundary divided by lower);330 Slagelse;2007 2007;2.52
73 P90/10 (Upper decile boundary divided by lower);336 Stevns;2007 2007;2.50
73 P90/10 (Upper decile boundary divided by lower);340 Sorø;2007 2007;2.52
73 P90/10 (Upper decile boundary divided by lower);350 Lejre;2007 2007;2.54
73 P90/10 (Upper decile boundary divided by lower);360 Lolland;2007 2007;2.44
73 P90/10 (Upper decile boundary divided by lower);370 Næstved;2007 2007;2.50
73 P90/10 (Upper decile boundary divided by lower);376 Guldborgsund;2007 2007;2.51
73 P90/10 (Upper decile boundary divided by lower);390 Vordingborg;2007 2007;2.49
73 P90/10 (Upper decile boundary divided by lower);400 Bornholm;2007 2007;2.33
73 P90/10 (Upper decile boundary divided by lower);410 Middelfart;2007 2007;2.44
73 P90/10 (Upper decile boundary divided by lower);420 Assens;2007 2007;2.37
73 P90/10 (Upper decile boundary divided by lower);430 Faaborg-Midtfyn;2007 2007;2.39
73 P90/10 (Upper decile boundary divided by lower);440 Kerteminde;2007 2007;2.36
73 P90/10 (Upper decile boundary divided by lower);450 Nyborg;2007 2007;2.36
73 P90/10 (Upper decile boundary divided by lower);461 Odense;2007 2007;2.89
73 P90/10 (Upper decile boundary divided by lower);479 Svendborg;2007 2007;2.63
73 P90/10 (Upper decile boundary divided by lower);480 Nordfyns;2007 2007;2.39
73 P90/10 (Upper decile boundary divided by lower);482 Langeland;2007 2007;2.37
73 P90/10 (Upper decile boundary divided by lower);492 Ærø;2007 2007;2.58
73 P90/10 (Upper decile boundary divided by lower);510 Haderslev;2007 2007;2.42
73 P90/10 (Upper decile boundary divided by lower);530 Billund;2007 2007;2.42
73 P90/10 (Upper decile boundary divided by lower);540 Sønderborg;2007 2007;2.44
73 P90/10 (Upper decile boundary divided by lower);550 Tønder;2007 2007;2.51
73 P90/10 (Upper decile boundary divided by lower);561 Esbjerg;2007 2007;2.54
73 P90/10 (Upper decile boundary divided by lower);563 Fanø;2007 2007;2.67
73 P90/10 (Upper decile boundary divided by lower);573 Varde;2007 2007;2.44
73 P90/10 (Upper decile boundary divided by lower);575 Vejen;2007 2007;2.41
73 P90/10 (Upper decile boundary divided by lower);580 Aabenraa;2007 2007;2.52
73 P90/10 (Upper decile boundary divided by lower);607 Fredericia;2007 2007;2.44
73 P90/10 (Upper decile boundary divided by lower);615 Horsens;2007 2007;2.52
73 P90/10 (Upper decile boundary divided by lower);621 Kolding;2007 2007;2.55
73 P90/10 (Upper decile boundary divided by lower);630 Vejle;2007 2007;2.55
73 P90/10 (Upper decile boundary divided by lower);657 Herning;2007 2007;2.48
73 P90/10 (Upper decile boundary divided by lower);661 Holstebro;2007 2007;2.51
73 P90/10 (Upper decile boundary divided by lower);665 Lemvig;2007 2007;2.48
73 P90/10 (Upper decile boundary divided by lower);671 Struer;2007 2007;2.44
73 P90/10 (Upper decile boundary divided by lower);706 Syddjurs;2007 2007;2.45
73 P90/10 (Upper decile boundary divided by lower);707 Norddjurs;2007 2007;2.48
73 P90/10 (Upper decile boundary divided by lower);710 Favrskov;2007 2007;2.34
73 P90/10 (Upper decile boundary divided by lower);727 Odder;2007 2007;2.42
73 P90/10 (Upper decile boundary divided by lower);730 Randers;2007 2007;2.43
73 P90/10 (Upper decile boundary divided by lower);740 Silkeborg;2007 2007;2.49
73 P90/10 (Upper decile boundary divided by lower);741 Samsø;2007 2007;2.50
73 P90/10 (Upper decile boundary divided by lower);746 Skanderborg;2007 2007;2.40
73 P90/10 (Upper decile boundary divided by lower);751 Aarhus;2007 2007;3.38
73 P90/10 (Upper decile boundary divided by lower);756 Ikast-Brande;2007 2007;2.42
73 P90/10 (Upper decile boundary divided by lower);760 Ringkøbing-Skjern;2007 2007;2.49
73 P90/10 (Upper decile boundary divided by lower);766 Hedensted;2007 2007;2.35
73 P90/10 (Upper decile boundary divided by lower);773 Morsø;2007 2007;2.42
73 P90/10 (Upper decile boundary divided by lower);779 Skive;2007 2007;2.41
73 P90/10 (Upper decile boundary divided by lower);787 Thisted;2007 2007;2.50
73 P90/10 (Upper decile boundary divided by lower);791 Viborg;2007 2007;2.44
73 P90/10 (Upper decile boundary divided by lower);810 Brønderslev;2007 2007;2.42
73 P90/10 (Upper decile boundary divided by lower);813 Frederikshavn;2007 2007;2.41
73 P90/10 (Upper decile boundary divided by lower);820 Vesthimmerlands;2007 2007;2.44
73 P90/10 (Upper decile boundary divided by lower);825 Læsø;2007 2007;2.42
73 P90/10 (Upper decile boundary divided by lower);840 Rebild;2007 2007;2.51
73 P90/10 (Upper decile boundary divided by lower);846 Mariagerfjord;2007 2007;2.45
73 P90/10 (Upper decile boundary divided by lower);849 Jammerbugt;2007 2007;2.44
73 P90/10 (Upper decile boundary divided by lower);851 Aalborg;2007 2007;2.80
73 P90/10 (Upper decile boundary divided by lower);860 Hjørring;2007 2007;2.45
73 P90/10 (Upper decile boundary divided by lower);259 Køge;2017 2017;2.97
73 P90/10 (Upper decile boundary divided by lower);260 Halsnæs;2017 2017;2.66
73 P90/10 (Upper decile boundary divided by lower);265 Roskilde;2017 2017;3.44
73 P90/10 (Upper decile boundary divided by lower);269 Solrød;2017 2017;3.02
73 P90/10 (Upper decile boundary divided by lower);270 Gribskov;2017 2017;2.96
73 P90/10 (Upper decile boundary divided by lower);306 Odsherred;2017 2017;2.73
73 P90/10 (Upper decile boundary divided by lower);316 Holbæk;2017 2017;2.96
73 P90/10 (Upper decile boundary divided by lower);320 Faxe;2017 2017;2.83
73 P90/10 (Upper decile boundary divided by lower);326 Kalundborg;2017 2017;2.92
73 P90/10 (Upper decile boundary divided by lower);329 Ringsted;2017 2017;2.97
73 P90/10 (Upper decile boundary divided by lower);330 Slagelse;2017 2017;3.04
73 P90/10 (Upper decile boundary divided by lower);336 Stevns;2017 2017;2.79
73 P90/10 (Upper decile boundary divided by lower);340 Sorø;2017 2017;2.82
73 P90/10 (Upper decile boundary divided by lower);350 Lejre;2017 2017;2.73
73 P90/10 (Upper decile boundary divided by lower);360 Lolland;2017 2017;2.65
73 P90/10 (Upper decile boundary divided by lower);370 Næstved;2017 2017;2.99
73 P90/10 (Upper decile boundary divided by lower);376 Guldborgsund;2017 2017;2.84
73 P90/10 (Upper decile boundary divided by lower);390 Vordingborg;2017 2017;2.90
73 P90/10 (Upper decile boundary divided by lower);400 Bornholm;2017 2017;2.50
73 P90/10 (Upper decile boundary divided by lower);410 Middelfart;2017 2017;2.71
73 P90/10 (Upper decile boundary divided by lower);420 Assens;2017 2017;2.65
73 P90/10 (Upper decile boundary divided by lower);430 Faaborg-Midtfyn;2017 2017;2.60
73 P90/10 (Upper decile boundary divided by lower);440 Kerteminde;2017 2017;2.73
73 P90/10 (Upper decile boundary divided by lower);450 Nyborg;2017 2017;2.68
73 P90/10 (Upper decile boundary divided by lower);461 Odense;2017 2017;3.64
73 P90/10 (Upper decile boundary divided by lower);479 Svendborg;2017 2017;3.10
73 P90/10 (Upper decile boundary divided by lower);480 Nordfyns;2017 2017;2.58
73 P90/10 (Upper decile boundary divided by lower);482 Langeland;2017 2017;2.53
73 P90/10 (Upper decile boundary divided by lower);492 Ærø;2017 2017;2.83
73 P90/10 (Upper decile boundary divided by lower);510 Haderslev;2017 2017;2.82
73 P90/10 (Upper decile boundary divided by lower);530 Billund;2017 2017;2.69
73 P90/10 (Upper decile boundary divided by lower);540 Sønderborg;2017 2017;2.82
73 P90/10 (Upper decile boundary divided by lower);550 Tønder;2017 2017;2.69
73 P90/10 (Upper decile boundary divided by lower);561 Esbjerg;2017 2017;3.01
73 P90/10 (Upper decile boundary divided by lower);563 Fanø;2017 2017;2.98
73 P90/10 (Upper decile boundary divided by lower);573 Varde;2017 2017;2.63
73 P90/10 (Upper decile boundary divided by lower);575 Vejen;2017 2017;2.63
73 P90/10 (Upper decile boundary divided by lower);580 Aabenraa;2017 2017;2.81
73 P90/10 (Upper decile boundary divided by lower);607 Fredericia;2017 2017;2.99
73 P90/10 (Upper decile boundary divided by lower);615 Horsens;2017 2017;2.97
73 P90/10 (Upper decile boundary divided by lower);621 Kolding;2017 2017;3.06
73 P90/10 (Upper decile boundary divided by lower);630 Vejle;2017 2017;2.99
73 P90/10 (Upper decile boundary divided by lower);657 Herning;2017 2017;2.84
73 P90/10 (Upper decile boundary divided by lower);661 Holstebro;2017 2017;2.82
73 P90/10 (Upper decile boundary divided by lower);665 Lemvig;2017 2017;2.63
73 P90/10 (Upper decile boundary divided by lower);671 Struer;2017 2017;2.74
73 P90/10 (Upper decile boundary divided by lower);706 Syddjurs;2017 2017;2.72
73 P90/10 (Upper decile boundary divided by lower);707 Norddjurs;2017 2017;2.80
73 P90/10 (Upper decile boundary divided by lower);710 Favrskov;2017 2017;2.61
73 P90/10 (Upper decile boundary divided by lower);727 Odder;2017 2017;2.78
73 P90/10 (Upper decile boundary divided by lower);730 Randers;2017 2017;2.86
73 P90/10 (Upper decile boundary divided by lower);740 Silkeborg;2017 2017;2.89
73 P90/10 (Upper decile boundary divided by lower);741 Samsø;2017 2017;2.62
73 P90/10 (Upper decile boundary divided by lower);746 Skanderborg;2017 2017;2.73
73 P90/10 (Upper decile boundary divided by lower);751 Aarhus;2017 2017;4.21
73 P90/10 (Upper decile boundary divided by lower);756 Ikast-Brande;2017 2017;2.62
73 P90/10 (Upper decile boundary divided by lower);760 Ringkøbing-Skjern;2017 2017;2.59
73 P90/10 (Upper decile boundary divided by lower);766 Hedensted;2017 2017;2.57
73 P90/10 (Upper decile boundary divided by lower);773 Morsø;2017 2017;2.55
73 P90/10 (Upper decile boundary divided by lower);779 Skive;2017 2017;2.63
73 P90/10 (Upper decile boundary divided by lower);787 Thisted;2017 2017;2.67
73 P90/10 (Upper decile boundary divided by lower);791 Viborg;2017 2017;2.78
73 P90/10 (Upper decile boundary divided by lower);810 Brønderslev;2017 2017;2.62
73 P90/10 (Upper decile boundary divided by lower);813 Frederikshavn;2017 2017;2.67
73 P90/10 (Upper decile boundary divided by lower);820 Vesthimmerlands;2017 2017;2.61
73 P90/10 (Upper decile boundary divided by lower);825 Læsø;2017 2017;2.53
73 P90/10 (Upper decile boundary divided by lower);840 Rebild;2017 2017;2.66
73 P90/10 (Upper decile boundary divided by lower);846 Mariagerfjord;2017 2017;2.70
73 P90/10 (Upper decile boundary divided by lower);849 Jammerbugt;2017 2017;2.63
73 P90/10 (Upper decile boundary divided by lower);851 Aalborg;2017 2017;3.53
73 P90/10 (Upper decile boundary divided by lower);860 Hjørring;2017 2017;2.72
70 Gini coefficient;000 All Denmark;2017 2017;29.32
70 Gini coefficient;101 Copenhagen;2017 2017;33.65
70 Gini coefficient;147 Frederiksberg;2017 2017;35.71
70 Gini coefficient;151 Ballerup;2017 2017;25.97
70 Gini coefficient;153 Brøndby;2017 2017;26.19
70 Gini coefficient;155 Dragør;2017 2017;27.88
70 Gini coefficient;157 Gentofte;2017 2017;45.44
70 Gini coefficient;159 Gladsaxe;2017 2017;29.53
70 Gini coefficient;161 Glostrup;2017 2017;25.99
70 Gini coefficient;163 Herlev;2017 2017;25.53
70 Gini coefficient;165 Albertslund;2017 2017;25.48
70 Gini coefficient;167 Hvidovre;2017 2017;25.30
70 Gini coefficient;169 Høje-Taastrup;2017 2017;26.54
70 Gini coefficient;173 Lyngby-Taarbæk;2017 2017;36.72
70 Gini coefficient;175 Rødovre;2017 2017;26.08
70 Gini coefficient;183 Ishøj;2017 2017;25.58
70 Gini coefficient;185 Tårnby;2017 2017;23.95
70 Gini coefficient;187 Vallensbæk;2017 2017;24.99
70 Gini coefficient;190 Furesø;2017 2017;30.51
70 Gini coefficient;201 Allerød;2017 2017;26.34
70 Gini coefficient;210 Fredensborg;2017 2017;31.92
70 Gini coefficient;217 Helsingør;2017 2017;29.78
70 Gini coefficient;219 Hillerød;2017 2017;27.05
70 Gini coefficient;223 Hørsholm;2017 2017;39.59
70 Gini coefficient;230 Rudersdal;2017 2017;42.56
70 Gini coefficient;240 Egedal;2017 2017;23.90
70 Gini coefficient;250 Frederikssund;2017 2017;24.59
70 Gini coefficient;253 Greve;2017 2017;25.88
70 Gini coefficient;259 Køge;2017 2017;25.75
70 Gini coefficient;260 Halsnæs;2017 2017;23.81
70 Gini coefficient;265 Roskilde;2017 2017;27.98
70 Gini coefficient;269 Solrød;2017 2017;26.92
70 Gini coefficient;270 Gribskov;2017 2017;26.07
70 Gini coefficient;306 Odsherred;2017 2017;24.53
70 Gini coefficient;316 Holbæk;2017 2017;25.65
70 Gini coefficient;320 Faxe;2017 2017;24.31
70 Gini coefficient;326 Kalundborg;2017 2017;24.71
70 Gini coefficient;329 Ringsted;2017 2017;25.47
70 Gini coefficient;330 Slagelse;2017 2017;25.41
70 Gini coefficient;336 Stevns;2017 2017;24.93
70 Gini coefficient;340 Sorø;2017 2017;24.88
70 Gini coefficient;350 Lejre;2017 2017;25.27
70 Gini coefficient;360 Lolland;2017 2017;25.92
70 Gini coefficient;370 Næstved;2017 2017;25.57
70 Gini coefficient;376 Guldborgsund;2017 2017;25.05
70 Gini coefficient;390 Vordingborg;2017 2017;25.82
70 Gini coefficient;400 Bornholm;2017 2017;23.96
70 Gini coefficient;410 Middelfart;2017 2017;25.96
70 Gini coefficient;420 Assens;2017 2017;24.13
70 Gini coefficient;430 Faaborg-Midtfyn;2017 2017;23.41
70 Gini coefficient;440 Kerteminde;2017 2017;25.86
70 Gini coefficient;450 Nyborg;2017 2017;24.01
70 Gini coefficient;461 Odense;2017 2017;28.83
70 Gini coefficient;479 Svendborg;2017 2017;27.00
70 Gini coefficient;480 Nordfyns;2017 2017;23.61
70 Gini coefficient;482 Langeland;2017 2017;23.24
70 Gini coefficient;492 Ærø;2017 2017;25.24
70 Gini coefficient;510 Haderslev;2017 2017;25.31
70 Gini coefficient;530 Billund;2017 2017;26.34
70 Gini coefficient;540 Sønderborg;2017 2017;26.61
70 Gini coefficient;550 Tønder;2017 2017;25.99
70 Gini coefficient;561 Esbjerg;2017 2017;27.05
70 Gini coefficient;563 Fanø;2017 2017;26.30
70 Gini coefficient;573 Varde;2017 2017;25.62
70 Gini coefficient;575 Vejen;2017 2017;25.74
70 Gini coefficient;580 Aabenraa;2017 2017;26.17
70 Gini coefficient;607 Fredericia;2017 2017;26.13
70 Gini coefficient;615 Horsens;2017 2017;26.40
70 Gini coefficient;621 Kolding;2017 2017;26.76
70 Gini coefficient;630 Vejle;2017 2017;27.02
70 Gini coefficient;657 Herning;2017 2017;25.94
70 Gini coefficient;661 Holstebro;2017 2017;25.87
70 Gini coefficient;665 Lemvig;2017 2017;27.38
70 Gini coefficient;671 Struer;2017 2017;25.02
70 Gini coefficient;706 Syddjurs;2017 2017;25.20
70 Gini coefficient;707 Norddjurs;2017 2017;24.92
70 Gini coefficient;710 Favrskov;2017 2017;23.48
70 Gini coefficient;727 Odder;2017 2017;25.01
70 Gini coefficient;730 Randers;2017 2017;24.91
70 Gini coefficient;740 Silkeborg;2017 2017;26.31
70 Gini coefficient;741 Samsø;2017 2017;25.98
70 Gini coefficient;746 Skanderborg;2017 2017;24.17
70 Gini coefficient;751 Aarhus;2017 2017;33.29
70 Gini coefficient;756 Ikast-Brande;2017 2017;24.23
70 Gini coefficient;760 Ringkøbing-Skjern;2017 2017;25.20
70 Gini coefficient;766 Hedensted;2017 2017;23.93
70 Gini coefficient;773 Morsø;2017 2017;24.70
70 Gini coefficient;779 Skive;2017 2017;24.66
70 Gini coefficient;787 Thisted;2017 2017;25.41
70 Gini coefficient;791 Viborg;2017 2017;25.84
70 Gini coefficient;810 Brønderslev;2017 2017;24.37
70 Gini coefficient;813 Frederikshavn;2017 2017;25.15
70 Gini coefficient;820 Vesthimmerlands;2017 2017;24.38
70 Gini coefficient;825 Læsø;2017 2017;21.63
70 Gini coefficient;840 Rebild;2017 2017;24.55
70 Gini coefficient;846 Mariagerfjord;2017 2017;24.64
70 Gini coefficient;849 Jammerbugt;2017 2017;23.53
70 Gini coefficient;851 Aalborg;2017 2017;28.61
70 Gini coefficient;860 Hjørring;2017 2017;26.60
71 Hoover index;000 All Denmark;2017 2017;20.10
71 Hoover index;101 Copenhagen;2017 2017;23.40
71 Hoover index;147 Frederiksberg;2017 2017;24.66
71 Hoover index;151 Ballerup;2017 2017;18.39
71 Hoover index;153 Brøndby;2017 2017;18.44
71 Hoover index;155 Dragør;2017 2017;18.94
71 Hoover index;157 Gentofte;2017 2017;31.41
71 Hoover index;159 Gladsaxe;2017 2017;20.77
71 Hoover index;161 Glostrup;2017 2017;18.31
71 Hoover index;163 Herlev;2017 2017;18.01
71 Hoover index;165 Albertslund;2017 2017;17.97
71 Hoover index;167 Hvidovre;2017 2017;17.82
71 Hoover index;169 Høje-Taastrup;2017 2017;18.45
71 Hoover index;173 Lyngby-Taarbæk;2017 2017;25.12
71 Hoover index;175 Rødovre;2017 2017;18.40
71 Hoover index;183 Ishøj;2017 2017;17.83
71 Hoover index;185 Tårnby;2017 2017;16.70
71 Hoover index;187 Vallensbæk;2017 2017;17.23
71 Hoover index;190 Furesø;2017 2017;20.88
71 Hoover index;201 Allerød;2017 2017;17.87
71 Hoover index;210 Fredensborg;2017 2017;21.83
71 Hoover index;217 Helsingør;2017 2017;20.53
71 Hoover index;219 Hillerød;2017 2017;18.56
71 Hoover index;223 Hørsholm;2017 2017;27.28
71 Hoover index;230 Rudersdal;2017 2017;28.87
71 Hoover index;240 Egedal;2017 2017;16.21
71 Hoover index;250 Frederikssund;2017 2017;17.08
71 Hoover index;253 Greve;2017 2017;17.84
71 Hoover index;259 Køge;2017 2017;17.78
71 Hoover index;260 Halsnæs;2017 2017;16.38
71 Hoover index;265 Roskilde;2017 2017;19.27
71 Hoover index;269 Solrød;2017 2017;18.29
71 Hoover index;270 Gribskov;2017 2017;17.82
71 Hoover index;306 Odsherred;2017 2017;16.86
71 Hoover index;316 Holbæk;2017 2017;17.68
71 Hoover index;320 Faxe;2017 2017;16.72
71 Hoover index;326 Kalundborg;2017 2017;17.22
71 Hoover index;329 Ringsted;2017 2017;17.60
71 Hoover index;330 Slagelse;2017 2017;17.69
71 Hoover index;336 Stevns;2017 2017;17.08
71 Hoover index;340 Sorø;2017 2017;17.18
71 Hoover index;350 Lejre;2017 2017;17.16
71 Hoover index;360 Lolland;2017 2017;17.68
71 Hoover index;370 Næstved;2017 2017;17.64
71 Hoover index;376 Guldborgsund;2017 2017;17.31
71 Hoover index;390 Vordingborg;2017 2017;17.74
71 Hoover index;400 Bornholm;2017 2017;16.40
71 Hoover index;410 Middelfart;2017 2017;17.76
71 Hoover index;420 Assens;2017 2017;16.62
71 Hoover index;430 Faaborg-Midtfyn;2017 2017;16.14
71 Hoover index;440 Kerteminde;2017 2017;17.71
71 Hoover index;450 Nyborg;2017 2017;16.57
71 Hoover index;461 Odense;2017 2017;20.03
71 Hoover index;479 Svendborg;2017 2017;18.60
71 Hoover index;480 Nordfyns;2017 2017;16.23
71 Hoover index;482 Langeland;2017 2017;16.11
71 Hoover index;492 Ærø;2017 2017;17.49
71 Hoover index;510 Haderslev;2017 2017;17.35
71 Hoover index;530 Billund;2017 2017;17.83
71 Hoover index;540 Sønderborg;2017 2017;18.28
71 Hoover index;550 Tønder;2017 2017;17.71
71 Hoover index;561 Esbjerg;2017 2017;18.55
71 Hoover index;563 Fanø;2017 2017;18.23
71 Hoover index;573 Varde;2017 2017;17.27
71 Hoover index;575 Vejen;2017 2017;17.43
71 Hoover index;580 Aabenraa;2017 2017;17.92
71 Hoover index;607 Fredericia;2017 2017;18.12
71 Hoover index;615 Horsens;2017 2017;18.03
71 Hoover index;621 Kolding;2017 2017;18.41
71 Hoover index;630 Vejle;2017 2017;18.51
71 Hoover index;657 Herning;2017 2017;17.66
71 Hoover index;661 Holstebro;2017 2017;17.50
71 Hoover index;665 Lemvig;2017 2017;18.55
71 Hoover index;671 Struer;2017 2017;17.14
71 Hoover index;706 Syddjurs;2017 2017;17.21
71 Hoover index;707 Norddjurs;2017 2017;17.10
71 Hoover index;710 Favrskov;2017 2017;15.97
71 Hoover index;727 Odder;2017 2017;17.04
71 Hoover index;730 Randers;2017 2017;17.19
71 Hoover index;740 Silkeborg;2017 2017;18.01
71 Hoover index;741 Samsø;2017 2017;17.69
71 Hoover index;746 Skanderborg;2017 2017;16.49
71 Hoover index;751 Aarhus;2017 2017;22.97
71 Hoover index;756 Ikast-Brande;2017 2017;16.53
71 Hoover index;760 Ringkøbing-Skjern;2017 2017;17.07
71 Hoover index;766 Hedensted;2017 2017;16.31
71 Hoover index;773 Morsø;2017 2017;16.92
71 Hoover index;779 Skive;2017 2017;16.88
71 Hoover index;787 Thisted;2017 2017;17.22
71 Hoover index;791 Viborg;2017 2017;17.54
71 Hoover index;810 Brønderslev;2017 2017;16.64
71 Hoover index;813 Frederikshavn;2017 2017;17.28
71 Hoover index;820 Vesthimmerlands;2017 2017;16.68
71 Hoover index;825 Læsø;2017 2017;15.08
71 Hoover index;840 Rebild;2017 2017;16.78
71 Hoover index;846 Mariagerfjord;2017 2017;16.94
71 Hoover index;849 Jammerbugt;2017 2017;16.15
71 Hoover index;851 Aalborg;2017 2017;19.68
71 Hoover index;860 Hjørring;2017 2017;18.04
72 S80/S20 (Income quintile share ratio);000 All Denmark;2017 2017;4.54
72 S80/S20 (Income quintile share ratio);101 Copenhagen;2017 2017;6.13
72 S80/S20 (Income quintile share ratio);147 Frederiksberg;2017 2017;6.65
72 S80/S20 (Income quintile share ratio);151 Ballerup;2017 2017;3.73
72 S80/S20 (Income quintile share ratio);153 Brøndby;2017 2017;3.89
72 S80/S20 (Income quintile share ratio);155 Dragør;2017 2017;4.29
72 S80/S20 (Income quintile share ratio);157 Gentofte;2017 2017;11.20
72 S80/S20 (Income quintile share ratio);159 Gladsaxe;2017 2017;4.71
72 S80/S20 (Income quintile share ratio);161 Glostrup;2017 2017;3.90
72 S80/S20 (Income quintile share ratio);163 Herlev;2017 2017;3.74
72 S80/S20 (Income quintile share ratio);165 Albertslund;2017 2017;3.85
72 S80/S20 (Income quintile share ratio);167 Hvidovre;2017 2017;3.77
72 S80/S20 (Income quintile share ratio);169 Høje-Taastrup;2017 2017;4.03
72 S80/S20 (Income quintile share ratio);173 Lyngby-Taarbæk;2017 2017;7.21
72 S80/S20 (Income quintile share ratio);175 Rødovre;2017 2017;3.84
72 S80/S20 (Income quintile share ratio);183 Ishøj;2017 2017;3.79
72 S80/S20 (Income quintile share ratio);185 Tårnby;2017 2017;3.57
72 S80/S20 (Income quintile share ratio);187 Vallensbæk;2017 2017;3.79
72 S80/S20 (Income quintile share ratio);190 Furesø;2017 2017;4.96
72 S80/S20 (Income quintile share ratio);201 Allerød;2017 2017;3.99
72 S80/S20 (Income quintile share ratio);210 Fredensborg;2017 2017;5.00
72 S80/S20 (Income quintile share ratio);217 Helsingør;2017 2017;4.54
72 S80/S20 (Income quintile share ratio);219 Hillerød;2017 2017;4.13
72 S80/S20 (Income quintile share ratio);223 Hørsholm;2017 2017;7.34
72 S80/S20 (Income quintile share ratio);230 Rudersdal;2017 2017;9.28
72 S80/S20 (Income quintile share ratio);240 Egedal;2017 2017;3.44
72 S80/S20 (Income quintile share ratio);250 Frederikssund;2017 2017;3.55
72 S80/S20 (Income quintile share ratio);253 Greve;2017 2017;3.86
72 S80/S20 (Income quintile share ratio);259 Køge;2017 2017;3.76
72 S80/S20 (Income quintile share ratio);260 Halsnæs;2017 2017;3.36
72 S80/S20 (Income quintile share ratio);265 Roskilde;2017 2017;4.36
72 S80/S20 (Income quintile share ratio);269 Solrød;2017 2017;4.00
72 S80/S20 (Income quintile share ratio);270 Gribskov;2017 2017;3.87
72 S80/S20 (Income quintile share ratio);306 Odsherred;2017 2017;3.54
72 S80/S20 (Income quintile share ratio);316 Holbæk;2017 2017;3.76
72 S80/S20 (Income quintile share ratio);320 Faxe;2017 2017;3.56
72 S80/S20 (Income quintile share ratio);326 Kalundborg;2017 2017;3.57
72 S80/S20 (Income quintile share ratio);329 Ringsted;2017 2017;3.71
72 S80/S20 (Income quintile share ratio);330 Slagelse;2017 2017;3.74
72 S80/S20 (Income quintile share ratio);336 Stevns;2017 2017;3.61
72 S80/S20 (Income quintile share ratio);340 Sorø;2017 2017;3.59
72 S80/S20 (Income quintile share ratio);350 Lejre;2017 2017;3.65
72 S80/S20 (Income quintile share ratio);360 Lolland;2017 2017;3.75
72 S80/S20 (Income quintile share ratio);370 Næstved;2017 2017;3.79
72 S80/S20 (Income quintile share ratio);376 Guldborgsund;2017 2017;3.64
72 S80/S20 (Income quintile share ratio);390 Vordingborg;2017 2017;3.86
72 S80/S20 (Income quintile share ratio);400 Bornholm;2017 2017;3.34
72 S80/S20 (Income quintile share ratio);410 Middelfart;2017 2017;3.64
72 S80/S20 (Income quintile share ratio);420 Assens;2017 2017;3.38
72 S80/S20 (Income quintile share ratio);430 Faaborg-Midtfyn;2017 2017;3.29
72 S80/S20 (Income quintile share ratio);440 Kerteminde;2017 2017;3.63
72 S80/S20 (Income quintile share ratio);450 Nyborg;2017 2017;3.39
72 S80/S20 (Income quintile share ratio);461 Odense;2017 2017;4.60
72 S80/S20 (Income quintile share ratio);479 Svendborg;2017 2017;4.01
72 S80/S20 (Income quintile share ratio);480 Nordfyns;2017 2017;3.30
72 S80/S20 (Income quintile share ratio);482 Langeland;2017 2017;3.22
72 S80/S20 (Income quintile share ratio);492 Ærø;2017 2017;3.69
72 S80/S20 (Income quintile share ratio);510 Haderslev;2017 2017;3.65
72 S80/S20 (Income quintile share ratio);530 Billund;2017 2017;3.74
72 S80/S20 (Income quintile share ratio);540 Sønderborg;2017 2017;3.83
72 S80/S20 (Income quintile share ratio);550 Tønder;2017 2017;3.74
72 S80/S20 (Income quintile share ratio);561 Esbjerg;2017 2017;4.00
72 S80/S20 (Income quintile share ratio);563 Fanø;2017 2017;3.77
72 S80/S20 (Income quintile share ratio);573 Varde;2017 2017;3.79
72 S80/S20 (Income quintile share ratio);575 Vejen;2017 2017;3.68
72 S80/S20 (Income quintile share ratio);580 Aabenraa;2017 2017;3.75
72 S80/S20 (Income quintile share ratio);607 Fredericia;2017 2017;3.76
72 S80/S20 (Income quintile share ratio);615 Horsens;2017 2017;3.92
72 S80/S20 (Income quintile share ratio);621 Kolding;2017 2017;3.94
72 S80/S20 (Income quintile share ratio);630 Vejle;2017 2017;3.97
72 S80/S20 (Income quintile share ratio);657 Herning;2017 2017;3.78
72 S80/S20 (Income quintile share ratio);661 Holstebro;2017 2017;3.86
72 S80/S20 (Income quintile share ratio);665 Lemvig;2017 2017;3.93
72 S80/S20 (Income quintile share ratio);671 Struer;2017 2017;3.61
72 S80/S20 (Income quintile share ratio);706 Syddjurs;2017 2017;3.61
72 S80/S20 (Income quintile share ratio);707 Norddjurs;2017 2017;3.66
72 S80/S20 (Income quintile share ratio);710 Favrskov;2017 2017;3.36
72 S80/S20 (Income quintile share ratio);727 Odder;2017 2017;3.71
72 S80/S20 (Income quintile share ratio);730 Randers;2017 2017;3.63
72 S80/S20 (Income quintile share ratio);740 Silkeborg;2017 2017;3.83
72 S80/S20 (Income quintile share ratio);741 Samsø;2017 2017;3.75
72 S80/S20 (Income quintile share ratio);746 Skanderborg;2017 2017;3.49
72 S80/S20 (Income quintile share ratio);751 Aarhus;2017 2017;5.84
72 S80/S20 (Income quintile share ratio);756 Ikast-Brande;2017 2017;3.44
72 S80/S20 (Income quintile share ratio);760 Ringkøbing-Skjern;2017 2017;3.60
72 S80/S20 (Income quintile share ratio);766 Hedensted;2017 2017;3.40
72 S80/S20 (Income quintile share ratio);773 Morsø;2017 2017;3.43
72 S80/S20 (Income quintile share ratio);779 Skive;2017 2017;3.49
72 S80/S20 (Income quintile share ratio);787 Thisted;2017 2017;3.67
72 S80/S20 (Income quintile share ratio);791 Viborg;2017 2017;3.78
72 S80/S20 (Income quintile share ratio);810 Brønderslev;2017 2017;3.46
72 S80/S20 (Income quintile share ratio);813 Frederikshavn;2017 2017;3.55
72 S80/S20 (Income quintile share ratio);820 Vesthimmerlands;2017 2017;3.46
72 S80/S20 (Income quintile share ratio);825 Læsø;2017 2017;2.93
72 S80/S20 (Income quintile share ratio);840 Rebild;2017 2017;3.49
72 S80/S20 (Income quintile share ratio);846 Mariagerfjord;2017 2017;3.51
72 S80/S20 (Income quintile share ratio);849 Jammerbugt;2017 2017;3.37
72 S80/S20 (Income quintile share ratio);851 Aalborg;2017 2017;4.55
72 S80/S20 (Income quintile share ratio);860 Hjørring;2017 2017;3.82
73 P90/10 (Upper decile boundary divided by lower);000 All Denmark;2017 2017;3.33
73 P90/10 (Upper decile boundary divided by lower);101 Copenhagen;2017 2017;4.40
73 P90/10 (Upper decile boundary divided by lower);147 Frederiksberg;2017 2017;4.54
73 P90/10 (Upper decile boundary divided by lower);151 Ballerup;2017 2017;3.12
73 P90/10 (Upper decile boundary divided by lower);153 Brøndby;2017 2017;3.22
73 P90/10 (Upper decile boundary divided by lower);155 Dragør;2017 2017;3.22
73 P90/10 (Upper decile boundary divided by lower);157 Gentofte;2017 2017;5.98
73 P90/10 (Upper decile boundary divided by lower);159 Gladsaxe;2017 2017;3.72
73 P90/10 (Upper decile boundary divided by lower);161 Glostrup;2017 2017;3.20
73 P90/10 (Upper decile boundary divided by lower);163 Herlev;2017 2017;3.13
73 P90/10 (Upper decile boundary divided by lower);165 Albertslund;2017 2017;3.20
73 P90/10 (Upper decile boundary divided by lower);167 Hvidovre;2017 2017;3.13
73 P90/10 (Upper decile boundary divided by lower);169 Høje-Taastrup;2017 2017;3.25
73 P90/10 (Upper decile boundary divided by lower);173 Lyngby-Taarbæk;2017 2017;4.64
73 P90/10 (Upper decile boundary divided by lower);175 Rødovre;2017 2017;3.17
73 P90/10 (Upper decile boundary divided by lower);183 Ishøj;2017 2017;3.07
73 P90/10 (Upper decile boundary divided by lower);185 Tårnby;2017 2017;2.98
73 P90/10 (Upper decile boundary divided by lower);187 Vallensbæk;2017 2017;3.12
73 P90/10 (Upper decile boundary divided by lower);190 Furesø;2017 2017;3.62
73 P90/10 (Upper decile boundary divided by lower);201 Allerød;2017 2017;3.06
73 P90/10 (Upper decile boundary divided by lower);210 Fredensborg;2017 2017;3.45
73 P90/10 (Upper decile boundary divided by lower);217 Helsingør;2017 2017;3.36
73 P90/10 (Upper decile boundary divided by lower);219 Hillerød;2017 2017;3.24
73 P90/10 (Upper decile boundary divided by lower);223 Hørsholm;2017 2017;4.38
73 P90/10 (Upper decile boundary divided by lower);230 Rudersdal;2017 2017;4.71
73 P90/10 (Upper decile boundary divided by lower);240 Egedal;2017 2017;2.66
73 P90/10 (Upper decile boundary divided by lower);250 Frederikssund;2017 2017;2.88
73 P90/10 (Upper decile boundary divided by lower);253 Greve;2017 2017;3.06
70 Gini coefficient;000 All Denmark;2013 2013;27.88
70 Gini coefficient;101 Copenhagen;2013 2013;31.86
70 Gini coefficient;147 Frederiksberg;2013 2013;33.92
70 Gini coefficient;151 Ballerup;2013 2013;25.10
70 Gini coefficient;153 Brøndby;2013 2013;24.60
70 Gini coefficient;155 Dragør;2013 2013;26.75
70 Gini coefficient;157 Gentofte;2013 2013;43.39
70 Gini coefficient;159 Gladsaxe;2013 2013;27.95
70 Gini coefficient;161 Glostrup;2013 2013;24.30
70 Gini coefficient;163 Herlev;2013 2013;25.05
70 Gini coefficient;165 Albertslund;2013 2013;25.50
70 Gini coefficient;167 Hvidovre;2013 2013;24.09
70 Gini coefficient;169 Høje-Taastrup;2013 2013;24.55
70 Gini coefficient;173 Lyngby-Taarbæk;2013 2013;33.11
70 Gini coefficient;175 Rødovre;2013 2013;24.19
70 Gini coefficient;183 Ishøj;2013 2013;24.63
70 Gini coefficient;185 Tårnby;2013 2013;22.86
70 Gini coefficient;187 Vallensbæk;2013 2013;24.18
70 Gini coefficient;190 Furesø;2013 2013;29.20
70 Gini coefficient;201 Allerød;2013 2013;24.41
70 Gini coefficient;210 Fredensborg;2013 2013;30.53
70 Gini coefficient;217 Helsingør;2013 2013;28.74
70 Gini coefficient;219 Hillerød;2013 2013;25.13
70 Gini coefficient;223 Hørsholm;2013 2013;38.24
70 Gini coefficient;230 Rudersdal;2013 2013;38.78
70 Gini coefficient;240 Egedal;2013 2013;21.51
70 Gini coefficient;250 Frederikssund;2013 2013;23.49
70 Gini coefficient;253 Greve;2013 2013;24.12
70 Gini coefficient;259 Køge;2013 2013;23.81
70 Gini coefficient;260 Halsnæs;2013 2013;22.11
70 Gini coefficient;265 Roskilde;2013 2013;27.08
70 Gini coefficient;269 Solrød;2013 2013;24.47
70 Gini coefficient;270 Gribskov;2013 2013;24.92
70 Gini coefficient;306 Odsherred;2013 2013;22.45
70 Gini coefficient;316 Holbæk;2013 2013;24.33
70 Gini coefficient;320 Faxe;2013 2013;23.02
70 Gini coefficient;326 Kalundborg;2013 2013;23.45
70 Gini coefficient;329 Ringsted;2013 2013;24.24
70 Gini coefficient;330 Slagelse;2013 2013;24.58
70 Gini coefficient;336 Stevns;2013 2013;23.75
70 Gini coefficient;340 Sorø;2013 2013;23.80
70 Gini coefficient;350 Lejre;2013 2013;23.40
70 Gini coefficient;360 Lolland;2013 2013;25.37
70 Gini coefficient;370 Næstved;2013 2013;23.90
70 Gini coefficient;376 Guldborgsund;2013 2013;24.88
70 Gini coefficient;390 Vordingborg;2013 2013;23.81
70 Gini coefficient;400 Bornholm;2013 2013;22.07
70 Gini coefficient;410 Middelfart;2013 2013;25.24
70 Gini coefficient;420 Assens;2013 2013;22.18
70 Gini coefficient;430 Faaborg-Midtfyn;2013 2013;22.34
70 Gini coefficient;440 Kerteminde;2013 2013;24.12
70 Gini coefficient;450 Nyborg;2013 2013;24.01
70 Gini coefficient;461 Odense;2013 2013;27.09
70 Gini coefficient;479 Svendborg;2013 2013;25.50
70 Gini coefficient;480 Nordfyns;2013 2013;22.53
70 Gini coefficient;482 Langeland;2013 2013;23.29
70 Gini coefficient;492 Ærø;2013 2013;27.17
70 Gini coefficient;510 Haderslev;2013 2013;25.06
70 Gini coefficient;530 Billund;2013 2013;25.47
70 Gini coefficient;540 Sønderborg;2013 2013;25.04
70 Gini coefficient;550 Tønder;2013 2013;24.57
70 Gini coefficient;561 Esbjerg;2013 2013;26.79
70 Gini coefficient;563 Fanø;2013 2013;26.08
70 Gini coefficient;573 Varde;2013 2013;25.70
70 Gini coefficient;575 Vejen;2013 2013;24.52
70 Gini coefficient;580 Aabenraa;2013 2013;25.36
70 Gini coefficient;607 Fredericia;2013 2013;24.40
70 Gini coefficient;615 Horsens;2013 2013;25.18
70 Gini coefficient;621 Kolding;2013 2013;26.14
70 Gini coefficient;630 Vejle;2013 2013;26.57
70 Gini coefficient;657 Herning;2013 2013;24.79
70 Gini coefficient;661 Holstebro;2013 2013;26.45
70 Gini coefficient;665 Lemvig;2013 2013;27.11
70 Gini coefficient;671 Struer;2013 2013;24.31
70 Gini coefficient;706 Syddjurs;2013 2013;25.05
70 Gini coefficient;707 Norddjurs;2013 2013;23.68
70 Gini coefficient;710 Favrskov;2013 2013;22.11
70 Gini coefficient;727 Odder;2013 2013;23.20
70 Gini coefficient;730 Randers;2013 2013;23.71
70 Gini coefficient;740 Silkeborg;2013 2013;25.35
70 Gini coefficient;741 Samsø;2013 2013;24.35
70 Gini coefficient;746 Skanderborg;2013 2013;23.28
70 Gini coefficient;751 Aarhus;2013 2013;31.41
70 Gini coefficient;756 Ikast-Brande;2013 2013;24.55
70 Gini coefficient;760 Ringkøbing-Skjern;2013 2013;25.19
70 Gini coefficient;766 Hedensted;2013 2013;23.15
70 Gini coefficient;773 Morsø;2013 2013;25.09
70 Gini coefficient;779 Skive;2013 2013;23.67
70 Gini coefficient;787 Thisted;2013 2013;24.54
70 Gini coefficient;791 Viborg;2013 2013;24.14
70 Gini coefficient;810 Brønderslev;2013 2013;23.82
70 Gini coefficient;813 Frederikshavn;2013 2013;24.41
70 Gini coefficient;820 Vesthimmerlands;2013 2013;24.02
70 Gini coefficient;825 Læsø;2013 2013;24.01
70 Gini coefficient;840 Rebild;2013 2013;24.29
70 Gini coefficient;846 Mariagerfjord;2013 2013;23.87
70 Gini coefficient;849 Jammerbugt;2013 2013;24.34
70 Gini coefficient;851 Aalborg;2013 2013;27.03
70 Gini coefficient;860 Hjørring;2013 2013;25.43
71 Hoover index;000 All Denmark;2013 2013;19.12
71 Hoover index;101 Copenhagen;2013 2013;22.27
71 Hoover index;147 Frederiksberg;2013 2013;23.52
71 Hoover index;151 Ballerup;2013 2013;17.80
71 Hoover index;153 Brøndby;2013 2013;17.36
71 Hoover index;155 Dragør;2013 2013;18.10
71 Hoover index;157 Gentofte;2013 2013;29.64
71 Hoover index;159 Gladsaxe;2013 2013;19.66
71 Hoover index;161 Glostrup;2013 2013;17.21
71 Hoover index;163 Herlev;2013 2013;17.59
71 Hoover index;165 Albertslund;2013 2013;17.89
71 Hoover index;167 Hvidovre;2013 2013;16.98
71 Hoover index;169 Høje-Taastrup;2013 2013;17.25
71 Hoover index;173 Lyngby-Taarbæk;2013 2013;22.86
71 Hoover index;175 Rødovre;2013 2013;17.19
71 Hoover index;183 Ishøj;2013 2013;17.27
71 Hoover index;185 Tårnby;2013 2013;15.95
71 Hoover index;187 Vallensbæk;2013 2013;16.59
71 Hoover index;190 Furesø;2013 2013;19.98
71 Hoover index;201 Allerød;2013 2013;16.75
71 Hoover index;210 Fredensborg;2013 2013;20.88
71 Hoover index;217 Helsingør;2013 2013;19.79
71 Hoover index;219 Hillerød;2013 2013;17.35
71 Hoover index;223 Hørsholm;2013 2013;26.09
71 Hoover index;230 Rudersdal;2013 2013;26.29
71 Hoover index;240 Egedal;2013 2013;14.74
71 Hoover index;250 Frederikssund;2013 2013;16.30
71 Hoover index;253 Greve;2013 2013;16.67
71 Hoover index;259 Køge;2013 2013;16.58
71 Hoover index;260 Halsnæs;2013 2013;15.26
71 Hoover index;265 Roskilde;2013 2013;18.69
71 Hoover index;269 Solrød;2013 2013;16.77
71 Hoover index;270 Gribskov;2013 2013;16.95
71 Hoover index;306 Odsherred;2013 2013;15.57
71 Hoover index;316 Holbæk;2013 2013;16.80
71 Hoover index;320 Faxe;2013 2013;15.88
71 Hoover index;326 Kalundborg;2013 2013;16.29
71 Hoover index;329 Ringsted;2013 2013;16.79
71 Hoover index;330 Slagelse;2013 2013;17.03
71 Hoover index;336 Stevns;2013 2013;16.21
71 Hoover index;340 Sorø;2013 2013;16.47
71 Hoover index;350 Lejre;2013 2013;16.05
71 Hoover index;360 Lolland;2013 2013;17.40
71 Hoover index;370 Næstved;2013 2013;16.52
71 Hoover index;376 Guldborgsund;2013 2013;17.04
71 Hoover index;390 Vordingborg;2013 2013;16.49
71 Hoover index;400 Bornholm;2013 2013;15.23
71 Hoover index;410 Middelfart;2013 2013;17.08
71 Hoover index;420 Assens;2013 2013;15.36
71 Hoover index;430 Faaborg-Midtfyn;2013 2013;15.39
71 Hoover index;440 Kerteminde;2013 2013;16.47
71 Hoover index;450 Nyborg;2013 2013;16.27
71 Hoover index;461 Odense;2013 2013;18.84
71 Hoover index;479 Svendborg;2013 2013;17.55
71 Hoover index;480 Nordfyns;2013 2013;15.53
71 Hoover index;482 Langeland;2013 2013;15.90
71 Hoover index;492 Ærø;2013 2013;18.43
71 Hoover index;510 Haderslev;2013 2013;17.06
71 Hoover index;530 Billund;2013 2013;17.18
71 Hoover index;540 Sønderborg;2013 2013;17.28
71 Hoover index;550 Tønder;2013 2013;16.66
71 Hoover index;561 Esbjerg;2013 2013;18.29
71 Hoover index;563 Fanø;2013 2013;17.89
71 Hoover index;573 Varde;2013 2013;17.28
71 Hoover index;575 Vejen;2013 2013;16.69
71 Hoover index;580 Aabenraa;2013 2013;17.30
71 Hoover index;607 Fredericia;2013 2013;16.92
71 Hoover index;615 Horsens;2013 2013;17.22
71 Hoover index;621 Kolding;2013 2013;17.83
71 Hoover index;630 Vejle;2013 2013;17.98
71 Hoover index;657 Herning;2013 2013;16.86
71 Hoover index;661 Holstebro;2013 2013;17.81
71 Hoover index;665 Lemvig;2013 2013;18.25
71 Hoover index;671 Struer;2013 2013;16.53
71 Hoover index;706 Syddjurs;2013 2013;16.95
71 Hoover index;707 Norddjurs;2013 2013;16.29
71 Hoover index;710 Favrskov;2013 2013;15.17
71 Hoover index;727 Odder;2013 2013;15.91
71 Hoover index;730 Randers;2013 2013;16.32
71 Hoover index;740 Silkeborg;2013 2013;17.26
71 Hoover index;741 Samsø;2013 2013;16.86
71 Hoover index;746 Skanderborg;2013 2013;15.88
71 Hoover index;751 Aarhus;2013 2013;21.72
71 Hoover index;756 Ikast-Brande;2013 2013;16.61
71 Hoover index;760 Ringkøbing-Skjern;2013 2013;16.93
71 Hoover index;766 Hedensted;2013 2013;15.73
71 Hoover index;773 Morsø;2013 2013;16.88
71 Hoover index;779 Skive;2013 2013;16.11
71 Hoover index;787 Thisted;2013 2013;16.68
71 Hoover index;791 Viborg;2013 2013;16.46
71 Hoover index;810 Brønderslev;2013 2013;16.14
71 Hoover index;813 Frederikshavn;2013 2013;16.69
71 Hoover index;820 Vesthimmerlands;2013 2013;16.38
71 Hoover index;825 Læsø;2013 2013;16.54
71 Hoover index;840 Rebild;2013 2013;16.53
71 Hoover index;846 Mariagerfjord;2013 2013;16.37
71 Hoover index;849 Jammerbugt;2013 2013;16.51
71 Hoover index;851 Aalborg;2013 2013;18.57
71 Hoover index;860 Hjørring;2013 2013;17.21
72 S80/S20 (Income quintile share ratio);000 All Denmark;2013 2013;4.19
72 S80/S20 (Income quintile share ratio);101 Copenhagen;2013 2013;5.49
72 S80/S20 (Income quintile share ratio);147 Frederiksberg;2013 2013;6.05
72 S80/S20 (Income quintile share ratio);151 Ballerup;2013 2013;3.59
72 S80/S20 (Income quintile share ratio);153 Brøndby;2013 2013;3.52
72 S80/S20 (Income quintile share ratio);155 Dragør;2013 2013;4.15
72 S80/S20 (Income quintile share ratio);157 Gentofte;2013 2013;11.00
72 S80/S20 (Income quintile share ratio);159 Gladsaxe;2013 2013;4.29
72 S80/S20 (Income quintile share ratio);161 Glostrup;2013 2013;3.46
72 S80/S20 (Income quintile share ratio);163 Herlev;2013 2013;3.56
72 S80/S20 (Income quintile share ratio);165 Albertslund;2013 2013;3.87
72 S80/S20 (Income quintile share ratio);167 Hvidovre;2013 2013;3.49
72 S80/S20 (Income quintile share ratio);169 Høje-Taastrup;2013 2013;3.58
72 S80/S20 (Income quintile share ratio);173 Lyngby-Taarbæk;2013 2013;5.70
72 S80/S20 (Income quintile share ratio);175 Rødovre;2013 2013;3.44
72 S80/S20 (Income quintile share ratio);183 Ishøj;2013 2013;3.51
72 S80/S20 (Income quintile share ratio);185 Tårnby;2013 2013;3.34
72 S80/S20 (Income quintile share ratio);187 Vallensbæk;2013 2013;3.57
72 S80/S20 (Income quintile share ratio);190 Furesø;2013 2013;4.72
72 S80/S20 (Income quintile share ratio);201 Allerød;2013 2013;3.56
72 S80/S20 (Income quintile share ratio);210 Fredensborg;2013 2013;4.68
72 S80/S20 (Income quintile share ratio);217 Helsingør;2013 2013;4.25
72 S80/S20 (Income quintile share ratio);219 Hillerød;2013 2013;3.69
72 S80/S20 (Income quintile share ratio);223 Hørsholm;2013 2013;7.46
72 S80/S20 (Income quintile share ratio);230 Rudersdal;2013 2013;7.52
72 S80/S20 (Income quintile share ratio);240 Egedal;2013 2013;3.02
72 S80/S20 (Income quintile share ratio);250 Frederikssund;2013 2013;3.31
72 S80/S20 (Income quintile share ratio);253 Greve;2013 2013;3.46
72 S80/S20 (Income quintile share ratio);259 Køge;2013 2013;3.37
72 S80/S20 (Income quintile share ratio);260 Halsnæs;2013 2013;3.06
72 S80/S20 (Income quintile share ratio);265 Roskilde;2013 2013;4.18
72 S80/S20 (Income quintile share ratio);269 Solrød;2013 2013;3.57
72 S80/S20 (Income quintile share ratio);270 Gribskov;2013 2013;3.61
72 S80/S20 (Income quintile share ratio);306 Odsherred;2013 2013;3.09
72 S80/S20 (Income quintile share ratio);316 Holbæk;2013 2013;3.48
72 S80/S20 (Income quintile share ratio);320 Faxe;2013 2013;3.25
72 S80/S20 (Income quintile share ratio);326 Kalundborg;2013 2013;3.30
72 S80/S20 (Income quintile share ratio);329 Ringsted;2013 2013;3.44
72 S80/S20 (Income quintile share ratio);330 Slagelse;2013 2013;3.51
72 S80/S20 (Income quintile share ratio);336 Stevns;2013 2013;3.37
72 S80/S20 (Income quintile share ratio);340 Sorø;2013 2013;3.34
72 S80/S20 (Income quintile share ratio);350 Lejre;2013 2013;3.30
72 S80/S20 (Income quintile share ratio);360 Lolland;2013 2013;3.55
72 S80/S20 (Income quintile share ratio);370 Næstved;2013 2013;3.40
72 S80/S20 (Income quintile share ratio);376 Guldborgsund;2013 2013;3.54
72 S80/S20 (Income quintile share ratio);390 Vordingborg;2013 2013;3.35
72 S80/S20 (Income quintile share ratio);400 Bornholm;2013 2013;3.00
72 S80/S20 (Income quintile share ratio);410 Middelfart;2013 2013;3.60
72 S80/S20 (Income quintile share ratio);420 Assens;2013 2013;3.04
72 S80/S20 (Income quintile share ratio);430 Faaborg-Midtfyn;2013 2013;3.08
72 S80/S20 (Income quintile share ratio);440 Kerteminde;2013 2013;3.31
72 S80/S20 (Income quintile share ratio);450 Nyborg;2013 2013;3.40
72 S80/S20 (Income quintile share ratio);461 Odense;2013 2013;4.12
72 S80/S20 (Income quintile share ratio);479 Svendborg;2013 2013;3.67
72 S80/S20 (Income quintile share ratio);480 Nordfyns;2013 2013;3.06
72 S80/S20 (Income quintile share ratio);482 Langeland;2013 2013;3.29
72 S80/S20 (Income quintile share ratio);492 Ærø;2013 2013;4.37
72 S80/S20 (Income quintile share ratio);510 Haderslev;2013 2013;3.61
72 S80/S20 (Income quintile share ratio);530 Billund;2013 2013;3.58
72 S80/S20 (Income quintile share ratio);540 Sønderborg;2013 2013;3.49
72 S80/S20 (Income quintile share ratio);550 Tønder;2013 2013;3.56
72 S80/S20 (Income quintile share ratio);561 Esbjerg;2013 2013;3.92
72 S80/S20 (Income quintile share ratio);563 Fanø;2013 2013;3.72
72 S80/S20 (Income quintile share ratio);573 Varde;2013 2013;3.66
72 S80/S20 (Income quintile share ratio);575 Vejen;2013 2013;3.37
72 S80/S20 (Income quintile share ratio);580 Aabenraa;2013 2013;3.66
72 S80/S20 (Income quintile share ratio);607 Fredericia;2013 2013;3.43
72 S80/S20 (Income quintile share ratio);615 Horsens;2013 2013;3.65
72 S80/S20 (Income quintile share ratio);621 Kolding;2013 2013;3.88
72 S80/S20 (Income quintile share ratio);630 Vejle;2013 2013;3.99
72 S80/S20 (Income quintile share ratio);657 Herning;2013 2013;3.56
72 S80/S20 (Income quintile share ratio);661 Holstebro;2013 2013;3.81
72 S80/S20 (Income quintile share ratio);665 Lemvig;2013 2013;3.84
72 S80/S20 (Income quintile share ratio);671 Struer;2013 2013;3.39
72 S80/S20 (Income quintile share ratio);706 Syddjurs;2013 2013;3.47
72 S80/S20 (Income quintile share ratio);707 Norddjurs;2013 2013;3.38
72 S80/S20 (Income quintile share ratio);710 Favrskov;2013 2013;3.07
72 S80/S20 (Income quintile share ratio);727 Odder;2013 2013;3.26
72 S80/S20 (Income quintile share ratio);730 Randers;2013 2013;3.36
72 S80/S20 (Income quintile share ratio);740 Silkeborg;2013 2013;3.72
72 S80/S20 (Income quintile share ratio);741 Samsø;2013 2013;3.26
72 S80/S20 (Income quintile share ratio);746 Skanderborg;2013 2013;3.29
72 S80/S20 (Income quintile share ratio);751 Aarhus;2013 2013;5.36
72 S80/S20 (Income quintile share ratio);756 Ikast-Brande;2013 2013;3.46
72 S80/S20 (Income quintile share ratio);760 Ringkøbing-Skjern;2013 2013;3.56
72 S80/S20 (Income quintile share ratio);766 Hedensted;2013 2013;3.21
72 S80/S20 (Income quintile share ratio);773 Morsø;2013 2013;3.55
72 S80/S20 (Income quintile share ratio);779 Skive;2013 2013;3.33
72 S80/S20 (Income quintile share ratio);787 Thisted;2013 2013;3.43
72 S80/S20 (Income quintile share ratio);791 Viborg;2013 2013;3.43
72 S80/S20 (Income quintile share ratio);810 Brønderslev;2013 2013;3.34
72 S80/S20 (Income quintile share ratio);813 Frederikshavn;2013 2013;3.41
72 S80/S20 (Income quintile share ratio);820 Vesthimmerlands;2013 2013;3.36
72 S80/S20 (Income quintile share ratio);825 Læsø;2013 2013;3.21
72 S80/S20 (Income quintile share ratio);840 Rebild;2013 2013;3.42
72 S80/S20 (Income quintile share ratio);846 Mariagerfjord;2013 2013;3.35
72 S80/S20 (Income quintile share ratio);849 Jammerbugt;2013 2013;3.38
72 S80/S20 (Income quintile share ratio);851 Aalborg;2013 2013;4.17
72 S80/S20 (Income quintile share ratio);860 Hjørring;2013 2013;3.67
73 P90/10 (Upper decile boundary divided by lower);000 All Denmark;2013 2013;3.07
73 P90/10 (Upper decile boundary divided by lower);101 Copenhagen;2013 2013;4.12
73 P90/10 (Upper decile boundary divided by lower);147 Frederiksberg;2013 2013;4.31
73 P90/10 (Upper decile boundary divided by lower);151 Ballerup;2013 2013;2.97
73 P90/10 (Upper decile boundary divided by lower);153 Brøndby;2013 2013;2.91
73 P90/10 (Upper decile boundary divided by lower);155 Dragør;2013 2013;3.09
73 P90/10 (Upper decile boundary divided by lower);157 Gentofte;2013 2013;5.33
73 P90/10 (Upper decile boundary divided by lower);159 Gladsaxe;2013 2013;3.45
73 P90/10 (Upper decile boundary divided by lower);161 Glostrup;2013 2013;2.95
73 P90/10 (Upper decile boundary divided by lower);163 Herlev;2013 2013;2.93
73 P90/10 (Upper decile boundary divided by lower);165 Albertslund;2013 2013;3.17
73 P90/10 (Upper decile boundary divided by lower);167 Hvidovre;2013 2013;2.91
73 P90/10 (Upper decile boundary divided by lower);169 Høje-Taastrup;2013 2013;2.98
73 P90/10 (Upper decile boundary divided by lower);173 Lyngby-Taarbæk;2013 2013;4.02
73 P90/10 (Upper decile boundary divided by lower);175 Rødovre;2013 2013;2.93
73 P90/10 (Upper decile boundary divided by lower);183 Ishøj;2013 2013;2.88
73 P90/10 (Upper decile boundary divided by lower);185 Tårnby;2013 2013;2.81
73 P90/10 (Upper decile boundary divided by lower);187 Vallensbæk;2013 2013;2.87
73 P90/10 (Upper decile boundary divided by lower);190 Furesø;2013 2013;3.42
73 P90/10 (Upper decile boundary divided by lower);201 Allerød;2013 2013;2.90
73 P90/10 (Upper decile boundary divided by lower);210 Fredensborg;2013 2013;3.26
73 P90/10 (Upper decile boundary divided by lower);217 Helsingør;2013 2013;3.11
73 P90/10 (Upper decile boundary divided by lower);219 Hillerød;2013 2013;2.96
73 P90/10 (Upper decile boundary divided by lower);223 Hørsholm;2013 2013;4.25
73 P90/10 (Upper decile boundary divided by lower);230 Rudersdal;2013 2013;4.32
73 P90/10 (Upper decile boundary divided by lower);240 Egedal;2013 2013;2.51
73 P90/10 (Upper decile boundary divided by lower);250 Frederikssund;2013 2013;2.69
73 P90/10 (Upper decile boundary divided by lower);253 Greve;2013 2013;2.80
73 P90/10 (Upper decile boundary divided by lower);259 Køge;2013 2013;2.76
73 P90/10 (Upper decile boundary divided by lower);260 Halsnæs;2013 2013;2.49
73 P90/10 (Upper decile boundary divided by lower);265 Roskilde;2013 2013;3.21
73 P90/10 (Upper decile boundary divided by lower);269 Solrød;2013 2013;2.84
73 P90/10 (Upper decile boundary divided by lower);270 Gribskov;2013 2013;2.68
73 P90/10 (Upper decile boundary divided by lower);306 Odsherred;2013 2013;2.45
73 P90/10 (Upper decile boundary divided by lower);316 Holbæk;2013 2013;2.74
73 P90/10 (Upper decile boundary divided by lower);320 Faxe;2013 2013;2.58
73 P90/10 (Upper decile boundary divided by lower);326 Kalundborg;2013 2013;2.65
73 P90/10 (Upper decile boundary divided by lower);329 Ringsted;2013 2013;2.75
73 P90/10 (Upper decile boundary divided by lower);330 Slagelse;2013 2013;2.79
73 P90/10 (Upper decile boundary divided by lower);336 Stevns;2013 2013;2.57
73 P90/10 (Upper decile boundary divided by lower);340 Sorø;2013 2013;2.65
73 P90/10 (Upper decile boundary divided by lower);350 Lejre;2013 2013;2.62
73 P90/10 (Upper decile boundary divided by lower);360 Lolland;2013 2013;2.53
73 P90/10 (Upper decile boundary divided by lower);370 Næstved;2013 2013;2.70
73 P90/10 (Upper decile boundary divided by lower);376 Guldborgsund;2013 2013;2.62
73 P90/10 (Upper decile boundary divided by lower);390 Vordingborg;2013 2013;2.61
73 P90/10 (Upper decile boundary divided by lower);400 Bornholm;2013 2013;2.36
73 P90/10 (Upper decile boundary divided by lower);410 Middelfart;2013 2013;2.55
73 P90/10 (Upper decile boundary divided by lower);420 Assens;2013 2013;2.45
73 P90/10 (Upper decile boundary divided by lower);430 Faaborg-Midtfyn;2013 2013;2.42
73 P90/10 (Upper decile boundary divided by lower);440 Kerteminde;2013 2013;2.46
73 P90/10 (Upper decile boundary divided by lower);450 Nyborg;2013 2013;2.46
73 P90/10 (Upper decile boundary divided by lower);461 Odense;2013 2013;3.30
73 P90/10 (Upper decile boundary divided by lower);479 Svendborg;2013 2013;2.83
73 P90/10 (Upper decile boundary divided by lower);480 Nordfyns;2013 2013;2.40
73 P90/10 (Upper decile boundary divided by lower);482 Langeland;2013 2013;2.39
73 P90/10 (Upper decile boundary divided by lower);492 Ærø;2013 2013;2.81
73 P90/10 (Upper decile boundary divided by lower);510 Haderslev;2013 2013;2.63
73 P90/10 (Upper decile boundary divided by lower);530 Billund;2013 2013;2.56
73 P90/10 (Upper decile boundary divided by lower);540 Sønderborg;2013 2013;2.66
73 P90/10 (Upper decile boundary divided by lower);550 Tønder;2013 2013;2.58
73 P90/10 (Upper decile boundary divided by lower);561 Esbjerg;2013 2013;2.85
73 P90/10 (Upper decile boundary divided by lower);563 Fanø;2013 2013;2.80
73 P90/10 (Upper decile boundary divided by lower);573 Varde;2013 2013;2.54
73 P90/10 (Upper decile boundary divided by lower);575 Vejen;2013 2013;2.50
73 P90/10 (Upper decile boundary divided by lower);580 Aabenraa;2013 2013;2.67
73 P90/10 (Upper decile boundary divided by lower);607 Fredericia;2013 2013;2.75
73 P90/10 (Upper decile boundary divided by lower);615 Horsens;2013 2013;2.77
73 P90/10 (Upper decile boundary divided by lower);621 Kolding;2013 2013;2.81
73 P90/10 (Upper decile boundary divided by lower);630 Vejle;2013 2013;2.77
73 P90/10 (Upper decile boundary divided by lower);657 Herning;2013 2013;2.69
73 P90/10 (Upper decile boundary divided by lower);661 Holstebro;2013 2013;2.64
73 P90/10 (Upper decile boundary divided by lower);665 Lemvig;2013 2013;2.52
73 P90/10 (Upper decile boundary divided by lower);671 Struer;2013 2013;2.50
73 P90/10 (Upper decile boundary divided by lower);706 Syddjurs;2013 2013;2.53
73 P90/10 (Upper decile boundary divided by lower);707 Norddjurs;2013 2013;2.59
73 P90/10 (Upper decile boundary divided by lower);710 Favrskov;2013 2013;2.49
73 P90/10 (Upper decile boundary divided by lower);727 Odder;2013 2013;2.58
73 P90/10 (Upper decile boundary divided by lower);730 Randers;2013 2013;2.65
73 P90/10 (Upper decile boundary divided by lower);740 Silkeborg;2013 2013;2.73
73 P90/10 (Upper decile boundary divided by lower);741 Samsø;2013 2013;2.47
73 P90/10 (Upper decile boundary divided by lower);746 Skanderborg;2013 2013;2.58
73 P90/10 (Upper decile boundary divided by lower);751 Aarhus;2013 2013;3.98
73 P90/10 (Upper decile boundary divided by lower);756 Ikast-Brande;2013 2013;2.49
73 P90/10 (Upper decile boundary divided by lower);760 Ringkøbing-Skjern;2013 2013;2.50
73 P90/10 (Upper decile boundary divided by lower);766 Hedensted;2013 2013;2.45
73 P90/10 (Upper decile boundary divided by lower);773 Morsø;2013 2013;2.40
73 P90/10 (Upper decile boundary divided by lower);779 Skive;2013 2013;2.47
73 P90/10 (Upper decile boundary divided by lower);787 Thisted;2013 2013;2.51
73 P90/10 (Upper decile boundary divided by lower);791 Viborg;2013 2013;2.62
73 P90/10 (Upper decile boundary divided by lower);810 Brønderslev;2013 2013;2.44
73 P90/10 (Upper decile boundary divided by lower);813 Frederikshavn;2013 2013;2.51
73 P90/10 (Upper decile boundary divided by lower);820 Vesthimmerlands;2013 2013;2.49
73 P90/10 (Upper decile boundary divided by lower);825 Læsø;2013 2013;2.37
73 P90/10 (Upper decile boundary divided by lower);840 Rebild;2013 2013;2.55
73 P90/10 (Upper decile boundary divided by lower);846 Mariagerfjord;2013 2013;2.53
73 P90/10 (Upper decile boundary divided by lower);849 Jammerbugt;2013 2013;2.44
73 P90/10 (Upper decile boundary divided by lower);851 Aalborg;2013 2013;3.23
73 P90/10 (Upper decile boundary divided by lower);860 Hjørring;2013 2013;2.57
70 Gini coefficient;000 All Denmark;2010 2010;27.47
70 Gini coefficient;101 Copenhagen;2010 2010;31.44
70 Gini coefficient;147 Frederiksberg;2010 2010;32.93
70 Gini coefficient;151 Ballerup;2010 2010;24.02
70 Gini coefficient;153 Brøndby;2010 2010;23.91
70 Gini coefficient;155 Dragør;2010 2010;26.93
70 Gini coefficient;157 Gentofte;2010 2010;43.42
70 Gini coefficient;159 Gladsaxe;2010 2010;26.81
70 Gini coefficient;161 Glostrup;2010 2010;23.85
70 Gini coefficient;163 Herlev;2010 2010;24.13
70 Gini coefficient;165 Albertslund;2010 2010;25.03
70 Gini coefficient;167 Hvidovre;2010 2010;24.01
70 Gini coefficient;169 Høje-Taastrup;2010 2010;23.71
70 Gini coefficient;173 Lyngby-Taarbæk;2010 2010;32.73
70 Gini coefficient;175 Rødovre;2010 2010;23.22
70 Gini coefficient;183 Ishøj;2010 2010;24.24
70 Gini coefficient;185 Tårnby;2010 2010;22.80
70 Gini coefficient;187 Vallensbæk;2010 2010;23.46
70 Gini coefficient;190 Furesø;2010 2010;28.22
70 Gini coefficient;201 Allerød;2010 2010;25.56
70 Gini coefficient;210 Fredensborg;2010 2010;29.29
70 Gini coefficient;217 Helsingør;2010 2010;27.75
70 Gini coefficient;219 Hillerød;2010 2010;25.11
70 Gini coefficient;223 Hørsholm;2010 2010;38.78
70 Gini coefficient;230 Rudersdal;2010 2010;40.11
70 Gini coefficient;240 Egedal;2010 2010;21.75
70 Gini coefficient;250 Frederikssund;2010 2010;23.36
70 Gini coefficient;253 Greve;2010 2010;24.09
70 Gini coefficient;259 Køge;2010 2010;23.44
70 Gini coefficient;260 Halsnæs;2010 2010;21.65
70 Gini coefficient;265 Roskilde;2010 2010;26.49
70 Gini coefficient;269 Solrød;2010 2010;24.79
70 Gini coefficient;270 Gribskov;2010 2010;24.21
70 Gini coefficient;306 Odsherred;2010 2010;23.42
70 Gini coefficient;316 Holbæk;2010 2010;24.81
70 Gini coefficient;320 Faxe;2010 2010;23.26
70 Gini coefficient;326 Kalundborg;2010 2010;24.08
70 Gini coefficient;329 Ringsted;2010 2010;23.83
70 Gini coefficient;330 Slagelse;2010 2010;23.92
70 Gini coefficient;336 Stevns;2010 2010;22.92
70 Gini coefficient;340 Sorø;2010 2010;25.18
70 Gini coefficient;350 Lejre;2010 2010;23.73
70 Gini coefficient;360 Lolland;2010 2010;24.47
70 Gini coefficient;370 Næstved;2010 2010;24.12
70 Gini coefficient;376 Guldborgsund;2010 2010;24.26
70 Gini coefficient;390 Vordingborg;2010 2010;24.32
70 Gini coefficient;400 Bornholm;2010 2010;22.85
70 Gini coefficient;410 Middelfart;2010 2010;23.86
70 Gini coefficient;420 Assens;2010 2010;22.94
70 Gini coefficient;430 Faaborg-Midtfyn;2010 2010;23.19
70 Gini coefficient;440 Kerteminde;2010 2010;23.18
70 Gini coefficient;450 Nyborg;2010 2010;22.71
70 Gini coefficient;461 Odense;2010 2010;26.66
70 Gini coefficient;479 Svendborg;2010 2010;24.91
70 Gini coefficient;480 Nordfyns;2010 2010;22.77
70 Gini coefficient;482 Langeland;2010 2010;23.35
70 Gini coefficient;492 Ærø;2010 2010;24.89
70 Gini coefficient;510 Haderslev;2010 2010;25.12
70 Gini coefficient;530 Billund;2010 2010;25.03
70 Gini coefficient;540 Sønderborg;2010 2010;24.39
70 Gini coefficient;550 Tønder;2010 2010;25.77
70 Gini coefficient;561 Esbjerg;2010 2010;25.78
70 Gini coefficient;563 Fanø;2010 2010;26.13
70 Gini coefficient;573 Varde;2010 2010;25.84
70 Gini coefficient;575 Vejen;2010 2010;25.84
70 Gini coefficient;580 Aabenraa;2010 2010;25.09
70 Gini coefficient;607 Fredericia;2010 2010;24.28
70 Gini coefficient;615 Horsens;2010 2010;24.90
70 Gini coefficient;621 Kolding;2010 2010;25.09
70 Gini coefficient;630 Vejle;2010 2010;26.41
70 Gini coefficient;657 Herning;2010 2010;24.88
70 Gini coefficient;661 Holstebro;2010 2010;25.51
70 Gini coefficient;665 Lemvig;2010 2010;30.57
70 Gini coefficient;671 Struer;2010 2010;24.57
70 Gini coefficient;706 Syddjurs;2010 2010;25.49
70 Gini coefficient;707 Norddjurs;2010 2010;24.77
70 Gini coefficient;710 Favrskov;2010 2010;22.33
70 Gini coefficient;727 Odder;2010 2010;23.35
70 Gini coefficient;730 Randers;2010 2010;23.65
70 Gini coefficient;740 Silkeborg;2010 2010;25.22
70 Gini coefficient;741 Samsø;2010 2010;27.61
70 Gini coefficient;746 Skanderborg;2010 2010;22.89
70 Gini coefficient;751 Aarhus;2010 2010;30.65
70 Gini coefficient;756 Ikast-Brande;2010 2010;24.30
70 Gini coefficient;760 Ringkøbing-Skjern;2010 2010;25.66
70 Gini coefficient;766 Hedensted;2010 2010;23.73
70 Gini coefficient;773 Morsø;2010 2010;26.53
70 Gini coefficient;779 Skive;2010 2010;23.61
70 Gini coefficient;787 Thisted;2010 2010;26.42
70 Gini coefficient;791 Viborg;2010 2010;24.72
70 Gini coefficient;810 Brønderslev;2010 2010;24.62
70 Gini coefficient;813 Frederikshavn;2010 2010;24.85
70 Gini coefficient;820 Vesthimmerlands;2010 2010;25.62
70 Gini coefficient;825 Læsø;2010 2010;23.42
70 Gini coefficient;840 Rebild;2010 2010;25.18
70 Gini coefficient;846 Mariagerfjord;2010 2010;24.57
70 Gini coefficient;849 Jammerbugt;2010 2010;24.75
70 Gini coefficient;851 Aalborg;2010 2010;26.69
70 Gini coefficient;860 Hjørring;2010 2010;26.43
71 Hoover index;000 All Denmark;2010 2010;18.66
71 Hoover index;101 Copenhagen;2010 2010;21.80
71 Hoover index;147 Frederiksberg;2010 2010;22.68
71 Hoover index;151 Ballerup;2010 2010;16.85
71 Hoover index;153 Brøndby;2010 2010;16.85
71 Hoover index;155 Dragør;2010 2010;18.16
71 Hoover index;157 Gentofte;2010 2010;29.16
71 Hoover index;159 Gladsaxe;2010 2010;18.65
71 Hoover index;161 Glostrup;2010 2010;16.83
71 Hoover index;163 Herlev;2010 2010;16.98
71 Hoover index;165 Albertslund;2010 2010;17.60
71 Hoover index;167 Hvidovre;2010 2010;16.73
71 Hoover index;169 Høje-Taastrup;2010 2010;16.59
71 Hoover index;173 Lyngby-Taarbæk;2010 2010;22.47
71 Hoover index;175 Rødovre;2010 2010;16.40
71 Hoover index;183 Ishøj;2010 2010;16.93
71 Hoover index;185 Tårnby;2010 2010;15.80
71 Hoover index;187 Vallensbæk;2010 2010;16.14
71 Hoover index;190 Furesø;2010 2010;19.33
71 Hoover index;201 Allerød;2010 2010;17.23
71 Hoover index;210 Fredensborg;2010 2010;19.99
71 Hoover index;217 Helsingør;2010 2010;18.95
71 Hoover index;219 Hillerød;2010 2010;17.17
71 Hoover index;223 Hørsholm;2010 2010;26.10
71 Hoover index;230 Rudersdal;2010 2010;26.67
71 Hoover index;240 Egedal;2010 2010;14.76
71 Hoover index;250 Frederikssund;2010 2010;16.09
71 Hoover index;253 Greve;2010 2010;16.57
71 Hoover index;259 Køge;2010 2010;16.27
71 Hoover index;260 Halsnæs;2010 2010;15.00
71 Hoover index;265 Roskilde;2010 2010;18.15
71 Hoover index;269 Solrød;2010 2010;16.88
71 Hoover index;270 Gribskov;2010 2010;16.48
71 Hoover index;306 Odsherred;2010 2010;16.02
71 Hoover index;316 Holbæk;2010 2010;16.99
71 Hoover index;320 Faxe;2010 2010;15.84
71 Hoover index;326 Kalundborg;2010 2010;16.51
71 Hoover index;329 Ringsted;2010 2010;16.45
71 Hoover index;330 Slagelse;2010 2010;16.49
71 Hoover index;336 Stevns;2010 2010;15.68
71 Hoover index;340 Sorø;2010 2010;16.93
71 Hoover index;350 Lejre;2010 2010;16.08
71 Hoover index;360 Lolland;2010 2010;16.74
71 Hoover index;370 Næstved;2010 2010;16.47
71 Hoover index;376 Guldborgsund;2010 2010;16.57
71 Hoover index;390 Vordingborg;2010 2010;16.67
71 Hoover index;400 Bornholm;2010 2010;15.54
71 Hoover index;410 Middelfart;2010 2010;16.33
71 Hoover index;420 Assens;2010 2010;15.65
71 Hoover index;430 Faaborg-Midtfyn;2010 2010;15.74
71 Hoover index;440 Kerteminde;2010 2010;15.81
71 Hoover index;450 Nyborg;2010 2010;15.58
71 Hoover index;461 Odense;2010 2010;18.40
71 Hoover index;479 Svendborg;2010 2010;17.15
71 Hoover index;480 Nordfyns;2010 2010;15.44
71 Hoover index;482 Langeland;2010 2010;15.96
71 Hoover index;492 Ærø;2010 2010;17.18
71 Hoover index;510 Haderslev;2010 2010;16.98
71 Hoover index;530 Billund;2010 2010;16.70
71 Hoover index;540 Sønderborg;2010 2010;16.75
71 Hoover index;550 Tønder;2010 2010;17.21
71 Hoover index;561 Esbjerg;2010 2010;17.57
71 Hoover index;563 Fanø;2010 2010;17.92
71 Hoover index;573 Varde;2010 2010;17.08
71 Hoover index;575 Vejen;2010 2010;17.12
71 Hoover index;580 Aabenraa;2010 2010;17.05
71 Hoover index;607 Fredericia;2010 2010;16.65
71 Hoover index;615 Horsens;2010 2010;16.95
71 Hoover index;621 Kolding;2010 2010;17.15
71 Hoover index;630 Vejle;2010 2010;17.81
71 Hoover index;657 Herning;2010 2010;16.74
71 Hoover index;661 Holstebro;2010 2010;17.08
71 Hoover index;665 Lemvig;2010 2010;19.65
71 Hoover index;671 Struer;2010 2010;16.55
71 Hoover index;706 Syddjurs;2010 2010;16.96
71 Hoover index;707 Norddjurs;2010 2010;16.75
71 Hoover index;710 Favrskov;2010 2010;15.14
71 Hoover index;727 Odder;2010 2010;15.87
71 Hoover index;730 Randers;2010 2010;16.17
71 Hoover index;740 Silkeborg;2010 2010;17.04
71 Hoover index;741 Samsø;2010 2010;18.10
71 Hoover index;746 Skanderborg;2010 2010;15.54
71 Hoover index;751 Aarhus;2010 2010;21.00
71 Hoover index;756 Ikast-Brande;2010 2010;16.35
71 Hoover index;760 Ringkøbing-Skjern;2010 2010;17.03
71 Hoover index;766 Hedensted;2010 2010;15.94
71 Hoover index;773 Morsø;2010 2010;17.45
71 Hoover index;779 Skive;2010 2010;16.03
71 Hoover index;787 Thisted;2010 2010;17.49
71 Hoover index;791 Viborg;2010 2010;16.63
71 Hoover index;810 Brønderslev;2010 2010;16.45
71 Hoover index;813 Frederikshavn;2010 2010;16.75
71 Hoover index;820 Vesthimmerlands;2010 2010;17.05
71 Hoover index;825 Læsø;2010 2010;16.11
71 Hoover index;840 Rebild;2010 2010;16.94
71 Hoover index;846 Mariagerfjord;2010 2010;16.63
71 Hoover index;849 Jammerbugt;2010 2010;16.60
71 Hoover index;851 Aalborg;2010 2010;18.19
71 Hoover index;860 Hjørring;2010 2010;17.59
72 S80/S20 (Income quintile share ratio);000 All Denmark;2010 2010;4.26
72 S80/S20 (Income quintile share ratio);101 Copenhagen;2010 2010;5.65
72 S80/S20 (Income quintile share ratio);147 Frederiksberg;2010 2010;5.86
72 S80/S20 (Income quintile share ratio);151 Ballerup;2010 2010;3.43
72 S80/S20 (Income quintile share ratio);153 Brøndby;2010 2010;3.40
72 S80/S20 (Income quintile share ratio);155 Dragør;2010 2010;4.28
72 S80/S20 (Income quintile share ratio);157 Gentofte;2010 2010;12.84
72 S80/S20 (Income quintile share ratio);159 Gladsaxe;2010 2010;4.06
72 S80/S20 (Income quintile share ratio);161 Glostrup;2010 2010;3.37
72 S80/S20 (Income quintile share ratio);163 Herlev;2010 2010;3.46
72 S80/S20 (Income quintile share ratio);165 Albertslund;2010 2010;3.75
72 S80/S20 (Income quintile share ratio);167 Hvidovre;2010 2010;3.49
72 S80/S20 (Income quintile share ratio);169 Høje-Taastrup;2010 2010;3.44
72 S80/S20 (Income quintile share ratio);173 Lyngby-Taarbæk;2010 2010;5.77
72 S80/S20 (Income quintile share ratio);175 Rødovre;2010 2010;3.29
72 S80/S20 (Income quintile share ratio);183 Ishøj;2010 2010;3.48
72 S80/S20 (Income quintile share ratio);185 Tårnby;2010 2010;3.34
72 S80/S20 (Income quintile share ratio);187 Vallensbæk;2010 2010;3.44
72 S80/S20 (Income quintile share ratio);190 Furesø;2010 2010;4.38
72 S80/S20 (Income quintile share ratio);201 Allerød;2010 2010;3.75
72 S80/S20 (Income quintile share ratio);210 Fredensborg;2010 2010;4.54
72 S80/S20 (Income quintile share ratio);217 Helsingør;2010 2010;4.24
72 S80/S20 (Income quintile share ratio);219 Hillerød;2010 2010;3.75
72 S80/S20 (Income quintile share ratio);223 Hørsholm;2010 2010;8.14
72 S80/S20 (Income quintile share ratio);230 Rudersdal;2010 2010;9.61
72 S80/S20 (Income quintile share ratio);240 Egedal;2010 2010;3.10
72 S80/S20 (Income quintile share ratio);250 Frederikssund;2010 2010;3.36
72 S80/S20 (Income quintile share ratio);253 Greve;2010 2010;3.51
72 S80/S20 (Income quintile share ratio);259 Køge;2010 2010;3.37
72 S80/S20 (Income quintile share ratio);260 Halsnæs;2010 2010;3.04
72 S80/S20 (Income quintile share ratio);265 Roskilde;2010 2010;4.08
72 S80/S20 (Income quintile share ratio);269 Solrød;2010 2010;3.65
72 S80/S20 (Income quintile share ratio);270 Gribskov;2010 2010;3.52
72 S80/S20 (Income quintile share ratio);306 Odsherred;2010 2010;3.37
72 S80/S20 (Income quintile share ratio);316 Holbæk;2010 2010;3.70
72 S80/S20 (Income quintile share ratio);320 Faxe;2010 2010;3.40
72 S80/S20 (Income quintile share ratio);326 Kalundborg;2010 2010;3.54
72 S80/S20 (Income quintile share ratio);329 Ringsted;2010 2010;3.45
72 S80/S20 (Income quintile share ratio);330 Slagelse;2010 2010;3.52
72 S80/S20 (Income quintile share ratio);336 Stevns;2010 2010;3.28
72 S80/S20 (Income quintile share ratio);340 Sorø;2010 2010;3.95
72 S80/S20 (Income quintile share ratio);350 Lejre;2010 2010;3.47
72 S80/S20 (Income quintile share ratio);360 Lolland;2010 2010;3.53
72 S80/S20 (Income quintile share ratio);370 Næstved;2010 2010;3.60
72 S80/S20 (Income quintile share ratio);376 Guldborgsund;2010 2010;3.55
72 S80/S20 (Income quintile share ratio);390 Vordingborg;2010 2010;3.60
72 S80/S20 (Income quintile share ratio);400 Bornholm;2010 2010;3.21
72 S80/S20 (Income quintile share ratio);410 Middelfart;2010 2010;3.34
72 S80/S20 (Income quintile share ratio);420 Assens;2010 2010;3.26
72 S80/S20 (Income quintile share ratio);430 Faaborg-Midtfyn;2010 2010;3.33
72 S80/S20 (Income quintile share ratio);440 Kerteminde;2010 2010;3.27
72 S80/S20 (Income quintile share ratio);450 Nyborg;2010 2010;3.19
72 S80/S20 (Income quintile share ratio);461 Odense;2010 2010;4.10
72 S80/S20 (Income quintile share ratio);479 Svendborg;2010 2010;3.63
72 S80/S20 (Income quintile share ratio);480 Nordfyns;2010 2010;3.27
72 S80/S20 (Income quintile share ratio);482 Langeland;2010 2010;3.36
72 S80/S20 (Income quintile share ratio);492 Ærø;2010 2010;3.59
72 S80/S20 (Income quintile share ratio);510 Haderslev;2010 2010;3.69
72 S80/S20 (Income quintile share ratio);530 Billund;2010 2010;3.70
72 S80/S20 (Income quintile share ratio);540 Sønderborg;2010 2010;3.42
72 S80/S20 (Income quintile share ratio);550 Tønder;2010 2010;4.15
72 S80/S20 (Income quintile share ratio);561 Esbjerg;2010 2010;3.83
72 S80/S20 (Income quintile share ratio);563 Fanø;2010 2010;3.83
72 S80/S20 (Income quintile share ratio);573 Varde;2010 2010;4.20
72 S80/S20 (Income quintile share ratio);575 Vejen;2010 2010;3.99
72 S80/S20 (Income quintile share ratio);580 Aabenraa;2010 2010;3.69
72 S80/S20 (Income quintile share ratio);607 Fredericia;2010 2010;3.48
72 S80/S20 (Income quintile share ratio);615 Horsens;2010 2010;3.74
72 S80/S20 (Income quintile share ratio);621 Kolding;2010 2010;3.67
72 S80/S20 (Income quintile share ratio);630 Vejle;2010 2010;3.98
72 S80/S20 (Income quintile share ratio);657 Herning;2010 2010;3.70
72 S80/S20 (Income quintile share ratio);661 Holstebro;2008 2008;4.60
72 S80/S20 (Income quintile share ratio);665 Lemvig;2008 2008;7.98
72 S80/S20 (Income quintile share ratio);671 Struer;2008 2008;4.27
72 S80/S20 (Income quintile share ratio);706 Syddjurs;2008 2008;3.90
72 S80/S20 (Income quintile share ratio);707 Norddjurs;2008 2008;4.59
72 S80/S20 (Income quintile share ratio);710 Favrskov;2008 2008;3.51
72 S80/S20 (Income quintile share ratio);727 Odder;2008 2008;3.97
72 S80/S20 (Income quintile share ratio);730 Randers;2008 2008;3.69
72 S80/S20 (Income quintile share ratio);740 Silkeborg;2008 2008;4.48
72 S80/S20 (Income quintile share ratio);741 Samsø;2008 2008;5.23
72 S80/S20 (Income quintile share ratio);746 Skanderborg;2008 2008;3.52
72 S80/S20 (Income quintile share ratio);751 Aarhus;2008 2008;5.40
72 S80/S20 (Income quintile share ratio);756 Ikast-Brande;2008 2008;4.39
72 S80/S20 (Income quintile share ratio);760 Ringkøbing-Skjern;2008 2008;6.16
72 S80/S20 (Income quintile share ratio);766 Hedensted;2008 2008;4.68
72 S80/S20 (Income quintile share ratio);773 Morsø;2008 2008;6.85
72 S80/S20 (Income quintile share ratio);779 Skive;2008 2008;4.10
72 S80/S20 (Income quintile share ratio);787 Thisted;2008 2008;5.46
72 S80/S20 (Income quintile share ratio);791 Viborg;2008 2008;4.41
72 S80/S20 (Income quintile share ratio);810 Brønderslev;2008 2008;11.28
72 S80/S20 (Income quintile share ratio);813 Frederikshavn;2008 2008;4.14
72 S80/S20 (Income quintile share ratio);820 Vesthimmerlands;2008 2008;6.56
72 S80/S20 (Income quintile share ratio);825 Læsø;2008 2008;3.38
72 S80/S20 (Income quintile share ratio);840 Rebild;2008 2008;7.43
72 S80/S20 (Income quintile share ratio);846 Mariagerfjord;2008 2008;4.63
72 S80/S20 (Income quintile share ratio);849 Jammerbugt;2008 2008;5.11
72 S80/S20 (Income quintile share ratio);851 Aalborg;2008 2008;4.52
72 S80/S20 (Income quintile share ratio);860 Hjørring;2008 2008;5.25
73 P90/10 (Upper decile boundary divided by lower);000 All Denmark;2008 2008;2.82
73 P90/10 (Upper decile boundary divided by lower);101 Copenhagen;2008 2008;3.60
73 P90/10 (Upper decile boundary divided by lower);147 Frederiksberg;2008 2008;3.74
73 P90/10 (Upper decile boundary divided by lower);151 Ballerup;2008 2008;2.67
73 P90/10 (Upper decile boundary divided by lower);153 Brøndby;2008 2008;2.61
73 P90/10 (Upper decile boundary divided by lower);155 Dragør;2008 2008;3.02
73 P90/10 (Upper decile boundary divided by lower);157 Gentofte;2008 2008;4.68
73 P90/10 (Upper decile boundary divided by lower);159 Gladsaxe;2008 2008;2.94
73 P90/10 (Upper decile boundary divided by lower);161 Glostrup;2008 2008;2.65
73 P90/10 (Upper decile boundary divided by lower);163 Herlev;2008 2008;2.70
73 P90/10 (Upper decile boundary divided by lower);165 Albertslund;2008 2008;2.86
73 P90/10 (Upper decile boundary divided by lower);167 Hvidovre;2008 2008;2.65
73 P90/10 (Upper decile boundary divided by lower);169 Høje-Taastrup;2008 2008;2.73
73 P90/10 (Upper decile boundary divided by lower);173 Lyngby-Taarbæk;2008 2008;3.57
73 P90/10 (Upper decile boundary divided by lower);175 Rødovre;2008 2008;2.59
73 P90/10 (Upper decile boundary divided by lower);183 Ishøj;2008 2008;2.74
73 P90/10 (Upper decile boundary divided by lower);185 Tårnby;2008 2008;2.61
73 P90/10 (Upper decile boundary divided by lower);187 Vallensbæk;2008 2008;2.66
73 P90/10 (Upper decile boundary divided by lower);190 Furesø;2008 2008;3.06
73 P90/10 (Upper decile boundary divided by lower);201 Allerød;2008 2008;2.70
73 P90/10 (Upper decile boundary divided by lower);210 Fredensborg;2008 2008;3.02
73 P90/10 (Upper decile boundary divided by lower);217 Helsingør;2008 2008;2.91
73 P90/10 (Upper decile boundary divided by lower);219 Hillerød;2008 2008;2.78
73 P90/10 (Upper decile boundary divided by lower);223 Hørsholm;2008 2008;3.71
73 P90/10 (Upper decile boundary divided by lower);230 Rudersdal;2008 2008;3.95
73 P90/10 (Upper decile boundary divided by lower);240 Egedal;2008 2008;2.35
73 P90/10 (Upper decile boundary divided by lower);250 Frederikssund;2008 2008;2.56
73 P90/10 (Upper decile boundary divided by lower);253 Greve;2008 2008;2.70
73 P90/10 (Upper decile boundary divided by lower);259 Køge;2008 2008;2.60
73 P90/10 (Upper decile boundary divided by lower);260 Halsnæs;2008 2008;2.43
73 P90/10 (Upper decile boundary divided by lower);265 Roskilde;2008 2008;2.91
73 P90/10 (Upper decile boundary divided by lower);269 Solrød;2008 2008;2.66
73 P90/10 (Upper decile boundary divided by lower);270 Gribskov;2008 2008;2.67
73 P90/10 (Upper decile boundary divided by lower);306 Odsherred;2008 2008;2.49
73 P90/10 (Upper decile boundary divided by lower);316 Holbæk;2008 2008;2.67
73 P90/10 (Upper decile boundary divided by lower);320 Faxe;2008 2008;2.51
73 P90/10 (Upper decile boundary divided by lower);326 Kalundborg;2008 2008;2.54
73 P90/10 (Upper decile boundary divided by lower);329 Ringsted;2008 2008;2.56
73 P90/10 (Upper decile boundary divided by lower);330 Slagelse;2008 2008;2.57
73 P90/10 (Upper decile boundary divided by lower);336 Stevns;2008 2008;2.52
73 P90/10 (Upper decile boundary divided by lower);340 Sorø;2008 2008;2.52
73 P90/10 (Upper decile boundary divided by lower);350 Lejre;2008 2008;2.53
73 P90/10 (Upper decile boundary divided by lower);360 Lolland;2008 2008;2.49
73 P90/10 (Upper decile boundary divided by lower);370 Næstved;2008 2008;2.56
73 P90/10 (Upper decile boundary divided by lower);376 Guldborgsund;2008 2008;2.57
73 P90/10 (Upper decile boundary divided by lower);390 Vordingborg;2008 2008;2.61
73 P90/10 (Upper decile boundary divided by lower);400 Bornholm;2008 2008;2.37
73 P90/10 (Upper decile boundary divided by lower);410 Middelfart;2008 2008;2.44
73 P90/10 (Upper decile boundary divided by lower);420 Assens;2008 2008;2.39
73 P90/10 (Upper decile boundary divided by lower);430 Faaborg-Midtfyn;2008 2008;2.43
73 P90/10 (Upper decile boundary divided by lower);440 Kerteminde;2008 2008;2.36
73 P90/10 (Upper decile boundary divided by lower);450 Nyborg;2008 2008;2.39
73 P90/10 (Upper decile boundary divided by lower);461 Odense;2008 2008;2.91
73 P90/10 (Upper decile boundary divided by lower);479 Svendborg;2008 2008;2.68
73 P90/10 (Upper decile boundary divided by lower);480 Nordfyns;2008 2008;2.41
73 P90/10 (Upper decile boundary divided by lower);482 Langeland;2008 2008;2.41
73 P90/10 (Upper decile boundary divided by lower);492 Ærø;2008 2008;2.59
73 P90/10 (Upper decile boundary divided by lower);510 Haderslev;2008 2008;2.46
73 P90/10 (Upper decile boundary divided by lower);530 Billund;2008 2008;2.43
73 P90/10 (Upper decile boundary divided by lower);540 Sønderborg;2008 2008;2.45
73 P90/10 (Upper decile boundary divided by lower);550 Tønder;2008 2008;2.52
73 P90/10 (Upper decile boundary divided by lower);561 Esbjerg;2008 2008;2.55
73 P90/10 (Upper decile boundary divided by lower);563 Fanø;2008 2008;2.69
73 P90/10 (Upper decile boundary divided by lower);573 Varde;2008 2008;2.43
73 P90/10 (Upper decile boundary divided by lower);575 Vejen;2008 2008;2.42
73 P90/10 (Upper decile boundary divided by lower);580 Aabenraa;2008 2008;2.53
73 P90/10 (Upper decile boundary divided by lower);607 Fredericia;2008 2008;2.44
73 P90/10 (Upper decile boundary divided by lower);615 Horsens;2008 2008;2.55
73 P90/10 (Upper decile boundary divided by lower);621 Kolding;2008 2008;2.57
73 P90/10 (Upper decile boundary divided by lower);630 Vejle;2008 2008;2.55
73 P90/10 (Upper decile boundary divided by lower);657 Herning;2008 2008;2.47
73 P90/10 (Upper decile boundary divided by lower);661 Holstebro;2008 2008;2.52
73 P90/10 (Upper decile boundary divided by lower);665 Lemvig;2008 2008;2.53
73 P90/10 (Upper decile boundary divided by lower);671 Struer;2008 2008;2.44
73 P90/10 (Upper decile boundary divided by lower);706 Syddjurs;2008 2008;2.49
73 P90/10 (Upper decile boundary divided by lower);707 Norddjurs;2008 2008;2.56
73 P90/10 (Upper decile boundary divided by lower);710 Favrskov;2008 2008;2.37
73 P90/10 (Upper decile boundary divided by lower);727 Odder;2008 2008;2.44
73 P90/10 (Upper decile boundary divided by lower);730 Randers;2008 2008;2.45
73 P90/10 (Upper decile boundary divided by lower);740 Silkeborg;2008 2008;2.50
73 P90/10 (Upper decile boundary divided by lower);741 Samsø;2008 2008;2.62
73 P90/10 (Upper decile boundary divided by lower);746 Skanderborg;2008 2008;2.41
73 P90/10 (Upper decile boundary divided by lower);751 Aarhus;2008 2008;3.39
73 P90/10 (Upper decile boundary divided by lower);756 Ikast-Brande;2008 2008;2.42
73 P90/10 (Upper decile boundary divided by lower);760 Ringkøbing-Skjern;2008 2008;2.49
73 P90/10 (Upper decile boundary divided by lower);766 Hedensted;2008 2008;2.37
73 P90/10 (Upper decile boundary divided by lower);773 Morsø;2008 2008;2.47
73 P90/10 (Upper decile boundary divided by lower);779 Skive;2008 2008;2.42
73 P90/10 (Upper decile boundary divided by lower);787 Thisted;2008 2008;2.50
73 P90/10 (Upper decile boundary divided by lower);791 Viborg;2008 2008;2.48
73 P90/10 (Upper decile boundary divided by lower);810 Brønderslev;2008 2008;2.47
73 P90/10 (Upper decile boundary divided by lower);813 Frederikshavn;2008 2008;2.44
73 P90/10 (Upper decile boundary divided by lower);820 Vesthimmerlands;2008 2008;2.49
73 P90/10 (Upper decile boundary divided by lower);825 Læsø;2008 2008;2.42
73 P90/10 (Upper decile boundary divided by lower);840 Rebild;2008 2008;2.54
73 P90/10 (Upper decile boundary divided by lower);846 Mariagerfjord;2008 2008;2.49
73 P90/10 (Upper decile boundary divided by lower);849 Jammerbugt;2008 2008;2.48
73 P90/10 (Upper decile boundary divided by lower);851 Aalborg;2008 2008;2.83
73 P90/10 (Upper decile boundary divided by lower);860 Hjørring;2008 2008;2.50
73 P90/10 (Upper decile boundary divided by lower);575 Vejen;2004 2004;2.38
73 P90/10 (Upper decile boundary divided by lower);580 Aabenraa;2004 2004;2.49
73 P90/10 (Upper decile boundary divided by lower);607 Fredericia;2004 2004;2.46
73 P90/10 (Upper decile boundary divided by lower);615 Horsens;2004 2004;2.50
73 P90/10 (Upper decile boundary divided by lower);621 Kolding;2004 2004;2.55
73 P90/10 (Upper decile boundary divided by lower);630 Vejle;2004 2004;2.57
73 P90/10 (Upper decile boundary divided by lower);657 Herning;2004 2004;2.48
73 P90/10 (Upper decile boundary divided by lower);661 Holstebro;2004 2004;2.48
73 P90/10 (Upper decile boundary divided by lower);665 Lemvig;2004 2004;2.49
73 P90/10 (Upper decile boundary divided by lower);671 Struer;2004 2004;2.39
73 P90/10 (Upper decile boundary divided by lower);706 Syddjurs;2004 2004;2.41
73 P90/10 (Upper decile boundary divided by lower);707 Norddjurs;2004 2004;2.43
73 P90/10 (Upper decile boundary divided by lower);710 Favrskov;2004 2004;2.35
73 P90/10 (Upper decile boundary divided by lower);727 Odder;2004 2004;2.45
73 P90/10 (Upper decile boundary divided by lower);730 Randers;2004 2004;2.44
73 P90/10 (Upper decile boundary divided by lower);740 Silkeborg;2004 2004;2.48
73 P90/10 (Upper decile boundary divided by lower);741 Samsø;2004 2004;2.37
73 P90/10 (Upper decile boundary divided by lower);746 Skanderborg;2004 2004;2.39
73 P90/10 (Upper decile boundary divided by lower);751 Aarhus;2004 2004;3.23
73 P90/10 (Upper decile boundary divided by lower);756 Ikast-Brande;2004 2004;2.37
73 P90/10 (Upper decile boundary divided by lower);760 Ringkøbing-Skjern;2004 2004;2.46
73 P90/10 (Upper decile boundary divided by lower);766 Hedensted;2004 2004;2.36
73 P90/10 (Upper decile boundary divided by lower);773 Morsø;2004 2004;2.37
73 P90/10 (Upper decile boundary divided by lower);779 Skive;2004 2004;2.38
73 P90/10 (Upper decile boundary divided by lower);787 Thisted;2004 2004;2.44
73 P90/10 (Upper decile boundary divided by lower);791 Viborg;2004 2004;2.44
73 P90/10 (Upper decile boundary divided by lower);810 Brønderslev;2004 2004;2.39
73 P90/10 (Upper decile boundary divided by lower);813 Frederikshavn;2004 2004;2.36
73 P90/10 (Upper decile boundary divided by lower);820 Vesthimmerlands;2004 2004;2.40
73 P90/10 (Upper decile boundary divided by lower);825 Læsø;2004 2004;2.26
73 P90/10 (Upper decile boundary divided by lower);840 Rebild;2004 2004;2.48
73 P90/10 (Upper decile boundary divided by lower);846 Mariagerfjord;2004 2004;2.43
73 P90/10 (Upper decile boundary divided by lower);849 Jammerbugt;2004 2004;2.40
73 P90/10 (Upper decile boundary divided by lower);851 Aalborg;2004 2004;2.74
73 P90/10 (Upper decile boundary divided by lower);860 Hjørring;2004 2004;2.42
70 Gini coefficient;000 All Denmark;2004 2004;24.68
70 Gini coefficient;101 Copenhagen;2004 2004;27.73
70 Gini coefficient;147 Frederiksberg;2004 2004;29.15
70 Gini coefficient;151 Ballerup;2004 2004;21.49
70 Gini coefficient;153 Brøndby;2004 2004;21.81
70 Gini coefficient;155 Dragør;2004 2004;22.53
70 Gini coefficient;157 Gentofte;2004 2004;36.06
70 Gini coefficient;159 Gladsaxe;2004 2004;23.85
70 Gini coefficient;161 Glostrup;2004 2004;21.81
70 Gini coefficient;163 Herlev;2004 2004;22.42
70 Gini coefficient;165 Albertslund;2004 2004;23.21
70 Gini coefficient;167 Hvidovre;2004 2004;21.67
70 Gini coefficient;169 Høje-Taastrup;2004 2004;22.61
70 Gini coefficient;173 Lyngby-Taarbæk;2004 2004;29.15
70 Gini coefficient;175 Rødovre;2004 2004;21.40
70 Gini coefficient;183 Ishøj;2004 2004;22.62
70 Gini coefficient;185 Tårnby;2004 2004;20.41
70 Gini coefficient;187 Vallensbæk;2004 2004;19.78
70 Gini coefficient;190 Furesø;2004 2004;24.84
70 Gini coefficient;201 Allerød;2004 2004;22.70
70 Gini coefficient;210 Fredensborg;2004 2004;26.63
70 Gini coefficient;217 Helsingør;2004 2004;24.59
70 Gini coefficient;219 Hillerød;2004 2004;23.03
70 Gini coefficient;223 Hørsholm;2004 2004;31.19
70 Gini coefficient;230 Rudersdal;2004 2004;34.67
70 Gini coefficient;240 Egedal;2004 2004;19.62
70 Gini coefficient;250 Frederikssund;2004 2004;21.40
70 Gini coefficient;253 Greve;2004 2004;22.02
70 Gini coefficient;259 Køge;2004 2004;21.60
70 Gini coefficient;260 Halsnæs;2004 2004;20.40
70 Gini coefficient;265 Roskilde;2004 2004;23.72
70 Gini coefficient;269 Solrød;2004 2004;22.00
70 Gini coefficient;270 Gribskov;2004 2004;21.94
70 Gini coefficient;306 Odsherred;2004 2004;21.39
70 Gini coefficient;316 Holbæk;2004 2004;22.86
70 Gini coefficient;320 Faxe;2004 2004;21.26
70 Gini coefficient;326 Kalundborg;2004 2004;21.62
70 Gini coefficient;329 Ringsted;2004 2004;21.83
70 Gini coefficient;330 Slagelse;2004 2004;22.18
70 Gini coefficient;336 Stevns;2004 2004;21.16
70 Gini coefficient;340 Sorø;2004 2004;21.95
70 Gini coefficient;350 Lejre;2004 2004;21.08
70 Gini coefficient;360 Lolland;2004 2004;22.55
70 Gini coefficient;370 Næstved;2004 2004;21.98
70 Gini coefficient;376 Guldborgsund;2004 2004;22.06
70 Gini coefficient;390 Vordingborg;2004 2004;22.15
70 Gini coefficient;400 Bornholm;2004 2004;21.41
70 Gini coefficient;410 Middelfart;2004 2004;21.54
70 Gini coefficient;420 Assens;2004 2004;21.11
70 Gini coefficient;430 Faaborg-Midtfyn;2004 2004;21.19
70 Gini coefficient;440 Kerteminde;2004 2004;21.03
70 Gini coefficient;450 Nyborg;2004 2004;21.17
70 Gini coefficient;461 Odense;2004 2004;24.26
70 Gini coefficient;479 Svendborg;2004 2004;23.34
70 Gini coefficient;480 Nordfyns;2004 2004;20.86
70 Gini coefficient;482 Langeland;2004 2004;22.18
70 Gini coefficient;492 Ærø;2004 2004;22.81
70 Gini coefficient;510 Haderslev;2004 2004;22.61
70 Gini coefficient;530 Billund;2004 2004;21.62
70 Gini coefficient;540 Sønderborg;2004 2004;22.61
70 Gini coefficient;550 Tønder;2004 2004;22.93
70 Gini coefficient;561 Esbjerg;2004 2004;22.61
70 Gini coefficient;563 Fanø;2004 2004;23.03
70 Gini coefficient;573 Varde;2004 2004;21.64
70 Gini coefficient;575 Vejen;2004 2004;21.12
70 Gini coefficient;580 Aabenraa;2004 2004;23.42
70 Gini coefficient;607 Fredericia;2004 2004;21.20
70 Gini coefficient;615 Horsens;2004 2004;22.68
70 Gini coefficient;621 Kolding;2004 2004;23.31
70 Gini coefficient;630 Vejle;2004 2004;23.01
70 Gini coefficient;657 Herning;2004 2004;22.60
70 Gini coefficient;661 Holstebro;2004 2004;22.72
70 Gini coefficient;665 Lemvig;2004 2004;23.88
70 Gini coefficient;671 Struer;2004 2004;21.45
70 Gini coefficient;706 Syddjurs;2004 2004;23.72
70 Gini coefficient;707 Norddjurs;2004 2004;22.55
70 Gini coefficient;710 Favrskov;2004 2004;20.32
70 Gini coefficient;727 Odder;2004 2004;22.31
70 Gini coefficient;730 Randers;2004 2004;22.18
70 Gini coefficient;740 Silkeborg;2004 2004;24.56
70 Gini coefficient;741 Samsø;2004 2004;22.58
70 Gini coefficient;746 Skanderborg;2004 2004;20.81
70 Gini coefficient;751 Aarhus;2004 2004;27.05
70 Gini coefficient;756 Ikast-Brande;2004 2004;22.98
70 Gini coefficient;760 Ringkøbing-Skjern;2004 2004;22.91
70 Gini coefficient;766 Hedensted;2004 2004;21.12
70 Gini coefficient;773 Morsø;2004 2004;24.42
70 Gini coefficient;779 Skive;2004 2004;21.76
70 Gini coefficient;787 Thisted;2004 2004;22.47
70 Gini coefficient;791 Viborg;2004 2004;22.53
70 Gini coefficient;810 Brønderslev;2004 2004;21.60
70 Gini coefficient;813 Frederikshavn;2004 2004;21.74
70 Gini coefficient;820 Vesthimmerlands;2004 2004;22.60
70 Gini coefficient;825 Læsø;2004 2004;21.68
70 Gini coefficient;840 Rebild;2004 2004;22.26
70 Gini coefficient;846 Mariagerfjord;2004 2004;22.16
70 Gini coefficient;849 Jammerbugt;2004 2004;21.84
70 Gini coefficient;851 Aalborg;2004 2004;23.91
70 Gini coefficient;860 Hjørring;2004 2004;23.34
71 Hoover index;000 All Denmark;2004 2004;16.92
71 Hoover index;101 Copenhagen;2004 2004;19.50
71 Hoover index;147 Frederiksberg;2004 2004;20.34
71 Hoover index;151 Ballerup;2004 2004;15.08
71 Hoover index;153 Brøndby;2004 2004;15.49
71 Hoover index;155 Dragør;2004 2004;15.37
71 Hoover index;157 Gentofte;2004 2004;24.34
71 Hoover index;159 Gladsaxe;2004 2004;16.63
71 Hoover index;161 Glostrup;2004 2004;15.41
71 Hoover index;163 Herlev;2004 2004;15.77
71 Hoover index;165 Albertslund;2004 2004;16.33
71 Hoover index;167 Hvidovre;2004 2004;15.20
71 Hoover index;169 Høje-Taastrup;2004 2004;15.79
71 Hoover index;173 Lyngby-Taarbæk;2004 2004;19.95
71 Hoover index;175 Rødovre;2004 2004;15.05
71 Hoover index;183 Ishøj;2004 2004;15.99
71 Hoover index;185 Tårnby;2004 2004;14.20
71 Hoover index;187 Vallensbæk;2004 2004;13.65
71 Hoover index;190 Furesø;2004 2004;17.12
71 Hoover index;201 Allerød;2004 2004;15.43
71 Hoover index;210 Fredensborg;2004 2004;18.13
71 Hoover index;217 Helsingør;2004 2004;16.93
71 Hoover index;219 Hillerød;2004 2004;15.76
71 Hoover index;223 Hørsholm;2004 2004;21.38
71 Hoover index;230 Rudersdal;2004 2004;23.30
71 Hoover index;240 Egedal;2004 2004;13.35
71 Hoover index;250 Frederikssund;2004 2004;14.68
71 Hoover index;253 Greve;2004 2004;15.17
71 Hoover index;259 Køge;2004 2004;14.94
71 Hoover index;260 Halsnæs;2004 2004;14.10
71 Hoover index;265 Roskilde;2004 2004;16.32
71 Hoover index;269 Solrød;2004 2004;14.99
71 Hoover index;270 Gribskov;2004 2004;15.01
71 Hoover index;306 Odsherred;2004 2004;14.70
71 Hoover index;316 Holbæk;2004 2004;15.74
71 Hoover index;320 Faxe;2004 2004;14.63
71 Hoover index;326 Kalundborg;2004 2004;15.01
71 Hoover index;329 Ringsted;2004 2004;15.06
71 Hoover index;330 Slagelse;2004 2004;15.41
71 Hoover index;336 Stevns;2004 2004;14.58
71 Hoover index;340 Sorø;2004 2004;15.04
71 Hoover index;350 Lejre;2004 2004;14.45
71 Hoover index;360 Lolland;2004 2004;15.66
71 Hoover index;370 Næstved;2004 2004;15.12
71 Hoover index;376 Guldborgsund;2004 2004;15.27
71 Hoover index;390 Vordingborg;2004 2004;15.27
71 Hoover index;400 Bornholm;2004 2004;14.66
71 Hoover index;410 Middelfart;2004 2004;14.82
71 Hoover index;420 Assens;2004 2004;14.45
71 Hoover index;430 Faaborg-Midtfyn;2004 2004;14.55
71 Hoover index;440 Kerteminde;2004 2004;14.43
71 Hoover index;450 Nyborg;2004 2004;14.53
71 Hoover index;461 Odense;2004 2004;16.78
71 Hoover index;479 Svendborg;2004 2004;15.93
71 Hoover index;480 Nordfyns;2004 2004;14.24
71 Hoover index;482 Langeland;2004 2004;15.13
71 Hoover index;492 Ærø;2004 2004;15.71
71 Hoover index;510 Haderslev;2004 2004;15.37
71 Hoover index;530 Billund;2004 2004;14.67
71 Hoover index;540 Sønderborg;2004 2004;15.46
71 Hoover index;550 Tønder;2004 2004;15.57
71 Hoover index;561 Esbjerg;2004 2004;15.50
71 Hoover index;563 Fanø;2004 2004;15.84
71 Hoover index;573 Varde;2004 2004;14.74
71 Hoover index;575 Vejen;2004 2004;14.46
71 Hoover index;580 Aabenraa;2004 2004;15.92
71 Hoover index;607 Fredericia;2004 2004;14.68
71 Hoover index;615 Horsens;2004 2004;15.50
71 Hoover index;621 Kolding;2004 2004;15.87
71 Hoover index;630 Vejle;2004 2004;15.73
71 Hoover index;657 Herning;2004 2004;15.36
71 Hoover index;661 Holstebro;2004 2004;15.40
71 Hoover index;665 Lemvig;2004 2004;16.01
71 Hoover index;671 Struer;2004 2004;14.61
71 Hoover index;706 Syddjurs;2004 2004;15.98
71 Hoover index;707 Norddjurs;2004 2004;15.40
71 Hoover index;710 Favrskov;2004 2004;13.81
71 Hoover index;727 Odder;2004 2004;15.12
71 Hoover index;730 Randers;2004 2004;15.19
71 Hoover index;740 Silkeborg;2004 2004;16.49
71 Hoover index;741 Samsø;2004 2004;15.39
71 Hoover index;746 Skanderborg;2004 2004;14.22
71 Hoover index;751 Aarhus;2004 2004;18.66
71 Hoover index;756 Ikast-Brande;2004 2004;15.45
71 Hoover index;760 Ringkøbing-Skjern;2004 2004;15.49
71 Hoover index;766 Hedensted;2004 2004;14.36
71 Hoover index;773 Morsø;2004 2004;16.44
71 Hoover index;779 Skive;2004 2004;14.88
71 Hoover index;787 Thisted;2004 2004;15.27
71 Hoover index;791 Viborg;2004 2004;15.24
71 Hoover index;810 Brønderslev;2004 2004;14.75
71 Hoover index;813 Frederikshavn;2004 2004;14.86
71 Hoover index;820 Vesthimmerlands;2004 2004;15.35
71 Hoover index;825 Læsø;2004 2004;14.85
71 Hoover index;840 Rebild;2004 2004;15.20
71 Hoover index;846 Mariagerfjord;2004 2004;15.17
71 Hoover index;849 Jammerbugt;2004 2004;14.86
71 Hoover index;851 Aalborg;2004 2004;16.42
71 Hoover index;860 Hjørring;2004 2004;15.81
72 S80/S20 (Income quintile share ratio);000 All Denmark;2004 2004;3.54
72 S80/S20 (Income quintile share ratio);101 Copenhagen;2004 2004;4.25
72 S80/S20 (Income quintile share ratio);147 Frederiksberg;2004 2004;4.54
72 S80/S20 (Income quintile share ratio);151 Ballerup;2004 2004;3.00
72 S80/S20 (Income quintile share ratio);153 Brøndby;2004 2004;3.01
72 S80/S20 (Income quintile share ratio);155 Dragør;2004 2004;3.25
72 S80/S20 (Income quintile share ratio);157 Gentofte;2004 2004;6.77
72 S80/S20 (Income quintile share ratio);159 Gladsaxe;2004 2004;3.42
72 S80/S20 (Income quintile share ratio);161 Glostrup;2004 2004;3.04
72 S80/S20 (Income quintile share ratio);163 Herlev;2004 2004;3.16
72 S80/S20 (Income quintile share ratio);165 Albertslund;2004 2004;3.32
72 S80/S20 (Income quintile share ratio);167 Hvidovre;2004 2004;3.08
72 S80/S20 (Income quintile share ratio);169 Høje-Taastrup;2004 2004;3.23
72 S80/S20 (Income quintile share ratio);173 Lyngby-Taarbæk;2004 2004;4.67
72 S80/S20 (Income quintile share ratio);175 Rødovre;2004 2004;3.00
72 S80/S20 (Income quintile share ratio);183 Ishøj;2004 2004;3.19
72 S80/S20 (Income quintile share ratio);185 Tårnby;2004 2004;2.91
72 S80/S20 (Income quintile share ratio);187 Vallensbæk;2004 2004;2.80
72 S80/S20 (Income quintile share ratio);190 Furesø;2004 2004;3.64
72 S80/S20 (Income quintile share ratio);201 Allerød;2004 2004;3.19
72 S80/S20 (Income quintile share ratio);210 Fredensborg;2004 2004;3.93
72 S80/S20 (Income quintile share ratio);217 Helsingør;2004 2004;3.52
72 S80/S20 (Income quintile share ratio);219 Hillerød;2004 2004;3.33
72 S80/S20 (Income quintile share ratio);223 Hørsholm;2004 2004;4.86
72 S80/S20 (Income quintile share ratio);230 Rudersdal;2004 2004;6.00
72 S80/S20 (Income quintile share ratio);240 Egedal;2004 2004;2.76
72 S80/S20 (Income quintile share ratio);250 Frederikssund;2004 2004;3.01
72 S80/S20 (Income quintile share ratio);253 Greve;2004 2004;3.16
72 S80/S20 (Income quintile share ratio);259 Køge;2004 2004;3.04
72 S80/S20 (Income quintile share ratio);260 Halsnæs;2004 2004;2.86
72 S80/S20 (Income quintile share ratio);265 Roskilde;2004 2004;3.45
72 S80/S20 (Income quintile share ratio);269 Solrød;2004 2004;3.12
72 S80/S20 (Income quintile share ratio);270 Gribskov;2004 2004;3.11
72 S80/S20 (Income quintile share ratio);306 Odsherred;2004 2004;2.96
72 S80/S20 (Income quintile share ratio);316 Holbæk;2004 2004;3.27
72 S80/S20 (Income quintile share ratio);320 Faxe;2004 2004;2.99
72 S80/S20 (Income quintile share ratio);326 Kalundborg;2004 2004;3.03
72 S80/S20 (Income quintile share ratio);329 Ringsted;2004 2004;3.04
72 S80/S20 (Income quintile share ratio);330 Slagelse;2004 2004;3.09
72 S80/S20 (Income quintile share ratio);336 Stevns;2004 2004;2.95
72 S80/S20 (Income quintile share ratio);340 Sorø;2004 2004;3.08
72 S80/S20 (Income quintile share ratio);350 Lejre;2004 2004;2.99
72 S80/S20 (Income quintile share ratio);360 Lolland;2004 2004;3.08
72 S80/S20 (Income quintile share ratio);370 Næstved;2004 2004;3.09
72 S80/S20 (Income quintile share ratio);376 Guldborgsund;2004 2004;3.07
72 S80/S20 (Income quintile share ratio);390 Vordingborg;2004 2004;3.11
72 S80/S20 (Income quintile share ratio);400 Bornholm;2004 2004;2.93
72 S80/S20 (Income quintile share ratio);410 Middelfart;2004 2004;2.96
72 S80/S20 (Income quintile share ratio);420 Assens;2004 2004;2.91
72 S80/S20 (Income quintile share ratio);430 Faaborg-Midtfyn;2004 2004;2.93
72 S80/S20 (Income quintile share ratio);440 Kerteminde;2004 2004;2.87
72 S80/S20 (Income quintile share ratio);450 Nyborg;2004 2004;2.92
72 S80/S20 (Income quintile share ratio);461 Odense;2004 2004;3.51
72 S80/S20 (Income quintile share ratio);479 Svendborg;2004 2004;3.32
72 S80/S20 (Income quintile share ratio);480 Nordfyns;2004 2004;2.91
72 S80/S20 (Income quintile share ratio);482 Langeland;2004 2004;3.14
72 S80/S20 (Income quintile share ratio);492 Ærø;2004 2004;3.13
72 S80/S20 (Income quintile share ratio);510 Haderslev;2004 2004;3.17
72 S80/S20 (Income quintile share ratio);530 Billund;2004 2004;2.99
72 S80/S20 (Income quintile share ratio);540 Sønderborg;2004 2004;3.13
72 S80/S20 (Income quintile share ratio);550 Tønder;2004 2004;3.22
72 S80/S20 (Income quintile share ratio);561 Esbjerg;2004 2004;3.17
72 S80/S20 (Income quintile share ratio);563 Fanø;2004 2004;3.28
72 S80/S20 (Income quintile share ratio);573 Varde;2004 2004;3.03
72 S80/S20 (Income quintile share ratio);575 Vejen;2004 2004;2.94
72 S80/S20 (Income quintile share ratio);580 Aabenraa;2004 2004;3.27
72 S80/S20 (Income quintile share ratio);607 Fredericia;2004 2004;2.95
72 S80/S20 (Income quintile share ratio);615 Horsens;2004 2004;3.20
72 S80/S20 (Income quintile share ratio);621 Kolding;2004 2004;3.28
72 S80/S20 (Income quintile share ratio);630 Vejle;2004 2004;3.24
72 S80/S20 (Income quintile share ratio);657 Herning;2004 2004;3.17
72 S80/S20 (Income quintile share ratio);661 Holstebro;2004 2004;3.21
72 S80/S20 (Income quintile share ratio);665 Lemvig;2004 2004;3.47
72 S80/S20 (Income quintile share ratio);671 Struer;2004 2004;2.99
72 S80/S20 (Income quintile share ratio);706 Syddjurs;2004 2004;3.29
72 S80/S20 (Income quintile share ratio);707 Norddjurs;2004 2004;3.15
72 S80/S20 (Income quintile share ratio);710 Favrskov;2004 2004;2.87
72 S80/S20 (Income quintile share ratio);727 Odder;2004 2004;3.14
72 S80/S20 (Income quintile share ratio);730 Randers;2004 2004;3.07
72 S80/S20 (Income quintile share ratio);740 Silkeborg;2004 2004;3.42
72 S80/S20 (Income quintile share ratio);741 Samsø;2004 2004;3.13
72 S80/S20 (Income quintile share ratio);746 Skanderborg;2004 2004;2.89
72 S80/S20 (Income quintile share ratio);751 Aarhus;2004 2004;4.13
72 S80/S20 (Income quintile share ratio);756 Ikast-Brande;2004 2004;3.23
72 S80/S20 (Income quintile share ratio);760 Ringkøbing-Skjern;2004 2004;3.22
72 S80/S20 (Income quintile share ratio);766 Hedensted;2004 2004;2.93
72 S80/S20 (Income quintile share ratio);773 Morsø;2004 2004;3.34
72 S80/S20 (Income quintile share ratio);779 Skive;2004 2004;3.00
72 S80/S20 (Income quintile share ratio);787 Thisted;2004 2004;3.15
72 S80/S20 (Income quintile share ratio);791 Viborg;2004 2004;3.22
72 S80/S20 (Income quintile share ratio);810 Brønderslev;2004 2004;3.03
72 S80/S20 (Income quintile share ratio);813 Frederikshavn;2004 2004;2.99
72 S80/S20 (Income quintile share ratio);820 Vesthimmerlands;2004 2004;3.18
72 S80/S20 (Income quintile share ratio);825 Læsø;2004 2004;2.94
72 S80/S20 (Income quintile share ratio);840 Rebild;2004 2004;3.12
72 S80/S20 (Income quintile share ratio);846 Mariagerfjord;2004 2004;3.08
72 S80/S20 (Income quintile share ratio);849 Jammerbugt;2004 2004;3.07
72 S80/S20 (Income quintile share ratio);851 Aalborg;2004 2004;3.44
72 S80/S20 (Income quintile share ratio);860 Hjørring;2004 2004;3.25
73 P90/10 (Upper decile boundary divided by lower);000 All Denmark;2004 2004;2.75
73 P90/10 (Upper decile boundary divided by lower);101 Copenhagen;2004 2004;3.37
73 P90/10 (Upper decile boundary divided by lower);147 Frederiksberg;2004 2004;3.54
73 P90/10 (Upper decile boundary divided by lower);151 Ballerup;2004 2004;2.58
73 P90/10 (Upper decile boundary divided by lower);153 Brøndby;2004 2004;2.59
73 P90/10 (Upper decile boundary divided by lower);155 Dragør;2004 2004;2.76
73 P90/10 (Upper decile boundary divided by lower);157 Gentofte;2004 2004;4.08
73 P90/10 (Upper decile boundary divided by lower);159 Gladsaxe;2004 2004;2.83
73 P90/10 (Upper decile boundary divided by lower);161 Glostrup;2004 2004;2.62
73 P90/10 (Upper decile boundary divided by lower);163 Herlev;2004 2004;2.76
73 P90/10 (Upper decile boundary divided by lower);165 Albertslund;2004 2004;2.85
73 P90/10 (Upper decile boundary divided by lower);167 Hvidovre;2004 2004;2.63
73 P90/10 (Upper decile boundary divided by lower);169 Høje-Taastrup;2004 2004;2.73
73 P90/10 (Upper decile boundary divided by lower);173 Lyngby-Taarbæk;2004 2004;3.41
73 P90/10 (Upper decile boundary divided by lower);175 Rødovre;2004 2004;2.58
73 P90/10 (Upper decile boundary divided by lower);183 Ishøj;2004 2004;2.79
73 P90/10 (Upper decile boundary divided by lower);185 Tårnby;2004 2004;2.55
73 P90/10 (Upper decile boundary divided by lower);187 Vallensbæk;2004 2004;2.42
73 P90/10 (Upper decile boundary divided by lower);190 Furesø;2004 2004;2.94
73 P90/10 (Upper decile boundary divided by lower);201 Allerød;2004 2004;2.60
73 P90/10 (Upper decile boundary divided by lower);210 Fredensborg;2004 2004;2.93
73 P90/10 (Upper decile boundary divided by lower);217 Helsingør;2004 2004;2.80
73 P90/10 (Upper decile boundary divided by lower);219 Hillerød;2004 2004;2.69
73 P90/10 (Upper decile boundary divided by lower);223 Hørsholm;2004 2004;3.49
73 P90/10 (Upper decile boundary divided by lower);230 Rudersdal;2004 2004;3.67
73 P90/10 (Upper decile boundary divided by lower);240 Egedal;2004 2004;2.32
73 P90/10 (Upper decile boundary divided by lower);250 Frederikssund;2004 2004;2.49
73 P90/10 (Upper decile boundary divided by lower);253 Greve;2004 2004;2.64
73 P90/10 (Upper decile boundary divided by lower);259 Køge;2004 2004;2.56
73 P90/10 (Upper decile boundary divided by lower);260 Halsnæs;2004 2004;2.38
73 P90/10 (Upper decile boundary divided by lower);265 Roskilde;2004 2004;2.81
73 P90/10 (Upper decile boundary divided by lower);269 Solrød;2004 2004;2.59
73 P90/10 (Upper decile boundary divided by lower);270 Gribskov;2004 2004;2.52
73 P90/10 (Upper decile boundary divided by lower);306 Odsherred;2004 2004;2.37
73 P90/10 (Upper decile boundary divided by lower);316 Holbæk;2004 2004;2.61
73 P90/10 (Upper decile boundary divided by lower);320 Faxe;2004 2004;2.46
73 P90/10 (Upper decile boundary divided by lower);326 Kalundborg;2004 2004;2.50
73 P90/10 (Upper decile boundary divided by lower);329 Ringsted;2004 2004;2.52
73 P90/10 (Upper decile boundary divided by lower);330 Slagelse;2004 2004;2.56
73 P90/10 (Upper decile boundary divided by lower);336 Stevns;2004 2004;2.48
73 P90/10 (Upper decile boundary divided by lower);340 Sorø;2004 2004;2.49
73 P90/10 (Upper decile boundary divided by lower);350 Lejre;2004 2004;2.49
73 P90/10 (Upper decile boundary divided by lower);360 Lolland;2004 2004;2.44
73 P90/10 (Upper decile boundary divided by lower);370 Næstved;2004 2004;2.49
73 P90/10 (Upper decile boundary divided by lower);376 Guldborgsund;2004 2004;2.47
73 P90/10 (Upper decile boundary divided by lower);390 Vordingborg;2004 2004;2.44
73 P90/10 (Upper decile boundary divided by lower);400 Bornholm;2004 2004;2.33
73 P90/10 (Upper decile boundary divided by lower);410 Middelfart;2004 2004;2.41
73 P90/10 (Upper decile boundary divided by lower);420 Assens;2004 2004;2.33
73 P90/10 (Upper decile boundary divided by lower);430 Faaborg-Midtfyn;2004 2004;2.35
73 P90/10 (Upper decile boundary divided by lower);440 Kerteminde;2004 2004;2.31
73 P90/10 (Upper decile boundary divided by lower);450 Nyborg;2004 2004;2.36
73 P90/10 (Upper decile boundary divided by lower);461 Odense;2004 2004;2.85
73 P90/10 (Upper decile boundary divided by lower);479 Svendborg;2004 2004;2.56
73 P90/10 (Upper decile boundary divided by lower);480 Nordfyns;2004 2004;2.34
73 P90/10 (Upper decile boundary divided by lower);482 Langeland;2004 2004;2.33
73 P90/10 (Upper decile boundary divided by lower);492 Ærø;2004 2004;2.44
73 P90/10 (Upper decile boundary divided by lower);510 Haderslev;2004 2004;2.41
73 P90/10 (Upper decile boundary divided by lower);530 Billund;2004 2004;2.39
73 P90/10 (Upper decile boundary divided by lower);540 Sønderborg;2004 2004;2.45
73 P90/10 (Upper decile boundary divided by lower);550 Tønder;2004 2004;2.45
73 P90/10 (Upper decile boundary divided by lower);561 Esbjerg;2004 2004;2.54
73 P90/10 (Upper decile boundary divided by lower);563 Fanø;2004 2004;2.58
73 P90/10 (Upper decile boundary divided by lower);573 Varde;2004 2004;2.41
70 Gini coefficient;000 All Denmark;1991 1991;21.99
70 Gini coefficient;101 Copenhagen;1991 1991;23.23
70 Gini coefficient;147 Frederiksberg;1991 1991;25.84
70 Gini coefficient;151 Ballerup;1991 1991;19.26
70 Gini coefficient;153 Brøndby;1991 1991;19.22
70 Gini coefficient;155 Dragør;1991 1991;21.53
70 Gini coefficient;157 Gentofte;1991 1991;32.02
70 Gini coefficient;159 Gladsaxe;1991 1991;21.68
70 Gini coefficient;161 Glostrup;1991 1991;19.61
70 Gini coefficient;163 Herlev;1991 1991;20.32
70 Gini coefficient;165 Albertslund;1991 1991;20.40
70 Gini coefficient;167 Hvidovre;1991 1991;19.38
70 Gini coefficient;169 Høje-Taastrup;1991 1991;19.90
70 Gini coefficient;173 Lyngby-Taarbæk;1991 1991;25.82
70 Gini coefficient;175 Rødovre;1991 1991;18.64
70 Gini coefficient;183 Ishøj;1991 1991;19.75
70 Gini coefficient;185 Tårnby;1991 1991;18.56
70 Gini coefficient;187 Vallensbæk;1991 1991;17.88
70 Gini coefficient;190 Furesø;1991 1991;23.30
70 Gini coefficient;201 Allerød;1991 1991;20.53
70 Gini coefficient;210 Fredensborg;1991 1991;23.09
70 Gini coefficient;217 Helsingør;1991 1991;22.91
70 Gini coefficient;219 Hillerød;1991 1991;21.38
70 Gini coefficient;223 Hørsholm;1991 1991;29.85
70 Gini coefficient;230 Rudersdal;1991 1991;31.03
70 Gini coefficient;240 Egedal;1991 1991;18.06
70 Gini coefficient;250 Frederikssund;1991 1991;19.58
70 Gini coefficient;253 Greve;1991 1991;19.67
70 Gini coefficient;259 Køge;1991 1991;19.77
70 Gini coefficient;260 Halsnæs;1991 1991;18.49
70 Gini coefficient;265 Roskilde;1991 1991;21.80
70 Gini coefficient;269 Solrød;1991 1991;19.43
70 Gini coefficient;270 Gribskov;1991 1991;20.49
70 Gini coefficient;306 Odsherred;1991 1991;20.03
70 Gini coefficient;316 Holbæk;1991 1991;20.40
70 Gini coefficient;320 Faxe;1991 1991;20.02
70 Gini coefficient;326 Kalundborg;1991 1991;19.92
70 Gini coefficient;329 Ringsted;1991 1991;20.83
70 Gini coefficient;330 Slagelse;1991 1991;20.68
70 Gini coefficient;336 Stevns;1991 1991;20.28
70 Gini coefficient;340 Sorø;1991 1991;20.27
70 Gini coefficient;350 Lejre;1991 1991;18.84
70 Gini coefficient;360 Lolland;1991 1991;19.75
70 Gini coefficient;370 Næstved;1991 1991;20.32
70 Gini coefficient;376 Guldborgsund;1991 1991;19.86
70 Gini coefficient;390 Vordingborg;1991 1991;20.79
70 Gini coefficient;400 Bornholm;1991 1991;20.32
70 Gini coefficient;410 Middelfart;1991 1991;19.01
70 Gini coefficient;420 Assens;1991 1991;19.08
70 Gini coefficient;430 Faaborg-Midtfyn;1991 1991;19.28
70 Gini coefficient;440 Kerteminde;1991 1991;18.81
70 Gini coefficient;450 Nyborg;1991 1991;19.53
70 Gini coefficient;461 Odense;1991 1991;21.71
70 Gini coefficient;479 Svendborg;1991 1991;20.98
70 Gini coefficient;480 Nordfyns;1991 1991;19.26
70 Gini coefficient;482 Langeland;1991 1991;20.45
70 Gini coefficient;492 Ærø;1991 1991;22.95
70 Gini coefficient;510 Haderslev;1991 1991;20.47
70 Gini coefficient;530 Billund;1991 1991;20.20
70 Gini coefficient;540 Sønderborg;1991 1991;20.34
70 Gini coefficient;550 Tønder;1991 1991;20.43
70 Gini coefficient;561 Esbjerg;1991 1991;20.52
70 Gini coefficient;563 Fanø;1991 1991;20.75
70 Gini coefficient;573 Varde;1991 1991;19.46
70 Gini coefficient;575 Vejen;1991 1991;19.65
70 Gini coefficient;580 Aabenraa;1991 1991;20.86
70 Gini coefficient;607 Fredericia;1991 1991;19.22
70 Gini coefficient;615 Horsens;1991 1991;20.96
70 Gini coefficient;621 Kolding;1991 1991;21.06
70 Gini coefficient;630 Vejle;1991 1991;21.12
70 Gini coefficient;657 Herning;1991 1991;21.18
70 Gini coefficient;661 Holstebro;1991 1991;20.97
70 Gini coefficient;665 Lemvig;1991 1991;21.55
70 Gini coefficient;671 Struer;1991 1991;19.28
70 Gini coefficient;706 Syddjurs;1991 1991;20.99
70 Gini coefficient;707 Norddjurs;1991 1991;20.66
70 Gini coefficient;710 Favrskov;1991 1991;18.79
70 Gini coefficient;727 Odder;1991 1991;19.86
70 Gini coefficient;730 Randers;1991 1991;20.35
70 Gini coefficient;740 Silkeborg;1991 1991;21.87
70 Gini coefficient;741 Samsø;1991 1991;19.62
70 Gini coefficient;746 Skanderborg;1991 1991;19.73
70 Gini coefficient;751 Aarhus;1991 1991;23.47
70 Gini coefficient;756 Ikast-Brande;1991 1991;22.06
70 Gini coefficient;760 Ringkøbing-Skjern;1991 1991;20.50
70 Gini coefficient;766 Hedensted;1991 1991;19.26
70 Gini coefficient;773 Morsø;1991 1991;19.69
70 Gini coefficient;779 Skive;1991 1991;19.82
70 Gini coefficient;787 Thisted;1991 1991;20.68
70 Gini coefficient;791 Viborg;1991 1991;19.94
70 Gini coefficient;810 Brønderslev;1991 1991;19.67
70 Gini coefficient;813 Frederikshavn;1991 1991;20.48
70 Gini coefficient;820 Vesthimmerlands;1991 1991;20.85
70 Gini coefficient;825 Læsø;1991 1991;20.24
70 Gini coefficient;840 Rebild;1991 1991;20.43
70 Gini coefficient;846 Mariagerfjord;1991 1991;20.81
70 Gini coefficient;849 Jammerbugt;1991 1991;19.89
70 Gini coefficient;851 Aalborg;1991 1991;21.15
70 Gini coefficient;860 Hjørring;1991 1991;20.38
71 Hoover index;000 All Denmark;1991 1991;15.00
71 Hoover index;101 Copenhagen;1991 1991;16.18
71 Hoover index;147 Frederiksberg;1991 1991;17.90
71 Hoover index;151 Ballerup;1991 1991;13.39
71 Hoover index;153 Brøndby;1991 1991;13.41
71 Hoover index;155 Dragør;1991 1991;14.58
71 Hoover index;157 Gentofte;1991 1991;21.32
71 Hoover index;159 Gladsaxe;1991 1991;14.86
71 Hoover index;161 Glostrup;1991 1991;13.62
71 Hoover index;163 Herlev;1991 1991;14.09
71 Hoover index;165 Albertslund;1991 1991;14.19
71 Hoover index;167 Hvidovre;1991 1991;13.45
71 Hoover index;169 Høje-Taastrup;1991 1991;13.72
71 Hoover index;173 Lyngby-Taarbæk;1991 1991;17.69
71 Hoover index;175 Rødovre;1991 1991;12.98
71 Hoover index;183 Ishøj;1991 1991;13.74
71 Hoover index;185 Tårnby;1991 1991;12.76
71 Hoover index;187 Vallensbæk;1991 1991;12.21
71 Hoover index;190 Furesø;1991 1991;15.86
71 Hoover index;201 Allerød;1991 1991;13.94
71 Hoover index;210 Fredensborg;1991 1991;15.55
71 Hoover index;217 Helsingør;1991 1991;15.67
71 Hoover index;219 Hillerød;1991 1991;14.58
71 Hoover index;223 Hørsholm;1991 1991;19.81
71 Hoover index;230 Rudersdal;1991 1991;20.59
71 Hoover index;240 Egedal;1991 1991;12.34
71 Hoover index;250 Frederikssund;1991 1991;13.40
71 Hoover index;253 Greve;1991 1991;13.51
71 Hoover index;259 Køge;1991 1991;13.65
71 Hoover index;260 Halsnæs;1991 1991;12.75
71 Hoover index;265 Roskilde;1991 1991;14.90
71 Hoover index;269 Solrød;1991 1991;13.15
71 Hoover index;270 Gribskov;1991 1991;14.01
71 Hoover index;306 Odsherred;1991 1991;13.67
71 Hoover index;316 Holbæk;1991 1991;14.01
71 Hoover index;320 Faxe;1991 1991;13.70
71 Hoover index;326 Kalundborg;1991 1991;13.66
71 Hoover index;329 Ringsted;1991 1991;14.22
71 Hoover index;330 Slagelse;1991 1991;14.16
71 Hoover index;336 Stevns;1991 1991;13.91
71 Hoover index;340 Sorø;1991 1991;13.82
71 Hoover index;350 Lejre;1991 1991;12.86
71 Hoover index;360 Lolland;1991 1991;13.47
71 Hoover index;370 Næstved;1991 1991;13.92
71 Hoover index;376 Guldborgsund;1991 1991;13.62
71 Hoover index;390 Vordingborg;1991 1991;14.18
71 Hoover index;400 Bornholm;1991 1991;13.68
71 Hoover index;410 Middelfart;1991 1991;13.00
71 Hoover index;420 Assens;1991 1991;13.03
71 Hoover index;430 Faaborg-Midtfyn;1991 1991;13.13
71 Hoover index;440 Kerteminde;1991 1991;12.85
71 Hoover index;450 Nyborg;1991 1991;13.30
71 Hoover index;461 Odense;1991 1991;14.92
71 Hoover index;479 Svendborg;1991 1991;14.28
71 Hoover index;480 Nordfyns;1991 1991;13.14
71 Hoover index;482 Langeland;1991 1991;13.93
71 Hoover index;492 Ærø;1991 1991;15.50
71 Hoover index;510 Haderslev;1991 1991;13.88
71 Hoover index;530 Billund;1991 1991;13.60
71 Hoover index;540 Sønderborg;1991 1991;13.91
71 Hoover index;550 Tønder;1991 1991;13.88
71 Hoover index;561 Esbjerg;1991 1991;14.00
71 Hoover index;563 Fanø;1991 1991;14.12
71 Hoover index;573 Varde;1991 1991;13.30
71 Hoover index;575 Vejen;1991 1991;13.38
71 Hoover index;580 Aabenraa;1991 1991;14.21
71 Hoover index;607 Fredericia;1991 1991;13.15
71 Hoover index;615 Horsens;1991 1991;14.28
71 Hoover index;621 Kolding;1991 1991;14.33
71 Hoover index;630 Vejle;1991 1991;14.39
71 Hoover index;657 Herning;1991 1991;14.30
71 Hoover index;661 Holstebro;1991 1991;14.16
71 Hoover index;665 Lemvig;1991 1991;14.64
71 Hoover index;671 Struer;1991 1991;13.13
71 Hoover index;706 Syddjurs;1991 1991;14.25
71 Hoover index;707 Norddjurs;1991 1991;13.99
71 Hoover index;710 Favrskov;1991 1991;12.77
71 Hoover index;727 Odder;1991 1991;13.48
71 Hoover index;730 Randers;1991 1991;13.91
71 Hoover index;740 Silkeborg;1991 1991;14.64
71 Hoover index;741 Samsø;1991 1991;13.61
71 Hoover index;746 Skanderborg;1991 1991;13.37
71 Hoover index;751 Aarhus;1991 1991;16.07
71 Hoover index;756 Ikast-Brande;1991 1991;14.66
71 Hoover index;760 Ringkøbing-Skjern;1991 1991;13.94
71 Hoover index;766 Hedensted;1991 1991;13.10
71 Hoover index;773 Morsø;1991 1991;13.46
71 Hoover index;779 Skive;1991 1991;13.51
71 Hoover index;787 Thisted;1991 1991;14.05
71 Hoover index;791 Viborg;1991 1991;13.54
71 Hoover index;810 Brønderslev;1991 1991;13.42
71 Hoover index;813 Frederikshavn;1991 1991;13.80
71 Hoover index;820 Vesthimmerlands;1991 1991;14.13
71 Hoover index;825 Læsø;1991 1991;13.99
71 Hoover index;840 Rebild;1991 1991;13.86
71 Hoover index;846 Mariagerfjord;1991 1991;14.08
71 Hoover index;849 Jammerbugt;1991 1991;13.50
71 Hoover index;851 Aalborg;1991 1991;14.52
71 Hoover index;860 Hjørring;1991 1991;13.84
72 S80/S20 (Income quintile share ratio);000 All Denmark;1991 1991;3.17
72 S80/S20 (Income quintile share ratio);101 Copenhagen;1991 1991;3.40
72 S80/S20 (Income quintile share ratio);147 Frederiksberg;1991 1991;3.95
72 S80/S20 (Income quintile share ratio);151 Ballerup;1991 1991;2.71
72 S80/S20 (Income quintile share ratio);153 Brøndby;1991 1991;2.69
72 S80/S20 (Income quintile share ratio);155 Dragør;1991 1991;3.14
72 S80/S20 (Income quintile share ratio);157 Gentofte;1991 1991;6.04
72 S80/S20 (Income quintile share ratio);159 Gladsaxe;1991 1991;3.17
72 S80/S20 (Income quintile share ratio);161 Glostrup;1991 1991;2.80
72 S80/S20 (Income quintile share ratio);163 Herlev;1991 1991;2.85
72 S80/S20 (Income quintile share ratio);165 Albertslund;1991 1991;2.95
72 S80/S20 (Income quintile share ratio);167 Hvidovre;1991 1991;2.75
72 S80/S20 (Income quintile share ratio);169 Høje-Taastrup;1991 1991;2.86
72 S80/S20 (Income quintile share ratio);173 Lyngby-Taarbæk;1991 1991;4.01
72 S80/S20 (Income quintile share ratio);175 Rødovre;1991 1991;2.63
72 S80/S20 (Income quintile share ratio);183 Ishøj;1991 1991;2.80
72 S80/S20 (Income quintile share ratio);185 Tårnby;1991 1991;2.66
72 S80/S20 (Income quintile share ratio);187 Vallensbæk;1991 1991;2.52
72 S80/S20 (Income quintile share ratio);190 Furesø;1991 1991;3.45
72 S80/S20 (Income quintile share ratio);201 Allerød;1991 1991;2.92
72 S80/S20 (Income quintile share ratio);210 Fredensborg;1991 1991;3.47
72 S80/S20 (Income quintile share ratio);217 Helsingør;1991 1991;3.37
72 S80/S20 (Income quintile share ratio);219 Hillerød;1991 1991;3.13
72 S80/S20 (Income quintile share ratio);223 Hørsholm;1991 1991;5.63
72 S80/S20 (Income quintile share ratio);230 Rudersdal;1991 1991;5.86
72 S80/S20 (Income quintile share ratio);240 Egedal;1991 1991;2.58
72 S80/S20 (Income quintile share ratio);250 Frederikssund;1991 1991;2.81
72 S80/S20 (Income quintile share ratio);253 Greve;1991 1991;2.84
72 S80/S20 (Income quintile share ratio);259 Køge;1991 1991;2.81
72 S80/S20 (Income quintile share ratio);260 Halsnæs;1991 1991;2.61
72 S80/S20 (Income quintile share ratio);265 Roskilde;1991 1991;3.21
72 S80/S20 (Income quintile share ratio);269 Solrød;1991 1991;2.77
72 S80/S20 (Income quintile share ratio);270 Gribskov;1991 1991;2.98
72 S80/S20 (Income quintile share ratio);306 Odsherred;1991 1991;2.87
72 S80/S20 (Income quintile share ratio);316 Holbæk;1991 1991;2.91
72 S80/S20 (Income quintile share ratio);320 Faxe;1991 1991;2.88
72 S80/S20 (Income quintile share ratio);326 Kalundborg;1991 1991;2.80
72 S80/S20 (Income quintile share ratio);329 Ringsted;1991 1991;2.98
72 S80/S20 (Income quintile share ratio);330 Slagelse;1991 1991;2.96
72 S80/S20 (Income quintile share ratio);336 Stevns;1991 1991;2.88
72 S80/S20 (Income quintile share ratio);340 Sorø;1991 1991;2.94
72 S80/S20 (Income quintile share ratio);350 Lejre;1991 1991;2.73
72 S80/S20 (Income quintile share ratio);360 Lolland;1991 1991;2.78
72 S80/S20 (Income quintile share ratio);370 Næstved;1991 1991;2.92
72 S80/S20 (Income quintile share ratio);376 Guldborgsund;1991 1991;2.81
72 S80/S20 (Income quintile share ratio);390 Vordingborg;1991 1991;3.02
72 S80/S20 (Income quintile share ratio);400 Bornholm;1991 1991;2.87
72 S80/S20 (Income quintile share ratio);410 Middelfart;1991 1991;2.68
72 S80/S20 (Income quintile share ratio);420 Assens;1991 1991;2.69
72 S80/S20 (Income quintile share ratio);430 Faaborg-Midtfyn;1991 1991;2.74
72 S80/S20 (Income quintile share ratio);440 Kerteminde;1991 1991;2.65
72 S80/S20 (Income quintile share ratio);450 Nyborg;1991 1991;2.77
72 S80/S20 (Income quintile share ratio);461 Odense;1991 1991;3.14
72 S80/S20 (Income quintile share ratio);479 Svendborg;1991 1991;3.01
72 S80/S20 (Income quintile share ratio);480 Nordfyns;1991 1991;2.72
72 S80/S20 (Income quintile share ratio);482 Langeland;1991 1991;2.92
72 S80/S20 (Income quintile share ratio);492 Ærø;1991 1991;3.43
72 S80/S20 (Income quintile share ratio);510 Haderslev;1991 1991;2.90
72 S80/S20 (Income quintile share ratio);530 Billund;1991 1991;2.87
72 S80/S20 (Income quintile share ratio);540 Sønderborg;1991 1991;2.87
72 S80/S20 (Income quintile share ratio);550 Tønder;1991 1991;2.90
72 S80/S20 (Income quintile share ratio);561 Esbjerg;1991 1991;2.92
72 S80/S20 (Income quintile share ratio);563 Fanø;1991 1991;3.00
72 S80/S20 (Income quintile share ratio);573 Varde;1991 1991;2.74
72 S80/S20 (Income quintile share ratio);575 Vejen;1991 1991;2.76
72 S80/S20 (Income quintile share ratio);580 Aabenraa;1991 1991;2.93
72 S80/S20 (Income quintile share ratio);607 Fredericia;1991 1991;2.73
72 S80/S20 (Income quintile share ratio);615 Horsens;1991 1991;2.98
72 S80/S20 (Income quintile share ratio);621 Kolding;1991 1991;2.99
72 S80/S20 (Income quintile share ratio);630 Vejle;1991 1991;3.02
72 S80/S20 (Income quintile share ratio);657 Herning;1991 1991;3.03
72 S80/S20 (Income quintile share ratio);661 Holstebro;1991 1991;3.04
72 S80/S20 (Income quintile share ratio);665 Lemvig;1991 1991;3.17
72 S80/S20 (Income quintile share ratio);671 Struer;1991 1991;2.76
72 S80/S20 (Income quintile share ratio);706 Syddjurs;1991 1991;3.04
72 S80/S20 (Income quintile share ratio);707 Norddjurs;1991 1991;2.96
72 S80/S20 (Income quintile share ratio);710 Favrskov;1991 1991;2.68
72 S80/S20 (Income quintile share ratio);727 Odder;1991 1991;2.81
72 S80/S20 (Income quintile share ratio);730 Randers;1991 1991;2.89
72 S80/S20 (Income quintile share ratio);740 Silkeborg;1991 1991;3.08
72 S80/S20 (Income quintile share ratio);741 Samsø;1991 1991;2.74
72 S80/S20 (Income quintile share ratio);746 Skanderborg;1991 1991;2.83
72 S80/S20 (Income quintile share ratio);751 Aarhus;1991 1991;3.50
72 S80/S20 (Income quintile share ratio);756 Ikast-Brande;1991 1991;3.13
72 S80/S20 (Income quintile share ratio);760 Ringkøbing-Skjern;1991 1991;2.92
72 S80/S20 (Income quintile share ratio);766 Hedensted;1991 1991;2.73
72 S80/S20 (Income quintile share ratio);773 Morsø;1991 1991;2.76
72 S80/S20 (Income quintile share ratio);779 Skive;1991 1991;2.80
72 S80/S20 (Income quintile share ratio);787 Thisted;1991 1991;2.91
72 S80/S20 (Income quintile share ratio);791 Viborg;1991 1991;2.84
72 S80/S20 (Income quintile share ratio);810 Brønderslev;1991 1991;2.79
72 S80/S20 (Income quintile share ratio);813 Frederikshavn;1991 1991;2.95
72 S80/S20 (Income quintile share ratio);820 Vesthimmerlands;1991 1991;3.07
72 S80/S20 (Income quintile share ratio);825 Læsø;1991 1991;2.79
72 S80/S20 (Income quintile share ratio);840 Rebild;1991 1991;2.92
72 S80/S20 (Income quintile share ratio);846 Mariagerfjord;1991 1991;3.03
72 S80/S20 (Income quintile share ratio);849 Jammerbugt;1991 1991;2.83
72 S80/S20 (Income quintile share ratio);851 Aalborg;1991 1991;3.03
72 S80/S20 (Income quintile share ratio);860 Hjørring;1991 1991;2.93
73 P90/10 (Upper decile boundary divided by lower);000 All Denmark;1991 1991;2.50
73 P90/10 (Upper decile boundary divided by lower);101 Copenhagen;1991 1991;2.74
73 P90/10 (Upper decile boundary divided by lower);147 Frederiksberg;1991 1991;3.03
73 P90/10 (Upper decile boundary divided by lower);151 Ballerup;1991 1991;2.33
73 P90/10 (Upper decile boundary divided by lower);153 Brøndby;1991 1991;2.31
73 P90/10 (Upper decile boundary divided by lower);155 Dragør;1991 1991;2.54
73 P90/10 (Upper decile boundary divided by lower);157 Gentofte;1991 1991;3.50
73 P90/10 (Upper decile boundary divided by lower);159 Gladsaxe;1991 1991;2.54
73 P90/10 (Upper decile boundary divided by lower);161 Glostrup;1991 1991;2.41
73 P90/10 (Upper decile boundary divided by lower);163 Herlev;1991 1991;2.43
73 P90/10 (Upper decile boundary divided by lower);165 Albertslund;1991 1991;2.56
73 P90/10 (Upper decile boundary divided by lower);167 Hvidovre;1991 1991;2.34
73 P90/10 (Upper decile boundary divided by lower);169 Høje-Taastrup;1991 1991;2.42
73 P90/10 (Upper decile boundary divided by lower);173 Lyngby-Taarbæk;1991 1991;3.05
73 P90/10 (Upper decile boundary divided by lower);175 Rødovre;1991 1991;2.30
73 P90/10 (Upper decile boundary divided by lower);183 Ishøj;1991 1991;2.41
73 P90/10 (Upper decile boundary divided by lower);185 Tårnby;1991 1991;2.28
73 P90/10 (Upper decile boundary divided by lower);187 Vallensbæk;1991 1991;2.15
73 P90/10 (Upper decile boundary divided by lower);190 Furesø;1991 1991;2.67
73 P90/10 (Upper decile boundary divided by lower);201 Allerød;1991 1991;2.40
73 P90/10 (Upper decile boundary divided by lower);210 Fredensborg;1991 1991;2.59
73 P90/10 (Upper decile boundary divided by lower);217 Helsingør;1991 1991;2.60
73 P90/10 (Upper decile boundary divided by lower);219 Hillerød;1991 1991;2.55
73 P90/10 (Upper decile boundary divided by lower);223 Hørsholm;1991 1991;3.11
73 P90/10 (Upper decile boundary divided by lower);230 Rudersdal;1991 1991;3.31
73 P90/10 (Upper decile boundary divided by lower);240 Egedal;1991 1991;2.22
73 P90/10 (Upper decile boundary divided by lower);250 Frederikssund;1991 1991;2.31
73 P90/10 (Upper decile boundary divided by lower);253 Greve;1991 1991;2.41
73 P90/10 (Upper decile boundary divided by lower);259 Køge;1991 1991;2.37
73 P90/10 (Upper decile boundary divided by lower);260 Halsnæs;1991 1991;2.23
73 P90/10 (Upper decile boundary divided by lower);265 Roskilde;1991 1991;2.55
73 P90/10 (Upper decile boundary divided by lower);269 Solrød;1991 1991;2.28
73 P90/10 (Upper decile boundary divided by lower);270 Gribskov;1991 1991;2.42
73 P90/10 (Upper decile boundary divided by lower);306 Odsherred;1991 1991;2.27
73 P90/10 (Upper decile boundary divided by lower);316 Holbæk;1991 1991;2.36
73 P90/10 (Upper decile boundary divided by lower);320 Faxe;1991 1991;2.37
73 P90/10 (Upper decile boundary divided by lower);326 Kalundborg;1991 1991;2.27
73 P90/10 (Upper decile boundary divided by lower);329 Ringsted;1991 1991;2.40
73 P90/10 (Upper decile boundary divided by lower);330 Slagelse;1991 1991;2.37
73 P90/10 (Upper decile boundary divided by lower);336 Stevns;1991 1991;2.34
73 P90/10 (Upper decile boundary divided by lower);340 Sorø;1991 1991;2.35
73 P90/10 (Upper decile boundary divided by lower);350 Lejre;1991 1991;2.27
73 P90/10 (Upper decile boundary divided by lower);360 Lolland;1991 1991;2.21
73 P90/10 (Upper decile boundary divided by lower);370 Næstved;1991 1991;2.35
73 P90/10 (Upper decile boundary divided by lower);376 Guldborgsund;1991 1991;2.27
73 P90/10 (Upper decile boundary divided by lower);390 Vordingborg;1991 1991;2.35
73 P90/10 (Upper decile boundary divided by lower);400 Bornholm;1991 1991;2.21
73 P90/10 (Upper decile boundary divided by lower);410 Middelfart;1991 1991;2.19
73 P90/10 (Upper decile boundary divided by lower);420 Assens;1991 1991;2.18
73 P90/10 (Upper decile boundary divided by lower);430 Faaborg-Midtfyn;1991 1991;2.22
73 P90/10 (Upper decile boundary divided by lower);440 Kerteminde;1991 1991;2.18
73 P90/10 (Upper decile boundary divided by lower);450 Nyborg;1991 1991;2.23
73 P90/10 (Upper decile boundary divided by lower);461 Odense;1991 1991;2.55
73 P90/10 (Upper decile boundary divided by lower);479 Svendborg;1991 1991;2.39
73 P90/10 (Upper decile boundary divided by lower);480 Nordfyns;1991 1991;2.21
73 P90/10 (Upper decile boundary divided by lower);482 Langeland;1991 1991;2.25
73 P90/10 (Upper decile boundary divided by lower);492 Ærø;1991 1991;2.42
73 P90/10 (Upper decile boundary divided by lower);510 Haderslev;1991 1991;2.30
73 P90/10 (Upper decile boundary divided by lower);530 Billund;1991 1991;2.26
73 P90/10 (Upper decile boundary divided by lower);540 Sønderborg;1991 1991;2.35
73 P90/10 (Upper decile boundary divided by lower);550 Tønder;1991 1991;2.32
73 P90/10 (Upper decile boundary divided by lower);561 Esbjerg;1991 1991;2.37
73 P90/10 (Upper decile boundary divided by lower);563 Fanø;1991 1991;2.51
73 P90/10 (Upper decile boundary divided by lower);573 Varde;1991 1991;2.29
73 P90/10 (Upper decile boundary divided by lower);575 Vejen;1991 1991;2.22
73 P90/10 (Upper decile boundary divided by lower);580 Aabenraa;1991 1991;2.37
73 P90/10 (Upper decile boundary divided by lower);607 Fredericia;1991 1991;2.25
73 P90/10 (Upper decile boundary divided by lower);615 Horsens;1991 1991;2.38
73 P90/10 (Upper decile boundary divided by lower);621 Kolding;1991 1991;2.35
73 P90/10 (Upper decile boundary divided by lower);630 Vejle;1991 1991;2.39
73 P90/10 (Upper decile boundary divided by lower);657 Herning;1991 1991;2.38
73 P90/10 (Upper decile boundary divided by lower);661 Holstebro;1991 1991;2.37
73 P90/10 (Upper decile boundary divided by lower);665 Lemvig;1991 1991;2.45
73 P90/10 (Upper decile boundary divided by lower);671 Struer;1991 1991;2.25
73 P90/10 (Upper decile boundary divided by lower);706 Syddjurs;1991 1991;2.33
73 P90/10 (Upper decile boundary divided by lower);707 Norddjurs;1991 1991;2.31
73 P90/10 (Upper decile boundary divided by lower);710 Favrskov;1991 1991;2.19
73 P90/10 (Upper decile boundary divided by lower);727 Odder;1991 1991;2.25
73 P90/10 (Upper decile boundary divided by lower);730 Randers;1991 1991;2.31
73 P90/10 (Upper decile boundary divided by lower);740 Silkeborg;1991 1991;2.32
73 P90/10 (Upper decile boundary divided by lower);741 Samsø;1991 1991;2.28
73 P90/10 (Upper decile boundary divided by lower);746 Skanderborg;1991 1991;2.27
73 P90/10 (Upper decile boundary divided by lower);751 Aarhus;1991 1991;2.77
73 P90/10 (Upper decile boundary divided by lower);756 Ikast-Brande;1991 1991;2.29
73 P90/10 (Upper decile boundary divided by lower);760 Ringkøbing-Skjern;1991 1991;2.35
73 P90/10 (Upper decile boundary divided by lower);766 Hedensted;1991 1991;2.22
73 P90/10 (Upper decile boundary divided by lower);773 Morsø;1991 1991;2.25
73 P90/10 (Upper decile boundary divided by lower);779 Skive;1991 1991;2.26
73 P90/10 (Upper decile boundary divided by lower);787 Thisted;1991 1991;2.29
73 P90/10 (Upper decile boundary divided by lower);791 Viborg;1991 1991;2.29
73 P90/10 (Upper decile boundary divided by lower);810 Brønderslev;1991 1991;2.24
73 P90/10 (Upper decile boundary divided by lower);813 Frederikshavn;1991 1991;2.26
73 P90/10 (Upper decile boundary divided by lower);820 Vesthimmerlands;1991 1991;2.33
73 P90/10 (Upper decile boundary divided by lower);825 Læsø;1991 1991;2.30
73 P90/10 (Upper decile boundary divided by lower);840 Rebild;1991 1991;2.28
73 P90/10 (Upper decile boundary divided by lower);846 Mariagerfjord;1991 1991;2.30
73 P90/10 (Upper decile boundary divided by lower);849 Jammerbugt;1991 1991;2.22
73 P90/10 (Upper decile boundary divided by lower);851 Aalborg;1991 1991;2.46
73 P90/10 (Upper decile boundary divided by lower);860 Hjørring;1991 1991;2.30
70 Gini coefficient;000 All Denmark;2020 2020;29.72
70 Gini coefficient;101 Copenhagen;2020 2020;34.35
70 Gini coefficient;147 Frederiksberg;2020 2020;35.72
70 Gini coefficient;151 Ballerup;2020 2020;26.75
70 Gini coefficient;153 Brøndby;2020 2020;26.28
70 Gini coefficient;155 Dragør;2020 2020;28.29
70 Gini coefficient;157 Gentofte;2020 2020;46.16
70 Gini coefficient;159 Gladsaxe;2020 2020;29.29
70 Gini coefficient;161 Glostrup;2020 2020;26.07
70 Gini coefficient;163 Herlev;2020 2020;26.63
70 Gini coefficient;165 Albertslund;2020 2020;25.45
70 Gini coefficient;167 Hvidovre;2020 2020;25.66
70 Gini coefficient;169 Høje-Taastrup;2020 2020;25.91
70 Gini coefficient;173 Lyngby-Taarbæk;2020 2020;36.14
70 Gini coefficient;175 Rødovre;2020 2020;26.27
70 Gini coefficient;183 Ishøj;2020 2020;25.28
70 Gini coefficient;185 Tårnby;2020 2020;24.19
70 Gini coefficient;187 Vallensbæk;2020 2020;25.37
70 Gini coefficient;190 Furesø;2020 2020;29.42
70 Gini coefficient;201 Allerød;2020 2020;25.68
70 Gini coefficient;210 Fredensborg;2020 2020;31.72
70 Gini coefficient;217 Helsingør;2020 2020;29.97
70 Gini coefficient;219 Hillerød;2020 2020;27.09
70 Gini coefficient;223 Hørsholm;2020 2020;40.18
70 Gini coefficient;230 Rudersdal;2020 2020;41.59
70 Gini coefficient;240 Egedal;2020 2020;23.01
70 Gini coefficient;250 Frederikssund;2020 2020;25.06
70 Gini coefficient;253 Greve;2020 2020;26.51
70 Gini coefficient;259 Køge;2020 2020;26.34
70 Gini coefficient;260 Halsnæs;2020 2020;23.79
70 Gini coefficient;265 Roskilde;2020 2020;28.41
70 Gini coefficient;269 Solrød;2020 2020;27.51
70 Gini coefficient;270 Gribskov;2020 2020;26.63
70 Gini coefficient;306 Odsherred;2020 2020;24.26
70 Gini coefficient;316 Holbæk;2020 2020;25.96
70 Gini coefficient;320 Faxe;2020 2020;24.69
70 Gini coefficient;326 Kalundborg;2020 2020;24.91
70 Gini coefficient;329 Ringsted;2020 2020;25.85
70 Gini coefficient;330 Slagelse;2020 2020;25.22
70 Gini coefficient;336 Stevns;2020 2020;24.80
70 Gini coefficient;340 Sorø;2020 2020;24.90
70 Gini coefficient;350 Lejre;2020 2020;25.07
70 Gini coefficient;360 Lolland;2020 2020;25.71
70 Gini coefficient;370 Næstved;2020 2020;25.69
70 Gini coefficient;376 Guldborgsund;2020 2020;25.59
70 Gini coefficient;390 Vordingborg;2020 2020;25.79
70 Gini coefficient;400 Bornholm;2020 2020;24.32
70 Gini coefficient;410 Middelfart;2020 2020;27.57
70 Gini coefficient;420 Assens;2020 2020;24.39
70 Gini coefficient;430 Faaborg-Midtfyn;2020 2020;23.81
70 Gini coefficient;440 Kerteminde;2020 2020;26.25
70 Gini coefficient;450 Nyborg;2020 2020;25.03
70 Gini coefficient;461 Odense;2020 2020;28.94
70 Gini coefficient;479 Svendborg;2020 2020;27.96
70 Gini coefficient;480 Nordfyns;2020 2020;24.31
70 Gini coefficient;482 Langeland;2020 2020;26.83
70 Gini coefficient;492 Ærø;2020 2020;25.61
70 Gini coefficient;510 Haderslev;2020 2020;26.06
70 Gini coefficient;530 Billund;2020 2020;26.27
70 Gini coefficient;540 Sønderborg;2020 2020;26.23
70 Gini coefficient;550 Tønder;2020 2020;26.67
70 Gini coefficient;561 Esbjerg;2020 2020;26.88
70 Gini coefficient;563 Fanø;2020 2020;24.80
70 Gini coefficient;573 Varde;2020 2020;24.63
70 Gini coefficient;575 Vejen;2020 2020;25.74
70 Gini coefficient;580 Aabenraa;2020 2020;26.52
70 Gini coefficient;607 Fredericia;2020 2020;26.22
70 Gini coefficient;615 Horsens;2020 2020;26.11
70 Gini coefficient;621 Kolding;2020 2020;27.87
70 Gini coefficient;630 Vejle;2020 2020;27.50
70 Gini coefficient;657 Herning;2020 2020;26.90
70 Gini coefficient;661 Holstebro;2020 2020;26.40
70 Gini coefficient;665 Lemvig;2020 2020;28.26
70 Gini coefficient;671 Struer;2020 2020;26.37
70 Gini coefficient;706 Syddjurs;2020 2020;25.46
70 Gini coefficient;707 Norddjurs;2020 2020;25.54
70 Gini coefficient;710 Favrskov;2020 2020;24.08
70 Gini coefficient;727 Odder;2020 2020;24.85
70 Gini coefficient;730 Randers;2020 2020;25.53
70 Gini coefficient;740 Silkeborg;2020 2020;26.32
70 Gini coefficient;741 Samsø;2020 2020;26.91
70 Gini coefficient;746 Skanderborg;2020 2020;25.26
70 Gini coefficient;751 Aarhus;2020 2020;33.19
70 Gini coefficient;756 Ikast-Brande;2020 2020;29.31
70 Gini coefficient;760 Ringkøbing-Skjern;2020 2020;27.15
70 Gini coefficient;766 Hedensted;2020 2020;24.38
70 Gini coefficient;773 Morsø;2020 2020;26.14
70 Gini coefficient;779 Skive;2020 2020;26.21
70 Gini coefficient;787 Thisted;2020 2020;26.41
70 Gini coefficient;791 Viborg;2020 2020;26.33
70 Gini coefficient;810 Brønderslev;2020 2020;26.55
70 Gini coefficient;813 Frederikshavn;2020 2020;25.52
70 Gini coefficient;820 Vesthimmerlands;2020 2020;26.04
70 Gini coefficient;825 Læsø;2020 2020;22.68
70 Gini coefficient;840 Rebild;2020 2020;25.50
70 Gini coefficient;846 Mariagerfjord;2020 2020;26.17
70 Gini coefficient;849 Jammerbugt;2020 2020;25.80
70 Gini coefficient;851 Aalborg;2020 2020;29.12
70 Gini coefficient;860 Hjørring;2020 2020;26.99
71 Hoover index;000 All Denmark;2020 2020;20.41
71 Hoover index;101 Copenhagen;2020 2020;23.84
71 Hoover index;147 Frederiksberg;2020 2020;24.74
71 Hoover index;151 Ballerup;2020 2020;18.94
71 Hoover index;153 Brøndby;2020 2020;18.58
71 Hoover index;155 Dragør;2020 2020;19.08
71 Hoover index;157 Gentofte;2020 2020;31.70
71 Hoover index;159 Gladsaxe;2020 2020;20.64
71 Hoover index;161 Glostrup;2020 2020;18.51
71 Hoover index;163 Herlev;2020 2020;18.62
71 Hoover index;165 Albertslund;2020 2020;17.94
71 Hoover index;167 Hvidovre;2020 2020;18.12
71 Hoover index;169 Høje-Taastrup;2020 2020;18.22
71 Hoover index;173 Lyngby-Taarbæk;2020 2020;24.79
71 Hoover index;175 Rødovre;2020 2020;18.56
71 Hoover index;183 Ishøj;2020 2020;17.61
71 Hoover index;185 Tårnby;2020 2020;16.88
71 Hoover index;187 Vallensbæk;2020 2020;17.48
71 Hoover index;190 Furesø;2020 2020;20.21
71 Hoover index;201 Allerød;2020 2020;17.48
71 Hoover index;210 Fredensborg;2020 2020;21.67
71 Hoover index;217 Helsingør;2020 2020;20.64
71 Hoover index;219 Hillerød;2020 2020;18.62
71 Hoover index;223 Hørsholm;2020 2020;27.67
71 Hoover index;230 Rudersdal;2020 2020;28.36
71 Hoover index;240 Egedal;2020 2020;15.72
71 Hoover index;250 Frederikssund;2020 2020;17.44
71 Hoover index;253 Greve;2020 2020;18.27
71 Hoover index;259 Køge;2020 2020;18.18
71 Hoover index;260 Halsnæs;2020 2020;16.51
71 Hoover index;265 Roskilde;2020 2020;19.50
71 Hoover index;269 Solrød;2020 2020;18.72
71 Hoover index;270 Gribskov;2020 2020;18.26
71 Hoover index;306 Odsherred;2020 2020;16.86
71 Hoover index;316 Holbæk;2020 2020;17.96
71 Hoover index;320 Faxe;2020 2020;17.04
71 Hoover index;326 Kalundborg;2020 2020;17.50
71 Hoover index;329 Ringsted;2020 2020;17.84
71 Hoover index;330 Slagelse;2020 2020;17.68
71 Hoover index;336 Stevns;2020 2020;17.05
71 Hoover index;340 Sorø;2020 2020;17.28
71 Hoover index;350 Lejre;2020 2020;17.12
71 Hoover index;360 Lolland;2020 2020;17.81
71 Hoover index;370 Næstved;2020 2020;17.83
71 Hoover index;376 Guldborgsund;2020 2020;17.73
71 Hoover index;390 Vordingborg;2020 2020;17.82
71 Hoover index;400 Bornholm;2020 2020;16.76
71 Hoover index;410 Middelfart;2020 2020;18.72
71 Hoover index;420 Assens;2020 2020;16.82
71 Hoover index;430 Faaborg-Midtfyn;2020 2020;16.41
71 Hoover index;440 Kerteminde;2020 2020;18.05
71 Hoover index;450 Nyborg;2020 2020;17.29
71 Hoover index;461 Odense;2020 2020;20.19
71 Hoover index;479 Svendborg;2020 2020;19.20
71 Hoover index;480 Nordfyns;2020 2020;16.76
71 Hoover index;482 Langeland;2020 2020;18.38
71 Hoover index;492 Ærø;2020 2020;17.75
71 Hoover index;510 Haderslev;2020 2020;17.92
71 Hoover index;530 Billund;2020 2020;17.96
71 Hoover index;540 Sønderborg;2020 2020;18.16
71 Hoover index;550 Tønder;2020 2020;18.22
71 Hoover index;561 Esbjerg;2020 2020;18.52
71 Hoover index;563 Fanø;2020 2020;17.12
71 Hoover index;573 Varde;2020 2020;16.88
71 Hoover index;575 Vejen;2020 2020;17.60
71 Hoover index;580 Aabenraa;2020 2020;18.22
71 Hoover index;607 Fredericia;2020 2020;18.25
71 Hoover index;615 Horsens;2020 2020;17.96
71 Hoover index;621 Kolding;2020 2020;19.11
71 Hoover index;630 Vejle;2020 2020;18.88
71 Hoover index;657 Herning;2020 2020;18.31
71 Hoover index;661 Holstebro;2020 2020;17.93
71 Hoover index;665 Lemvig;2020 2020;19.18
71 Hoover index;671 Struer;2020 2020;17.96
71 Hoover index;706 Syddjurs;2020 2020;17.43
71 Hoover index;707 Norddjurs;2020 2020;17.49
71 Hoover index;710 Favrskov;2020 2020;16.44
71 Hoover index;727 Odder;2020 2020;17.15
71 Hoover index;730 Randers;2020 2020;17.67
71 Hoover index;740 Silkeborg;2020 2020;18.07
71 Hoover index;741 Samsø;2020 2020;18.48
71 Hoover index;746 Skanderborg;2020 2020;17.14
71 Hoover index;751 Aarhus;2020 2020;23.03
71 Hoover index;756 Ikast-Brande;2020 2020;19.65
71 Hoover index;760 Ringkøbing-Skjern;2020 2020;18.28
71 Hoover index;766 Hedensted;2020 2020;16.72
71 Hoover index;773 Morsø;2020 2020;17.89
71 Hoover index;779 Skive;2020 2020;17.91
71 Hoover index;787 Thisted;2020 2020;17.94
71 Hoover index;791 Viborg;2020 2020;17.93
71 Hoover index;810 Brønderslev;2020 2020;17.90
71 Hoover index;813 Frederikshavn;2020 2020;17.62
71 Hoover index;820 Vesthimmerlands;2020 2020;17.72
71 Hoover index;825 Læsø;2020 2020;15.96
71 Hoover index;840 Rebild;2020 2020;17.35
71 Hoover index;846 Mariagerfjord;2020 2020;17.96
71 Hoover index;849 Jammerbugt;2020 2020;17.49
71 Hoover index;851 Aalborg;2020 2020;20.08
71 Hoover index;860 Hjørring;2020 2020;18.36
72 S80/S20 (Income quintile share ratio);000 All Denmark;2020 2020;4.58
72 S80/S20 (Income quintile share ratio);101 Copenhagen;2020 2020;6.43
72 S80/S20 (Income quintile share ratio);147 Frederiksberg;2020 2020;6.35
72 S80/S20 (Income quintile share ratio);151 Ballerup;2020 2020;3.89
72 S80/S20 (Income quintile share ratio);153 Brøndby;2020 2020;3.88
72 S80/S20 (Income quintile share ratio);155 Dragør;2020 2020;4.51
72 S80/S20 (Income quintile share ratio);157 Gentofte;2020 2020;12.30
72 S80/S20 (Income quintile share ratio);159 Gladsaxe;2020 2020;4.60
72 S80/S20 (Income quintile share ratio);161 Glostrup;2020 2020;3.85
72 S80/S20 (Income quintile share ratio);163 Herlev;2020 2020;3.86
72 S80/S20 (Income quintile share ratio);165 Albertslund;2020 2020;3.84
72 S80/S20 (Income quintile share ratio);167 Hvidovre;2020 2020;3.85
72 S80/S20 (Income quintile share ratio);169 Høje-Taastrup;2020 2020;3.87
72 S80/S20 (Income quintile share ratio);173 Lyngby-Taarbæk;2020 2020;6.75
72 S80/S20 (Income quintile share ratio);175 Rødovre;2020 2020;3.89
72 S80/S20 (Income quintile share ratio);183 Ishøj;2020 2020;3.72
72 S80/S20 (Income quintile share ratio);185 Tårnby;2020 2020;3.61
72 S80/S20 (Income quintile share ratio);187 Vallensbæk;2020 2020;3.84
72 S80/S20 (Income quintile share ratio);190 Furesø;2020 2020;4.66
72 S80/S20 (Income quintile share ratio);201 Allerød;2020 2020;3.85
72 S80/S20 (Income quintile share ratio);210 Fredensborg;2020 2020;4.94
72 S80/S20 (Income quintile share ratio);217 Helsingør;2020 2020;4.50
72 S80/S20 (Income quintile share ratio);219 Hillerød;2020 2020;4.11
72 S80/S20 (Income quintile share ratio);223 Hørsholm;2020 2020;7.53
72 S80/S20 (Income quintile share ratio);230 Rudersdal;2020 2020;8.28
72 S80/S20 (Income quintile share ratio);240 Egedal;2020 2020;3.30
72 S80/S20 (Income quintile share ratio);250 Frederikssund;2020 2020;3.59
72 S80/S20 (Income quintile share ratio);253 Greve;2020 2020;4.00
72 S80/S20 (Income quintile share ratio);259 Køge;2020 2020;3.86
72 S80/S20 (Income quintile share ratio);260 Halsnæs;2020 2020;3.34
72 S80/S20 (Income quintile share ratio);265 Roskilde;2020 2020;4.41
72 S80/S20 (Income quintile share ratio);269 Solrød;2020 2020;4.06
72 S80/S20 (Income quintile share ratio);270 Gribskov;2020 2020;3.89
72 S80/S20 (Income quintile share ratio);306 Odsherred;2020 2020;3.41
72 S80/S20 (Income quintile share ratio);316 Holbæk;2020 2020;3.78
72 S80/S20 (Income quintile share ratio);320 Faxe;2020 2020;3.53
72 S80/S20 (Income quintile share ratio);326 Kalundborg;2020 2020;3.55
72 S80/S20 (Income quintile share ratio);329 Ringsted;2020 2020;3.76
72 S80/S20 (Income quintile share ratio);330 Slagelse;2020 2020;3.69
72 S80/S20 (Income quintile share ratio);336 Stevns;2020 2020;3.59
72 S80/S20 (Income quintile share ratio);340 Sorø;2020 2020;3.58
72 S80/S20 (Income quintile share ratio);350 Lejre;2020 2020;3.59
72 S80/S20 (Income quintile share ratio);360 Lolland;2020 2020;3.59
72 S80/S20 (Income quintile share ratio);370 Næstved;2020 2020;3.75
72 S80/S20 (Income quintile share ratio);376 Guldborgsund;2020 2020;3.65
72 S80/S20 (Income quintile share ratio);390 Vordingborg;2020 2020;3.72
72 S80/S20 (Income quintile share ratio);400 Bornholm;2020 2020;3.33
72 S80/S20 (Income quintile share ratio);410 Middelfart;2020 2020;3.98
72 S80/S20 (Income quintile share ratio);420 Assens;2020 2020;3.41
72 S80/S20 (Income quintile share ratio);430 Faaborg-Midtfyn;2020 2020;3.33
72 S80/S20 (Income quintile share ratio);440 Kerteminde;2020 2020;3.68
72 S80/S20 (Income quintile share ratio);450 Nyborg;2020 2020;3.52
72 S80/S20 (Income quintile share ratio);461 Odense;2020 2020;4.62
72 S80/S20 (Income quintile share ratio);479 Svendborg;2020 2020;4.12
72 S80/S20 (Income quintile share ratio);480 Nordfyns;2020 2020;3.42
72 S80/S20 (Income quintile share ratio);482 Langeland;2020 2020;3.65
72 S80/S20 (Income quintile share ratio);492 Ærø;2020 2020;3.75
72 S80/S20 (Income quintile share ratio);510 Haderslev;2020 2020;3.73
72 S80/S20 (Income quintile share ratio);530 Billund;2020 2020;3.72
72 S80/S20 (Income quintile share ratio);540 Sønderborg;2020 2020;3.70
72 S80/S20 (Income quintile share ratio);550 Tønder;2020 2020;3.81
72 S80/S20 (Income quintile share ratio);561 Esbjerg;2020 2020;3.92
72 S80/S20 (Income quintile share ratio);563 Fanø;2020 2020;3.49
72 S80/S20 (Income quintile share ratio);573 Varde;2020 2020;3.49
72 S80/S20 (Income quintile share ratio);575 Vejen;2020 2020;3.60
72 S80/S20 (Income quintile share ratio);580 Aabenraa;2020 2020;3.79
72 S80/S20 (Income quintile share ratio);607 Fredericia;2020 2020;3.78
72 S80/S20 (Income quintile share ratio);615 Horsens;2020 2020;3.76
72 S80/S20 (Income quintile share ratio);621 Kolding;2020 2020;4.07
72 S80/S20 (Income quintile share ratio);630 Vejle;2020 2020;4.02
72 S80/S20 (Income quintile share ratio);657 Herning;2020 2020;3.94
72 S80/S20 (Income quintile share ratio);661 Holstebro;2020 2020;3.94
72 S80/S20 (Income quintile share ratio);665 Lemvig;2020 2020;4.03
72 S80/S20 (Income quintile share ratio);671 Struer;2020 2020;3.86
72 S80/S20 (Income quintile share ratio);706 Syddjurs;2020 2020;3.63
72 S80/S20 (Income quintile share ratio);707 Norddjurs;2020 2020;3.68
72 S80/S20 (Income quintile share ratio);710 Favrskov;2020 2020;3.43
72 S80/S20 (Income quintile share ratio);727 Odder;2020 2020;3.50
72 S80/S20 (Income quintile share ratio);730 Randers;2020 2020;3.66
72 S80/S20 (Income quintile share ratio);740 Silkeborg;2020 2020;3.78
72 S80/S20 (Income quintile share ratio);741 Samsø;2020 2020;3.75
72 S80/S20 (Income quintile share ratio);746 Skanderborg;2020 2020;3.61
72 S80/S20 (Income quintile share ratio);751 Aarhus;2020 2020;5.76
72 S80/S20 (Income quintile share ratio);756 Ikast-Brande;2020 2020;4.21
72 S80/S20 (Income quintile share ratio);760 Ringkøbing-Skjern;2020 2020;3.98
72 S80/S20 (Income quintile share ratio);766 Hedensted;2020 2020;3.39
72 S80/S20 (Income quintile share ratio);773 Morsø;2020 2020;3.67
72 S80/S20 (Income quintile share ratio);779 Skive;2020 2020;3.67
72 S80/S20 (Income quintile share ratio);787 Thisted;2020 2020;3.78
72 S80/S20 (Income quintile share ratio);791 Viborg;2020 2020;3.82
72 S80/S20 (Income quintile share ratio);810 Brønderslev;2020 2020;3.89
72 S80/S20 (Income quintile share ratio);813 Frederikshavn;2020 2020;3.61
72 S80/S20 (Income quintile share ratio);820 Vesthimmerlands;2020 2020;3.74
72 S80/S20 (Income quintile share ratio);825 Læsø;2020 2020;3.09
72 S80/S20 (Income quintile share ratio);840 Rebild;2020 2020;3.62
72 S80/S20 (Income quintile share ratio);846 Mariagerfjord;2020 2020;3.70
72 S80/S20 (Income quintile share ratio);849 Jammerbugt;2020 2020;3.75
72 S80/S20 (Income quintile share ratio);851 Aalborg;2020 2020;4.64
72 S80/S20 (Income quintile share ratio);860 Hjørring;2020 2020;3.89
73 P90/10 (Upper decile boundary divided by lower);000 All Denmark;2020 2020;3.34
73 P90/10 (Upper decile boundary divided by lower);101 Copenhagen;2020 2020;4.52
73 P90/10 (Upper decile boundary divided by lower);147 Frederiksberg;2020 2020;4.44
73 P90/10 (Upper decile boundary divided by lower);151 Ballerup;2020 2020;3.20
73 P90/10 (Upper decile boundary divided by lower);153 Brøndby;2020 2020;3.20
73 P90/10 (Upper decile boundary divided by lower);155 Dragør;2020 2020;3.32
73 P90/10 (Upper decile boundary divided by lower);157 Gentofte;2020 2020;5.85
73 P90/10 (Upper decile boundary divided by lower);159 Gladsaxe;2020 2020;3.71
73 P90/10 (Upper decile boundary divided by lower);161 Glostrup;2020 2020;3.23
73 P90/10 (Upper decile boundary divided by lower);163 Herlev;2020 2020;3.08
73 P90/10 (Upper decile boundary divided by lower);165 Albertslund;2020 2020;3.22
73 P90/10 (Upper decile boundary divided by lower);167 Hvidovre;2020 2020;3.20
73 P90/10 (Upper decile boundary divided by lower);169 Høje-Taastrup;2020 2020;3.21
73 P90/10 (Upper decile boundary divided by lower);173 Lyngby-Taarbæk;2020 2020;4.65
73 P90/10 (Upper decile boundary divided by lower);175 Rødovre;2020 2020;3.23
73 P90/10 (Upper decile boundary divided by lower);183 Ishøj;2020 2020;3.04
73 P90/10 (Upper decile boundary divided by lower);185 Tårnby;2020 2020;3.04
73 P90/10 (Upper decile boundary divided by lower);187 Vallensbæk;2020 2020;3.09
73 P90/10 (Upper decile boundary divided by lower);190 Furesø;2020 2020;3.57
73 P90/10 (Upper decile boundary divided by lower);201 Allerød;2020 2020;3.06
73 P90/10 (Upper decile boundary divided by lower);210 Fredensborg;2020 2020;3.38
73 P90/10 (Upper decile boundary divided by lower);217 Helsingør;2020 2020;3.29
73 P90/10 (Upper decile boundary divided by lower);219 Hillerød;2020 2020;3.20
73 P90/10 (Upper decile boundary divided by lower);223 Hørsholm;2020 2020;4.45
73 P90/10 (Upper decile boundary divided by lower);230 Rudersdal;2020 2020;4.63
73 P90/10 (Upper decile boundary divided by lower);240 Egedal;2020 2020;2.70
73 P90/10 (Upper decile boundary divided by lower);250 Frederikssund;2020 2020;2.92
73 P90/10 (Upper decile boundary divided by lower);253 Greve;2020 2020;3.11
73 P90/10 (Upper decile boundary divided by lower);259 Køge;2020 2020;3.03
73 P90/10 (Upper decile boundary divided by lower);260 Halsnæs;2020 2020;2.68
73 P90/10 (Upper decile boundary divided by lower);265 Roskilde;2020 2020;3.41
73 P90/10 (Upper decile boundary divided by lower);269 Solrød;2020 2020;3.05
73 P90/10 (Upper decile boundary divided by lower);270 Gribskov;2020 2020;2.94
73 P90/10 (Upper decile boundary divided by lower);306 Odsherred;2020 2020;2.71
73 P90/10 (Upper decile boundary divided by lower);316 Holbæk;2020 2020;2.98
73 P90/10 (Upper decile boundary divided by lower);320 Faxe;2020 2020;2.77
73 P90/10 (Upper decile boundary divided by lower);326 Kalundborg;2020 2020;2.92
73 P90/10 (Upper decile boundary divided by lower);329 Ringsted;2020 2020;2.98
73 P90/10 (Upper decile boundary divided by lower);330 Slagelse;2020 2020;3.05
73 P90/10 (Upper decile boundary divided by lower);336 Stevns;2020 2020;2.76
73 P90/10 (Upper decile boundary divided by lower);340 Sorø;2020 2020;2.85
73 P90/10 (Upper decile boundary divided by lower);350 Lejre;2020 2020;2.76
73 P90/10 (Upper decile boundary divided by lower);360 Lolland;2020 2020;2.71
73 P90/10 (Upper decile boundary divided by lower);370 Næstved;2020 2020;2.97
73 P90/10 (Upper decile boundary divided by lower);376 Guldborgsund;2020 2020;2.83
73 P90/10 (Upper decile boundary divided by lower);390 Vordingborg;2020 2020;2.85
73 P90/10 (Upper decile boundary divided by lower);400 Bornholm;2020 2020;2.51
73 P90/10 (Upper decile boundary divided by lower);410 Middelfart;2020 2020;2.76
73 P90/10 (Upper decile boundary divided by lower);420 Assens;2020 2020;2.66
73 P90/10 (Upper decile boundary divided by lower);430 Faaborg-Midtfyn;2020 2020;2.62
73 P90/10 (Upper decile boundary divided by lower);440 Kerteminde;2020 2020;2.71
73 P90/10 (Upper decile boundary divided by lower);450 Nyborg;2020 2020;2.73
73 P90/10 (Upper decile boundary divided by lower);461 Odense;2020 2020;3.68
73 P90/10 (Upper decile boundary divided by lower);479 Svendborg;2020 2020;3.10
73 P90/10 (Upper decile boundary divided by lower);480 Nordfyns;2020 2020;2.64
73 P90/10 (Upper decile boundary divided by lower);482 Langeland;2020 2020;2.56
73 P90/10 (Upper decile boundary divided by lower);492 Ærø;2020 2020;2.92
73 P90/10 (Upper decile boundary divided by lower);510 Haderslev;2020 2020;2.81
73 P90/10 (Upper decile boundary divided by lower);530 Billund;2020 2020;2.74
73 P90/10 (Upper decile boundary divided by lower);540 Sønderborg;2020 2020;2.81
73 P90/10 (Upper decile boundary divided by lower);550 Tønder;2020 2020;2.73
73 P90/10 (Upper decile boundary divided by lower);561 Esbjerg;2020 2020;2.96
73 P90/10 (Upper decile boundary divided by lower);563 Fanø;2020 2020;2.76
73 P90/10 (Upper decile boundary divided by lower);573 Varde;2020 2020;2.63
73 P90/10 (Upper decile boundary divided by lower);575 Vejen;2020 2020;2.65
73 P90/10 (Upper decile boundary divided by lower);580 Aabenraa;2020 2020;2.83
73 P90/10 (Upper decile boundary divided by lower);607 Fredericia;2020 2020;2.99
73 P90/10 (Upper decile boundary divided by lower);615 Horsens;2020 2020;2.91
73 P90/10 (Upper decile boundary divided by lower);621 Kolding;2020 2020;3.05
73 P90/10 (Upper decile boundary divided by lower);630 Vejle;2020 2020;3.00
73 P90/10 (Upper decile boundary divided by lower);657 Herning;2020 2020;2.88
73 P90/10 (Upper decile boundary divided by lower);661 Holstebro;2020 2020;2.84
73 P90/10 (Upper decile boundary divided by lower);665 Lemvig;2020 2020;2.70
73 P90/10 (Upper decile boundary divided by lower);671 Struer;2020 2020;2.66
73 P90/10 (Upper decile boundary divided by lower);706 Syddjurs;2020 2020;2.77
73 P90/10 (Upper decile boundary divided by lower);707 Norddjurs;2020 2020;2.72
73 P90/10 (Upper decile boundary divided by lower);710 Favrskov;2020 2020;2.66
73 P90/10 (Upper decile boundary divided by lower);727 Odder;2020 2020;2.78
73 P90/10 (Upper decile boundary divided by lower);730 Randers;2020 2020;2.88
73 P90/10 (Upper decile boundary divided by lower);740 Silkeborg;2020 2020;2.88
73 P90/10 (Upper decile boundary divided by lower);741 Samsø;2020 2020;2.74
73 P90/10 (Upper decile boundary divided by lower);746 Skanderborg;2020 2020;2.75
73 P90/10 (Upper decile boundary divided by lower);751 Aarhus;2020 2020;4.29
73 P90/10 (Upper decile boundary divided by lower);756 Ikast-Brande;2020 2020;2.69
73 P90/10 (Upper decile boundary divided by lower);760 Ringkøbing-Skjern;2020 2020;2.63
73 P90/10 (Upper decile boundary divided by lower);766 Hedensted;2020 2020;2.61
73 P90/10 (Upper decile boundary divided by lower);773 Morsø;2020 2020;2.59
73 P90/10 (Upper decile boundary divided by lower);779 Skive;2020 2020;2.67
73 P90/10 (Upper decile boundary divided by lower);787 Thisted;2020 2020;2.67
73 P90/10 (Upper decile boundary divided by lower);791 Viborg;2020 2020;2.81
73 P90/10 (Upper decile boundary divided by lower);810 Brønderslev;2020 2020;2.64
73 P90/10 (Upper decile boundary divided by lower);813 Frederikshavn;2020 2020;2.71
73 P90/10 (Upper decile boundary divided by lower);820 Vesthimmerlands;2020 2020;2.63
73 P90/10 (Upper decile boundary divided by lower);825 Læsø;2020 2020;2.51
73 P90/10 (Upper decile boundary divided by lower);840 Rebild;2020 2020;2.69
73 P90/10 (Upper decile boundary divided by lower);846 Mariagerfjord;2020 2020;2.74
73 P90/10 (Upper decile boundary divided by lower);849 Jammerbugt;2020 2020;2.64
73 P90/10 (Upper decile boundary divided by lower);851 Aalborg;2020 2020;3.59
73 P90/10 (Upper decile boundary divided by lower);860 Hjørring;2020 2020;2.72
70 Gini coefficient;000 All Denmark;2019 2019;29.55
70 Gini coefficient;101 Copenhagen;2019 2019;33.95
70 Gini coefficient;147 Frederiksberg;2019 2019;35.92
70 Gini coefficient;151 Ballerup;2019 2019;26.32
70 Gini coefficient;153 Brøndby;2019 2019;25.83
70 Gini coefficient;155 Dragør;2019 2019;28.60
70 Gini coefficient;157 Gentofte;2019 2019;47.42
70 Gini coefficient;159 Gladsaxe;2019 2019;28.76
70 Gini coefficient;161 Glostrup;2019 2019;25.80
70 Gini coefficient;163 Herlev;2019 2019;25.55
70 Gini coefficient;165 Albertslund;2019 2019;25.27
70 Gini coefficient;167 Hvidovre;2019 2019;25.39
70 Gini coefficient;169 Høje-Taastrup;2019 2019;25.70
70 Gini coefficient;173 Lyngby-Taarbæk;2019 2019;36.09
70 Gini coefficient;175 Rødovre;2019 2019;25.75
70 Gini coefficient;183 Ishøj;2019 2019;25.27
70 Gini coefficient;185 Tårnby;2019 2019;24.03
70 Gini coefficient;187 Vallensbæk;2019 2019;25.56
70 Gini coefficient;190 Furesø;2019 2019;30.64
70 Gini coefficient;201 Allerød;2019 2019;26.30
70 Gini coefficient;210 Fredensborg;2019 2019;32.75
70 Gini coefficient;217 Helsingør;2019 2019;30.68
70 Gini coefficient;219 Hillerød;2019 2019;26.99
70 Gini coefficient;223 Hørsholm;2019 2019;39.21
70 Gini coefficient;230 Rudersdal;2019 2019;43.04
70 Gini coefficient;240 Egedal;2019 2019;23.12
70 Gini coefficient;250 Frederikssund;2019 2019;24.77
70 Gini coefficient;253 Greve;2019 2019;26.16
70 Gini coefficient;259 Køge;2019 2019;25.60
70 Gini coefficient;260 Halsnæs;2019 2019;23.25
70 Gini coefficient;265 Roskilde;2019 2019;28.25
70 Gini coefficient;269 Solrød;2019 2019;28.02
70 Gini coefficient;270 Gribskov;2019 2019;26.16
70 Gini coefficient;306 Odsherred;2019 2019;23.78
70 Gini coefficient;316 Holbæk;2019 2019;25.64
70 Gini coefficient;320 Faxe;2019 2019;24.24
70 Gini coefficient;326 Kalundborg;2019 2019;25.22
70 Gini coefficient;329 Ringsted;2019 2019;25.09
70 Gini coefficient;330 Slagelse;2019 2019;25.25
70 Gini coefficient;336 Stevns;2019 2019;24.87
70 Gini coefficient;340 Sorø;2019 2019;25.47
70 Gini coefficient;350 Lejre;2019 2019;25.15
70 Gini coefficient;360 Lolland;2019 2019;26.19
70 Gini coefficient;370 Næstved;2019 2019;25.70
70 Gini coefficient;376 Guldborgsund;2019 2019;25.46
70 Gini coefficient;390 Vordingborg;2019 2019;25.70
70 Gini coefficient;400 Bornholm;2019 2019;24.46
70 Gini coefficient;410 Middelfart;2019 2019;27.95
70 Gini coefficient;420 Assens;2019 2019;24.54
70 Gini coefficient;430 Faaborg-Midtfyn;2019 2019;23.72
70 Gini coefficient;440 Kerteminde;2019 2019;26.46
70 Gini coefficient;450 Nyborg;2019 2019;24.29
70 Gini coefficient;461 Odense;2019 2019;29.06
70 Gini coefficient;479 Svendborg;2019 2019;27.20
70 Gini coefficient;480 Nordfyns;2019 2019;24.63
70 Gini coefficient;482 Langeland;2019 2019;25.00
70 Gini coefficient;492 Ærø;2019 2019;24.77
70 Gini coefficient;510 Haderslev;2019 2019;26.33
70 Gini coefficient;530 Billund;2019 2019;25.53
70 Gini coefficient;540 Sønderborg;2019 2019;26.50
70 Gini coefficient;550 Tønder;2019 2019;26.32
70 Gini coefficient;561 Esbjerg;2019 2019;27.20
70 Gini coefficient;563 Fanø;2019 2019;26.14
70 Gini coefficient;573 Varde;2019 2019;24.31
70 Gini coefficient;575 Vejen;2019 2019;25.80
70 Gini coefficient;580 Aabenraa;2019 2019;26.72
70 Gini coefficient;607 Fredericia;2019 2019;26.18
70 Gini coefficient;615 Horsens;2019 2019;25.98
70 Gini coefficient;621 Kolding;2019 2019;26.88
70 Gini coefficient;630 Vejle;2019 2019;27.29
70 Gini coefficient;657 Herning;2019 2019;26.07
70 Gini coefficient;661 Holstebro;2019 2019;25.73
70 Gini coefficient;665 Lemvig;2019 2019;26.71
70 Gini coefficient;671 Struer;2019 2019;25.09
70 Gini coefficient;706 Syddjurs;2019 2019;25.41
70 Gini coefficient;707 Norddjurs;2019 2019;25.22
70 Gini coefficient;710 Favrskov;2019 2019;23.18
70 Gini coefficient;727 Odder;2019 2019;24.36
70 Gini coefficient;730 Randers;2019 2019;24.99
70 Gini coefficient;740 Silkeborg;2019 2019;26.47
70 Gini coefficient;741 Samsø;2019 2019;26.49
70 Gini coefficient;746 Skanderborg;2019 2019;24.49
70 Gini coefficient;751 Aarhus;2019 2019;33.12
70 Gini coefficient;756 Ikast-Brande;2019 2019;27.07
70 Gini coefficient;760 Ringkøbing-Skjern;2019 2019;25.68
70 Gini coefficient;766 Hedensted;2019 2019;24.01
70 Gini coefficient;773 Morsø;2019 2019;26.31
70 Gini coefficient;779 Skive;2019 2019;24.83
70 Gini coefficient;787 Thisted;2019 2019;25.89
70 Gini coefficient;791 Viborg;2019 2019;25.91
70 Gini coefficient;810 Brønderslev;2019 2019;24.72
70 Gini coefficient;813 Frederikshavn;2019 2019;24.94
70 Gini coefficient;820 Vesthimmerlands;2019 2019;25.40
70 Gini coefficient;825 Læsø;2019 2019;22.20
70 Gini coefficient;840 Rebild;2019 2019;26.18
70 Gini coefficient;846 Mariagerfjord;2019 2019;25.70
70 Gini coefficient;849 Jammerbugt;2019 2019;24.11
70 Gini coefficient;851 Aalborg;2019 2019;28.76
70 Gini coefficient;860 Hjørring;2019 2019;26.32
71 Hoover index;000 All Denmark;2019 2019;20.24
71 Hoover index;101 Copenhagen;2019 2019;23.52
71 Hoover index;147 Frederiksberg;2019 2019;24.76
71 Hoover index;151 Ballerup;2019 2019;18.60
71 Hoover index;153 Brøndby;2019 2019;18.21
71 Hoover index;155 Dragør;2019 2019;19.25
71 Hoover index;157 Gentofte;2019 2019;32.89
71 Hoover index;159 Gladsaxe;2019 2019;20.31
71 Hoover index;161 Glostrup;2019 2019;18.27
71 Hoover index;163 Herlev;2019 2019;17.98
71 Hoover index;165 Albertslund;2019 2019;17.73
71 Hoover index;167 Hvidovre;2019 2019;17.87
71 Hoover index;169 Høje-Taastrup;2019 2019;18.01
71 Hoover index;173 Lyngby-Taarbæk;2019 2019;24.82
71 Hoover index;175 Rødovre;2019 2019;18.19
71 Hoover index;183 Ishøj;2019 2019;17.51
71 Hoover index;185 Tårnby;2019 2019;16.76
71 Hoover index;187 Vallensbæk;2019 2019;17.61
71 Hoover index;190 Furesø;2019 2019;20.96
71 Hoover index;201 Allerød;2019 2019;17.82
71 Hoover index;210 Fredensborg;2019 2019;22.39
71 Hoover index;217 Helsingør;2019 2019;20.96
71 Hoover index;219 Hillerød;2019 2019;18.50
71 Hoover index;223 Hørsholm;2019 2019;26.89
71 Hoover index;230 Rudersdal;2019 2019;29.45
71 Hoover index;240 Egedal;2019 2019;15.81
71 Hoover index;250 Frederikssund;2019 2019;17.23
71 Hoover index;253 Greve;2019 2019;18.02
71 Hoover index;259 Køge;2019 2019;17.70
71 Hoover index;260 Halsnæs;2019 2019;16.08
71 Hoover index;265 Roskilde;2019 2019;19.37
71 Hoover index;269 Solrød;2019 2019;18.99
71 Hoover index;270 Gribskov;2019 2019;17.89
71 Hoover index;306 Odsherred;2019 2019;16.46
71 Hoover index;316 Holbæk;2019 2019;17.68
71 Hoover index;320 Faxe;2019 2019;16.68
71 Hoover index;326 Kalundborg;2019 2019;17.50
71 Hoover index;329 Ringsted;2019 2019;17.39
71 Hoover index;330 Slagelse;2019 2019;17.59
71 Hoover index;336 Stevns;2019 2019;17.02
71 Hoover index;340 Sorø;2019 2019;17.53
71 Hoover index;350 Lejre;2019 2019;17.12
71 Hoover index;360 Lolland;2019 2019;17.89
71 Hoover index;370 Næstved;2019 2019;17.77
71 Hoover index;376 Guldborgsund;2019 2019;17.52
71 Hoover index;390 Vordingborg;2019 2019;17.68
71 Hoover index;400 Bornholm;2019 2019;16.76
71 Hoover index;410 Middelfart;2019 2019;18.86
71 Hoover index;420 Assens;2019 2019;16.84
71 Hoover index;430 Faaborg-Midtfyn;2019 2019;16.28
71 Hoover index;440 Kerteminde;2019 2019;18.12
71 Hoover index;450 Nyborg;2019 2019;16.77
71 Hoover index;461 Odense;2019 2019;20.14
71 Hoover index;479 Svendborg;2019 2019;18.65
71 Hoover index;480 Nordfyns;2019 2019;16.82
71 Hoover index;482 Langeland;2019 2019;17.10
71 Hoover index;492 Ærø;2019 2019;17.28
71 Hoover index;510 Haderslev;2019 2019;17.97
71 Hoover index;530 Billund;2019 2019;17.42
71 Hoover index;540 Sønderborg;2019 2019;18.24
71 Hoover index;550 Tønder;2019 2019;17.94
71 Hoover index;561 Esbjerg;2019 2019;18.60
71 Hoover index;563 Fanø;2019 2019;17.71
71 Hoover index;573 Varde;2019 2019;16.63
71 Hoover index;575 Vejen;2019 2019;17.58
71 Hoover index;580 Aabenraa;2019 2019;18.21
71 Hoover index;607 Fredericia;2019 2019;18.14
71 Hoover index;615 Horsens;2019 2019;17.83
71 Hoover index;621 Kolding;2019 2019;18.47
71 Hoover index;630 Vejle;2019 2019;18.72
71 Hoover index;657 Herning;2019 2019;17.79
71 Hoover index;661 Holstebro;2019 2019;17.48
71 Hoover index;665 Lemvig;2019 2019;18.20
71 Hoover index;671 Struer;2019 2019;17.23
71 Hoover index;706 Syddjurs;2019 2019;17.34
71 Hoover index;707 Norddjurs;2019 2019;17.22
71 Hoover index;710 Favrskov;2019 2019;15.89
71 Hoover index;727 Odder;2019 2019;16.76
71 Hoover index;730 Randers;2019 2019;17.25
71 Hoover index;740 Silkeborg;2019 2019;18.09
71 Hoover index;741 Samsø;2019 2019;18.17
71 Hoover index;746 Skanderborg;2019 2019;16.68
71 Hoover index;751 Aarhus;2019 2019;22.88
71 Hoover index;756 Ikast-Brande;2019 2019;18.17
71 Hoover index;760 Ringkøbing-Skjern;2019 2019;17.42
71 Hoover index;766 Hedensted;2019 2019;16.40
71 Hoover index;773 Morsø;2019 2019;17.86
71 Hoover index;779 Skive;2019 2019;17.04
71 Hoover index;787 Thisted;2019 2019;17.58
71 Hoover index;791 Viborg;2019 2019;17.60
71 Hoover index;810 Brønderslev;2019 2019;16.90
71 Hoover index;813 Frederikshavn;2019 2019;17.22
71 Hoover index;820 Vesthimmerlands;2019 2019;17.32
71 Hoover index;825 Læsø;2019 2019;15.78
71 Hoover index;840 Rebild;2019 2019;17.60
71 Hoover index;846 Mariagerfjord;2019 2019;17.64
71 Hoover index;849 Jammerbugt;2019 2019;16.45
71 Hoover index;851 Aalborg;2019 2019;19.74
71 Hoover index;860 Hjørring;2019 2019;17.87
72 S80/S20 (Income quintile share ratio);000 All Denmark;2019 2019;4.55
72 S80/S20 (Income quintile share ratio);101 Copenhagen;2019 2019;6.26
72 S80/S20 (Income quintile share ratio);147 Frederiksberg;2019 2019;6.55
72 S80/S20 (Income quintile share ratio);151 Ballerup;2019 2019;3.80
72 S80/S20 (Income quintile share ratio);153 Brøndby;2019 2019;3.81
72 S80/S20 (Income quintile share ratio);155 Dragør;2019 2019;4.52
72 S80/S20 (Income quintile share ratio);157 Gentofte;2019 2019;11.97
72 S80/S20 (Income quintile share ratio);159 Gladsaxe;2019 2019;4.50
72 S80/S20 (Income quintile share ratio);161 Glostrup;2019 2019;3.80
72 S80/S20 (Income quintile share ratio);163 Herlev;2019 2019;3.71
72 S80/S20 (Income quintile share ratio);165 Albertslund;2019 2019;3.82
72 S80/S20 (Income quintile share ratio);167 Hvidovre;2019 2019;3.77
72 S80/S20 (Income quintile share ratio);169 Høje-Taastrup;2019 2019;3.82
72 S80/S20 (Income quintile share ratio);173 Lyngby-Taarbæk;2019 2019;6.57
72 S80/S20 (Income quintile share ratio);175 Rødovre;2019 2019;3.78
72 S80/S20 (Income quintile share ratio);183 Ishøj;2019 2019;3.77
72 S80/S20 (Income quintile share ratio);185 Tårnby;2019 2019;3.57
72 S80/S20 (Income quintile share ratio);187 Vallensbæk;2019 2019;3.89
72 S80/S20 (Income quintile share ratio);190 Furesø;2019 2019;4.90
72 S80/S20 (Income quintile share ratio);201 Allerød;2019 2019;3.93
72 S80/S20 (Income quintile share ratio);210 Fredensborg;2019 2019;5.12
72 S80/S20 (Income quintile share ratio);217 Helsingør;2019 2019;4.81
72 S80/S20 (Income quintile share ratio);219 Hillerød;2019 2019;4.07
72 S80/S20 (Income quintile share ratio);223 Hørsholm;2019 2019;7.52
72 S80/S20 (Income quintile share ratio);230 Rudersdal;2019 2019;8.81
72 S80/S20 (Income quintile share ratio);240 Egedal;2019 2019;3.32
72 S80/S20 (Income quintile share ratio);250 Frederikssund;2019 2019;3.54
72 S80/S20 (Income quintile share ratio);253 Greve;2019 2019;3.95
72 S80/S20 (Income quintile share ratio);259 Køge;2019 2019;3.74
72 S80/S20 (Income quintile share ratio);260 Halsnæs;2019 2019;3.28
72 S80/S20 (Income quintile share ratio);265 Roskilde;2019 2019;4.37
72 S80/S20 (Income quintile share ratio);269 Solrød;2019 2019;4.10
72 S80/S20 (Income quintile share ratio);270 Gribskov;2019 2019;3.88
72 S80/S20 (Income quintile share ratio);306 Odsherred;2019 2019;3.34
72 S80/S20 (Income quintile share ratio);316 Holbæk;2019 2019;3.76
72 S80/S20 (Income quintile share ratio);320 Faxe;2019 2019;3.51
72 S80/S20 (Income quintile share ratio);326 Kalundborg;2019 2019;3.64
72 S80/S20 (Income quintile share ratio);329 Ringsted;2019 2019;3.64
72 S80/S20 (Income quintile share ratio);330 Slagelse;2019 2019;3.69
72 S80/S20 (Income quintile share ratio);336 Stevns;2019 2019;3.55
72 S80/S20 (Income quintile share ratio);340 Sorø;2019 2019;3.65
72 S80/S20 (Income quintile share ratio);350 Lejre;2019 2019;3.62
72 S80/S20 (Income quintile share ratio);360 Lolland;2019 2019;3.77
72 S80/S20 (Income quintile share ratio);370 Næstved;2019 2019;3.78
72 S80/S20 (Income quintile share ratio);376 Guldborgsund;2019 2019;3.71
72 S80/S20 (Income quintile share ratio);390 Vordingborg;2019 2019;3.79
72 S80/S20 (Income quintile share ratio);400 Bornholm;2019 2019;3.34
72 S80/S20 (Income quintile share ratio);410 Middelfart;2019 2019;4.10
72 S80/S20 (Income quintile share ratio);420 Assens;2019 2019;3.42
72 S80/S20 (Income quintile share ratio);430 Faaborg-Midtfyn;2019 2019;3.34
72 S80/S20 (Income quintile share ratio);440 Kerteminde;2019 2019;3.69
72 S80/S20 (Income quintile share ratio);450 Nyborg;2019 2019;3.42
72 S80/S20 (Income quintile share ratio);461 Odense;2019 2019;4.66
72 S80/S20 (Income quintile share ratio);479 Svendborg;2019 2019;3.98
72 S80/S20 (Income quintile share ratio);480 Nordfyns;2019 2019;3.46
72 S80/S20 (Income quintile share ratio);482 Langeland;2019 2019;3.49
72 S80/S20 (Income quintile share ratio);492 Ærø;2019 2019;3.56
72 S80/S20 (Income quintile share ratio);510 Haderslev;2019 2019;3.81
72 S80/S20 (Income quintile share ratio);530 Billund;2019 2019;3.61
72 S80/S20 (Income quintile share ratio);540 Sønderborg;2019 2019;3.75
72 S80/S20 (Income quintile share ratio);550 Tønder;2019 2019;3.72
72 S80/S20 (Income quintile share ratio);561 Esbjerg;2019 2019;4.02
72 S80/S20 (Income quintile share ratio);563 Fanø;2019 2019;3.87
72 S80/S20 (Income quintile share ratio);573 Varde;2019 2019;3.43
72 S80/S20 (Income quintile share ratio);575 Vejen;2019 2019;3.65
72 S80/S20 (Income quintile share ratio);580 Aabenraa;2019 2019;3.86
72 S80/S20 (Income quintile share ratio);607 Fredericia;2019 2019;3.76
72 S80/S20 (Income quintile share ratio);615 Horsens;2019 2019;3.74
72 S80/S20 (Income quintile share ratio);621 Kolding;2019 2019;3.95
72 S80/S20 (Income quintile share ratio);630 Vejle;2019 2019;3.98
72 S80/S20 (Income quintile share ratio);657 Herning;2019 2019;3.78
72 S80/S20 (Income quintile share ratio);661 Holstebro;2019 2019;3.78
72 S80/S20 (Income quintile share ratio);665 Lemvig;2019 2019;3.76
72 S80/S20 (Income quintile share ratio);671 Struer;2019 2019;3.52
72 S80/S20 (Income quintile share ratio);706 Syddjurs;2019 2019;3.63
72 S80/S20 (Income quintile share ratio);707 Norddjurs;2019 2019;3.69
72 S80/S20 (Income quintile share ratio);710 Favrskov;2019 2019;3.26
72 S80/S20 (Income quintile share ratio);727 Odder;2019 2019;3.46
72 S80/S20 (Income quintile share ratio);730 Randers;2019 2019;3.59
72 S80/S20 (Income quintile share ratio);740 Silkeborg;2019 2019;3.85
72 S80/S20 (Income quintile share ratio);741 Samsø;2019 2019;3.68
72 S80/S20 (Income quintile share ratio);746 Skanderborg;2019 2019;3.50
72 S80/S20 (Income quintile share ratio);751 Aarhus;2019 2019;5.81
72 S80/S20 (Income quintile share ratio);756 Ikast-Brande;2019 2019;3.92
72 S80/S20 (Income quintile share ratio);760 Ringkøbing-Skjern;2019 2019;3.65
72 S80/S20 (Income quintile share ratio);766 Hedensted;2019 2019;3.34
72 S80/S20 (Income quintile share ratio);773 Morsø;2019 2019;3.69
72 S80/S20 (Income quintile share ratio);779 Skive;2019 2019;3.46
72 S80/S20 (Income quintile share ratio);787 Thisted;2019 2019;3.69
72 S80/S20 (Income quintile share ratio);791 Viborg;2019 2019;3.76
72 S80/S20 (Income quintile share ratio);810 Brønderslev;2019 2019;3.48
72 S80/S20 (Income quintile share ratio);813 Frederikshavn;2019 2019;3.48
72 S80/S20 (Income quintile share ratio);820 Vesthimmerlands;2019 2019;3.57
72 S80/S20 (Income quintile share ratio);825 Læsø;2019 2019;3.02
72 S80/S20 (Income quintile share ratio);840 Rebild;2019 2019;3.78
72 S80/S20 (Income quintile share ratio);846 Mariagerfjord;2019 2019;3.61
72 S80/S20 (Income quintile share ratio);849 Jammerbugt;2019 2019;3.46
72 S80/S20 (Income quintile share ratio);851 Aalborg;2019 2019;4.59
72 S80/S20 (Income quintile share ratio);860 Hjørring;2019 2019;3.79
73 P90/10 (Upper decile boundary divided by lower);000 All Denmark;2019 2019;3.30
73 P90/10 (Upper decile boundary divided by lower);101 Copenhagen;2019 2019;4.39
73 P90/10 (Upper decile boundary divided by lower);147 Frederiksberg;2019 2019;4.41
73 P90/10 (Upper decile boundary divided by lower);151 Ballerup;2019 2019;3.13
73 P90/10 (Upper decile boundary divided by lower);153 Brøndby;2019 2019;3.16
73 P90/10 (Upper decile boundary divided by lower);155 Dragør;2019 2019;3.25
73 P90/10 (Upper decile boundary divided by lower);157 Gentofte;2019 2019;5.81
73 P90/10 (Upper decile boundary divided by lower);159 Gladsaxe;2019 2019;3.66
73 P90/10 (Upper decile boundary divided by lower);161 Glostrup;2019 2019;3.19
73 P90/10 (Upper decile boundary divided by lower);163 Herlev;2019 2019;3.08
73 P90/10 (Upper decile boundary divided by lower);165 Albertslund;2019 2019;3.21
73 P90/10 (Upper decile boundary divided by lower);167 Hvidovre;2019 2019;3.11
73 P90/10 (Upper decile boundary divided by lower);169 Høje-Taastrup;2019 2019;3.17
73 P90/10 (Upper decile boundary divided by lower);173 Lyngby-Taarbæk;2019 2019;4.50
73 P90/10 (Upper decile boundary divided by lower);175 Rødovre;2019 2019;3.16
73 P90/10 (Upper decile boundary divided by lower);183 Ishøj;2019 2019;3.06
73 P90/10 (Upper decile boundary divided by lower);185 Tårnby;2019 2019;3.03
73 P90/10 (Upper decile boundary divided by lower);187 Vallensbæk;2019 2019;3.12
73 P90/10 (Upper decile boundary divided by lower);190 Furesø;2019 2019;3.58
73 P90/10 (Upper decile boundary divided by lower);201 Allerød;2019 2019;3.06
73 P90/10 (Upper decile boundary divided by lower);210 Fredensborg;2019 2019;3.42
73 P90/10 (Upper decile boundary divided by lower);217 Helsingør;2019 2019;3.30
73 P90/10 (Upper decile boundary divided by lower);219 Hillerød;2019 2019;3.15
73 P90/10 (Upper decile boundary divided by lower);223 Hørsholm;2019 2019;4.38
73 P90/10 (Upper decile boundary divided by lower);230 Rudersdal;2019 2019;4.63
73 P90/10 (Upper decile boundary divided by lower);240 Egedal;2019 2019;2.67
73 P90/10 (Upper decile boundary divided by lower);250 Frederikssund;2019 2019;2.89
73 P90/10 (Upper decile boundary divided by lower);253 Greve;2019 2019;3.06
73 P90/10 (Upper decile boundary divided by lower);259 Køge;2019 2019;2.94
73 P90/10 (Upper decile boundary divided by lower);260 Halsnæs;2019 2019;2.66
73 P90/10 (Upper decile boundary divided by lower);265 Roskilde;2019 2019;3.40
73 P90/10 (Upper decile boundary divided by lower);269 Solrød;2019 2019;2.94
73 P90/10 (Upper decile boundary divided by lower);270 Gribskov;2019 2019;2.93
73 P90/10 (Upper decile boundary divided by lower);306 Odsherred;2019 2019;2.66
73 P90/10 (Upper decile boundary divided by lower);316 Holbæk;2019 2019;2.92
73 P90/10 (Upper decile boundary divided by lower);320 Faxe;2019 2019;2.77
73 P90/10 (Upper decile boundary divided by lower);326 Kalundborg;2019 2019;2.88
73 P90/10 (Upper decile boundary divided by lower);329 Ringsted;2019 2019;2.93
73 P90/10 (Upper decile boundary divided by lower);330 Slagelse;2019 2019;3.01
73 P90/10 (Upper decile boundary divided by lower);336 Stevns;2019 2019;2.76
73 P90/10 (Upper decile boundary divided by lower);340 Sorø;2019 2019;2.82
73 P90/10 (Upper decile boundary divided by lower);350 Lejre;2019 2019;2.76
73 P90/10 (Upper decile boundary divided by lower);360 Lolland;2019 2019;2.68
73 P90/10 (Upper decile boundary divided by lower);370 Næstved;2019 2019;2.96
73 P90/10 (Upper decile boundary divided by lower);376 Guldborgsund;2019 2019;2.83
73 P90/10 (Upper decile boundary divided by lower);390 Vordingborg;2019 2019;2.86
73 P90/10 (Upper decile boundary divided by lower);400 Bornholm;2019 2019;2.47
73 P90/10 (Upper decile boundary divided by lower);410 Middelfart;2019 2019;2.72
73 P90/10 (Upper decile boundary divided by lower);420 Assens;2019 2019;2.62
73 P90/10 (Upper decile boundary divided by lower);430 Faaborg-Midtfyn;2019 2019;2.59
73 P90/10 (Upper decile boundary divided by lower);440 Kerteminde;2019 2019;2.72
73 P90/10 (Upper decile boundary divided by lower);450 Nyborg;2019 2019;2.66
73 P90/10 (Upper decile boundary divided by lower);461 Odense;2019 2019;3.64
73 P90/10 (Upper decile boundary divided by lower);479 Svendborg;2019 2019;3.02
73 P90/10 (Upper decile boundary divided by lower);480 Nordfyns;2019 2019;2.59
73 P90/10 (Upper decile boundary divided by lower);482 Langeland;2019 2019;2.53
73 P90/10 (Upper decile boundary divided by lower);492 Ærø;2019 2019;2.86
73 P90/10 (Upper decile boundary divided by lower);510 Haderslev;2019 2019;2.80
73 P90/10 (Upper decile boundary divided by lower);530 Billund;2019 2019;2.68
73 P90/10 (Upper decile boundary divided by lower);540 Sønderborg;2019 2019;2.77
73 P90/10 (Upper decile boundary divided by lower);550 Tønder;2019 2019;2.67
73 P90/10 (Upper decile boundary divided by lower);561 Esbjerg;2019 2019;2.94
73 P90/10 (Upper decile boundary divided by lower);563 Fanø;2019 2019;2.74
73 P90/10 (Upper decile boundary divided by lower);573 Varde;2019 2019;2.61
73 P90/10 (Upper decile boundary divided by lower);575 Vejen;2019 2019;2.65
73 P90/10 (Upper decile boundary divided by lower);580 Aabenraa;2019 2019;2.78
73 P90/10 (Upper decile boundary divided by lower);607 Fredericia;2019 2019;2.98
73 P90/10 (Upper decile boundary divided by lower);615 Horsens;2019 2019;2.88
73 P90/10 (Upper decile boundary divided by lower);621 Kolding;2019 2019;3.02
73 P90/10 (Upper decile boundary divided by lower);630 Vejle;2019 2019;2.99
73 P90/10 (Upper decile boundary divided by lower);657 Herning;2019 2019;2.84
73 P90/10 (Upper decile boundary divided by lower);661 Holstebro;2019 2019;2.79
73 P90/10 (Upper decile boundary divided by lower);665 Lemvig;2019 2019;2.67
73 P90/10 (Upper decile boundary divided by lower);671 Struer;2019 2019;2.61
73 P90/10 (Upper decile boundary divided by lower);706 Syddjurs;2019 2019;2.73
73 P90/10 (Upper decile boundary divided by lower);707 Norddjurs;2019 2019;2.70
73 P90/10 (Upper decile boundary divided by lower);710 Favrskov;2019 2019;2.59
73 P90/10 (Upper decile boundary divided by lower);727 Odder;2019 2019;2.76
73 P90/10 (Upper decile boundary divided by lower);730 Randers;2019 2019;2.85
73 P90/10 (Upper decile boundary divided by lower);740 Silkeborg;2019 2019;2.86
73 P90/10 (Upper decile boundary divided by lower);741 Samsø;2019 2019;2.72
73 P90/10 (Upper decile boundary divided by lower);746 Skanderborg;2019 2019;2.74
73 P90/10 (Upper decile boundary divided by lower);751 Aarhus;2019 2019;4.25
73 P90/10 (Upper decile boundary divided by lower);756 Ikast-Brande;2019 2019;2.64
73 P90/10 (Upper decile boundary divided by lower);760 Ringkøbing-Skjern;2019 2019;2.60
73 P90/10 (Upper decile boundary divided by lower);766 Hedensted;2019 2019;2.56
73 P90/10 (Upper decile boundary divided by lower);773 Morsø;2019 2019;2.57
73 P90/10 (Upper decile boundary divided by lower);779 Skive;2019 2019;2.62
73 P90/10 (Upper decile boundary divided by lower);787 Thisted;2019 2019;2.65
73 P90/10 (Upper decile boundary divided by lower);791 Viborg;2019 2019;2.75
73 P90/10 (Upper decile boundary divided by lower);810 Brønderslev;2019 2019;2.59
73 P90/10 (Upper decile boundary divided by lower);813 Frederikshavn;2019 2019;2.66
73 P90/10 (Upper decile boundary divided by lower);820 Vesthimmerlands;2019 2019;2.59
73 P90/10 (Upper decile boundary divided by lower);825 Læsø;2019 2019;2.52
73 P90/10 (Upper decile boundary divided by lower);840 Rebild;2019 2019;2.62
73 P90/10 (Upper decile boundary divided by lower);846 Mariagerfjord;2019 2019;2.68
73 P90/10 (Upper decile boundary divided by lower);849 Jammerbugt;2019 2019;2.60
73 P90/10 (Upper decile boundary divided by lower);851 Aalborg;2019 2019;3.50
73 P90/10 (Upper decile boundary divided by lower);860 Hjørring;2019 2019;2.71
72 S80/S20 (Income quintile share ratio);661 Holstebro;2005 2005;3.30
72 S80/S20 (Income quintile share ratio);665 Lemvig;2005 2005;3.40
72 S80/S20 (Income quintile share ratio);671 Struer;2005 2005;3.09
72 S80/S20 (Income quintile share ratio);706 Syddjurs;2005 2005;3.36
72 S80/S20 (Income quintile share ratio);707 Norddjurs;2005 2005;3.25
72 S80/S20 (Income quintile share ratio);710 Favrskov;2005 2005;2.98
72 S80/S20 (Income quintile share ratio);727 Odder;2005 2005;3.16
72 S80/S20 (Income quintile share ratio);730 Randers;2005 2005;3.12
72 S80/S20 (Income quintile share ratio);740 Silkeborg;2005 2005;3.46
72 S80/S20 (Income quintile share ratio);741 Samsø;2005 2005;3.20
72 S80/S20 (Income quintile share ratio);746 Skanderborg;2005 2005;3.02
72 S80/S20 (Income quintile share ratio);751 Aarhus;2005 2005;4.57
72 S80/S20 (Income quintile share ratio);756 Ikast-Brande;2005 2005;3.16
72 S80/S20 (Income quintile share ratio);760 Ringkøbing-Skjern;2005 2005;3.37
72 S80/S20 (Income quintile share ratio);766 Hedensted;2005 2005;3.05
72 S80/S20 (Income quintile share ratio);773 Morsø;2005 2005;3.41
72 S80/S20 (Income quintile share ratio);779 Skive;2005 2005;3.08
72 S80/S20 (Income quintile share ratio);787 Thisted;2005 2005;3.31
72 S80/S20 (Income quintile share ratio);791 Viborg;2005 2005;3.26
72 S80/S20 (Income quintile share ratio);810 Brønderslev;2005 2005;3.20
72 S80/S20 (Income quintile share ratio);813 Frederikshavn;2005 2005;3.00
72 S80/S20 (Income quintile share ratio);820 Vesthimmerlands;2005 2005;3.21
72 S80/S20 (Income quintile share ratio);825 Læsø;2005 2005;2.99
72 S80/S20 (Income quintile share ratio);840 Rebild;2005 2005;3.22
72 S80/S20 (Income quintile share ratio);846 Mariagerfjord;2005 2005;3.16
72 S80/S20 (Income quintile share ratio);849 Jammerbugt;2005 2005;3.14
72 S80/S20 (Income quintile share ratio);851 Aalborg;2005 2005;3.57
72 S80/S20 (Income quintile share ratio);860 Hjørring;2005 2005;3.35
73 P90/10 (Upper decile boundary divided by lower);000 All Denmark;2005 2005;2.80
73 P90/10 (Upper decile boundary divided by lower);101 Copenhagen;2005 2005;3.46
73 P90/10 (Upper decile boundary divided by lower);147 Frederiksberg;2005 2005;3.69
73 P90/10 (Upper decile boundary divided by lower);151 Ballerup;2005 2005;2.62
73 P90/10 (Upper decile boundary divided by lower);153 Brøndby;2005 2005;2.62
73 P90/10 (Upper decile boundary divided by lower);155 Dragør;2005 2005;2.80
73 P90/10 (Upper decile boundary divided by lower);157 Gentofte;2005 2005;4.29
73 P90/10 (Upper decile boundary divided by lower);159 Gladsaxe;2005 2005;2.92
73 P90/10 (Upper decile boundary divided by lower);161 Glostrup;2005 2005;2.62
73 P90/10 (Upper decile boundary divided by lower);163 Herlev;2005 2005;2.81
73 P90/10 (Upper decile boundary divided by lower);165 Albertslund;2005 2005;2.85
73 P90/10 (Upper decile boundary divided by lower);167 Hvidovre;2005 2005;2.68
73 P90/10 (Upper decile boundary divided by lower);169 Høje-Taastrup;2005 2005;2.72
73 P90/10 (Upper decile boundary divided by lower);173 Lyngby-Taarbæk;2005 2005;3.54
73 P90/10 (Upper decile boundary divided by lower);175 Rødovre;2005 2005;2.55
73 P90/10 (Upper decile boundary divided by lower);183 Ishøj;2005 2005;2.79
73 P90/10 (Upper decile boundary divided by lower);185 Tårnby;2005 2005;2.60
73 P90/10 (Upper decile boundary divided by lower);187 Vallensbæk;2005 2005;2.48
73 P90/10 (Upper decile boundary divided by lower);190 Furesø;2005 2005;3.02
73 P90/10 (Upper decile boundary divided by lower);201 Allerød;2005 2005;2.57
73 P90/10 (Upper decile boundary divided by lower);210 Fredensborg;2005 2005;2.98
73 P90/10 (Upper decile boundary divided by lower);217 Helsingør;2005 2005;2.81
73 P90/10 (Upper decile boundary divided by lower);219 Hillerød;2005 2005;2.69
73 P90/10 (Upper decile boundary divided by lower);223 Hørsholm;2005 2005;3.60
73 P90/10 (Upper decile boundary divided by lower);230 Rudersdal;2005 2005;3.78
73 P90/10 (Upper decile boundary divided by lower);240 Egedal;2005 2005;2.32
73 P90/10 (Upper decile boundary divided by lower);250 Frederikssund;2005 2005;2.49
73 P90/10 (Upper decile boundary divided by lower);253 Greve;2005 2005;2.66
73 P90/10 (Upper decile boundary divided by lower);259 Køge;2005 2005;2.57
73 P90/10 (Upper decile boundary divided by lower);260 Halsnæs;2005 2005;2.42
73 P90/10 (Upper decile boundary divided by lower);265 Roskilde;2005 2005;2.84
73 P90/10 (Upper decile boundary divided by lower);269 Solrød;2005 2005;2.55
73 P90/10 (Upper decile boundary divided by lower);270 Gribskov;2005 2005;2.51
73 P90/10 (Upper decile boundary divided by lower);306 Odsherred;2005 2005;2.44
73 P90/10 (Upper decile boundary divided by lower);316 Holbæk;2005 2005;2.66
73 P90/10 (Upper decile boundary divided by lower);320 Faxe;2005 2005;2.43
73 P90/10 (Upper decile boundary divided by lower);326 Kalundborg;2005 2005;2.52
73 P90/10 (Upper decile boundary divided by lower);329 Ringsted;2005 2005;2.52
73 P90/10 (Upper decile boundary divided by lower);330 Slagelse;2005 2005;2.61
73 P90/10 (Upper decile boundary divided by lower);336 Stevns;2005 2005;2.48
73 P90/10 (Upper decile boundary divided by lower);340 Sorø;2005 2005;2.50
73 P90/10 (Upper decile boundary divided by lower);350 Lejre;2005 2005;2.50
73 P90/10 (Upper decile boundary divided by lower);360 Lolland;2005 2005;2.49
73 P90/10 (Upper decile boundary divided by lower);370 Næstved;2005 2005;2.51
73 P90/10 (Upper decile boundary divided by lower);376 Guldborgsund;2005 2005;2.53
73 P90/10 (Upper decile boundary divided by lower);390 Vordingborg;2005 2005;2.48
73 P90/10 (Upper decile boundary divided by lower);400 Bornholm;2005 2005;2.32
73 P90/10 (Upper decile boundary divided by lower);410 Middelfart;2005 2005;2.44
73 P90/10 (Upper decile boundary divided by lower);420 Assens;2005 2005;2.33
73 P90/10 (Upper decile boundary divided by lower);430 Faaborg-Midtfyn;2005 2005;2.37
73 P90/10 (Upper decile boundary divided by lower);440 Kerteminde;2005 2005;2.34
73 P90/10 (Upper decile boundary divided by lower);450 Nyborg;2005 2005;2.39
73 P90/10 (Upper decile boundary divided by lower);461 Odense;2005 2005;2.90
73 P90/10 (Upper decile boundary divided by lower);479 Svendborg;2005 2005;2.61
73 P90/10 (Upper decile boundary divided by lower);480 Nordfyns;2005 2005;2.36
73 P90/10 (Upper decile boundary divided by lower);482 Langeland;2005 2005;2.37
73 P90/10 (Upper decile boundary divided by lower);492 Ærø;2005 2005;2.49
73 P90/10 (Upper decile boundary divided by lower);510 Haderslev;2005 2005;2.43
73 P90/10 (Upper decile boundary divided by lower);530 Billund;2005 2005;2.38
73 P90/10 (Upper decile boundary divided by lower);540 Sønderborg;2005 2005;2.48
73 P90/10 (Upper decile boundary divided by lower);550 Tønder;2005 2005;2.55
73 P90/10 (Upper decile boundary divided by lower);561 Esbjerg;2005 2005;2.54
73 P90/10 (Upper decile boundary divided by lower);563 Fanø;2005 2005;2.63
73 P90/10 (Upper decile boundary divided by lower);573 Varde;2005 2005;2.45
73 P90/10 (Upper decile boundary divided by lower);575 Vejen;2005 2005;2.41
73 P90/10 (Upper decile boundary divided by lower);580 Aabenraa;2005 2005;2.51
73 P90/10 (Upper decile boundary divided by lower);607 Fredericia;2005 2005;2.48
73 P90/10 (Upper decile boundary divided by lower);615 Horsens;2005 2005;2.55
73 P90/10 (Upper decile boundary divided by lower);621 Kolding;2005 2005;2.59
73 P90/10 (Upper decile boundary divided by lower);630 Vejle;2005 2005;2.58
73 P90/10 (Upper decile boundary divided by lower);657 Herning;2005 2005;2.50
73 P90/10 (Upper decile boundary divided by lower);661 Holstebro;2005 2005;2.49
73 P90/10 (Upper decile boundary divided by lower);665 Lemvig;2005 2005;2.47
73 P90/10 (Upper decile boundary divided by lower);671 Struer;2005 2005;2.43
73 P90/10 (Upper decile boundary divided by lower);706 Syddjurs;2005 2005;2.45
73 P90/10 (Upper decile boundary divided by lower);707 Norddjurs;2005 2005;2.43
73 P90/10 (Upper decile boundary divided by lower);710 Favrskov;2005 2005;2.36
73 P90/10 (Upper decile boundary divided by lower);727 Odder;2005 2005;2.46
73 P90/10 (Upper decile boundary divided by lower);730 Randers;2005 2005;2.46
73 P90/10 (Upper decile boundary divided by lower);740 Silkeborg;2005 2005;2.51
73 P90/10 (Upper decile boundary divided by lower);741 Samsø;2005 2005;2.40
73 P90/10 (Upper decile boundary divided by lower);746 Skanderborg;2005 2005;2.41
73 P90/10 (Upper decile boundary divided by lower);751 Aarhus;2005 2005;3.36
73 P90/10 (Upper decile boundary divided by lower);756 Ikast-Brande;2005 2005;2.42
73 P90/10 (Upper decile boundary divided by lower);760 Ringkøbing-Skjern;2005 2005;2.49
73 P90/10 (Upper decile boundary divided by lower);766 Hedensted;2005 2005;2.36
73 P90/10 (Upper decile boundary divided by lower);773 Morsø;2005 2005;2.40
73 P90/10 (Upper decile boundary divided by lower);779 Skive;2005 2005;2.39
73 P90/10 (Upper decile boundary divided by lower);787 Thisted;2005 2005;2.47
73 P90/10 (Upper decile boundary divided by lower);791 Viborg;2005 2005;2.46
73 P90/10 (Upper decile boundary divided by lower);810 Brønderslev;2005 2005;2.42
73 P90/10 (Upper decile boundary divided by lower);813 Frederikshavn;2005 2005;2.37
73 P90/10 (Upper decile boundary divided by lower);820 Vesthimmerlands;2005 2005;2.40
73 P90/10 (Upper decile boundary divided by lower);825 Læsø;2005 2005;2.31
73 P90/10 (Upper decile boundary divided by lower);840 Rebild;2005 2005;2.49
73 P90/10 (Upper decile boundary divided by lower);846 Mariagerfjord;2005 2005;2.45
73 P90/10 (Upper decile boundary divided by lower);849 Jammerbugt;2005 2005;2.42
73 P90/10 (Upper decile boundary divided by lower);851 Aalborg;2005 2005;2.78
73 P90/10 (Upper decile boundary divided by lower);860 Hjørring;2005 2005;2.46
71 Hoover index;751 Aarhus;2001 2001;18.19
71 Hoover index;756 Ikast-Brande;2001 2001;15.42
71 Hoover index;760 Ringkøbing-Skjern;2001 2001;15.67
71 Hoover index;766 Hedensted;2001 2001;14.29
71 Hoover index;773 Morsø;2001 2001;15.34
71 Hoover index;779 Skive;2001 2001;16.64
71 Hoover index;787 Thisted;2001 2001;15.80
71 Hoover index;791 Viborg;2001 2001;14.82
71 Hoover index;810 Brønderslev;2001 2001;14.97
71 Hoover index;813 Frederikshavn;2001 2001;14.42
71 Hoover index;820 Vesthimmerlands;2001 2001;15.15
71 Hoover index;825 Læsø;2001 2001;14.42
71 Hoover index;840 Rebild;2001 2001;15.47
71 Hoover index;846 Mariagerfjord;2001 2001;14.92
71 Hoover index;849 Jammerbugt;2001 2001;14.59
71 Hoover index;851 Aalborg;2001 2001;16.07
71 Hoover index;860 Hjørring;2001 2001;15.27
72 S80/S20 (Income quintile share ratio);000 All Denmark;2001 2001;3.48
72 S80/S20 (Income quintile share ratio);101 Copenhagen;2001 2001;3.96
72 S80/S20 (Income quintile share ratio);147 Frederiksberg;2001 2001;4.39
72 S80/S20 (Income quintile share ratio);151 Ballerup;2001 2001;2.99
72 S80/S20 (Income quintile share ratio);153 Brøndby;2001 2001;2.98
72 S80/S20 (Income quintile share ratio);155 Dragør;2001 2001;3.40
72 S80/S20 (Income quintile share ratio);157 Gentofte;2001 2001;6.85
72 S80/S20 (Income quintile share ratio);159 Gladsaxe;2001 2001;3.32
72 S80/S20 (Income quintile share ratio);161 Glostrup;2001 2001;2.97
72 S80/S20 (Income quintile share ratio);163 Herlev;2001 2001;3.21
72 S80/S20 (Income quintile share ratio);165 Albertslund;2001 2001;3.27
72 S80/S20 (Income quintile share ratio);167 Hvidovre;2001 2001;2.98
72 S80/S20 (Income quintile share ratio);169 Høje-Taastrup;2001 2001;3.15
72 S80/S20 (Income quintile share ratio);173 Lyngby-Taarbæk;2001 2001;4.64
72 S80/S20 (Income quintile share ratio);175 Rødovre;2001 2001;2.94
72 S80/S20 (Income quintile share ratio);183 Ishøj;2001 2001;3.13
72 S80/S20 (Income quintile share ratio);185 Tårnby;2001 2001;2.84
72 S80/S20 (Income quintile share ratio);187 Vallensbæk;2001 2001;2.85
72 S80/S20 (Income quintile share ratio);190 Furesø;2001 2001;3.69
72 S80/S20 (Income quintile share ratio);201 Allerød;2001 2001;3.18
72 S80/S20 (Income quintile share ratio);210 Fredensborg;2001 2001;3.85
72 S80/S20 (Income quintile share ratio);217 Helsingør;2001 2001;3.64
72 S80/S20 (Income quintile share ratio);219 Hillerød;2001 2001;3.30
72 S80/S20 (Income quintile share ratio);223 Hørsholm;2001 2001;5.25
72 S80/S20 (Income quintile share ratio);230 Rudersdal;2001 2001;5.87
72 S80/S20 (Income quintile share ratio);240 Egedal;2001 2001;2.87
72 S80/S20 (Income quintile share ratio);250 Frederikssund;2001 2001;3.02
72 S80/S20 (Income quintile share ratio);253 Greve;2001 2001;3.19
72 S80/S20 (Income quintile share ratio);259 Køge;2001 2001;3.02
72 S80/S20 (Income quintile share ratio);260 Halsnæs;2001 2001;2.86
72 S80/S20 (Income quintile share ratio);265 Roskilde;2001 2001;3.37
72 S80/S20 (Income quintile share ratio);269 Solrød;2001 2001;3.15
72 S80/S20 (Income quintile share ratio);270 Gribskov;2001 2001;3.24
72 S80/S20 (Income quintile share ratio);306 Odsherred;2001 2001;2.94
72 S80/S20 (Income quintile share ratio);316 Holbæk;2001 2001;3.14
72 S80/S20 (Income quintile share ratio);320 Faxe;2001 2001;2.96
72 S80/S20 (Income quintile share ratio);326 Kalundborg;2001 2001;3.08
72 S80/S20 (Income quintile share ratio);329 Ringsted;2001 2001;3.14
72 S80/S20 (Income quintile share ratio);330 Slagelse;2001 2001;3.02
72 S80/S20 (Income quintile share ratio);336 Stevns;2001 2001;3.00
72 S80/S20 (Income quintile share ratio);340 Sorø;2001 2001;3.08
72 S80/S20 (Income quintile share ratio);350 Lejre;2001 2001;3.01
72 S80/S20 (Income quintile share ratio);360 Lolland;2001 2001;2.97
72 S80/S20 (Income quintile share ratio);370 Næstved;2001 2001;3.01
72 S80/S20 (Income quintile share ratio);376 Guldborgsund;2001 2001;3.00
72 S80/S20 (Income quintile share ratio);390 Vordingborg;2001 2001;3.09
72 S80/S20 (Income quintile share ratio);400 Bornholm;2001 2001;2.86
72 S80/S20 (Income quintile share ratio);410 Middelfart;2001 2001;2.93
72 S80/S20 (Income quintile share ratio);420 Assens;2001 2001;2.92
72 S80/S20 (Income quintile share ratio);430 Faaborg-Midtfyn;2001 2001;2.98
72 S80/S20 (Income quintile share ratio);440 Kerteminde;2001 2001;2.91
72 S80/S20 (Income quintile share ratio);450 Nyborg;2001 2001;2.94
72 S80/S20 (Income quintile share ratio);461 Odense;2001 2001;3.41
72 S80/S20 (Income quintile share ratio);479 Svendborg;2001 2001;3.26
72 S80/S20 (Income quintile share ratio);480 Nordfyns;2001 2001;2.97
72 S80/S20 (Income quintile share ratio);482 Langeland;2001 2001;2.87
72 S80/S20 (Income quintile share ratio);492 Ærø;2001 2001;3.36
72 S80/S20 (Income quintile share ratio);510 Haderslev;2001 2001;3.03
72 S80/S20 (Income quintile share ratio);530 Billund;2001 2001;3.03
72 S80/S20 (Income quintile share ratio);540 Sønderborg;2001 2001;3.10
72 S80/S20 (Income quintile share ratio);550 Tønder;2001 2001;3.19
72 S80/S20 (Income quintile share ratio);561 Esbjerg;2001 2001;3.13
72 S80/S20 (Income quintile share ratio);563 Fanø;2001 2001;3.47
72 S80/S20 (Income quintile share ratio);573 Varde;2001 2001;3.04
72 S80/S20 (Income quintile share ratio);575 Vejen;2001 2001;3.01
72 S80/S20 (Income quintile share ratio);580 Aabenraa;2001 2001;3.12
72 S80/S20 (Income quintile share ratio);607 Fredericia;2001 2001;2.92
72 S80/S20 (Income quintile share ratio);615 Horsens;2001 2001;3.12
72 S80/S20 (Income quintile share ratio);621 Kolding;2001 2001;3.23
72 S80/S20 (Income quintile share ratio);630 Vejle;2001 2001;3.21
72 S80/S20 (Income quintile share ratio);657 Herning;2001 2001;3.22
72 S80/S20 (Income quintile share ratio);661 Holstebro;2001 2001;3.45
72 S80/S20 (Income quintile share ratio);665 Lemvig;2001 2001;3.26
72 S80/S20 (Income quintile share ratio);671 Struer;2001 2001;3.05
72 S80/S20 (Income quintile share ratio);706 Syddjurs;2001 2001;3.30
72 S80/S20 (Income quintile share ratio);707 Norddjurs;2001 2001;3.03
72 S80/S20 (Income quintile share ratio);710 Favrskov;2001 2001;2.78
72 S80/S20 (Income quintile share ratio);727 Odder;2001 2001;3.02
72 S80/S20 (Income quintile share ratio);730 Randers;2001 2001;3.01
72 S80/S20 (Income quintile share ratio);740 Silkeborg;2001 2001;3.26
72 S80/S20 (Income quintile share ratio);741 Samsø;2001 2001;3.18
72 S80/S20 (Income quintile share ratio);746 Skanderborg;2001 2001;2.87
72 S80/S20 (Income quintile share ratio);751 Aarhus;2001 2001;3.94
72 S80/S20 (Income quintile share ratio);756 Ikast-Brande;2001 2001;3.23
72 S80/S20 (Income quintile share ratio);760 Ringkøbing-Skjern;2001 2001;3.21
72 S80/S20 (Income quintile share ratio);766 Hedensted;2001 2001;2.92
72 S80/S20 (Income quintile share ratio);773 Morsø;2001 2001;3.11
72 S80/S20 (Income quintile share ratio);779 Skive;2001 2001;3.44
72 S80/S20 (Income quintile share ratio);787 Thisted;2001 2001;3.24
72 S80/S20 (Income quintile share ratio);791 Viborg;2001 2001;3.07
72 S80/S20 (Income quintile share ratio);810 Brønderslev;2001 2001;3.03
72 S80/S20 (Income quintile share ratio);813 Frederikshavn;2001 2001;2.92
72 S80/S20 (Income quintile share ratio);820 Vesthimmerlands;2001 2001;3.12
72 S80/S20 (Income quintile share ratio);825 Læsø;2001 2001;2.85
72 S80/S20 (Income quintile share ratio);840 Rebild;2001 2001;3.17
72 S80/S20 (Income quintile share ratio);846 Mariagerfjord;2001 2001;3.02
72 S80/S20 (Income quintile share ratio);849 Jammerbugt;2001 2001;2.96
72 S80/S20 (Income quintile share ratio);851 Aalborg;2001 2001;3.35
72 S80/S20 (Income quintile share ratio);860 Hjørring;2001 2001;3.14
73 P90/10 (Upper decile boundary divided by lower);000 All Denmark;2001 2001;2.71
73 P90/10 (Upper decile boundary divided by lower);101 Copenhagen;2001 2001;3.15
73 P90/10 (Upper decile boundary divided by lower);147 Frederiksberg;2001 2001;3.38
73 P90/10 (Upper decile boundary divided by lower);151 Ballerup;2001 2001;2.58
73 P90/10 (Upper decile boundary divided by lower);153 Brøndby;2001 2001;2.56
73 P90/10 (Upper decile boundary divided by lower);155 Dragør;2001 2001;2.80
73 P90/10 (Upper decile boundary divided by lower);157 Gentofte;2001 2001;3.98
73 P90/10 (Upper decile boundary divided by lower);159 Gladsaxe;2001 2001;2.76
73 P90/10 (Upper decile boundary divided by lower);161 Glostrup;2001 2001;2.57
73 P90/10 (Upper decile boundary divided by lower);163 Herlev;2001 2001;2.72
73 P90/10 (Upper decile boundary divided by lower);165 Albertslund;2001 2001;2.84
73 P90/10 (Upper decile boundary divided by lower);167 Hvidovre;2001 2001;2.59
73 P90/10 (Upper decile boundary divided by lower);169 Høje-Taastrup;2001 2001;2.69
73 P90/10 (Upper decile boundary divided by lower);173 Lyngby-Taarbæk;2001 2001;3.39
73 P90/10 (Upper decile boundary divided by lower);175 Rødovre;2001 2001;2.52
73 P90/10 (Upper decile boundary divided by lower);183 Ishøj;2001 2001;2.73
73 P90/10 (Upper decile boundary divided by lower);185 Tårnby;2001 2001;2.50
73 P90/10 (Upper decile boundary divided by lower);187 Vallensbæk;2001 2001;2.45
73 P90/10 (Upper decile boundary divided by lower);190 Furesø;2001 2001;2.92
73 P90/10 (Upper decile boundary divided by lower);201 Allerød;2001 2001;2.61
73 P90/10 (Upper decile boundary divided by lower);210 Fredensborg;2001 2001;2.92
73 P90/10 (Upper decile boundary divided by lower);217 Helsingør;2001 2001;2.81
73 P90/10 (Upper decile boundary divided by lower);219 Hillerød;2001 2001;2.67
73 P90/10 (Upper decile boundary divided by lower);223 Hørsholm;2001 2001;3.58
73 P90/10 (Upper decile boundary divided by lower);230 Rudersdal;2001 2001;3.70
73 P90/10 (Upper decile boundary divided by lower);240 Egedal;2001 2001;2.37
73 P90/10 (Upper decile boundary divided by lower);250 Frederikssund;2001 2001;2.49
73 P90/10 (Upper decile boundary divided by lower);253 Greve;2001 2001;2.68
73 P90/10 (Upper decile boundary divided by lower);259 Køge;2001 2001;2.56
73 P90/10 (Upper decile boundary divided by lower);260 Halsnæs;2001 2001;2.43
73 P90/10 (Upper decile boundary divided by lower);265 Roskilde;2001 2001;2.79
73 P90/10 (Upper decile boundary divided by lower);269 Solrød;2001 2001;2.59
73 P90/10 (Upper decile boundary divided by lower);270 Gribskov;2001 2001;2.56
73 P90/10 (Upper decile boundary divided by lower);306 Odsherred;2001 2001;2.42
73 P90/10 (Upper decile boundary divided by lower);316 Holbæk;2001 2001;2.56
73 P90/10 (Upper decile boundary divided by lower);320 Faxe;2001 2001;2.46
73 P90/10 (Upper decile boundary divided by lower);326 Kalundborg;2001 2001;2.50
73 P90/10 (Upper decile boundary divided by lower);329 Ringsted;2001 2001;2.53
73 P90/10 (Upper decile boundary divided by lower);330 Slagelse;2001 2001;2.50
73 P90/10 (Upper decile boundary divided by lower);336 Stevns;2001 2001;2.50
73 P90/10 (Upper decile boundary divided by lower);340 Sorø;2001 2001;2.44
73 P90/10 (Upper decile boundary divided by lower);350 Lejre;2001 2001;2.51
73 P90/10 (Upper decile boundary divided by lower);360 Lolland;2001 2001;2.40
73 P90/10 (Upper decile boundary divided by lower);370 Næstved;2001 2001;2.47
73 P90/10 (Upper decile boundary divided by lower);376 Guldborgsund;2001 2001;2.45
73 P90/10 (Upper decile boundary divided by lower);390 Vordingborg;2001 2001;2.46
73 P90/10 (Upper decile boundary divided by lower);400 Bornholm;2001 2001;2.33
73 P90/10 (Upper decile boundary divided by lower);410 Middelfart;2001 2001;2.40
73 P90/10 (Upper decile boundary divided by lower);420 Assens;2001 2001;2.34
73 P90/10 (Upper decile boundary divided by lower);430 Faaborg-Midtfyn;2001 2001;2.35
73 P90/10 (Upper decile boundary divided by lower);440 Kerteminde;2001 2001;2.36
73 P90/10 (Upper decile boundary divided by lower);450 Nyborg;2001 2001;2.35
73 P90/10 (Upper decile boundary divided by lower);461 Odense;2001 2001;2.78
73 P90/10 (Upper decile boundary divided by lower);479 Svendborg;2001 2001;2.57
73 P90/10 (Upper decile boundary divided by lower);480 Nordfyns;2001 2001;2.35
73 P90/10 (Upper decile boundary divided by lower);482 Langeland;2001 2001;2.32
73 P90/10 (Upper decile boundary divided by lower);492 Ærø;2001 2001;2.53
73 P90/10 (Upper decile boundary divided by lower);510 Haderslev;2001 2001;2.41
73 P90/10 (Upper decile boundary divided by lower);530 Billund;2001 2001;2.34
73 P90/10 (Upper decile boundary divided by lower);540 Sønderborg;2001 2001;2.45
73 P90/10 (Upper decile boundary divided by lower);550 Tønder;2001 2001;2.42
73 P90/10 (Upper decile boundary divided by lower);561 Esbjerg;2001 2001;2.51
73 P90/10 (Upper decile boundary divided by lower);563 Fanø;2001 2001;2.73
73 P90/10 (Upper decile boundary divided by lower);573 Varde;2001 2001;2.40
73 P90/10 (Upper decile boundary divided by lower);575 Vejen;2001 2001;2.38
73 P90/10 (Upper decile boundary divided by lower);580 Aabenraa;2001 2001;2.46
73 P90/10 (Upper decile boundary divided by lower);607 Fredericia;2001 2001;2.43
73 P90/10 (Upper decile boundary divided by lower);615 Horsens;2001 2001;2.48
73 P90/10 (Upper decile boundary divided by lower);621 Kolding;2001 2001;2.56
73 P90/10 (Upper decile boundary divided by lower);630 Vejle;2001 2001;2.56
73 P90/10 (Upper decile boundary divided by lower);657 Herning;2001 2001;2.47
73 P90/10 (Upper decile boundary divided by lower);661 Holstebro;2001 2001;2.49
73 P90/10 (Upper decile boundary divided by lower);665 Lemvig;2001 2001;2.48
73 P90/10 (Upper decile boundary divided by lower);671 Struer;2001 2001;2.43
73 P90/10 (Upper decile boundary divided by lower);706 Syddjurs;2001 2001;2.41
73 P90/10 (Upper decile boundary divided by lower);707 Norddjurs;2001 2001;2.41
73 P90/10 (Upper decile boundary divided by lower);710 Favrskov;2001 2001;2.31
73 P90/10 (Upper decile boundary divided by lower);727 Odder;2001 2001;2.40
73 P90/10 (Upper decile boundary divided by lower);730 Randers;2001 2001;2.43
73 P90/10 (Upper decile boundary divided by lower);740 Silkeborg;2001 2001;2.46
73 P90/10 (Upper decile boundary divided by lower);741 Samsø;2001 2001;2.44
73 P90/10 (Upper decile boundary divided by lower);746 Skanderborg;2001 2001;2.38
73 P90/10 (Upper decile boundary divided by lower);751 Aarhus;2001 2001;3.15
73 P90/10 (Upper decile boundary divided by lower);756 Ikast-Brande;2001 2001;2.37
73 P90/10 (Upper decile boundary divided by lower);760 Ringkøbing-Skjern;2001 2001;2.41
73 P90/10 (Upper decile boundary divided by lower);766 Hedensted;2001 2001;2.33
73 P90/10 (Upper decile boundary divided by lower);773 Morsø;2001 2001;2.39
73 P90/10 (Upper decile boundary divided by lower);779 Skive;2001 2001;2.41
73 P90/10 (Upper decile boundary divided by lower);787 Thisted;2001 2001;2.45
73 P90/10 (Upper decile boundary divided by lower);791 Viborg;2001 2001;2.42
73 P90/10 (Upper decile boundary divided by lower);810 Brønderslev;2001 2001;2.40
73 P90/10 (Upper decile boundary divided by lower);813 Frederikshavn;2001 2001;2.36
73 P90/10 (Upper decile boundary divided by lower);820 Vesthimmerlands;2001 2001;2.46
73 P90/10 (Upper decile boundary divided by lower);825 Læsø;2001 2001;2.27
73 P90/10 (Upper decile boundary divided by lower);840 Rebild;2001 2001;2.46
73 P90/10 (Upper decile boundary divided by lower);846 Mariagerfjord;2001 2001;2.43
73 P90/10 (Upper decile boundary divided by lower);849 Jammerbugt;2001 2001;2.39
73 P90/10 (Upper decile boundary divided by lower);851 Aalborg;2001 2001;2.68
73 P90/10 (Upper decile boundary divided by lower);860 Hjørring;2001 2001;2.43
70 Gini coefficient;000 All Denmark;2001 2001;24.40
70 Gini coefficient;101 Copenhagen;2001 2001;26.53
70 Gini coefficient;147 Frederiksberg;2001 2001;28.51
70 Gini coefficient;151 Ballerup;2001 2001;21.39
70 Gini coefficient;153 Brøndby;2001 2001;21.72
70 Gini coefficient;155 Dragør;2001 2001;23.23
70 Gini coefficient;157 Gentofte;2001 2001;36.68
70 Gini coefficient;159 Gladsaxe;2001 2001;23.26
70 Gini coefficient;161 Glostrup;2001 2001;21.32
70 Gini coefficient;163 Herlev;2001 2001;22.55
70 Gini coefficient;165 Albertslund;2001 2001;22.94
70 Gini coefficient;167 Hvidovre;2001 2001;21.10
70 Gini coefficient;169 Høje-Taastrup;2001 2001;22.23
70 Gini coefficient;173 Lyngby-Taarbæk;2001 2001;29.47
70 Gini coefficient;175 Rødovre;2001 2001;20.94
70 Gini coefficient;183 Ishøj;2001 2001;22.17
70 Gini coefficient;185 Tårnby;2001 2001;19.97
70 Gini coefficient;187 Vallensbæk;2001 2001;20.13
70 Gini coefficient;190 Furesø;2001 2001;25.40
70 Gini coefficient;201 Allerød;2001 2001;22.42
70 Gini coefficient;210 Fredensborg;2001 2001;26.24
70 Gini coefficient;217 Helsingør;2001 2001;25.06
70 Gini coefficient;219 Hillerød;2001 2001;23.00
70 Gini coefficient;223 Hørsholm;2001 2001;32.44
70 Gini coefficient;230 Rudersdal;2001 2001;34.55
70 Gini coefficient;240 Egedal;2001 2001;20.59
70 Gini coefficient;250 Frederikssund;2001 2001;21.57
70 Gini coefficient;253 Greve;2001 2001;22.28
70 Gini coefficient;259 Køge;2001 2001;21.49
70 Gini coefficient;260 Halsnæs;2001 2001;20.33
70 Gini coefficient;265 Roskilde;2001 2001;23.45
70 Gini coefficient;269 Solrød;2001 2001;22.36
70 Gini coefficient;270 Gribskov;2001 2001;22.66
70 Gini coefficient;306 Odsherred;2001 2001;21.13
70 Gini coefficient;316 Holbæk;2001 2001;22.19
70 Gini coefficient;320 Faxe;2001 2001;21.24
70 Gini coefficient;326 Kalundborg;2001 2001;21.99
70 Gini coefficient;329 Ringsted;2001 2001;22.43
70 Gini coefficient;330 Slagelse;2001 2001;21.61
70 Gini coefficient;336 Stevns;2001 2001;21.63
70 Gini coefficient;340 Sorø;2001 2001;21.94
70 Gini coefficient;350 Lejre;2001 2001;21.42
70 Gini coefficient;360 Lolland;2001 2001;21.84
70 Gini coefficient;370 Næstved;2001 2001;21.53
70 Gini coefficient;376 Guldborgsund;2001 2001;21.79
70 Gini coefficient;390 Vordingborg;2001 2001;22.12
70 Gini coefficient;400 Bornholm;2001 2001;21.00
70 Gini coefficient;410 Middelfart;2001 2001;21.37
70 Gini coefficient;420 Assens;2001 2001;21.17
70 Gini coefficient;430 Faaborg-Midtfyn;2001 2001;21.51
70 Gini coefficient;440 Kerteminde;2001 2001;21.04
70 Gini coefficient;450 Nyborg;2001 2001;21.05
70 Gini coefficient;461 Odense;2001 2001;23.79
70 Gini coefficient;479 Svendborg;2001 2001;23.06
70 Gini coefficient;480 Nordfyns;2001 2001;21.35
70 Gini coefficient;482 Langeland;2001 2001;21.01
70 Gini coefficient;492 Ærø;2001 2001;23.75
70 Gini coefficient;510 Haderslev;2001 2001;22.07
70 Gini coefficient;530 Billund;2001 2001;21.98
70 Gini coefficient;540 Sønderborg;2001 2001;22.33
70 Gini coefficient;550 Tønder;2001 2001;22.86
70 Gini coefficient;561 Esbjerg;2001 2001;22.32
70 Gini coefficient;563 Fanø;2001 2001;23.83
70 Gini coefficient;573 Varde;2001 2001;21.76
70 Gini coefficient;575 Vejen;2001 2001;21.66
70 Gini coefficient;580 Aabenraa;2001 2001;22.33
70 Gini coefficient;607 Fredericia;2001 2001;20.83
70 Gini coefficient;615 Horsens;2001 2001;22.51
70 Gini coefficient;621 Kolding;2001 2001;22.98
70 Gini coefficient;630 Vejle;2001 2001;22.73
70 Gini coefficient;657 Herning;2001 2001;23.10
70 Gini coefficient;661 Holstebro;2001 2001;24.30
70 Gini coefficient;665 Lemvig;2001 2001;22.99
70 Gini coefficient;671 Struer;2001 2001;21.84
70 Gini coefficient;706 Syddjurs;2001 2001;23.04
70 Gini coefficient;707 Norddjurs;2001 2001;21.70
70 Gini coefficient;710 Favrskov;2001 2001;20.11
70 Gini coefficient;727 Odder;2001 2001;21.86
70 Gini coefficient;730 Randers;2001 2001;21.75
70 Gini coefficient;740 Silkeborg;2001 2001;23.61
70 Gini coefficient;741 Samsø;2001 2001;23.19
70 Gini coefficient;746 Skanderborg;2001 2001;20.71
70 Gini coefficient;751 Aarhus;2001 2001;26.35
70 Gini coefficient;756 Ikast-Brande;2001 2001;23.00
70 Gini coefficient;760 Ringkøbing-Skjern;2001 2001;23.27
70 Gini coefficient;766 Hedensted;2001 2001;21.10
70 Gini coefficient;773 Morsø;2001 2001;22.55
70 Gini coefficient;779 Skive;2001 2001;24.90
70 Gini coefficient;787 Thisted;2001 2001;23.38
70 Gini coefficient;791 Viborg;2001 2001;21.82
70 Gini coefficient;810 Brønderslev;2001 2001;21.96
70 Gini coefficient;813 Frederikshavn;2001 2001;21.11
70 Gini coefficient;820 Vesthimmerlands;2001 2001;22.20
70 Gini coefficient;825 Læsø;2001 2001;20.87
70 Gini coefficient;840 Rebild;2001 2001;22.73
70 Gini coefficient;846 Mariagerfjord;2001 2001;21.78
70 Gini coefficient;849 Jammerbugt;2001 2001;21.37
70 Gini coefficient;851 Aalborg;2001 2001;23.44
70 Gini coefficient;860 Hjørring;2001 2001;22.51
71 Hoover index;000 All Denmark;2001 2001;16.71
71 Hoover index;101 Copenhagen;2001 2001;18.62
71 Hoover index;147 Frederiksberg;2001 2001;19.80
71 Hoover index;151 Ballerup;2001 2001;14.95
71 Hoover index;153 Brøndby;2001 2001;15.35
71 Hoover index;155 Dragør;2001 2001;15.84
71 Hoover index;157 Gentofte;2001 2001;24.77
71 Hoover index;159 Gladsaxe;2001 2001;16.17
71 Hoover index;161 Glostrup;2001 2001;14.91
71 Hoover index;163 Herlev;2001 2001;15.77
71 Hoover index;165 Albertslund;2001 2001;16.11
71 Hoover index;167 Hvidovre;2001 2001;14.79
71 Hoover index;169 Høje-Taastrup;2001 2001;15.53
71 Hoover index;173 Lyngby-Taarbæk;2001 2001;20.10
71 Hoover index;175 Rødovre;2001 2001;14.60
71 Hoover index;183 Ishøj;2001 2001;15.62
71 Hoover index;185 Tårnby;2001 2001;13.89
71 Hoover index;187 Vallensbæk;2001 2001;13.87
71 Hoover index;190 Furesø;2001 2001;17.38
71 Hoover index;201 Allerød;2001 2001;15.30
71 Hoover index;210 Fredensborg;2001 2001;17.88
71 Hoover index;217 Helsingør;2001 2001;17.20
71 Hoover index;219 Hillerød;2001 2001;15.77
71 Hoover index;223 Hørsholm;2001 2001;22.16
71 Hoover index;230 Rudersdal;2001 2001;23.44
71 Hoover index;240 Egedal;2001 2001;14.02
71 Hoover index;250 Frederikssund;2001 2001;14.80
71 Hoover index;253 Greve;2001 2001;15.34
71 Hoover index;259 Køge;2001 2001;14.89
71 Hoover index;260 Halsnæs;2001 2001;14.06
71 Hoover index;265 Roskilde;2001 2001;16.11
71 Hoover index;269 Solrød;2001 2001;15.25
71 Hoover index;270 Gribskov;2001 2001;15.42
71 Hoover index;306 Odsherred;2001 2001;14.58
71 Hoover index;316 Holbæk;2001 2001;15.32
71 Hoover index;320 Faxe;2001 2001;14.66
71 Hoover index;326 Kalundborg;2001 2001;15.16
71 Hoover index;329 Ringsted;2001 2001;15.39
71 Hoover index;330 Slagelse;2001 2001;14.96
71 Hoover index;336 Stevns;2001 2001;14.86
71 Hoover index;340 Sorø;2001 2001;14.98
71 Hoover index;350 Lejre;2001 2001;14.71
71 Hoover index;360 Lolland;2001 2001;15.18
71 Hoover index;370 Næstved;2001 2001;14.83
71 Hoover index;376 Guldborgsund;2001 2001;15.09
71 Hoover index;390 Vordingborg;2001 2001;15.23
71 Hoover index;400 Bornholm;2001 2001;14.47
71 Hoover index;410 Middelfart;2001 2001;14.68
71 Hoover index;420 Assens;2001 2001;14.48
71 Hoover index;430 Faaborg-Midtfyn;2001 2001;14.70
71 Hoover index;440 Kerteminde;2001 2001;14.38
71 Hoover index;450 Nyborg;2001 2001;14.41
71 Hoover index;461 Odense;2001 2001;16.46
71 Hoover index;479 Svendborg;2001 2001;15.80
71 Hoover index;480 Nordfyns;2001 2001;14.53
71 Hoover index;482 Langeland;2001 2001;14.55
71 Hoover index;492 Ærø;2001 2001;16.28
71 Hoover index;510 Haderslev;2001 2001;15.06
71 Hoover index;530 Billund;2001 2001;14.87
71 Hoover index;540 Sønderborg;2001 2001;15.25
71 Hoover index;550 Tønder;2001 2001;15.46
71 Hoover index;561 Esbjerg;2001 2001;15.28
71 Hoover index;563 Fanø;2001 2001;16.32
71 Hoover index;573 Varde;2001 2001;14.76
71 Hoover index;575 Vejen;2001 2001;14.75
71 Hoover index;580 Aabenraa;2001 2001;15.22
71 Hoover index;607 Fredericia;2001 2001;14.31
71 Hoover index;615 Horsens;2001 2001;15.40
71 Hoover index;621 Kolding;2001 2001;15.68
71 Hoover index;630 Vejle;2001 2001;15.53
71 Hoover index;657 Herning;2001 2001;15.60
71 Hoover index;661 Holstebro;2001 2001;16.21
71 Hoover index;665 Lemvig;2001 2001;15.57
71 Hoover index;671 Struer;2001 2001;14.78
71 Hoover index;706 Syddjurs;2001 2001;15.48
71 Hoover index;707 Norddjurs;2001 2001;14.85
71 Hoover index;710 Favrskov;2001 2001;13.73
71 Hoover index;727 Odder;2001 2001;14.88
71 Hoover index;730 Randers;2001 2001;14.93
71 Hoover index;740 Silkeborg;2001 2001;15.94
71 Hoover index;741 Samsø;2001 2001;15.84
71 Hoover index;746 Skanderborg;2001 2001;14.19
72 S80/S20 (Income quintile share ratio);661 Holstebro;2018 2018;3.72
72 S80/S20 (Income quintile share ratio);665 Lemvig;2018 2018;3.76
72 S80/S20 (Income quintile share ratio);671 Struer;2018 2018;3.42
72 S80/S20 (Income quintile share ratio);706 Syddjurs;2018 2018;3.71
72 S80/S20 (Income quintile share ratio);707 Norddjurs;2018 2018;3.53
72 S80/S20 (Income quintile share ratio);710 Favrskov;2018 2018;3.33
72 S80/S20 (Income quintile share ratio);727 Odder;2018 2018;3.59
72 S80/S20 (Income quintile share ratio);730 Randers;2018 2018;3.60
72 S80/S20 (Income quintile share ratio);740 Silkeborg;2018 2018;3.74
72 S80/S20 (Income quintile share ratio);741 Samsø;2018 2018;4.01
72 S80/S20 (Income quintile share ratio);746 Skanderborg;2018 2018;3.51
72 S80/S20 (Income quintile share ratio);751 Aarhus;2018 2018;5.73
72 S80/S20 (Income quintile share ratio);756 Ikast-Brande;2018 2018;3.49
72 S80/S20 (Income quintile share ratio);760 Ringkøbing-Skjern;2018 2018;3.71
72 S80/S20 (Income quintile share ratio);766 Hedensted;2018 2018;3.39
72 S80/S20 (Income quintile share ratio);773 Morsø;2018 2018;3.61
72 S80/S20 (Income quintile share ratio);779 Skive;2018 2018;3.41
72 S80/S20 (Income quintile share ratio);787 Thisted;2018 2018;3.56
72 S80/S20 (Income quintile share ratio);791 Viborg;2018 2018;3.67
72 S80/S20 (Income quintile share ratio);810 Brønderslev;2018 2018;3.62
72 S80/S20 (Income quintile share ratio);813 Frederikshavn;2018 2018;3.66
72 S80/S20 (Income quintile share ratio);820 Vesthimmerlands;2018 2018;3.66
72 S80/S20 (Income quintile share ratio);825 Læsø;2018 2018;3.49
72 S80/S20 (Income quintile share ratio);840 Rebild;2018 2018;3.49
72 S80/S20 (Income quintile share ratio);846 Mariagerfjord;2018 2018;3.56
72 S80/S20 (Income quintile share ratio);849 Jammerbugt;2018 2018;3.72
72 S80/S20 (Income quintile share ratio);851 Aalborg;2018 2018;4.62
72 S80/S20 (Income quintile share ratio);860 Hjørring;2018 2018;3.84
73 P90/10 (Upper decile boundary divided by lower);000 All Denmark;2018 2018;3.31
73 P90/10 (Upper decile boundary divided by lower);101 Copenhagen;2018 2018;4.41
73 P90/10 (Upper decile boundary divided by lower);147 Frederiksberg;2018 2018;4.44
73 P90/10 (Upper decile boundary divided by lower);151 Ballerup;2018 2018;3.10
73 P90/10 (Upper decile boundary divided by lower);153 Brøndby;2018 2018;3.15
73 P90/10 (Upper decile boundary divided by lower);155 Dragør;2018 2018;3.21
73 P90/10 (Upper decile boundary divided by lower);157 Gentofte;2018 2018;5.79
73 P90/10 (Upper decile boundary divided by lower);159 Gladsaxe;2018 2018;3.69
73 P90/10 (Upper decile boundary divided by lower);161 Glostrup;2018 2018;3.15
73 P90/10 (Upper decile boundary divided by lower);163 Herlev;2018 2018;3.11
73 P90/10 (Upper decile boundary divided by lower);165 Albertslund;2018 2018;3.18
73 P90/10 (Upper decile boundary divided by lower);167 Hvidovre;2018 2018;3.13
73 P90/10 (Upper decile boundary divided by lower);169 Høje-Taastrup;2018 2018;3.22
73 P90/10 (Upper decile boundary divided by lower);173 Lyngby-Taarbæk;2018 2018;4.54
73 P90/10 (Upper decile boundary divided by lower);175 Rødovre;2018 2018;3.15
73 P90/10 (Upper decile boundary divided by lower);183 Ishøj;2018 2018;3.13
73 P90/10 (Upper decile boundary divided by lower);185 Tårnby;2018 2018;3.01
73 P90/10 (Upper decile boundary divided by lower);187 Vallensbæk;2018 2018;3.07
73 P90/10 (Upper decile boundary divided by lower);190 Furesø;2018 2018;3.63
73 P90/10 (Upper decile boundary divided by lower);201 Allerød;2018 2018;3.01
73 P90/10 (Upper decile boundary divided by lower);210 Fredensborg;2018 2018;3.42
73 P90/10 (Upper decile boundary divided by lower);217 Helsingør;2018 2018;3.32
73 P90/10 (Upper decile boundary divided by lower);219 Hillerød;2018 2018;3.17
73 P90/10 (Upper decile boundary divided by lower);223 Hørsholm;2018 2018;4.44
73 P90/10 (Upper decile boundary divided by lower);230 Rudersdal;2018 2018;4.62
73 P90/10 (Upper decile boundary divided by lower);240 Egedal;2018 2018;2.68
73 P90/10 (Upper decile boundary divided by lower);250 Frederikssund;2018 2018;2.85
73 P90/10 (Upper decile boundary divided by lower);253 Greve;2018 2018;3.01
73 P90/10 (Upper decile boundary divided by lower);259 Køge;2018 2018;2.95
73 P90/10 (Upper decile boundary divided by lower);260 Halsnæs;2018 2018;2.68
73 P90/10 (Upper decile boundary divided by lower);265 Roskilde;2018 2018;3.40
73 P90/10 (Upper decile boundary divided by lower);269 Solrød;2018 2018;3.00
73 P90/10 (Upper decile boundary divided by lower);270 Gribskov;2018 2018;2.93
73 P90/10 (Upper decile boundary divided by lower);306 Odsherred;2018 2018;2.68
73 P90/10 (Upper decile boundary divided by lower);316 Holbæk;2018 2018;2.93
73 P90/10 (Upper decile boundary divided by lower);320 Faxe;2018 2018;2.80
73 P90/10 (Upper decile boundary divided by lower);326 Kalundborg;2018 2018;2.86
73 P90/10 (Upper decile boundary divided by lower);329 Ringsted;2018 2018;2.93
73 P90/10 (Upper decile boundary divided by lower);330 Slagelse;2018 2018;3.02
73 P90/10 (Upper decile boundary divided by lower);336 Stevns;2018 2018;2.82
73 P90/10 (Upper decile boundary divided by lower);340 Sorø;2018 2018;2.84
73 P90/10 (Upper decile boundary divided by lower);350 Lejre;2018 2018;2.72
73 P90/10 (Upper decile boundary divided by lower);360 Lolland;2018 2018;2.69
73 P90/10 (Upper decile boundary divided by lower);370 Næstved;2018 2018;2.95
73 P90/10 (Upper decile boundary divided by lower);376 Guldborgsund;2018 2018;2.83
73 P90/10 (Upper decile boundary divided by lower);390 Vordingborg;2018 2018;2.87
73 P90/10 (Upper decile boundary divided by lower);400 Bornholm;2018 2018;2.51
73 P90/10 (Upper decile boundary divided by lower);410 Middelfart;2018 2018;2.71
73 P90/10 (Upper decile boundary divided by lower);420 Assens;2018 2018;2.63
73 P90/10 (Upper decile boundary divided by lower);430 Faaborg-Midtfyn;2018 2018;2.61
73 P90/10 (Upper decile boundary divided by lower);440 Kerteminde;2018 2018;2.71
73 P90/10 (Upper decile boundary divided by lower);450 Nyborg;2018 2018;2.67
73 P90/10 (Upper decile boundary divided by lower);461 Odense;2018 2018;3.63
73 P90/10 (Upper decile boundary divided by lower);479 Svendborg;2018 2018;3.07
73 P90/10 (Upper decile boundary divided by lower);480 Nordfyns;2018 2018;2.58
73 P90/10 (Upper decile boundary divided by lower);482 Langeland;2018 2018;2.57
73 P90/10 (Upper decile boundary divided by lower);492 Ærø;2018 2018;2.91
73 P90/10 (Upper decile boundary divided by lower);510 Haderslev;2018 2018;2.80
73 P90/10 (Upper decile boundary divided by lower);530 Billund;2018 2018;2.70
73 P90/10 (Upper decile boundary divided by lower);540 Sønderborg;2018 2018;2.80
73 P90/10 (Upper decile boundary divided by lower);550 Tønder;2018 2018;2.69
73 P90/10 (Upper decile boundary divided by lower);561 Esbjerg;2018 2018;2.96
73 P90/10 (Upper decile boundary divided by lower);563 Fanø;2018 2018;2.83
73 P90/10 (Upper decile boundary divided by lower);573 Varde;2018 2018;2.63
73 P90/10 (Upper decile boundary divided by lower);575 Vejen;2018 2018;2.61
73 P90/10 (Upper decile boundary divided by lower);580 Aabenraa;2018 2018;2.76
73 P90/10 (Upper decile boundary divided by lower);607 Fredericia;2018 2018;2.98
73 P90/10 (Upper decile boundary divided by lower);615 Horsens;2018 2018;2.93
73 P90/10 (Upper decile boundary divided by lower);621 Kolding;2018 2018;3.02
73 P90/10 (Upper decile boundary divided by lower);630 Vejle;2018 2018;2.97
73 P90/10 (Upper decile boundary divided by lower);657 Herning;2018 2018;2.85
73 P90/10 (Upper decile boundary divided by lower);661 Holstebro;2018 2018;2.79
73 P90/10 (Upper decile boundary divided by lower);665 Lemvig;2018 2018;2.64
73 P90/10 (Upper decile boundary divided by lower);671 Struer;2018 2018;2.64
73 P90/10 (Upper decile boundary divided by lower);706 Syddjurs;2018 2018;2.73
73 P90/10 (Upper decile boundary divided by lower);707 Norddjurs;2018 2018;2.73
73 P90/10 (Upper decile boundary divided by lower);710 Favrskov;2018 2018;2.60
73 P90/10 (Upper decile boundary divided by lower);727 Odder;2018 2018;2.76
73 P90/10 (Upper decile boundary divided by lower);730 Randers;2018 2018;2.85
73 P90/10 (Upper decile boundary divided by lower);740 Silkeborg;2018 2018;2.85
73 P90/10 (Upper decile boundary divided by lower);741 Samsø;2018 2018;2.72
73 P90/10 (Upper decile boundary divided by lower);746 Skanderborg;2018 2018;2.73
73 P90/10 (Upper decile boundary divided by lower);751 Aarhus;2018 2018;4.21
73 P90/10 (Upper decile boundary divided by lower);756 Ikast-Brande;2018 2018;2.66
73 P90/10 (Upper decile boundary divided by lower);760 Ringkøbing-Skjern;2018 2018;2.60
73 P90/10 (Upper decile boundary divided by lower);766 Hedensted;2018 2018;2.58
73 P90/10 (Upper decile boundary divided by lower);773 Morsø;2018 2018;2.58
73 P90/10 (Upper decile boundary divided by lower);779 Skive;2018 2018;2.62
73 P90/10 (Upper decile boundary divided by lower);787 Thisted;2018 2018;2.64
73 P90/10 (Upper decile boundary divided by lower);791 Viborg;2018 2018;2.76
73 P90/10 (Upper decile boundary divided by lower);810 Brønderslev;2018 2018;2.64
73 P90/10 (Upper decile boundary divided by lower);813 Frederikshavn;2018 2018;2.68
73 P90/10 (Upper decile boundary divided by lower);820 Vesthimmerlands;2018 2018;2.62
73 P90/10 (Upper decile boundary divided by lower);825 Læsø;2018 2018;2.47
73 P90/10 (Upper decile boundary divided by lower);840 Rebild;2018 2018;2.66
73 P90/10 (Upper decile boundary divided by lower);846 Mariagerfjord;2018 2018;2.70
73 P90/10 (Upper decile boundary divided by lower);849 Jammerbugt;2018 2018;2.62
73 P90/10 (Upper decile boundary divided by lower);851 Aalborg;2018 2018;3.52
73 P90/10 (Upper decile boundary divided by lower);860 Hjørring;2018 2018;2.69
70 Gini coefficient;000 All Denmark;2023 2023;30.61
70 Gini coefficient;101 Copenhagen;2023 2023;34.98
70 Gini coefficient;147 Frederiksberg;2023 2023;36.65
70 Gini coefficient;151 Ballerup;2023 2023;26.99
70 Gini coefficient;153 Brøndby;2023 2023;25.46
70 Gini coefficient;155 Dragør;2023 2023;29.65
70 Gini coefficient;157 Gentofte;2023 2023;54.16
70 Gini coefficient;159 Gladsaxe;2023 2023;29.82
70 Gini coefficient;161 Glostrup;2023 2023;25.86
70 Gini coefficient;163 Herlev;2023 2023;26.10
70 Gini coefficient;165 Albertslund;2023 2023;24.57
70 Gini coefficient;167 Hvidovre;2023 2023;25.84
70 Gini coefficient;169 Høje-Taastrup;2023 2023;25.69
70 Gini coefficient;173 Lyngby-Taarbæk;2023 2023;40.78
70 Gini coefficient;175 Rødovre;2023 2023;26.39
70 Gini coefficient;183 Ishøj;2023 2023;24.60
70 Gini coefficient;185 Tårnby;2023 2023;24.66
70 Gini coefficient;187 Vallensbæk;2023 2023;25.85
70 Gini coefficient;190 Furesø;2023 2023;30.51
70 Gini coefficient;201 Allerød;2023 2023;26.45
70 Gini coefficient;210 Fredensborg;2023 2023;31.82
70 Gini coefficient;217 Helsingør;2023 2023;30.30
70 Gini coefficient;219 Hillerød;2023 2023;27.23
70 Gini coefficient;223 Hørsholm;2023 2023;38.90
70 Gini coefficient;230 Rudersdal;2023 2023;43.53
70 Gini coefficient;240 Egedal;2023 2023;24.41
70 Gini coefficient;250 Frederikssund;2023 2023;25.22
70 Gini coefficient;253 Greve;2023 2023;26.86
70 Gini coefficient;259 Køge;2023 2023;26.41
70 Gini coefficient;260 Halsnæs;2023 2023;23.60
70 Gini coefficient;265 Roskilde;2023 2023;29.29
70 Gini coefficient;269 Solrød;2023 2023;27.11
70 Gini coefficient;270 Gribskov;2023 2023;27.05
70 Gini coefficient;306 Odsherred;2023 2023;24.94
70 Gini coefficient;316 Holbæk;2023 2023;25.79
70 Gini coefficient;320 Faxe;2023 2023;24.60
70 Gini coefficient;326 Kalundborg;2023 2023;27.73
70 Gini coefficient;329 Ringsted;2023 2023;25.30
70 Gini coefficient;330 Slagelse;2023 2023;24.90
70 Gini coefficient;336 Stevns;2023 2023;25.04
70 Gini coefficient;340 Sorø;2023 2023;25.15
70 Gini coefficient;350 Lejre;2023 2023;25.68
70 Gini coefficient;360 Lolland;2023 2023;26.67
70 Gini coefficient;370 Næstved;2023 2023;25.36
70 Gini coefficient;376 Guldborgsund;2023 2023;25.72
70 Gini coefficient;390 Vordingborg;2023 2023;25.54
70 Gini coefficient;400 Bornholm;2023 2023;23.99
70 Gini coefficient;410 Middelfart;2023 2023;27.51
70 Gini coefficient;420 Assens;2023 2023;24.42
70 Gini coefficient;430 Faaborg-Midtfyn;2023 2023;23.82
70 Gini coefficient;440 Kerteminde;2023 2023;27.43
70 Gini coefficient;450 Nyborg;2023 2023;25.52
70 Gini coefficient;461 Odense;2023 2023;29.02
70 Gini coefficient;479 Svendborg;2023 2023;27.68
70 Gini coefficient;480 Nordfyns;2023 2023;25.56
70 Gini coefficient;482 Langeland;2023 2023;26.23
70 Gini coefficient;492 Ærø;2023 2023;27.67
70 Gini coefficient;510 Haderslev;2023 2023;25.54
70 Gini coefficient;530 Billund;2023 2023;48.79
70 Gini coefficient;540 Sønderborg;2023 2023;28.17
70 Gini coefficient;550 Tønder;2023 2023;27.95
70 Gini coefficient;561 Esbjerg;2023 2023;27.06
70 Gini coefficient;563 Fanø;2023 2023;25.20
70 Gini coefficient;573 Varde;2023 2023;25.30
70 Gini coefficient;575 Vejen;2023 2023;47.95
70 Gini coefficient;580 Aabenraa;2023 2023;27.32
70 Gini coefficient;607 Fredericia;2023 2023;26.53
70 Gini coefficient;615 Horsens;2023 2023;25.45
70 Gini coefficient;621 Kolding;2023 2023;27.39
70 Gini coefficient;630 Vejle;2023 2023;27.63
70 Gini coefficient;657 Herning;2023 2023;26.31
70 Gini coefficient;661 Holstebro;2023 2023;26.22
70 Gini coefficient;665 Lemvig;2023 2023;29.45
70 Gini coefficient;671 Struer;2023 2023;26.92
70 Gini coefficient;706 Syddjurs;2023 2023;26.33
70 Gini coefficient;707 Norddjurs;2023 2023;25.43
70 Gini coefficient;710 Favrskov;2023 2023;25.50
70 Gini coefficient;727 Odder;2023 2023;25.29
70 Gini coefficient;730 Randers;2023 2023;25.10
70 Gini coefficient;740 Silkeborg;2023 2023;27.04
70 Gini coefficient;741 Samsø;2023 2023;28.70
70 Gini coefficient;746 Skanderborg;2023 2023;24.91
70 Gini coefficient;751 Aarhus;2023 2023;33.65
70 Gini coefficient;756 Ikast-Brande;2023 2023;25.73
70 Gini coefficient;760 Ringkøbing-Skjern;2023 2023;26.56
70 Gini coefficient;766 Hedensted;2023 2023;24.32
70 Gini coefficient;773 Morsø;2023 2023;26.61
70 Gini coefficient;779 Skive;2023 2023;25.41
70 Gini coefficient;787 Thisted;2023 2023;27.36
70 Gini coefficient;791 Viborg;2023 2023;25.47
70 Gini coefficient;810 Brønderslev;2023 2023;25.91
70 Gini coefficient;813 Frederikshavn;2023 2023;25.53
70 Gini coefficient;820 Vesthimmerlands;2023 2023;26.09
70 Gini coefficient;825 Læsø;2023 2023;23.96
70 Gini coefficient;840 Rebild;2023 2023;25.72
70 Gini coefficient;846 Mariagerfjord;2023 2023;25.68
70 Gini coefficient;849 Jammerbugt;2023 2023;24.87
70 Gini coefficient;851 Aalborg;2023 2023;28.65
70 Gini coefficient;860 Hjørring;2023 2023;26.42
71 Hoover index;000 All Denmark;2023 2023;20.90
71 Hoover index;101 Copenhagen;2023 2023;24.02
71 Hoover index;147 Frederiksberg;2023 2023;25.38
71 Hoover index;151 Ballerup;2023 2023;19.01
71 Hoover index;153 Brøndby;2023 2023;17.85
71 Hoover index;155 Dragør;2023 2023;20.08
71 Hoover index;157 Gentofte;2023 2023;38.41
71 Hoover index;159 Gladsaxe;2023 2023;20.95
71 Hoover index;161 Glostrup;2023 2023;18.19
71 Hoover index;163 Herlev;2023 2023;18.33
71 Hoover index;165 Albertslund;2023 2023;17.15
71 Hoover index;167 Hvidovre;2023 2023;18.13
71 Hoover index;169 Høje-Taastrup;2023 2023;17.81
71 Hoover index;173 Lyngby-Taarbæk;2023 2023;27.79
71 Hoover index;175 Rødovre;2023 2023;18.56
71 Hoover index;183 Ishøj;2023 2023;17.07
71 Hoover index;185 Tårnby;2023 2023;17.20
71 Hoover index;187 Vallensbæk;2023 2023;17.74
71 Hoover index;190 Furesø;2023 2023;20.92
71 Hoover index;201 Allerød;2023 2023;17.97
71 Hoover index;210 Fredensborg;2023 2023;21.75
71 Hoover index;217 Helsingør;2023 2023;20.78
71 Hoover index;219 Hillerød;2023 2023;18.71
71 Hoover index;223 Hørsholm;2023 2023;26.90
71 Hoover index;230 Rudersdal;2023 2023;30.04
71 Hoover index;240 Egedal;2023 2023;16.59
71 Hoover index;250 Frederikssund;2023 2023;17.44
71 Hoover index;253 Greve;2023 2023;18.45
71 Hoover index;259 Køge;2023 2023;18.18
71 Hoover index;260 Halsnæs;2023 2023;16.36
71 Hoover index;265 Roskilde;2023 2023;20.03
71 Hoover index;269 Solrød;2023 2023;18.64
71 Hoover index;270 Gribskov;2023 2023;18.45
71 Hoover index;306 Odsherred;2023 2023;17.26
71 Hoover index;316 Holbæk;2023 2023;17.74
71 Hoover index;320 Faxe;2023 2023;16.86
71 Hoover index;326 Kalundborg;2023 2023;19.01
71 Hoover index;329 Ringsted;2023 2023;17.41
71 Hoover index;330 Slagelse;2023 2023;17.33
71 Hoover index;336 Stevns;2023 2023;17.20
71 Hoover index;340 Sorø;2023 2023;17.36
71 Hoover index;350 Lejre;2023 2023;17.49
71 Hoover index;360 Lolland;2023 2023;18.35
71 Hoover index;370 Næstved;2023 2023;17.46
71 Hoover index;376 Guldborgsund;2023 2023;17.68
71 Hoover index;390 Vordingborg;2023 2023;17.61
71 Hoover index;400 Bornholm;2023 2023;16.47
71 Hoover index;410 Middelfart;2023 2023;18.78
71 Hoover index;420 Assens;2023 2023;16.75
71 Hoover index;430 Faaborg-Midtfyn;2023 2023;16.36
71 Hoover index;440 Kerteminde;2023 2023;18.68
71 Hoover index;450 Nyborg;2023 2023;17.55
71 Hoover index;461 Odense;2023 2023;20.05
71 Hoover index;479 Svendborg;2023 2023;18.96
71 Hoover index;480 Nordfyns;2023 2023;17.34
71 Hoover index;482 Langeland;2023 2023;18.02
71 Hoover index;492 Ærø;2023 2023;18.81
71 Hoover index;510 Haderslev;2023 2023;17.54
71 Hoover index;530 Billund;2023 2023;36.18
71 Hoover index;540 Sønderborg;2023 2023;19.17
71 Hoover index;550 Tønder;2023 2023;18.99
71 Hoover index;561 Esbjerg;2023 2023;18.58
71 Hoover index;563 Fanø;2023 2023;17.55
71 Hoover index;573 Varde;2023 2023;17.28
71 Hoover index;575 Vejen;2023 2023;35.77
71 Hoover index;580 Aabenraa;2023 2023;18.60
71 Hoover index;607 Fredericia;2023 2023;18.35
71 Hoover index;615 Horsens;2023 2023;17.42
71 Hoover index;621 Kolding;2023 2023;18.78
71 Hoover index;630 Vejle;2023 2023;18.91
71 Hoover index;657 Herning;2023 2023;17.89
71 Hoover index;661 Holstebro;2023 2023;17.83
71 Hoover index;665 Lemvig;2023 2023;20.07
71 Hoover index;671 Struer;2023 2023;18.25
71 Hoover index;706 Syddjurs;2023 2023;17.81
71 Hoover index;707 Norddjurs;2023 2023;17.40
71 Hoover index;710 Favrskov;2023 2023;17.15
71 Hoover index;727 Odder;2023 2023;17.31
71 Hoover index;730 Randers;2023 2023;17.30
71 Hoover index;740 Silkeborg;2023 2023;18.43
71 Hoover index;741 Samsø;2023 2023;19.45
71 Hoover index;746 Skanderborg;2023 2023;16.94
71 Hoover index;751 Aarhus;2023 2023;23.12
71 Hoover index;756 Ikast-Brande;2023 2023;17.41
71 Hoover index;760 Ringkøbing-Skjern;2023 2023;18.04
71 Hoover index;766 Hedensted;2023 2023;16.63
71 Hoover index;773 Morsø;2023 2023;18.00
71 Hoover index;779 Skive;2023 2023;17.37
71 Hoover index;787 Thisted;2023 2023;18.31
71 Hoover index;791 Viborg;2023 2023;17.40
71 Hoover index;810 Brønderslev;2023 2023;17.45
71 Hoover index;813 Frederikshavn;2023 2023;17.62
71 Hoover index;820 Vesthimmerlands;2023 2023;17.73
71 Hoover index;825 Læsø;2023 2023;16.68
71 Hoover index;840 Rebild;2023 2023;17.47
71 Hoover index;846 Mariagerfjord;2023 2023;17.68
71 Hoover index;849 Jammerbugt;2023 2023;16.99
71 Hoover index;851 Aalborg;2023 2023;19.66
71 Hoover index;860 Hjørring;2023 2023;17.99
72 S80/S20 (Income quintile share ratio);000 All Denmark;2023 2023;4.71
72 S80/S20 (Income quintile share ratio);101 Copenhagen;2023 2023;6.68
72 S80/S20 (Income quintile share ratio);147 Frederiksberg;2023 2023;6.50
72 S80/S20 (Income quintile share ratio);151 Ballerup;2023 2023;3.94
72 S80/S20 (Income quintile share ratio);153 Brøndby;2023 2023;3.75
72 S80/S20 (Income quintile share ratio);155 Dragør;2023 2023;4.60
72 S80/S20 (Income quintile share ratio);157 Gentofte;2023 2023;16.31
72 S80/S20 (Income quintile share ratio);159 Gladsaxe;2023 2023;4.69
72 S80/S20 (Income quintile share ratio);161 Glostrup;2023 2023;3.82
72 S80/S20 (Income quintile share ratio);163 Herlev;2023 2023;3.80
72 S80/S20 (Income quintile share ratio);165 Albertslund;2023 2023;3.61
72 S80/S20 (Income quintile share ratio);167 Hvidovre;2023 2023;3.82
72 S80/S20 (Income quintile share ratio);169 Høje-Taastrup;2023 2023;3.86
72 S80/S20 (Income quintile share ratio);173 Lyngby-Taarbæk;2023 2023;8.04
72 S80/S20 (Income quintile share ratio);175 Rødovre;2023 2023;3.90
72 S80/S20 (Income quintile share ratio);183 Ishøj;2023 2023;3.59
72 S80/S20 (Income quintile share ratio);185 Tårnby;2023 2023;3.65
72 S80/S20 (Income quintile share ratio);187 Vallensbæk;2023 2023;3.91
72 S80/S20 (Income quintile share ratio);190 Furesø;2023 2023;4.80
72 S80/S20 (Income quintile share ratio);201 Allerød;2023 2023;3.95
72 S80/S20 (Income quintile share ratio);210 Fredensborg;2023 2023;4.92
72 S80/S20 (Income quintile share ratio);217 Helsingør;2023 2023;4.53
72 S80/S20 (Income quintile share ratio);219 Hillerød;2023 2023;4.07
72 S80/S20 (Income quintile share ratio);223 Hørsholm;2023 2023;7.26
72 S80/S20 (Income quintile share ratio);230 Rudersdal;2023 2023;8.80
72 S80/S20 (Income quintile share ratio);240 Egedal;2023 2023;3.50
72 S80/S20 (Income quintile share ratio);250 Frederikssund;2023 2023;3.60
72 S80/S20 (Income quintile share ratio);253 Greve;2023 2023;4.00
72 S80/S20 (Income quintile share ratio);259 Køge;2023 2023;3.87
72 S80/S20 (Income quintile share ratio);260 Halsnæs;2023 2023;3.32
72 S80/S20 (Income quintile share ratio);265 Roskilde;2023 2023;4.47
72 S80/S20 (Income quintile share ratio);269 Solrød;2023 2023;3.95
72 S80/S20 (Income quintile share ratio);270 Gribskov;2023 2023;4.01
72 S80/S20 (Income quintile share ratio);306 Odsherred;2023 2023;3.49
72 S80/S20 (Income quintile share ratio);316 Holbæk;2023 2023;3.70
72 S80/S20 (Income quintile share ratio);320 Faxe;2023 2023;3.56
72 S80/S20 (Income quintile share ratio);326 Kalundborg;2023 2023;4.04
72 S80/S20 (Income quintile share ratio);329 Ringsted;2023 2023;3.67
72 S80/S20 (Income quintile share ratio);330 Slagelse;2023 2023;3.57
72 S80/S20 (Income quintile share ratio);336 Stevns;2023 2023;3.57
72 S80/S20 (Income quintile share ratio);340 Sorø;2023 2023;3.56
72 S80/S20 (Income quintile share ratio);350 Lejre;2023 2023;3.71
72 S80/S20 (Income quintile share ratio);360 Lolland;2023 2023;3.68
72 S80/S20 (Income quintile share ratio);370 Næstved;2023 2023;3.67
72 S80/S20 (Income quintile share ratio);376 Guldborgsund;2023 2023;3.68
72 S80/S20 (Income quintile share ratio);390 Vordingborg;2023 2023;3.67
72 S80/S20 (Income quintile share ratio);400 Bornholm;2023 2023;3.32
72 S80/S20 (Income quintile share ratio);410 Middelfart;2023 2023;3.87
72 S80/S20 (Income quintile share ratio);420 Assens;2023 2023;3.39
72 S80/S20 (Income quintile share ratio);430 Faaborg-Midtfyn;2023 2023;3.35
72 S80/S20 (Income quintile share ratio);440 Kerteminde;2023 2023;3.86
72 S80/S20 (Income quintile share ratio);450 Nyborg;2023 2023;3.56
72 S80/S20 (Income quintile share ratio);461 Odense;2023 2023;4.58
72 S80/S20 (Income quintile share ratio);479 Svendborg;2023 2023;4.04
72 S80/S20 (Income quintile share ratio);480 Nordfyns;2023 2023;3.71
72 S80/S20 (Income quintile share ratio);482 Langeland;2023 2023;3.67
72 S80/S20 (Income quintile share ratio);492 Ærø;2023 2023;4.39
72 S80/S20 (Income quintile share ratio);510 Haderslev;2023 2023;3.60
72 S80/S20 (Income quintile share ratio);530 Billund;2023 2023;8.30
72 S80/S20 (Income quintile share ratio);540 Sønderborg;2023 2023;4.18
72 S80/S20 (Income quintile share ratio);550 Tønder;2023 2023;4.06
72 S80/S20 (Income quintile share ratio);561 Esbjerg;2023 2023;3.87
72 S80/S20 (Income quintile share ratio);563 Fanø;2023 2023;3.50
72 S80/S20 (Income quintile share ratio);573 Varde;2023 2023;3.57
72 S80/S20 (Income quintile share ratio);575 Vejen;2023 2023;7.82
72 S80/S20 (Income quintile share ratio);580 Aabenraa;2023 2023;3.94
72 S80/S20 (Income quintile share ratio);607 Fredericia;2023 2023;3.80
72 S80/S20 (Income quintile share ratio);615 Horsens;2023 2023;3.66
72 S80/S20 (Income quintile share ratio);621 Kolding;2023 2023;3.98
72 S80/S20 (Income quintile share ratio);630 Vejle;2023 2023;4.03
72 S80/S20 (Income quintile share ratio);657 Herning;2023 2023;3.77
72 S80/S20 (Income quintile share ratio);661 Holstebro;2023 2023;3.74
72 S80/S20 (Income quintile share ratio);665 Lemvig;2023 2023;4.13
72 S80/S20 (Income quintile share ratio);671 Struer;2023 2023;3.89
72 S80/S20 (Income quintile share ratio);706 Syddjurs;2023 2023;3.88
72 S80/S20 (Income quintile share ratio);707 Norddjurs;2023 2023;3.63
72 S80/S20 (Income quintile share ratio);710 Favrskov;2023 2023;3.70
72 S80/S20 (Income quintile share ratio);727 Odder;2023 2023;3.55
72 S80/S20 (Income quintile share ratio);730 Randers;2023 2023;3.59
72 S80/S20 (Income quintile share ratio);740 Silkeborg;2023 2023;3.88
72 S80/S20 (Income quintile share ratio);741 Samsø;2023 2023;4.27
72 S80/S20 (Income quintile share ratio);746 Skanderborg;2023 2023;3.54
72 S80/S20 (Income quintile share ratio);751 Aarhus;2023 2023;5.80
72 S80/S20 (Income quintile share ratio);756 Ikast-Brande;2023 2023;3.78
72 S80/S20 (Income quintile share ratio);760 Ringkøbing-Skjern;2023 2023;3.77
72 S80/S20 (Income quintile share ratio);766 Hedensted;2023 2023;3.37
72 S80/S20 (Income quintile share ratio);773 Morsø;2023 2023;3.79
72 S80/S20 (Income quintile share ratio);779 Skive;2023 2023;3.51
72 S80/S20 (Income quintile share ratio);787 Thisted;2023 2023;4.10
72 S80/S20 (Income quintile share ratio);791 Viborg;2023 2023;3.66
72 S80/S20 (Income quintile share ratio);810 Brønderslev;2023 2023;3.75
72 S80/S20 (Income quintile share ratio);813 Frederikshavn;2023 2023;3.55
72 S80/S20 (Income quintile share ratio);820 Vesthimmerlands;2023 2023;3.68
72 S80/S20 (Income quintile share ratio);825 Læsø;2023 2023;3.26
72 S80/S20 (Income quintile share ratio);840 Rebild;2023 2023;3.60
72 S80/S20 (Income quintile share ratio);846 Mariagerfjord;2023 2023;3.58
72 S80/S20 (Income quintile share ratio);849 Jammerbugt;2023 2023;3.56
72 S80/S20 (Income quintile share ratio);851 Aalborg;2023 2023;4.43
72 S80/S20 (Income quintile share ratio);860 Hjørring;2023 2023;3.76
73 P90/10 (Upper decile boundary divided by lower);000 All Denmark;2023 2023;3.25
73 P90/10 (Upper decile boundary divided by lower);101 Copenhagen;2023 2023;4.44
73 P90/10 (Upper decile boundary divided by lower);147 Frederiksberg;2023 2023;4.39
73 P90/10 (Upper decile boundary divided by lower);151 Ballerup;2023 2023;3.17
73 P90/10 (Upper decile boundary divided by lower);153 Brøndby;2023 2023;3.05
73 P90/10 (Upper decile boundary divided by lower);155 Dragør;2023 2023;3.29
73 P90/10 (Upper decile boundary divided by lower);157 Gentofte;2023 2023;6.05
73 P90/10 (Upper decile boundary divided by lower);159 Gladsaxe;2023 2023;3.69
73 P90/10 (Upper decile boundary divided by lower);161 Glostrup;2023 2023;3.10
73 P90/10 (Upper decile boundary divided by lower);163 Herlev;2023 2023;3.09
73 P90/10 (Upper decile boundary divided by lower);165 Albertslund;2023 2023;2.97
73 P90/10 (Upper decile boundary divided by lower);167 Hvidovre;2023 2023;3.12
73 P90/10 (Upper decile boundary divided by lower);169 Høje-Taastrup;2023 2023;3.11
73 P90/10 (Upper decile boundary divided by lower);173 Lyngby-Taarbæk;2023 2023;4.65
73 P90/10 (Upper decile boundary divided by lower);175 Rødovre;2023 2023;3.19
73 P90/10 (Upper decile boundary divided by lower);183 Ishøj;2023 2023;2.93
73 P90/10 (Upper decile boundary divided by lower);185 Tårnby;2023 2023;3.03
73 P90/10 (Upper decile boundary divided by lower);187 Vallensbæk;2023 2023;3.06
73 P90/10 (Upper decile boundary divided by lower);190 Furesø;2023 2023;3.54
73 P90/10 (Upper decile boundary divided by lower);201 Allerød;2023 2023;3.06
73 P90/10 (Upper decile boundary divided by lower);210 Fredensborg;2023 2023;3.37
73 P90/10 (Upper decile boundary divided by lower);217 Helsingør;2023 2023;3.20
73 P90/10 (Upper decile boundary divided by lower);219 Hillerød;2023 2023;3.12
73 P90/10 (Upper decile boundary divided by lower);223 Hørsholm;2023 2023;4.50
73 P90/10 (Upper decile boundary divided by lower);230 Rudersdal;2023 2023;4.57
73 P90/10 (Upper decile boundary divided by lower);240 Egedal;2023 2023;2.72
73 P90/10 (Upper decile boundary divided by lower);250 Frederikssund;2023 2023;2.85
73 P90/10 (Upper decile boundary divided by lower);253 Greve;2023 2023;3.08
73 P90/10 (Upper decile boundary divided by lower);259 Køge;2023 2023;2.97
73 P90/10 (Upper decile boundary divided by lower);260 Halsnæs;2023 2023;2.68
73 P90/10 (Upper decile boundary divided by lower);265 Roskilde;2023 2023;3.30
73 P90/10 (Upper decile boundary divided by lower);269 Solrød;2023 2023;3.05
73 P90/10 (Upper decile boundary divided by lower);270 Gribskov;2023 2023;2.95
73 P90/10 (Upper decile boundary divided by lower);306 Odsherred;2023 2023;2.67
73 P90/10 (Upper decile boundary divided by lower);316 Holbæk;2023 2023;2.87
73 P90/10 (Upper decile boundary divided by lower);320 Faxe;2023 2023;2.73
73 P90/10 (Upper decile boundary divided by lower);326 Kalundborg;2023 2023;2.87
73 P90/10 (Upper decile boundary divided by lower);329 Ringsted;2023 2023;2.86
73 P90/10 (Upper decile boundary divided by lower);330 Slagelse;2023 2023;2.90
73 P90/10 (Upper decile boundary divided by lower);336 Stevns;2023 2023;2.74
73 P90/10 (Upper decile boundary divided by lower);340 Sorø;2023 2023;2.81
73 P90/10 (Upper decile boundary divided by lower);350 Lejre;2023 2023;2.80
73 P90/10 (Upper decile boundary divided by lower);360 Lolland;2023 2023;2.61
73 P90/10 (Upper decile boundary divided by lower);370 Næstved;2023 2023;2.85
73 P90/10 (Upper decile boundary divided by lower);376 Guldborgsund;2023 2023;2.75
73 P90/10 (Upper decile boundary divided by lower);390 Vordingborg;2023 2023;2.80
73 P90/10 (Upper decile boundary divided by lower);400 Bornholm;2023 2023;2.51
73 P90/10 (Upper decile boundary divided by lower);410 Middelfart;2023 2023;2.76
73 P90/10 (Upper decile boundary divided by lower);420 Assens;2023 2023;2.59
73 P90/10 (Upper decile boundary divided by lower);430 Faaborg-Midtfyn;2023 2023;2.60
73 P90/10 (Upper decile boundary divided by lower);440 Kerteminde;2023 2023;2.70
73 P90/10 (Upper decile boundary divided by lower);450 Nyborg;2023 2023;2.66
73 P90/10 (Upper decile boundary divided by lower);461 Odense;2023 2023;3.51
73 P90/10 (Upper decile boundary divided by lower);479 Svendborg;2023 2023;3.01
73 P90/10 (Upper decile boundary divided by lower);480 Nordfyns;2023 2023;2.63
73 P90/10 (Upper decile boundary divided by lower);482 Langeland;2023 2023;2.58
73 P90/10 (Upper decile boundary divided by lower);492 Ærø;2023 2023;3.03
73 P90/10 (Upper decile boundary divided by lower);510 Haderslev;2023 2023;2.71
73 P90/10 (Upper decile boundary divided by lower);530 Billund;2023 2023;2.75
73 P90/10 (Upper decile boundary divided by lower);540 Sønderborg;2023 2023;2.83
73 P90/10 (Upper decile boundary divided by lower);550 Tønder;2023 2023;2.74
73 P90/10 (Upper decile boundary divided by lower);561 Esbjerg;2023 2023;2.84
73 P90/10 (Upper decile boundary divided by lower);563 Fanø;2023 2023;2.76
73 P90/10 (Upper decile boundary divided by lower);573 Varde;2023 2023;2.64
73 P90/10 (Upper decile boundary divided by lower);575 Vejen;2023 2023;2.62
73 P90/10 (Upper decile boundary divided by lower);580 Aabenraa;2023 2023;2.77
73 P90/10 (Upper decile boundary divided by lower);607 Fredericia;2023 2023;2.93
73 P90/10 (Upper decile boundary divided by lower);615 Horsens;2023 2023;2.80
73 P90/10 (Upper decile boundary divided by lower);621 Kolding;2023 2023;2.96
73 P90/10 (Upper decile boundary divided by lower);630 Vejle;2023 2023;2.93
73 P90/10 (Upper decile boundary divided by lower);657 Herning;2023 2023;2.75
73 P90/10 (Upper decile boundary divided by lower);661 Holstebro;2023 2023;2.75
73 P90/10 (Upper decile boundary divided by lower);665 Lemvig;2023 2023;2.71
73 P90/10 (Upper decile boundary divided by lower);671 Struer;2023 2023;2.64
73 P90/10 (Upper decile boundary divided by lower);706 Syddjurs;2023 2023;2.73
73 P90/10 (Upper decile boundary divided by lower);707 Norddjurs;2023 2023;2.68
73 P90/10 (Upper decile boundary divided by lower);710 Favrskov;2023 2023;2.64
73 P90/10 (Upper decile boundary divided by lower);727 Odder;2023 2023;2.71
73 P90/10 (Upper decile boundary divided by lower);730 Randers;2023 2023;2.82
73 P90/10 (Upper decile boundary divided by lower);740 Silkeborg;2023 2023;2.84
73 P90/10 (Upper decile boundary divided by lower);741 Samsø;2023 2023;2.75
73 P90/10 (Upper decile boundary divided by lower);746 Skanderborg;2023 2023;2.75
73 P90/10 (Upper decile boundary divided by lower);751 Aarhus;2023 2023;4.19
73 P90/10 (Upper decile boundary divided by lower);756 Ikast-Brande;2023 2023;2.69
73 P90/10 (Upper decile boundary divided by lower);760 Ringkøbing-Skjern;2023 2023;2.65
73 P90/10 (Upper decile boundary divided by lower);766 Hedensted;2023 2023;2.58
73 P90/10 (Upper decile boundary divided by lower);773 Morsø;2023 2023;2.56
73 P90/10 (Upper decile boundary divided by lower);779 Skive;2023 2023;2.60
73 P90/10 (Upper decile boundary divided by lower);787 Thisted;2023 2023;2.65
73 P90/10 (Upper decile boundary divided by lower);791 Viborg;2023 2023;2.75
73 P90/10 (Upper decile boundary divided by lower);810 Brønderslev;2023 2023;2.62
73 P90/10 (Upper decile boundary divided by lower);813 Frederikshavn;2023 2023;2.67
73 P90/10 (Upper decile boundary divided by lower);820 Vesthimmerlands;2023 2023;2.61
73 P90/10 (Upper decile boundary divided by lower);825 Læsø;2023 2023;2.49
73 P90/10 (Upper decile boundary divided by lower);840 Rebild;2023 2023;2.67
73 P90/10 (Upper decile boundary divided by lower);846 Mariagerfjord;2023 2023;2.70
73 P90/10 (Upper decile boundary divided by lower);849 Jammerbugt;2023 2023;2.61
73 P90/10 (Upper decile boundary divided by lower);851 Aalborg;2023 2023;3.40
73 P90/10 (Upper decile boundary divided by lower);860 Hjørring;2023 2023;2.68
73 P90/10 (Upper decile boundary divided by lower);575 Vejen;1990 1990;2.26
73 P90/10 (Upper decile boundary divided by lower);580 Aabenraa;1990 1990;2.37
73 P90/10 (Upper decile boundary divided by lower);607 Fredericia;1990 1990;2.21
73 P90/10 (Upper decile boundary divided by lower);615 Horsens;1990 1990;2.36
73 P90/10 (Upper decile boundary divided by lower);621 Kolding;1990 1990;2.33
73 P90/10 (Upper decile boundary divided by lower);630 Vejle;1990 1990;2.38
73 P90/10 (Upper decile boundary divided by lower);657 Herning;1990 1990;2.40
73 P90/10 (Upper decile boundary divided by lower);661 Holstebro;1990 1990;2.40
73 P90/10 (Upper decile boundary divided by lower);665 Lemvig;1990 1990;2.45
73 P90/10 (Upper decile boundary divided by lower);671 Struer;1990 1990;2.22
73 P90/10 (Upper decile boundary divided by lower);706 Syddjurs;1990 1990;2.35
73 P90/10 (Upper decile boundary divided by lower);707 Norddjurs;1990 1990;2.34
73 P90/10 (Upper decile boundary divided by lower);710 Favrskov;1990 1990;2.19
73 P90/10 (Upper decile boundary divided by lower);727 Odder;1990 1990;2.26
73 P90/10 (Upper decile boundary divided by lower);730 Randers;1990 1990;2.30
73 P90/10 (Upper decile boundary divided by lower);740 Silkeborg;1990 1990;2.33
73 P90/10 (Upper decile boundary divided by lower);741 Samsø;1990 1990;2.33
73 P90/10 (Upper decile boundary divided by lower);746 Skanderborg;1990 1990;2.27
73 P90/10 (Upper decile boundary divided by lower);751 Aarhus;1990 1990;2.71
73 P90/10 (Upper decile boundary divided by lower);756 Ikast-Brande;1990 1990;2.32
73 P90/10 (Upper decile boundary divided by lower);760 Ringkøbing-Skjern;1990 1990;2.37
73 P90/10 (Upper decile boundary divided by lower);766 Hedensted;1990 1990;2.24
73 P90/10 (Upper decile boundary divided by lower);773 Morsø;1990 1990;2.28
73 P90/10 (Upper decile boundary divided by lower);779 Skive;1990 1990;2.29
73 P90/10 (Upper decile boundary divided by lower);787 Thisted;1990 1990;2.33
73 P90/10 (Upper decile boundary divided by lower);791 Viborg;1990 1990;2.29
73 P90/10 (Upper decile boundary divided by lower);810 Brønderslev;1990 1990;2.26
73 P90/10 (Upper decile boundary divided by lower);813 Frederikshavn;1990 1990;2.30
73 P90/10 (Upper decile boundary divided by lower);820 Vesthimmerlands;1990 1990;2.39
73 P90/10 (Upper decile boundary divided by lower);825 Læsø;1990 1990;2.54
73 P90/10 (Upper decile boundary divided by lower);840 Rebild;1990 1990;2.33
73 P90/10 (Upper decile boundary divided by lower);846 Mariagerfjord;1990 1990;2.33
73 P90/10 (Upper decile boundary divided by lower);849 Jammerbugt;1990 1990;2.29
73 P90/10 (Upper decile boundary divided by lower);851 Aalborg;1990 1990;2.43
73 P90/10 (Upper decile boundary divided by lower);860 Hjørring;1990 1990;2.36
70 Gini coefficient;000 All Denmark;1990 1990;22.16
70 Gini coefficient;101 Copenhagen;1990 1990;23.44
70 Gini coefficient;147 Frederiksberg;1990 1990;26.15
70 Gini coefficient;151 Ballerup;1990 1990;18.80
70 Gini coefficient;153 Brøndby;1990 1990;18.76
70 Gini coefficient;155 Dragør;1990 1990;20.88
70 Gini coefficient;157 Gentofte;1990 1990;33.23
70 Gini coefficient;159 Gladsaxe;1990 1990;21.37
70 Gini coefficient;161 Glostrup;1990 1990;19.34
70 Gini coefficient;163 Herlev;1990 1990;20.04
70 Gini coefficient;165 Albertslund;1990 1990;19.99
70 Gini coefficient;167 Hvidovre;1990 1990;19.71
70 Gini coefficient;169 Høje-Taastrup;1990 1990;19.51
70 Gini coefficient;173 Lyngby-Taarbæk;1990 1990;25.82
70 Gini coefficient;175 Rødovre;1990 1990;18.55
70 Gini coefficient;183 Ishøj;1990 1990;19.04
70 Gini coefficient;185 Tårnby;1990 1990;17.93
70 Gini coefficient;187 Vallensbæk;1990 1990;17.39
70 Gini coefficient;190 Furesø;1990 1990;22.77
70 Gini coefficient;201 Allerød;1990 1990;20.48
70 Gini coefficient;210 Fredensborg;1990 1990;22.59
70 Gini coefficient;217 Helsingør;1990 1990;22.36
70 Gini coefficient;219 Hillerød;1990 1990;21.30
70 Gini coefficient;223 Hørsholm;1990 1990;33.24
70 Gini coefficient;230 Rudersdal;1990 1990;31.07
70 Gini coefficient;240 Egedal;1990 1990;18.48
70 Gini coefficient;250 Frederikssund;1990 1990;19.57
70 Gini coefficient;253 Greve;1990 1990;19.74
70 Gini coefficient;259 Køge;1990 1990;19.72
70 Gini coefficient;260 Halsnæs;1990 1990;18.72
70 Gini coefficient;265 Roskilde;1990 1990;21.79
70 Gini coefficient;269 Solrød;1990 1990;18.85
70 Gini coefficient;270 Gribskov;1990 1990;21.06
70 Gini coefficient;306 Odsherred;1990 1990;20.11
70 Gini coefficient;316 Holbæk;1990 1990;20.45
70 Gini coefficient;320 Faxe;1990 1990;20.91
70 Gini coefficient;326 Kalundborg;1990 1990;20.09
70 Gini coefficient;329 Ringsted;1990 1990;20.74
70 Gini coefficient;330 Slagelse;1990 1990;22.07
70 Gini coefficient;336 Stevns;1990 1990;20.19
70 Gini coefficient;340 Sorø;1990 1990;20.46
70 Gini coefficient;350 Lejre;1990 1990;18.78
70 Gini coefficient;360 Lolland;1990 1990;19.31
70 Gini coefficient;370 Næstved;1990 1990;20.22
70 Gini coefficient;376 Guldborgsund;1990 1990;20.27
70 Gini coefficient;390 Vordingborg;1990 1990;21.17
70 Gini coefficient;400 Bornholm;1990 1990;21.29
70 Gini coefficient;410 Middelfart;1990 1990;19.71
70 Gini coefficient;420 Assens;1990 1990;19.88
70 Gini coefficient;430 Faaborg-Midtfyn;1990 1990;19.62
70 Gini coefficient;440 Kerteminde;1990 1990;18.96
70 Gini coefficient;450 Nyborg;1990 1990;19.61
70 Gini coefficient;461 Odense;1990 1990;21.35
70 Gini coefficient;479 Svendborg;1990 1990;20.89
70 Gini coefficient;480 Nordfyns;1990 1990;19.27
70 Gini coefficient;482 Langeland;1990 1990;20.43
70 Gini coefficient;492 Ærø;1990 1990;22.43
70 Gini coefficient;510 Haderslev;1990 1990;20.20
70 Gini coefficient;530 Billund;1990 1990;20.76
70 Gini coefficient;540 Sønderborg;1990 1990;20.46
70 Gini coefficient;550 Tønder;1990 1990;20.47
70 Gini coefficient;561 Esbjerg;1990 1990;20.80
70 Gini coefficient;563 Fanø;1990 1990;20.10
70 Gini coefficient;573 Varde;1990 1990;20.06
70 Gini coefficient;575 Vejen;1990 1990;19.88
70 Gini coefficient;580 Aabenraa;1990 1990;20.83
70 Gini coefficient;607 Fredericia;1990 1990;19.27
70 Gini coefficient;615 Horsens;1990 1990;20.44
70 Gini coefficient;621 Kolding;1990 1990;21.49
70 Gini coefficient;630 Vejle;1990 1990;21.91
70 Gini coefficient;657 Herning;1990 1990;21.40
70 Gini coefficient;661 Holstebro;1990 1990;21.39
70 Gini coefficient;665 Lemvig;1990 1990;22.36
70 Gini coefficient;671 Struer;1990 1990;19.81
70 Gini coefficient;706 Syddjurs;1990 1990;23.30
70 Gini coefficient;707 Norddjurs;1990 1990;23.43
70 Gini coefficient;710 Favrskov;1990 1990;19.12
70 Gini coefficient;727 Odder;1990 1990;19.91
70 Gini coefficient;730 Randers;1990 1990;20.39
70 Gini coefficient;740 Silkeborg;1990 1990;21.11
70 Gini coefficient;741 Samsø;1990 1990;20.35
70 Gini coefficient;746 Skanderborg;1990 1990;19.78
70 Gini coefficient;751 Aarhus;1990 1990;23.10
70 Gini coefficient;756 Ikast-Brande;1990 1990;21.29
70 Gini coefficient;760 Ringkøbing-Skjern;1990 1990;21.30
70 Gini coefficient;766 Hedensted;1990 1990;19.64
70 Gini coefficient;773 Morsø;1990 1990;20.06
70 Gini coefficient;779 Skive;1990 1990;20.11
70 Gini coefficient;787 Thisted;1990 1990;20.68
70 Gini coefficient;791 Viborg;1990 1990;20.09
70 Gini coefficient;810 Brønderslev;1990 1990;19.75
70 Gini coefficient;813 Frederikshavn;1990 1990;20.88
70 Gini coefficient;820 Vesthimmerlands;1990 1990;21.31
70 Gini coefficient;825 Læsø;1990 1990;22.61
70 Gini coefficient;840 Rebild;1990 1990;20.67
70 Gini coefficient;846 Mariagerfjord;1990 1990;21.23
70 Gini coefficient;849 Jammerbugt;1990 1990;20.78
70 Gini coefficient;851 Aalborg;1990 1990;21.10
70 Gini coefficient;860 Hjørring;1990 1990;21.74
71 Hoover index;000 All Denmark;1990 1990;15.04
71 Hoover index;101 Copenhagen;1990 1990;16.34
71 Hoover index;147 Frederiksberg;1990 1990;18.00
71 Hoover index;151 Ballerup;1990 1990;13.02
71 Hoover index;153 Brøndby;1990 1990;13.01
71 Hoover index;155 Dragør;1990 1990;14.21
71 Hoover index;157 Gentofte;1990 1990;21.84
71 Hoover index;159 Gladsaxe;1990 1990;14.68
71 Hoover index;161 Glostrup;1990 1990;13.47
71 Hoover index;163 Herlev;1990 1990;13.88
71 Hoover index;165 Albertslund;1990 1990;13.82
71 Hoover index;167 Hvidovre;1990 1990;13.55
71 Hoover index;169 Høje-Taastrup;1990 1990;13.44
71 Hoover index;173 Lyngby-Taarbæk;1990 1990;17.61
71 Hoover index;175 Rødovre;1990 1990;12.88
71 Hoover index;183 Ishøj;1990 1990;13.25
71 Hoover index;185 Tårnby;1990 1990;12.37
71 Hoover index;187 Vallensbæk;1990 1990;11.85
71 Hoover index;190 Furesø;1990 1990;15.54
71 Hoover index;201 Allerød;1990 1990;13.88
71 Hoover index;210 Fredensborg;1990 1990;15.18
71 Hoover index;217 Helsingør;1990 1990;15.29
71 Hoover index;219 Hillerød;1990 1990;14.45
71 Hoover index;223 Hørsholm;1990 1990;21.46
71 Hoover index;230 Rudersdal;1990 1990;20.54
71 Hoover index;240 Egedal;1990 1990;12.52
71 Hoover index;250 Frederikssund;1990 1990;13.34
71 Hoover index;253 Greve;1990 1990;13.45
71 Hoover index;259 Køge;1990 1990;13.57
71 Hoover index;260 Halsnæs;1990 1990;12.79
71 Hoover index;265 Roskilde;1990 1990;14.82
71 Hoover index;269 Solrød;1990 1990;12.76
71 Hoover index;270 Gribskov;1990 1990;14.30
71 Hoover index;306 Odsherred;1990 1990;13.77
71 Hoover index;316 Holbæk;1990 1990;13.98
71 Hoover index;320 Faxe;1990 1990;14.12
71 Hoover index;326 Kalundborg;1990 1990;13.77
71 Hoover index;329 Ringsted;1990 1990;14.11
71 Hoover index;330 Slagelse;1990 1990;14.80
71 Hoover index;336 Stevns;1990 1990;13.86
71 Hoover index;340 Sorø;1990 1990;13.98
71 Hoover index;350 Lejre;1990 1990;12.78
71 Hoover index;360 Lolland;1990 1990;13.23
71 Hoover index;370 Næstved;1990 1990;13.82
71 Hoover index;376 Guldborgsund;1990 1990;13.83
71 Hoover index;390 Vordingborg;1990 1990;14.35
71 Hoover index;400 Bornholm;1990 1990;14.16
71 Hoover index;410 Middelfart;1990 1990;13.32
71 Hoover index;420 Assens;1990 1990;13.46
71 Hoover index;430 Faaborg-Midtfyn;1990 1990;13.35
71 Hoover index;440 Kerteminde;1990 1990;12.86
71 Hoover index;450 Nyborg;1990 1990;13.25
71 Hoover index;461 Odense;1990 1990;14.63
71 Hoover index;479 Svendborg;1990 1990;14.16
71 Hoover index;480 Nordfyns;1990 1990;13.10
71 Hoover index;482 Langeland;1990 1990;13.85
71 Hoover index;492 Ærø;1990 1990;15.13
71 Hoover index;510 Haderslev;1990 1990;13.71
71 Hoover index;530 Billund;1990 1990;13.91
71 Hoover index;540 Sønderborg;1990 1990;13.90
71 Hoover index;550 Tønder;1990 1990;13.90
71 Hoover index;561 Esbjerg;1990 1990;14.09
71 Hoover index;563 Fanø;1990 1990;13.72
71 Hoover index;573 Varde;1990 1990;13.65
71 Hoover index;575 Vejen;1990 1990;13.53
71 Hoover index;580 Aabenraa;1990 1990;14.13
71 Hoover index;607 Fredericia;1990 1990;13.08
71 Hoover index;615 Horsens;1990 1990;13.95
71 Hoover index;621 Kolding;1990 1990;14.46
71 Hoover index;630 Vejle;1990 1990;14.75
71 Hoover index;657 Herning;1990 1990;14.40
71 Hoover index;661 Holstebro;1990 1990;14.38
71 Hoover index;665 Lemvig;1990 1990;14.98
71 Hoover index;671 Struer;1990 1990;13.39
71 Hoover index;706 Syddjurs;1990 1990;15.40
71 Hoover index;707 Norddjurs;1990 1990;15.46
71 Hoover index;710 Favrskov;1990 1990;12.91
71 Hoover index;727 Odder;1990 1990;13.48
71 Hoover index;730 Randers;1990 1990;13.89
71 Hoover index;740 Silkeborg;1990 1990;14.25
71 Hoover index;741 Samsø;1990 1990;13.99
71 Hoover index;746 Skanderborg;1990 1990;13.36
71 Hoover index;751 Aarhus;1990 1990;15.77
71 Hoover index;756 Ikast-Brande;1990 1990;14.26
71 Hoover index;760 Ringkøbing-Skjern;1990 1990;14.34
71 Hoover index;766 Hedensted;1990 1990;13.32
71 Hoover index;773 Morsø;1990 1990;13.65
71 Hoover index;779 Skive;1990 1990;13.67
71 Hoover index;787 Thisted;1990 1990;14.04
71 Hoover index;791 Viborg;1990 1990;13.61
71 Hoover index;810 Brønderslev;1990 1990;13.42
71 Hoover index;813 Frederikshavn;1990 1990;14.02
71 Hoover index;820 Vesthimmerlands;1990 1990;14.39
71 Hoover index;825 Læsø;1990 1990;15.24
71 Hoover index;840 Rebild;1990 1990;14.02
71 Hoover index;846 Mariagerfjord;1990 1990;14.27
71 Hoover index;849 Jammerbugt;1990 1990;14.02
71 Hoover index;851 Aalborg;1990 1990;14.43
71 Hoover index;860 Hjørring;1990 1990;14.57
72 S80/S20 (Income quintile share ratio);000 All Denmark;1990 1990;3.23
72 S80/S20 (Income quintile share ratio);101 Copenhagen;1990 1990;3.47
72 S80/S20 (Income quintile share ratio);147 Frederiksberg;1990 1990;3.99
72 S80/S20 (Income quintile share ratio);151 Ballerup;1990 1990;2.65
72 S80/S20 (Income quintile share ratio);153 Brøndby;1990 1990;2.64
72 S80/S20 (Income quintile share ratio);155 Dragør;1990 1990;3.06
72 S80/S20 (Income quintile share ratio);157 Gentofte;1990 1990;7.12
72 S80/S20 (Income quintile share ratio);159 Gladsaxe;1990 1990;3.14
72 S80/S20 (Income quintile share ratio);161 Glostrup;1990 1990;2.78
72 S80/S20 (Income quintile share ratio);163 Herlev;1990 1990;2.85
72 S80/S20 (Income quintile share ratio);165 Albertslund;1990 1990;2.89
72 S80/S20 (Income quintile share ratio);167 Hvidovre;1990 1990;2.80
72 S80/S20 (Income quintile share ratio);169 Høje-Taastrup;1990 1990;2.81
72 S80/S20 (Income quintile share ratio);173 Lyngby-Taarbæk;1990 1990;3.94
72 S80/S20 (Income quintile share ratio);175 Rødovre;1990 1990;2.62
72 S80/S20 (Income quintile share ratio);183 Ishøj;1990 1990;2.71
72 S80/S20 (Income quintile share ratio);185 Tårnby;1990 1990;2.57
72 S80/S20 (Income quintile share ratio);187 Vallensbæk;1990 1990;2.48
72 S80/S20 (Income quintile share ratio);190 Furesø;1990 1990;3.35
72 S80/S20 (Income quintile share ratio);201 Allerød;1990 1990;2.92
72 S80/S20 (Income quintile share ratio);210 Fredensborg;1990 1990;3.33
72 S80/S20 (Income quintile share ratio);217 Helsingør;1990 1990;3.25
72 S80/S20 (Income quintile share ratio);219 Hillerød;1990 1990;3.14
72 S80/S20 (Income quintile share ratio);223 Hørsholm;1990 1990;7.50
72 S80/S20 (Income quintile share ratio);230 Rudersdal;1990 1990;5.81
72 S80/S20 (Income quintile share ratio);240 Egedal;1990 1990;2.66
72 S80/S20 (Income quintile share ratio);250 Frederikssund;1990 1990;2.81
72 S80/S20 (Income quintile share ratio);253 Greve;1990 1990;2.84
72 S80/S20 (Income quintile share ratio);259 Køge;1990 1990;2.82
72 S80/S20 (Income quintile share ratio);260 Halsnæs;1990 1990;2.66
72 S80/S20 (Income quintile share ratio);265 Roskilde;1990 1990;3.22
72 S80/S20 (Income quintile share ratio);269 Solrød;1990 1990;2.69
72 S80/S20 (Income quintile share ratio);270 Gribskov;1990 1990;3.08
72 S80/S20 (Income quintile share ratio);306 Odsherred;1990 1990;2.89
72 S80/S20 (Income quintile share ratio);316 Holbæk;1990 1990;2.93
72 S80/S20 (Income quintile share ratio);320 Faxe;1990 1990;3.01
72 S80/S20 (Income quintile share ratio);326 Kalundborg;1990 1990;2.86
72 S80/S20 (Income quintile share ratio);329 Ringsted;1990 1990;2.96
72 S80/S20 (Income quintile share ratio);330 Slagelse;1990 1990;3.22
72 S80/S20 (Income quintile share ratio);336 Stevns;1990 1990;2.91
72 S80/S20 (Income quintile share ratio);340 Sorø;1990 1990;2.99
72 S80/S20 (Income quintile share ratio);350 Lejre;1990 1990;2.72
72 S80/S20 (Income quintile share ratio);360 Lolland;1990 1990;2.73
72 S80/S20 (Income quintile share ratio);370 Næstved;1990 1990;2.93
72 S80/S20 (Income quintile share ratio);376 Guldborgsund;1990 1990;2.91
72 S80/S20 (Income quintile share ratio);390 Vordingborg;1990 1990;3.11
72 S80/S20 (Income quintile share ratio);400 Bornholm;1990 1990;3.20
72 S80/S20 (Income quintile share ratio);410 Middelfart;1990 1990;2.78
72 S80/S20 (Income quintile share ratio);420 Assens;1990 1990;2.87
72 S80/S20 (Income quintile share ratio);430 Faaborg-Midtfyn;1990 1990;2.82
72 S80/S20 (Income quintile share ratio);440 Kerteminde;1990 1990;2.67
72 S80/S20 (Income quintile share ratio);450 Nyborg;1990 1990;2.80
72 S80/S20 (Income quintile share ratio);461 Odense;1990 1990;3.08
72 S80/S20 (Income quintile share ratio);479 Svendborg;1990 1990;3.01
72 S80/S20 (Income quintile share ratio);480 Nordfyns;1990 1990;2.77
72 S80/S20 (Income quintile share ratio);482 Langeland;1990 1990;2.93
72 S80/S20 (Income quintile share ratio);492 Ærø;1990 1990;3.38
72 S80/S20 (Income quintile share ratio);510 Haderslev;1990 1990;2.87
72 S80/S20 (Income quintile share ratio);530 Billund;1990 1990;2.98
72 S80/S20 (Income quintile share ratio);540 Sønderborg;1990 1990;2.93
72 S80/S20 (Income quintile share ratio);550 Tønder;1990 1990;2.95
72 S80/S20 (Income quintile share ratio);561 Esbjerg;1990 1990;3.01
72 S80/S20 (Income quintile share ratio);563 Fanø;1990 1990;2.93
72 S80/S20 (Income quintile share ratio);573 Varde;1990 1990;2.88
72 S80/S20 (Income quintile share ratio);575 Vejen;1990 1990;2.87
72 S80/S20 (Income quintile share ratio);580 Aabenraa;1990 1990;2.98
72 S80/S20 (Income quintile share ratio);607 Fredericia;1990 1990;2.71
72 S80/S20 (Income quintile share ratio);615 Horsens;1990 1990;2.94
72 S80/S20 (Income quintile share ratio);621 Kolding;1990 1990;3.09
72 S80/S20 (Income quintile share ratio);630 Vejle;1990 1990;3.17
72 S80/S20 (Income quintile share ratio);657 Herning;1990 1990;3.09
72 S80/S20 (Income quintile share ratio);661 Holstebro;1990 1990;3.15
72 S80/S20 (Income quintile share ratio);665 Lemvig;1990 1990;3.41
72 S80/S20 (Income quintile share ratio);671 Struer;1990 1990;2.86
72 S80/S20 (Income quintile share ratio);706 Syddjurs;1990 1990;3.62
72 S80/S20 (Income quintile share ratio);707 Norddjurs;1990 1990;3.40
72 S80/S20 (Income quintile share ratio);710 Favrskov;1990 1990;2.79
72 S80/S20 (Income quintile share ratio);727 Odder;1990 1990;2.89
72 S80/S20 (Income quintile share ratio);730 Randers;1990 1990;2.93
72 S80/S20 (Income quintile share ratio);740 Silkeborg;1990 1990;3.04
72 S80/S20 (Income quintile share ratio);741 Samsø;1990 1990;2.88
72 S80/S20 (Income quintile share ratio);746 Skanderborg;1990 1990;2.88
72 S80/S20 (Income quintile share ratio);751 Aarhus;1990 1990;3.45
72 S80/S20 (Income quintile share ratio);756 Ikast-Brande;1990 1990;3.11
72 S80/S20 (Income quintile share ratio);760 Ringkøbing-Skjern;1990 1990;3.11
72 S80/S20 (Income quintile share ratio);766 Hedensted;1990 1990;2.85
72 S80/S20 (Income quintile share ratio);773 Morsø;1990 1990;2.88
72 S80/S20 (Income quintile share ratio);779 Skive;1990 1990;2.87
72 S80/S20 (Income quintile share ratio);787 Thisted;1990 1990;2.97
72 S80/S20 (Income quintile share ratio);791 Viborg;1990 1990;2.90
72 S80/S20 (Income quintile share ratio);810 Brønderslev;1990 1990;2.83
72 S80/S20 (Income quintile share ratio);813 Frederikshavn;1990 1990;3.09
72 S80/S20 (Income quintile share ratio);820 Vesthimmerlands;1990 1990;3.22
72 S80/S20 (Income quintile share ratio);825 Læsø;1990 1990;3.41
72 S80/S20 (Income quintile share ratio);840 Rebild;1990 1990;3.00
72 S80/S20 (Income quintile share ratio);846 Mariagerfjord;1990 1990;3.20
72 S80/S20 (Income quintile share ratio);849 Jammerbugt;1990 1990;3.04
72 S80/S20 (Income quintile share ratio);851 Aalborg;1990 1990;3.05
72 S80/S20 (Income quintile share ratio);860 Hjørring;1990 1990;3.27
73 P90/10 (Upper decile boundary divided by lower);000 All Denmark;1990 1990;2.49
73 P90/10 (Upper decile boundary divided by lower);101 Copenhagen;1990 1990;2.74
73 P90/10 (Upper decile boundary divided by lower);147 Frederiksberg;1990 1990;2.98
73 P90/10 (Upper decile boundary divided by lower);151 Ballerup;1990 1990;2.29
73 P90/10 (Upper decile boundary divided by lower);153 Brøndby;1990 1990;2.26
73 P90/10 (Upper decile boundary divided by lower);155 Dragør;1990 1990;2.49
73 P90/10 (Upper decile boundary divided by lower);157 Gentofte;1990 1990;3.49
73 P90/10 (Upper decile boundary divided by lower);159 Gladsaxe;1990 1990;2.52
73 P90/10 (Upper decile boundary divided by lower);161 Glostrup;1990 1990;2.40
73 P90/10 (Upper decile boundary divided by lower);163 Herlev;1990 1990;2.41
73 P90/10 (Upper decile boundary divided by lower);165 Albertslund;1990 1990;2.46
73 P90/10 (Upper decile boundary divided by lower);167 Hvidovre;1990 1990;2.32
73 P90/10 (Upper decile boundary divided by lower);169 Høje-Taastrup;1990 1990;2.38
73 P90/10 (Upper decile boundary divided by lower);173 Lyngby-Taarbæk;1990 1990;3.01
73 P90/10 (Upper decile boundary divided by lower);175 Rødovre;1990 1990;2.28
73 P90/10 (Upper decile boundary divided by lower);183 Ishøj;1990 1990;2.37
73 P90/10 (Upper decile boundary divided by lower);185 Tårnby;1990 1990;2.25
73 P90/10 (Upper decile boundary divided by lower);187 Vallensbæk;1990 1990;2.13
73 P90/10 (Upper decile boundary divided by lower);190 Furesø;1990 1990;2.63
73 P90/10 (Upper decile boundary divided by lower);201 Allerød;1990 1990;2.35
73 P90/10 (Upper decile boundary divided by lower);210 Fredensborg;1990 1990;2.55
73 P90/10 (Upper decile boundary divided by lower);217 Helsingør;1990 1990;2.56
73 P90/10 (Upper decile boundary divided by lower);219 Hillerød;1990 1990;2.47
73 P90/10 (Upper decile boundary divided by lower);223 Hørsholm;1990 1990;3.02
73 P90/10 (Upper decile boundary divided by lower);230 Rudersdal;1990 1990;3.26
73 P90/10 (Upper decile boundary divided by lower);240 Egedal;1990 1990;2.21
73 P90/10 (Upper decile boundary divided by lower);250 Frederikssund;1990 1990;2.29
73 P90/10 (Upper decile boundary divided by lower);253 Greve;1990 1990;2.36
73 P90/10 (Upper decile boundary divided by lower);259 Køge;1990 1990;2.33
73 P90/10 (Upper decile boundary divided by lower);260 Halsnæs;1990 1990;2.19
73 P90/10 (Upper decile boundary divided by lower);265 Roskilde;1990 1990;2.51
73 P90/10 (Upper decile boundary divided by lower);269 Solrød;1990 1990;2.23
73 P90/10 (Upper decile boundary divided by lower);270 Gribskov;1990 1990;2.43
73 P90/10 (Upper decile boundary divided by lower);306 Odsherred;1990 1990;2.31
73 P90/10 (Upper decile boundary divided by lower);316 Holbæk;1990 1990;2.33
73 P90/10 (Upper decile boundary divided by lower);320 Faxe;1990 1990;2.34
73 P90/10 (Upper decile boundary divided by lower);326 Kalundborg;1990 1990;2.29
73 P90/10 (Upper decile boundary divided by lower);329 Ringsted;1990 1990;2.36
73 P90/10 (Upper decile boundary divided by lower);330 Slagelse;1990 1990;2.35
73 P90/10 (Upper decile boundary divided by lower);336 Stevns;1990 1990;2.36
73 P90/10 (Upper decile boundary divided by lower);340 Sorø;1990 1990;2.37
73 P90/10 (Upper decile boundary divided by lower);350 Lejre;1990 1990;2.25
73 P90/10 (Upper decile boundary divided by lower);360 Lolland;1990 1990;2.20
73 P90/10 (Upper decile boundary divided by lower);370 Næstved;1990 1990;2.34
73 P90/10 (Upper decile boundary divided by lower);376 Guldborgsund;1990 1990;2.31
73 P90/10 (Upper decile boundary divided by lower);390 Vordingborg;1990 1990;2.33
73 P90/10 (Upper decile boundary divided by lower);400 Bornholm;1990 1990;2.24
73 P90/10 (Upper decile boundary divided by lower);410 Middelfart;1990 1990;2.20
73 P90/10 (Upper decile boundary divided by lower);420 Assens;1990 1990;2.22
73 P90/10 (Upper decile boundary divided by lower);430 Faaborg-Midtfyn;1990 1990;2.25
73 P90/10 (Upper decile boundary divided by lower);440 Kerteminde;1990 1990;2.18
73 P90/10 (Upper decile boundary divided by lower);450 Nyborg;1990 1990;2.22
73 P90/10 (Upper decile boundary divided by lower);461 Odense;1990 1990;2.49
73 P90/10 (Upper decile boundary divided by lower);479 Svendborg;1990 1990;2.36
73 P90/10 (Upper decile boundary divided by lower);480 Nordfyns;1990 1990;2.19
73 P90/10 (Upper decile boundary divided by lower);482 Langeland;1990 1990;2.24
73 P90/10 (Upper decile boundary divided by lower);492 Ærø;1990 1990;2.42
73 P90/10 (Upper decile boundary divided by lower);510 Haderslev;1990 1990;2.30
73 P90/10 (Upper decile boundary divided by lower);530 Billund;1990 1990;2.28
73 P90/10 (Upper decile boundary divided by lower);540 Sønderborg;1990 1990;2.35
73 P90/10 (Upper decile boundary divided by lower);550 Tønder;1990 1990;2.34
73 P90/10 (Upper decile boundary divided by lower);561 Esbjerg;1990 1990;2.35
73 P90/10 (Upper decile boundary divided by lower);563 Fanø;1990 1990;2.48
73 P90/10 (Upper decile boundary divided by lower);573 Varde;1990 1990;2.31
71 Hoover index;163 Herlev;2014 2014;17.57
71 Hoover index;165 Albertslund;2014 2014;17.79
71 Hoover index;167 Hvidovre;2014 2014;17.16
71 Hoover index;169 Høje-Taastrup;2014 2014;17.57
71 Hoover index;173 Lyngby-Taarbæk;2014 2014;24.46
71 Hoover index;175 Rødovre;2014 2014;17.45
71 Hoover index;183 Ishøj;2014 2014;17.16
71 Hoover index;185 Tårnby;2014 2014;15.99
71 Hoover index;187 Vallensbæk;2014 2014;17.32
71 Hoover index;190 Furesø;2014 2014;19.74
71 Hoover index;201 Allerød;2014 2014;16.90
71 Hoover index;210 Fredensborg;2014 2014;21.04
71 Hoover index;217 Helsingør;2014 2014;19.84
71 Hoover index;219 Hillerød;2014 2014;18.27
71 Hoover index;223 Hørsholm;2014 2014;25.62
71 Hoover index;230 Rudersdal;2014 2014;27.00
71 Hoover index;240 Egedal;2014 2014;14.89
71 Hoover index;250 Frederikssund;2014 2014;16.40
71 Hoover index;253 Greve;2014 2014;17.39
71 Hoover index;259 Køge;2014 2014;16.97
71 Hoover index;260 Halsnæs;2014 2014;15.49
71 Hoover index;265 Roskilde;2014 2014;19.16
71 Hoover index;269 Solrød;2014 2014;17.77
71 Hoover index;270 Gribskov;2014 2014;17.29
71 Hoover index;306 Odsherred;2014 2014;15.98
71 Hoover index;316 Holbæk;2014 2014;16.94
71 Hoover index;320 Faxe;2014 2014;15.92
71 Hoover index;326 Kalundborg;2014 2014;16.86
71 Hoover index;329 Ringsted;2014 2014;16.88
71 Hoover index;330 Slagelse;2014 2014;16.91
71 Hoover index;336 Stevns;2014 2014;16.24
71 Hoover index;340 Sorø;2014 2014;16.64
71 Hoover index;350 Lejre;2014 2014;16.54
71 Hoover index;360 Lolland;2014 2014;17.79
71 Hoover index;370 Næstved;2014 2014;16.85
71 Hoover index;376 Guldborgsund;2014 2014;17.05
71 Hoover index;390 Vordingborg;2014 2014;16.78
71 Hoover index;400 Bornholm;2014 2014;15.26
71 Hoover index;410 Middelfart;2014 2014;17.36
71 Hoover index;420 Assens;2014 2014;15.81
71 Hoover index;430 Faaborg-Midtfyn;2014 2014;15.56
71 Hoover index;440 Kerteminde;2014 2014;16.78
71 Hoover index;450 Nyborg;2014 2014;16.03
71 Hoover index;461 Odense;2014 2014;19.11
71 Hoover index;479 Svendborg;2014 2014;17.76
71 Hoover index;480 Nordfyns;2014 2014;15.58
71 Hoover index;482 Langeland;2014 2014;15.38
71 Hoover index;492 Ærø;2014 2014;17.44
71 Hoover index;510 Haderslev;2014 2014;17.06
71 Hoover index;530 Billund;2014 2014;16.78
71 Hoover index;540 Sønderborg;2014 2014;17.70
71 Hoover index;550 Tønder;2014 2014;17.07
71 Hoover index;561 Esbjerg;2014 2014;18.02
71 Hoover index;563 Fanø;2014 2014;17.56
71 Hoover index;573 Varde;2014 2014;16.97
71 Hoover index;575 Vejen;2014 2014;16.67
71 Hoover index;580 Aabenraa;2014 2014;18.32
71 Hoover index;607 Fredericia;2014 2014;17.35
71 Hoover index;615 Horsens;2014 2014;17.06
71 Hoover index;621 Kolding;2014 2014;17.72
71 Hoover index;630 Vejle;2014 2014;18.18
71 Hoover index;657 Herning;2014 2014;17.02
71 Hoover index;661 Holstebro;2014 2014;16.66
71 Hoover index;665 Lemvig;2014 2014;16.90
71 Hoover index;671 Struer;2014 2014;16.31
71 Hoover index;706 Syddjurs;2014 2014;17.39
71 Hoover index;707 Norddjurs;2014 2014;16.59
71 Hoover index;710 Favrskov;2014 2014;15.23
71 Hoover index;727 Odder;2014 2014;16.07
71 Hoover index;730 Randers;2014 2014;16.60
71 Hoover index;740 Silkeborg;2014 2014;20.94
71 Hoover index;741 Samsø;2014 2014;16.98
71 Hoover index;746 Skanderborg;2014 2014;16.00
71 Hoover index;751 Aarhus;2014 2014;21.82
71 Hoover index;756 Ikast-Brande;2014 2014;16.42
71 Hoover index;760 Ringkøbing-Skjern;2014 2014;16.63
71 Hoover index;766 Hedensted;2014 2014;15.80
71 Hoover index;773 Morsø;2014 2014;16.80
71 Hoover index;779 Skive;2014 2014;16.32
71 Hoover index;787 Thisted;2014 2014;16.44
71 Hoover index;791 Viborg;2014 2014;16.49
71 Hoover index;810 Brønderslev;2014 2014;15.96
71 Hoover index;813 Frederikshavn;2014 2014;16.37
71 Hoover index;820 Vesthimmerlands;2014 2014;16.38
71 Hoover index;825 Læsø;2014 2014;14.79
71 Hoover index;840 Rebild;2014 2014;16.39
71 Hoover index;846 Mariagerfjord;2014 2014;16.37
71 Hoover index;849 Jammerbugt;2014 2014;15.71
71 Hoover index;851 Aalborg;2014 2014;18.91
71 Hoover index;860 Hjørring;2014 2014;17.18
72 S80/S20 (Income quintile share ratio);000 All Denmark;2014 2014;4.36
72 S80/S20 (Income quintile share ratio);101 Copenhagen;2014 2014;5.56
72 S80/S20 (Income quintile share ratio);147 Frederiksberg;2014 2014;6.69
72 S80/S20 (Income quintile share ratio);151 Ballerup;2014 2014;3.82
72 S80/S20 (Income quintile share ratio);153 Brøndby;2014 2014;3.58
72 S80/S20 (Income quintile share ratio);155 Dragør;2014 2014;4.20
72 S80/S20 (Income quintile share ratio);157 Gentofte;2014 2014;11.25
72 S80/S20 (Income quintile share ratio);159 Gladsaxe;2014 2014;4.33
72 S80/S20 (Income quintile share ratio);161 Glostrup;2014 2014;3.56
72 S80/S20 (Income quintile share ratio);163 Herlev;2014 2014;3.56
72 S80/S20 (Income quintile share ratio);165 Albertslund;2014 2014;3.80
72 S80/S20 (Income quintile share ratio);167 Hvidovre;2014 2014;3.55
72 S80/S20 (Income quintile share ratio);169 Høje-Taastrup;2014 2014;3.68
72 S80/S20 (Income quintile share ratio);173 Lyngby-Taarbæk;2014 2014;6.62
72 S80/S20 (Income quintile share ratio);175 Rødovre;2014 2014;3.53
72 S80/S20 (Income quintile share ratio);183 Ishøj;2014 2014;3.53
72 S80/S20 (Income quintile share ratio);185 Tårnby;2014 2014;3.35
72 S80/S20 (Income quintile share ratio);187 Vallensbæk;2014 2014;3.77
72 S80/S20 (Income quintile share ratio);190 Furesø;2014 2014;4.46
72 S80/S20 (Income quintile share ratio);201 Allerød;2014 2014;3.61
72 S80/S20 (Income quintile share ratio);210 Fredensborg;2014 2014;4.73
72 S80/S20 (Income quintile share ratio);217 Helsingør;2014 2014;4.32
72 S80/S20 (Income quintile share ratio);219 Hillerød;2014 2014;4.17
72 S80/S20 (Income quintile share ratio);223 Hørsholm;2014 2014;7.09
72 S80/S20 (Income quintile share ratio);230 Rudersdal;2014 2014;7.97
72 S80/S20 (Income quintile share ratio);240 Egedal;2014 2014;3.08
72 S80/S20 (Income quintile share ratio);250 Frederikssund;2014 2014;3.37
72 S80/S20 (Income quintile share ratio);253 Greve;2014 2014;3.71
72 S80/S20 (Income quintile share ratio);259 Køge;2014 2014;3.48
72 S80/S20 (Income quintile share ratio);260 Halsnæs;2014 2014;3.11
72 S80/S20 (Income quintile share ratio);265 Roskilde;2014 2014;4.36
72 S80/S20 (Income quintile share ratio);269 Solrød;2014 2014;3.85
72 S80/S20 (Income quintile share ratio);270 Gribskov;2014 2014;3.67
72 S80/S20 (Income quintile share ratio);306 Odsherred;2014 2014;3.21
72 S80/S20 (Income quintile share ratio);316 Holbæk;2014 2014;3.52
72 S80/S20 (Income quintile share ratio);320 Faxe;2014 2014;3.28
72 S80/S20 (Income quintile share ratio);326 Kalundborg;2014 2014;3.50
72 S80/S20 (Income quintile share ratio);329 Ringsted;2014 2014;3.52
72 S80/S20 (Income quintile share ratio);330 Slagelse;2014 2014;3.52
72 S80/S20 (Income quintile share ratio);336 Stevns;2014 2014;3.33
72 S80/S20 (Income quintile share ratio);340 Sorø;2014 2014;3.42
72 S80/S20 (Income quintile share ratio);350 Lejre;2014 2014;3.57
72 S80/S20 (Income quintile share ratio);360 Lolland;2014 2014;3.70
72 S80/S20 (Income quintile share ratio);370 Næstved;2014 2014;3.56
72 S80/S20 (Income quintile share ratio);376 Guldborgsund;2014 2014;3.67
72 S80/S20 (Income quintile share ratio);390 Vordingborg;2014 2014;3.51
72 S80/S20 (Income quintile share ratio);400 Bornholm;2014 2014;3.02
72 S80/S20 (Income quintile share ratio);410 Middelfart;2014 2014;3.92
72 S80/S20 (Income quintile share ratio);420 Assens;2014 2014;3.24
72 S80/S20 (Income quintile share ratio);430 Faaborg-Midtfyn;2014 2014;3.11
72 S80/S20 (Income quintile share ratio);440 Kerteminde;2014 2014;3.34
72 S80/S20 (Income quintile share ratio);450 Nyborg;2014 2014;3.25
72 S80/S20 (Income quintile share ratio);461 Odense;2014 2014;4.24
72 S80/S20 (Income quintile share ratio);479 Svendborg;2014 2014;3.74
72 S80/S20 (Income quintile share ratio);480 Nordfyns;2014 2014;3.15
72 S80/S20 (Income quintile share ratio);482 Langeland;2014 2014;3.02
72 S80/S20 (Income quintile share ratio);492 Ærø;2014 2014;3.64
72 S80/S20 (Income quintile share ratio);510 Haderslev;2014 2014;3.66
72 S80/S20 (Income quintile share ratio);530 Billund;2014 2014;3.49
72 S80/S20 (Income quintile share ratio);540 Sønderborg;2014 2014;3.63
72 S80/S20 (Income quintile share ratio);550 Tønder;2014 2014;3.88
72 S80/S20 (Income quintile share ratio);561 Esbjerg;2014 2014;3.78
72 S80/S20 (Income quintile share ratio);563 Fanø;2014 2014;3.57
72 S80/S20 (Income quintile share ratio);573 Varde;2014 2014;3.85
72 S80/S20 (Income quintile share ratio);575 Vejen;2014 2014;3.56
72 S80/S20 (Income quintile share ratio);580 Aabenraa;2014 2014;4.37
72 S80/S20 (Income quintile share ratio);607 Fredericia;2014 2014;3.59
72 S80/S20 (Income quintile share ratio);615 Horsens;2014 2014;3.57
72 S80/S20 (Income quintile share ratio);621 Kolding;2014 2014;3.79
72 S80/S20 (Income quintile share ratio);630 Vejle;2014 2014;4.18
72 S80/S20 (Income quintile share ratio);657 Herning;2014 2014;3.66
72 S80/S20 (Income quintile share ratio);661 Holstebro;2014 2014;3.52
72 S80/S20 (Income quintile share ratio);665 Lemvig;2014 2014;3.64
72 S80/S20 (Income quintile share ratio);671 Struer;2014 2014;3.46
72 S80/S20 (Income quintile share ratio);706 Syddjurs;2014 2014;3.99
72 S80/S20 (Income quintile share ratio);707 Norddjurs;2014 2014;3.51
72 S80/S20 (Income quintile share ratio);710 Favrskov;2014 2014;3.12
72 S80/S20 (Income quintile share ratio);727 Odder;2014 2014;3.35
72 S80/S20 (Income quintile share ratio);730 Randers;2014 2014;3.51
72 S80/S20 (Income quintile share ratio);740 Silkeborg;2014 2014;9.30
72 S80/S20 (Income quintile share ratio);741 Samsø;2014 2014;3.49
72 S80/S20 (Income quintile share ratio);746 Skanderborg;2014 2014;3.30
72 S80/S20 (Income quintile share ratio);751 Aarhus;2014 2014;5.48
72 S80/S20 (Income quintile share ratio);756 Ikast-Brande;2014 2014;3.55
72 S80/S20 (Income quintile share ratio);760 Ringkøbing-Skjern;2014 2014;3.58
72 S80/S20 (Income quintile share ratio);766 Hedensted;2014 2014;3.23
72 S80/S20 (Income quintile share ratio);773 Morsø;2014 2014;3.53
72 S80/S20 (Income quintile share ratio);779 Skive;2014 2014;3.49
72 S80/S20 (Income quintile share ratio);787 Thisted;2014 2014;3.48
72 S80/S20 (Income quintile share ratio);791 Viborg;2014 2014;3.54
72 S80/S20 (Income quintile share ratio);810 Brønderslev;2014 2014;3.34
72 S80/S20 (Income quintile share ratio);813 Frederikshavn;2014 2014;3.35
72 S80/S20 (Income quintile share ratio);820 Vesthimmerlands;2014 2014;3.45
72 S80/S20 (Income quintile share ratio);825 Læsø;2014 2014;2.93
72 S80/S20 (Income quintile share ratio);840 Rebild;2014 2014;3.42
72 S80/S20 (Income quintile share ratio);846 Mariagerfjord;2014 2014;3.37
72 S80/S20 (Income quintile share ratio);849 Jammerbugt;2014 2014;3.23
72 S80/S20 (Income quintile share ratio);851 Aalborg;2014 2014;4.35
72 S80/S20 (Income quintile share ratio);860 Hjørring;2014 2014;3.71
73 P90/10 (Upper decile boundary divided by lower);000 All Denmark;2014 2014;3.12
73 P90/10 (Upper decile boundary divided by lower);101 Copenhagen;2014 2014;4.15
73 P90/10 (Upper decile boundary divided by lower);147 Frederiksberg;2014 2014;4.34
73 P90/10 (Upper decile boundary divided by lower);151 Ballerup;2014 2014;3.03
73 P90/10 (Upper decile boundary divided by lower);153 Brøndby;2014 2014;2.96
73 P90/10 (Upper decile boundary divided by lower);155 Dragør;2014 2014;3.11
73 P90/10 (Upper decile boundary divided by lower);157 Gentofte;2014 2014;5.42
73 P90/10 (Upper decile boundary divided by lower);159 Gladsaxe;2014 2014;3.45
73 P90/10 (Upper decile boundary divided by lower);161 Glostrup;2014 2014;3.02
73 P90/10 (Upper decile boundary divided by lower);163 Herlev;2014 2014;2.99
73 P90/10 (Upper decile boundary divided by lower);165 Albertslund;2014 2014;3.15
73 P90/10 (Upper decile boundary divided by lower);167 Hvidovre;2014 2014;2.95
73 P90/10 (Upper decile boundary divided by lower);169 Høje-Taastrup;2014 2014;3.07
73 P90/10 (Upper decile boundary divided by lower);173 Lyngby-Taarbæk;2014 2014;4.17
73 P90/10 (Upper decile boundary divided by lower);175 Rødovre;2014 2014;3.01
73 P90/10 (Upper decile boundary divided by lower);183 Ishøj;2014 2014;2.88
73 P90/10 (Upper decile boundary divided by lower);185 Tårnby;2014 2014;2.81
73 P90/10 (Upper decile boundary divided by lower);187 Vallensbæk;2014 2014;2.90
73 P90/10 (Upper decile boundary divided by lower);190 Furesø;2014 2014;3.44
73 P90/10 (Upper decile boundary divided by lower);201 Allerød;2014 2014;2.94
73 P90/10 (Upper decile boundary divided by lower);210 Fredensborg;2014 2014;3.30
73 P90/10 (Upper decile boundary divided by lower);217 Helsingør;2014 2014;3.14
73 P90/10 (Upper decile boundary divided by lower);219 Hillerød;2014 2014;2.99
73 P90/10 (Upper decile boundary divided by lower);223 Hørsholm;2014 2014;4.21
73 P90/10 (Upper decile boundary divided by lower);230 Rudersdal;2014 2014;4.40
73 P90/10 (Upper decile boundary divided by lower);240 Egedal;2014 2014;2.53
73 P90/10 (Upper decile boundary divided by lower);250 Frederikssund;2014 2014;2.73
73 P90/10 (Upper decile boundary divided by lower);253 Greve;2014 2014;2.91
73 P90/10 (Upper decile boundary divided by lower);259 Køge;2014 2014;2.82
73 P90/10 (Upper decile boundary divided by lower);260 Halsnæs;2014 2014;2.54
73 P90/10 (Upper decile boundary divided by lower);265 Roskilde;2014 2014;3.28
73 P90/10 (Upper decile boundary divided by lower);269 Solrød;2014 2014;2.90
73 P90/10 (Upper decile boundary divided by lower);270 Gribskov;2014 2014;2.74
73 P90/10 (Upper decile boundary divided by lower);306 Odsherred;2014 2014;2.52
73 P90/10 (Upper decile boundary divided by lower);316 Holbæk;2014 2014;2.79
73 P90/10 (Upper decile boundary divided by lower);320 Faxe;2014 2014;2.64
73 P90/10 (Upper decile boundary divided by lower);326 Kalundborg;2014 2014;2.74
73 P90/10 (Upper decile boundary divided by lower);329 Ringsted;2014 2014;2.77
73 P90/10 (Upper decile boundary divided by lower);330 Slagelse;2014 2014;2.86
73 P90/10 (Upper decile boundary divided by lower);336 Stevns;2014 2014;2.66
73 P90/10 (Upper decile boundary divided by lower);340 Sorø;2014 2014;2.68
73 P90/10 (Upper decile boundary divided by lower);350 Lejre;2014 2014;2.67
73 P90/10 (Upper decile boundary divided by lower);360 Lolland;2014 2014;2.58
73 P90/10 (Upper decile boundary divided by lower);370 Næstved;2014 2014;2.76
73 P90/10 (Upper decile boundary divided by lower);376 Guldborgsund;2014 2014;2.66
73 P90/10 (Upper decile boundary divided by lower);390 Vordingborg;2014 2014;2.66
73 P90/10 (Upper decile boundary divided by lower);400 Bornholm;2014 2014;2.39
73 P90/10 (Upper decile boundary divided by lower);410 Middelfart;2014 2014;2.59
73 P90/10 (Upper decile boundary divided by lower);420 Assens;2014 2014;2.49
73 P90/10 (Upper decile boundary divided by lower);430 Faaborg-Midtfyn;2014 2014;2.47
73 P90/10 (Upper decile boundary divided by lower);440 Kerteminde;2014 2014;2.54
73 P90/10 (Upper decile boundary divided by lower);450 Nyborg;2014 2014;2.53
73 P90/10 (Upper decile boundary divided by lower);461 Odense;2014 2014;3.40
73 P90/10 (Upper decile boundary divided by lower);479 Svendborg;2014 2014;2.88
73 P90/10 (Upper decile boundary divided by lower);480 Nordfyns;2014 2014;2.43
73 P90/10 (Upper decile boundary divided by lower);482 Langeland;2014 2014;2.44
73 P90/10 (Upper decile boundary divided by lower);492 Ærø;2014 2014;2.81
73 P90/10 (Upper decile boundary divided by lower);510 Haderslev;2014 2014;2.68
73 P90/10 (Upper decile boundary divided by lower);530 Billund;2014 2014;2.61
73 P90/10 (Upper decile boundary divided by lower);540 Sønderborg;2014 2014;2.68
73 P90/10 (Upper decile boundary divided by lower);550 Tønder;2014 2014;2.59
73 P90/10 (Upper decile boundary divided by lower);561 Esbjerg;2014 2014;2.88
73 P90/10 (Upper decile boundary divided by lower);563 Fanø;2014 2014;2.78
73 P90/10 (Upper decile boundary divided by lower);573 Varde;2014 2014;2.56
73 P90/10 (Upper decile boundary divided by lower);575 Vejen;2014 2014;2.54
73 P90/10 (Upper decile boundary divided by lower);580 Aabenraa;2014 2014;2.71
73 P90/10 (Upper decile boundary divided by lower);607 Fredericia;2014 2014;2.83
73 P90/10 (Upper decile boundary divided by lower);615 Horsens;2014 2014;2.80
73 P90/10 (Upper decile boundary divided by lower);621 Kolding;2014 2014;2.87
73 P90/10 (Upper decile boundary divided by lower);630 Vejle;2014 2014;2.83
73 P90/10 (Upper decile boundary divided by lower);657 Herning;2014 2014;2.70
73 P90/10 (Upper decile boundary divided by lower);661 Holstebro;2014 2014;2.65
73 P90/10 (Upper decile boundary divided by lower);665 Lemvig;2014 2014;2.57
73 P90/10 (Upper decile boundary divided by lower);671 Struer;2014 2014;2.54
73 P90/10 (Upper decile boundary divided by lower);706 Syddjurs;2014 2014;2.60
73 P90/10 (Upper decile boundary divided by lower);707 Norddjurs;2014 2014;2.65
73 P90/10 (Upper decile boundary divided by lower);710 Favrskov;2014 2014;2.52
73 P90/10 (Upper decile boundary divided by lower);727 Odder;2014 2014;2.63
73 P90/10 (Upper decile boundary divided by lower);730 Randers;2014 2014;2.69
73 P90/10 (Upper decile boundary divided by lower);740 Silkeborg;2014 2014;2.76
73 P90/10 (Upper decile boundary divided by lower);741 Samsø;2014 2014;2.50
73 P90/10 (Upper decile boundary divided by lower);746 Skanderborg;2014 2014;2.61
73 P90/10 (Upper decile boundary divided by lower);751 Aarhus;2014 2014;3.99
73 P90/10 (Upper decile boundary divided by lower);756 Ikast-Brande;2014 2014;2.54
73 P90/10 (Upper decile boundary divided by lower);760 Ringkøbing-Skjern;2014 2014;2.54
73 P90/10 (Upper decile boundary divided by lower);766 Hedensted;2014 2014;2.48
73 P90/10 (Upper decile boundary divided by lower);773 Morsø;2014 2014;2.47
73 P90/10 (Upper decile boundary divided by lower);779 Skive;2014 2014;2.50
73 P90/10 (Upper decile boundary divided by lower);787 Thisted;2014 2014;2.54
73 P90/10 (Upper decile boundary divided by lower);791 Viborg;2014 2014;2.66
73 P90/10 (Upper decile boundary divided by lower);810 Brønderslev;2014 2014;2.49
73 P90/10 (Upper decile boundary divided by lower);813 Frederikshavn;2014 2014;2.54
73 P90/10 (Upper decile boundary divided by lower);820 Vesthimmerlands;2014 2014;2.51
73 P90/10 (Upper decile boundary divided by lower);825 Læsø;2014 2014;2.30
73 P90/10 (Upper decile boundary divided by lower);840 Rebild;2014 2014;2.57
73 P90/10 (Upper decile boundary divided by lower);846 Mariagerfjord;2014 2014;2.56
73 P90/10 (Upper decile boundary divided by lower);849 Jammerbugt;2014 2014;2.48
73 P90/10 (Upper decile boundary divided by lower);851 Aalborg;2014 2014;3.33
73 P90/10 (Upper decile boundary divided by lower);860 Hjørring;2014 2014;2.62
70 Gini coefficient;000 All Denmark;2014 2014;28.33
70 Gini coefficient;101 Copenhagen;2014 2014;32.13
70 Gini coefficient;147 Frederiksberg;2014 2014;34.98
70 Gini coefficient;151 Ballerup;2014 2014;26.73
70 Gini coefficient;153 Brøndby;2014 2014;24.88
70 Gini coefficient;155 Dragør;2014 2014;27.03
70 Gini coefficient;157 Gentofte;2014 2014;43.98
70 Gini coefficient;159 Gladsaxe;2014 2014;28.14
70 Gini coefficient;161 Glostrup;2014 2014;24.69
70 Gini coefficient;163 Herlev;2014 2014;24.87
70 Gini coefficient;165 Albertslund;2014 2014;25.28
70 Gini coefficient;167 Hvidovre;2014 2014;24.37
70 Gini coefficient;169 Høje-Taastrup;2014 2014;24.99
70 Gini coefficient;173 Lyngby-Taarbæk;2014 2014;35.97
70 Gini coefficient;175 Rødovre;2014 2014;24.58
70 Gini coefficient;183 Ishøj;2014 2014;24.49
70 Gini coefficient;185 Tårnby;2014 2014;22.89
70 Gini coefficient;187 Vallensbæk;2014 2014;25.54
70 Gini coefficient;190 Furesø;2014 2014;28.67
70 Gini coefficient;201 Allerød;2014 2014;24.71
70 Gini coefficient;210 Fredensborg;2014 2014;30.76
70 Gini coefficient;217 Helsingør;2014 2014;28.83
70 Gini coefficient;219 Hillerød;2014 2014;26.89
70 Gini coefficient;223 Hørsholm;2014 2014;37.52
70 Gini coefficient;230 Rudersdal;2014 2014;39.86
70 Gini coefficient;240 Egedal;2014 2014;21.71
70 Gini coefficient;250 Frederikssund;2014 2014;23.69
70 Gini coefficient;253 Greve;2014 2014;25.34
70 Gini coefficient;259 Køge;2014 2014;24.44
70 Gini coefficient;260 Halsnæs;2014 2014;22.34
70 Gini coefficient;265 Roskilde;2014 2014;27.89
70 Gini coefficient;269 Solrød;2014 2014;26.14
70 Gini coefficient;270 Gribskov;2014 2014;25.39
70 Gini coefficient;306 Odsherred;2014 2014;23.07
70 Gini coefficient;316 Holbæk;2014 2014;24.49
70 Gini coefficient;320 Faxe;2014 2014;23.05
70 Gini coefficient;326 Kalundborg;2014 2014;24.29
70 Gini coefficient;329 Ringsted;2014 2014;24.39
70 Gini coefficient;330 Slagelse;2014 2014;24.26
70 Gini coefficient;336 Stevns;2014 2014;23.61
70 Gini coefficient;340 Sorø;2014 2014;24.07
70 Gini coefficient;350 Lejre;2014 2014;24.45
70 Gini coefficient;360 Lolland;2014 2014;26.08
70 Gini coefficient;370 Næstved;2014 2014;24.44
70 Gini coefficient;376 Guldborgsund;2014 2014;24.96
70 Gini coefficient;390 Vordingborg;2014 2014;24.36
70 Gini coefficient;400 Bornholm;2014 2014;22.12
70 Gini coefficient;410 Middelfart;2014 2014;25.90
70 Gini coefficient;420 Assens;2014 2014;23.01
70 Gini coefficient;430 Faaborg-Midtfyn;2014 2014;22.53
70 Gini coefficient;440 Kerteminde;2014 2014;24.47
70 Gini coefficient;450 Nyborg;2014 2014;23.35
70 Gini coefficient;461 Odense;2014 2014;27.44
70 Gini coefficient;479 Svendborg;2014 2014;25.79
70 Gini coefficient;480 Nordfyns;2014 2014;22.63
70 Gini coefficient;482 Langeland;2014 2014;22.08
70 Gini coefficient;492 Ærø;2014 2014;25.18
70 Gini coefficient;510 Haderslev;2014 2014;25.01
70 Gini coefficient;530 Billund;2014 2014;24.73
70 Gini coefficient;540 Sønderborg;2014 2014;25.77
70 Gini coefficient;550 Tønder;2014 2014;25.40
70 Gini coefficient;561 Esbjerg;2014 2014;26.16
70 Gini coefficient;563 Fanø;2014 2014;25.35
70 Gini coefficient;573 Varde;2014 2014;25.36
70 Gini coefficient;575 Vejen;2014 2014;24.64
70 Gini coefficient;580 Aabenraa;2014 2014;27.42
70 Gini coefficient;607 Fredericia;2014 2014;25.05
70 Gini coefficient;615 Horsens;2014 2014;24.80
70 Gini coefficient;621 Kolding;2014 2014;25.82
70 Gini coefficient;630 Vejle;2014 2014;26.93
70 Gini coefficient;657 Herning;2014 2014;25.07
70 Gini coefficient;661 Holstebro;2014 2014;24.45
70 Gini coefficient;665 Lemvig;2014 2014;24.95
70 Gini coefficient;671 Struer;2014 2014;23.95
70 Gini coefficient;706 Syddjurs;2014 2014;26.14
70 Gini coefficient;707 Norddjurs;2014 2014;24.20
70 Gini coefficient;710 Favrskov;2014 2014;22.21
70 Gini coefficient;727 Odder;2014 2014;23.44
70 Gini coefficient;730 Randers;2014 2014;24.14
70 Gini coefficient;740 Silkeborg;2014 2014;32.67
70 Gini coefficient;741 Samsø;2014 2014;24.90
70 Gini coefficient;746 Skanderborg;2014 2014;23.42
70 Gini coefficient;751 Aarhus;2014 2014;31.55
70 Gini coefficient;756 Ikast-Brande;2014 2014;24.28
70 Gini coefficient;760 Ringkøbing-Skjern;2014 2014;24.67
70 Gini coefficient;766 Hedensted;2014 2014;23.18
70 Gini coefficient;773 Morsø;2014 2014;24.79
70 Gini coefficient;779 Skive;2014 2014;24.09
70 Gini coefficient;787 Thisted;2014 2014;24.21
70 Gini coefficient;791 Viborg;2014 2014;24.24
70 Gini coefficient;810 Brønderslev;2014 2014;23.45
70 Gini coefficient;813 Frederikshavn;2014 2014;23.83
70 Gini coefficient;820 Vesthimmerlands;2014 2014;24.05
70 Gini coefficient;825 Læsø;2014 2014;21.44
70 Gini coefficient;840 Rebild;2014 2014;24.01
70 Gini coefficient;846 Mariagerfjord;2014 2014;23.83
70 Gini coefficient;849 Jammerbugt;2014 2014;22.98
70 Gini coefficient;851 Aalborg;2014 2014;27.54
70 Gini coefficient;860 Hjørring;2014 2014;25.37
71 Hoover index;000 All Denmark;2014 2014;19.37
71 Hoover index;101 Copenhagen;2014 2014;22.46
71 Hoover index;147 Frederiksberg;2014 2014;24.04
71 Hoover index;151 Ballerup;2014 2014;18.72
71 Hoover index;153 Brøndby;2014 2014;17.58
71 Hoover index;155 Dragør;2014 2014;18.33
71 Hoover index;157 Gentofte;2014 2014;30.09
71 Hoover index;159 Gladsaxe;2014 2014;19.81
71 Hoover index;161 Glostrup;2014 2014;17.46
70 Gini coefficient;000 All Denmark;2002 2002;24.03
70 Gini coefficient;101 Copenhagen;2002 2002;26.63
70 Gini coefficient;147 Frederiksberg;2002 2002;28.69
70 Gini coefficient;151 Ballerup;2002 2002;21.41
70 Gini coefficient;153 Brøndby;2002 2002;21.24
70 Gini coefficient;155 Dragør;2002 2002;22.86
70 Gini coefficient;157 Gentofte;2002 2002;34.27
70 Gini coefficient;159 Gladsaxe;2002 2002;22.99
70 Gini coefficient;161 Glostrup;2002 2002;21.04
70 Gini coefficient;163 Herlev;2002 2002;21.98
70 Gini coefficient;165 Albertslund;2002 2002;22.37
70 Gini coefficient;167 Hvidovre;2002 2002;20.83
70 Gini coefficient;169 Høje-Taastrup;2002 2002;21.68
70 Gini coefficient;173 Lyngby-Taarbæk;2002 2002;28.55
70 Gini coefficient;175 Rødovre;2002 2002;20.51
70 Gini coefficient;183 Ishøj;2002 2002;21.99
70 Gini coefficient;185 Tårnby;2002 2002;19.58
70 Gini coefficient;187 Vallensbæk;2002 2002;19.85
70 Gini coefficient;190 Furesø;2002 2002;24.46
70 Gini coefficient;201 Allerød;2002 2002;23.70
70 Gini coefficient;210 Fredensborg;2002 2002;26.15
70 Gini coefficient;217 Helsingør;2002 2002;27.35
70 Gini coefficient;219 Hillerød;2002 2002;22.94
70 Gini coefficient;223 Hørsholm;2002 2002;32.03
70 Gini coefficient;230 Rudersdal;2002 2002;34.05
70 Gini coefficient;240 Egedal;2002 2002;19.64
70 Gini coefficient;250 Frederikssund;2002 2002;21.15
70 Gini coefficient;253 Greve;2002 2002;21.68
70 Gini coefficient;259 Køge;2002 2002;20.94
70 Gini coefficient;260 Halsnæs;2002 2002;19.79
70 Gini coefficient;265 Roskilde;2002 2002;23.38
70 Gini coefficient;269 Solrød;2002 2002;21.75
70 Gini coefficient;270 Gribskov;2002 2002;21.80
70 Gini coefficient;306 Odsherred;2002 2002;20.45
70 Gini coefficient;316 Holbæk;2002 2002;21.95
70 Gini coefficient;320 Faxe;2002 2002;20.60
70 Gini coefficient;326 Kalundborg;2002 2002;21.25
70 Gini coefficient;329 Ringsted;2002 2002;21.55
70 Gini coefficient;330 Slagelse;2002 2002;21.63
70 Gini coefficient;336 Stevns;2002 2002;21.22
70 Gini coefficient;340 Sorø;2002 2002;21.63
70 Gini coefficient;350 Lejre;2002 2002;21.80
70 Gini coefficient;360 Lolland;2002 2002;22.04
70 Gini coefficient;370 Næstved;2002 2002;21.14
70 Gini coefficient;376 Guldborgsund;2002 2002;21.70
70 Gini coefficient;390 Vordingborg;2002 2002;21.86
70 Gini coefficient;400 Bornholm;2002 2002;20.89
70 Gini coefficient;410 Middelfart;2002 2002;21.47
70 Gini coefficient;420 Assens;2002 2002;20.91
70 Gini coefficient;430 Faaborg-Midtfyn;2002 2002;21.54
70 Gini coefficient;440 Kerteminde;2002 2002;21.77
70 Gini coefficient;450 Nyborg;2002 2002;20.45
70 Gini coefficient;461 Odense;2002 2002;23.23
70 Gini coefficient;479 Svendborg;2002 2002;22.92
70 Gini coefficient;480 Nordfyns;2002 2002;21.64
70 Gini coefficient;482 Langeland;2002 2002;21.18
70 Gini coefficient;492 Ærø;2002 2002;24.80
70 Gini coefficient;510 Haderslev;2002 2002;21.62
70 Gini coefficient;530 Billund;2002 2002;21.48
70 Gini coefficient;540 Sønderborg;2002 2002;21.82
70 Gini coefficient;550 Tønder;2002 2002;22.47
70 Gini coefficient;561 Esbjerg;2002 2002;21.89
70 Gini coefficient;563 Fanø;2002 2002;23.11
70 Gini coefficient;573 Varde;2002 2002;21.16
70 Gini coefficient;575 Vejen;2002 2002;20.89
70 Gini coefficient;580 Aabenraa;2002 2002;22.74
70 Gini coefficient;607 Fredericia;2002 2002;20.31
70 Gini coefficient;615 Horsens;2002 2002;21.85
70 Gini coefficient;621 Kolding;2002 2002;22.54
70 Gini coefficient;630 Vejle;2002 2002;22.15
70 Gini coefficient;657 Herning;2002 2002;22.22
70 Gini coefficient;661 Holstebro;2002 2002;22.93
70 Gini coefficient;665 Lemvig;2002 2002;22.49
70 Gini coefficient;671 Struer;2002 2002;21.25
70 Gini coefficient;706 Syddjurs;2002 2002;21.20
70 Gini coefficient;707 Norddjurs;2002 2002;21.09
70 Gini coefficient;710 Favrskov;2002 2002;20.00
70 Gini coefficient;727 Odder;2002 2002;21.81
70 Gini coefficient;730 Randers;2002 2002;21.25
70 Gini coefficient;740 Silkeborg;2002 2002;23.33
70 Gini coefficient;741 Samsø;2002 2002;22.16
70 Gini coefficient;746 Skanderborg;2002 2002;20.39
70 Gini coefficient;751 Aarhus;2002 2002;25.75
70 Gini coefficient;756 Ikast-Brande;2002 2002;21.76
70 Gini coefficient;760 Ringkøbing-Skjern;2002 2002;22.04
70 Gini coefficient;766 Hedensted;2002 2002;20.48
70 Gini coefficient;773 Morsø;2002 2002;22.36
70 Gini coefficient;779 Skive;2002 2002;21.51
70 Gini coefficient;787 Thisted;2002 2002;22.55
70 Gini coefficient;791 Viborg;2002 2002;21.78
70 Gini coefficient;810 Brønderslev;2002 2002;21.93
70 Gini coefficient;813 Frederikshavn;2002 2002;21.17
70 Gini coefficient;820 Vesthimmerlands;2002 2002;22.24
70 Gini coefficient;825 Læsø;2002 2002;20.92
70 Gini coefficient;840 Rebild;2002 2002;21.73
70 Gini coefficient;846 Mariagerfjord;2002 2002;21.58
70 Gini coefficient;849 Jammerbugt;2002 2002;21.41
70 Gini coefficient;851 Aalborg;2002 2002;22.88
70 Gini coefficient;860 Hjørring;2002 2002;21.86
71 Hoover index;000 All Denmark;2002 2002;16.46
71 Hoover index;101 Copenhagen;2002 2002;18.63
71 Hoover index;147 Frederiksberg;2002 2002;19.94
71 Hoover index;151 Ballerup;2002 2002;14.88
71 Hoover index;153 Brøndby;2002 2002;14.98
71 Hoover index;155 Dragør;2002 2002;15.52
71 Hoover index;157 Gentofte;2002 2002;23.26
71 Hoover index;159 Gladsaxe;2002 2002;15.96
71 Hoover index;161 Glostrup;2002 2002;14.75
71 Hoover index;163 Herlev;2002 2002;15.44
71 Hoover index;165 Albertslund;2002 2002;15.69
71 Hoover index;167 Hvidovre;2002 2002;14.63
71 Hoover index;169 Høje-Taastrup;2002 2002;15.17
71 Hoover index;173 Lyngby-Taarbæk;2002 2002;19.57
71 Hoover index;175 Rødovre;2002 2002;14.31
71 Hoover index;183 Ishøj;2002 2002;15.49
71 Hoover index;185 Tårnby;2002 2002;13.65
71 Hoover index;187 Vallensbæk;2002 2002;13.72
71 Hoover index;190 Furesø;2002 2002;16.85
71 Hoover index;201 Allerød;2002 2002;15.82
71 Hoover index;210 Fredensborg;2002 2002;17.79
71 Hoover index;217 Helsingør;2002 2002;18.45
71 Hoover index;219 Hillerød;2002 2002;15.70
71 Hoover index;223 Hørsholm;2002 2002;21.79
71 Hoover index;230 Rudersdal;2002 2002;23.11
71 Hoover index;240 Egedal;2002 2002;13.39
71 Hoover index;250 Frederikssund;2002 2002;14.51
71 Hoover index;253 Greve;2002 2002;14.97
71 Hoover index;259 Køge;2002 2002;14.53
71 Hoover index;260 Halsnæs;2002 2002;13.75
71 Hoover index;265 Roskilde;2002 2002;16.08
71 Hoover index;269 Solrød;2002 2002;14.83
71 Hoover index;270 Gribskov;2002 2002;14.89
71 Hoover index;306 Odsherred;2002 2002;14.10
71 Hoover index;316 Holbæk;2002 2002;15.15
71 Hoover index;320 Faxe;2002 2002;14.18
71 Hoover index;326 Kalundborg;2002 2002;14.71
71 Hoover index;329 Ringsted;2002 2002;14.84
71 Hoover index;330 Slagelse;2002 2002;14.91
71 Hoover index;336 Stevns;2002 2002;14.52
71 Hoover index;340 Sorø;2002 2002;14.81
71 Hoover index;350 Lejre;2002 2002;14.93
71 Hoover index;360 Lolland;2002 2002;15.21
71 Hoover index;370 Næstved;2002 2002;14.57
71 Hoover index;376 Guldborgsund;2002 2002;14.94
71 Hoover index;390 Vordingborg;2002 2002;15.00
71 Hoover index;400 Bornholm;2002 2002;14.32
71 Hoover index;410 Middelfart;2002 2002;14.67
71 Hoover index;420 Assens;2002 2002;14.25
71 Hoover index;430 Faaborg-Midtfyn;2002 2002;14.57
71 Hoover index;440 Kerteminde;2002 2002;14.71
71 Hoover index;450 Nyborg;2002 2002;13.99
71 Hoover index;461 Odense;2002 2002;16.07
71 Hoover index;479 Svendborg;2002 2002;15.64
71 Hoover index;480 Nordfyns;2002 2002;14.58
71 Hoover index;482 Langeland;2002 2002;14.49
71 Hoover index;492 Ærø;2002 2002;16.74
71 Hoover index;510 Haderslev;2002 2002;14.70
71 Hoover index;530 Billund;2002 2002;14.52
71 Hoover index;540 Sønderborg;2002 2002;14.88
71 Hoover index;550 Tønder;2002 2002;15.21
71 Hoover index;561 Esbjerg;2002 2002;15.00
71 Hoover index;563 Fanø;2002 2002;16.05
71 Hoover index;573 Varde;2002 2002;14.37
71 Hoover index;575 Vejen;2002 2002;14.24
71 Hoover index;580 Aabenraa;2002 2002;15.38
71 Hoover index;607 Fredericia;2002 2002;14.02
71 Hoover index;615 Horsens;2002 2002;14.93
71 Hoover index;621 Kolding;2002 2002;15.37
71 Hoover index;630 Vejle;2002 2002;15.15
71 Hoover index;657 Herning;2002 2002;15.05
71 Hoover index;661 Holstebro;2002 2002;15.41
71 Hoover index;665 Lemvig;2002 2002;15.19
71 Hoover index;671 Struer;2002 2002;14.44
71 Hoover index;706 Syddjurs;2002 2002;14.51
71 Hoover index;707 Norddjurs;2002 2002;14.50
71 Hoover index;710 Favrskov;2002 2002;13.57
71 Hoover index;727 Odder;2002 2002;14.78
71 Hoover index;730 Randers;2002 2002;14.58
71 Hoover index;740 Silkeborg;2002 2002;15.76
71 Hoover index;741 Samsø;2002 2002;15.04
71 Hoover index;746 Skanderborg;2002 2002;13.95
71 Hoover index;751 Aarhus;2002 2002;17.79
71 Hoover index;756 Ikast-Brande;2002 2002;14.67
71 Hoover index;760 Ringkøbing-Skjern;2002 2002;14.91
71 Hoover index;766 Hedensted;2002 2002;13.97
71 Hoover index;773 Morsø;2002 2002;15.15
71 Hoover index;779 Skive;2002 2002;14.60
71 Hoover index;787 Thisted;2002 2002;15.24
71 Hoover index;791 Viborg;2002 2002;14.75
71 Hoover index;810 Brønderslev;2002 2002;14.83
71 Hoover index;813 Frederikshavn;2002 2002;14.41
71 Hoover index;820 Vesthimmerlands;2002 2002;15.12
71 Hoover index;825 Læsø;2002 2002;14.49
71 Hoover index;840 Rebild;2002 2002;14.86
71 Hoover index;846 Mariagerfjord;2002 2002;14.71
71 Hoover index;849 Jammerbugt;2002 2002;14.55
71 Hoover index;851 Aalborg;2002 2002;15.70
71 Hoover index;860 Hjørring;2002 2002;14.85
72 S80/S20 (Income quintile share ratio);000 All Denmark;2002 2002;3.42
72 S80/S20 (Income quintile share ratio);101 Copenhagen;2002 2002;3.98
72 S80/S20 (Income quintile share ratio);147 Frederiksberg;2002 2002;4.44
72 S80/S20 (Income quintile share ratio);151 Ballerup;2002 2002;2.96
72 S80/S20 (Income quintile share ratio);153 Brøndby;2002 2002;2.90
72 S80/S20 (Income quintile share ratio);155 Dragør;2002 2002;3.36
72 S80/S20 (Income quintile share ratio);157 Gentofte;2002 2002;6.03
72 S80/S20 (Income quintile share ratio);159 Gladsaxe;2002 2002;3.27
72 S80/S20 (Income quintile share ratio);161 Glostrup;2002 2002;2.92
72 S80/S20 (Income quintile share ratio);163 Herlev;2002 2002;3.07
72 S80/S20 (Income quintile share ratio);165 Albertslund;2002 2002;3.17
72 S80/S20 (Income quintile share ratio);167 Hvidovre;2002 2002;2.93
72 S80/S20 (Income quintile share ratio);169 Høje-Taastrup;2002 2002;3.05
72 S80/S20 (Income quintile share ratio);173 Lyngby-Taarbæk;2002 2002;4.43
72 S80/S20 (Income quintile share ratio);175 Rødovre;2002 2002;2.87
72 S80/S20 (Income quintile share ratio);183 Ishøj;2002 2002;3.10
72 S80/S20 (Income quintile share ratio);185 Tårnby;2002 2002;2.78
72 S80/S20 (Income quintile share ratio);187 Vallensbæk;2002 2002;2.80
72 S80/S20 (Income quintile share ratio);190 Furesø;2002 2002;3.54
72 S80/S20 (Income quintile share ratio);201 Allerød;2002 2002;3.60
72 S80/S20 (Income quintile share ratio);210 Fredensborg;2002 2002;3.80
72 S80/S20 (Income quintile share ratio);217 Helsingør;2002 2002;3.88
72 S80/S20 (Income quintile share ratio);219 Hillerød;2002 2002;3.27
72 S80/S20 (Income quintile share ratio);223 Hørsholm;2002 2002;5.15
72 S80/S20 (Income quintile share ratio);230 Rudersdal;2002 2002;5.65
72 S80/S20 (Income quintile share ratio);240 Egedal;2002 2002;2.73
72 S80/S20 (Income quintile share ratio);250 Frederikssund;2002 2002;2.96
72 S80/S20 (Income quintile share ratio);253 Greve;2002 2002;3.07
72 S80/S20 (Income quintile share ratio);259 Køge;2002 2002;2.92
72 S80/S20 (Income quintile share ratio);260 Halsnæs;2002 2002;2.77
72 S80/S20 (Income quintile share ratio);265 Roskilde;2002 2002;3.35
72 S80/S20 (Income quintile share ratio);269 Solrød;2002 2002;3.07
72 S80/S20 (Income quintile share ratio);270 Gribskov;2002 2002;3.09
72 S80/S20 (Income quintile share ratio);306 Odsherred;2002 2002;2.82
72 S80/S20 (Income quintile share ratio);316 Holbæk;2002 2002;3.08
72 S80/S20 (Income quintile share ratio);320 Faxe;2002 2002;2.87
72 S80/S20 (Income quintile share ratio);326 Kalundborg;2002 2002;2.97
72 S80/S20 (Income quintile share ratio);329 Ringsted;2002 2002;3.02
72 S80/S20 (Income quintile share ratio);330 Slagelse;2002 2002;3.00
72 S80/S20 (Income quintile share ratio);336 Stevns;2002 2002;2.97
72 S80/S20 (Income quintile share ratio);340 Sorø;2002 2002;3.04
72 S80/S20 (Income quintile share ratio);350 Lejre;2002 2002;3.09
72 S80/S20 (Income quintile share ratio);360 Lolland;2002 2002;3.00
72 S80/S20 (Income quintile share ratio);370 Næstved;2002 2002;2.94
72 S80/S20 (Income quintile share ratio);376 Guldborgsund;2002 2002;3.00
72 S80/S20 (Income quintile share ratio);390 Vordingborg;2002 2002;3.03
72 S80/S20 (Income quintile share ratio);400 Bornholm;2002 2002;2.86
72 S80/S20 (Income quintile share ratio);410 Middelfart;2002 2002;2.95
72 S80/S20 (Income quintile share ratio);420 Assens;2002 2002;2.90
72 S80/S20 (Income quintile share ratio);430 Faaborg-Midtfyn;2002 2002;3.03
72 S80/S20 (Income quintile share ratio);440 Kerteminde;2002 2002;3.01
72 S80/S20 (Income quintile share ratio);450 Nyborg;2002 2002;2.84
72 S80/S20 (Income quintile share ratio);461 Odense;2002 2002;3.32
72 S80/S20 (Income quintile share ratio);479 Svendborg;2002 2002;3.24
72 S80/S20 (Income quintile share ratio);480 Nordfyns;2002 2002;3.01
72 S80/S20 (Income quintile share ratio);482 Langeland;2002 2002;2.92
72 S80/S20 (Income quintile share ratio);492 Ærø;2002 2002;3.51
72 S80/S20 (Income quintile share ratio);510 Haderslev;2002 2002;3.00
72 S80/S20 (Income quintile share ratio);530 Billund;2002 2002;3.00
72 S80/S20 (Income quintile share ratio);540 Sønderborg;2002 2002;3.05
72 S80/S20 (Income quintile share ratio);550 Tønder;2002 2002;3.19
72 S80/S20 (Income quintile share ratio);561 Esbjerg;2002 2002;3.05
72 S80/S20 (Income quintile share ratio);563 Fanø;2002 2002;3.23
72 S80/S20 (Income quintile share ratio);573 Varde;2002 2002;2.96
72 S80/S20 (Income quintile share ratio);575 Vejen;2002 2002;2.91
72 S80/S20 (Income quintile share ratio);580 Aabenraa;2002 2002;3.16
72 S80/S20 (Income quintile share ratio);607 Fredericia;2002 2002;2.82
72 S80/S20 (Income quintile share ratio);615 Horsens;2002 2002;3.05
72 S80/S20 (Income quintile share ratio);621 Kolding;2002 2002;3.15
72 S80/S20 (Income quintile share ratio);630 Vejle;2002 2002;3.13
72 S80/S20 (Income quintile share ratio);657 Herning;2002 2002;3.11
72 S80/S20 (Income quintile share ratio);661 Holstebro;2002 2002;3.23
72 S80/S20 (Income quintile share ratio);665 Lemvig;2002 2002;3.20
72 S80/S20 (Income quintile share ratio);671 Struer;2002 2002;2.96
72 S80/S20 (Income quintile share ratio);706 Syddjurs;2002 2002;2.93
72 S80/S20 (Income quintile share ratio);707 Norddjurs;2002 2002;2.94
72 S80/S20 (Income quintile share ratio);710 Favrskov;2002 2002;2.81
72 S80/S20 (Income quintile share ratio);727 Odder;2002 2002;3.04
72 S80/S20 (Income quintile share ratio);730 Randers;2002 2002;2.94
72 S80/S20 (Income quintile share ratio);740 Silkeborg;2002 2002;3.22
72 S80/S20 (Income quintile share ratio);741 Samsø;2002 2002;3.08
72 S80/S20 (Income quintile share ratio);746 Skanderborg;2002 2002;2.83
72 S80/S20 (Income quintile share ratio);751 Aarhus;2002 2002;3.84
72 S80/S20 (Income quintile share ratio);756 Ikast-Brande;2002 2002;3.07
72 S80/S20 (Income quintile share ratio);760 Ringkøbing-Skjern;2002 2002;3.09
72 S80/S20 (Income quintile share ratio);766 Hedensted;2002 2002;2.83
72 S80/S20 (Income quintile share ratio);773 Morsø;2002 2002;3.14
72 S80/S20 (Income quintile share ratio);779 Skive;2002 2002;3.00
72 S80/S20 (Income quintile share ratio);787 Thisted;2002 2002;3.19
72 S80/S20 (Income quintile share ratio);791 Viborg;2002 2002;3.10
72 S80/S20 (Income quintile share ratio);810 Brønderslev;2002 2002;3.12
72 S80/S20 (Income quintile share ratio);813 Frederikshavn;2002 2002;2.92
72 S80/S20 (Income quintile share ratio);820 Vesthimmerlands;2002 2002;3.13
72 S80/S20 (Income quintile share ratio);825 Læsø;2002 2002;2.84
72 S80/S20 (Income quintile share ratio);840 Rebild;2002 2002;3.05
72 S80/S20 (Income quintile share ratio);846 Mariagerfjord;2002 2002;3.03
72 S80/S20 (Income quintile share ratio);849 Jammerbugt;2002 2002;2.99
72 S80/S20 (Income quintile share ratio);851 Aalborg;2002 2002;3.27
72 S80/S20 (Income quintile share ratio);860 Hjørring;2002 2002;3.06
73 P90/10 (Upper decile boundary divided by lower);000 All Denmark;2002 2002;2.67
73 P90/10 (Upper decile boundary divided by lower);101 Copenhagen;2002 2002;3.14
73 P90/10 (Upper decile boundary divided by lower);147 Frederiksberg;2002 2002;3.40
73 P90/10 (Upper decile boundary divided by lower);151 Ballerup;2002 2002;2.50
73 P90/10 (Upper decile boundary divided by lower);153 Brøndby;2002 2002;2.49
73 P90/10 (Upper decile boundary divided by lower);155 Dragør;2002 2002;2.69
73 P90/10 (Upper decile boundary divided by lower);157 Gentofte;2002 2002;3.93
73 P90/10 (Upper decile boundary divided by lower);159 Gladsaxe;2002 2002;2.70
73 P90/10 (Upper decile boundary divided by lower);161 Glostrup;2002 2002;2.52
73 P90/10 (Upper decile boundary divided by lower);163 Herlev;2002 2002;2.64
73 P90/10 (Upper decile boundary divided by lower);165 Albertslund;2002 2002;2.72
73 P90/10 (Upper decile boundary divided by lower);167 Hvidovre;2002 2002;2.55
73 P90/10 (Upper decile boundary divided by lower);169 Høje-Taastrup;2002 2002;2.61
73 P90/10 (Upper decile boundary divided by lower);173 Lyngby-Taarbæk;2002 2002;3.31
73 P90/10 (Upper decile boundary divided by lower);175 Rødovre;2002 2002;2.47
73 P90/10 (Upper decile boundary divided by lower);183 Ishøj;2002 2002;2.71
73 P90/10 (Upper decile boundary divided by lower);185 Tårnby;2002 2002;2.47
73 P90/10 (Upper decile boundary divided by lower);187 Vallensbæk;2002 2002;2.39
73 P90/10 (Upper decile boundary divided by lower);190 Furesø;2002 2002;2.87
73 P90/10 (Upper decile boundary divided by lower);201 Allerød;2002 2002;2.57
73 P90/10 (Upper decile boundary divided by lower);210 Fredensborg;2002 2002;2.84
73 P90/10 (Upper decile boundary divided by lower);217 Helsingør;2002 2002;2.71
73 P90/10 (Upper decile boundary divided by lower);219 Hillerød;2002 2002;2.63
73 P90/10 (Upper decile boundary divided by lower);223 Hørsholm;2002 2002;3.45
73 P90/10 (Upper decile boundary divided by lower);230 Rudersdal;2002 2002;3.68
73 P90/10 (Upper decile boundary divided by lower);240 Egedal;2002 2002;2.29
73 P90/10 (Upper decile boundary divided by lower);250 Frederikssund;2002 2002;2.46
73 P90/10 (Upper decile boundary divided by lower);253 Greve;2002 2002;2.62
73 P90/10 (Upper decile boundary divided by lower);259 Køge;2002 2002;2.49
73 P90/10 (Upper decile boundary divided by lower);260 Halsnæs;2002 2002;2.37
73 P90/10 (Upper decile boundary divided by lower);265 Roskilde;2002 2002;2.75
73 P90/10 (Upper decile boundary divided by lower);269 Solrød;2002 2002;2.53
73 P90/10 (Upper decile boundary divided by lower);270 Gribskov;2002 2002;2.50
73 P90/10 (Upper decile boundary divided by lower);306 Odsherred;2002 2002;2.32
73 P90/10 (Upper decile boundary divided by lower);316 Holbæk;2002 2002;2.52
73 P90/10 (Upper decile boundary divided by lower);320 Faxe;2002 2002;2.37
73 P90/10 (Upper decile boundary divided by lower);326 Kalundborg;2002 2002;2.42
73 P90/10 (Upper decile boundary divided by lower);329 Ringsted;2002 2002;2.48
73 P90/10 (Upper decile boundary divided by lower);330 Slagelse;2002 2002;2.46
73 P90/10 (Upper decile boundary divided by lower);336 Stevns;2002 2002;2.43
73 P90/10 (Upper decile boundary divided by lower);340 Sorø;2002 2002;2.41
73 P90/10 (Upper decile boundary divided by lower);350 Lejre;2002 2002;2.51
73 P90/10 (Upper decile boundary divided by lower);360 Lolland;2002 2002;2.35
73 P90/10 (Upper decile boundary divided by lower);370 Næstved;2002 2002;2.43
73 P90/10 (Upper decile boundary divided by lower);376 Guldborgsund;2002 2002;2.39
73 P90/10 (Upper decile boundary divided by lower);390 Vordingborg;2002 2002;2.40
73 P90/10 (Upper decile boundary divided by lower);400 Bornholm;2002 2002;2.28
73 P90/10 (Upper decile boundary divided by lower);410 Middelfart;2002 2002;2.36
73 P90/10 (Upper decile boundary divided by lower);420 Assens;2002 2002;2.31
73 P90/10 (Upper decile boundary divided by lower);430 Faaborg-Midtfyn;2002 2002;2.29
73 P90/10 (Upper decile boundary divided by lower);440 Kerteminde;2002 2002;2.33
73 P90/10 (Upper decile boundary divided by lower);450 Nyborg;2002 2002;2.29
73 P90/10 (Upper decile boundary divided by lower);461 Odense;2002 2002;2.72
73 P90/10 (Upper decile boundary divided by lower);479 Svendborg;2002 2002;2.52
73 P90/10 (Upper decile boundary divided by lower);480 Nordfyns;2002 2002;2.30
73 P90/10 (Upper decile boundary divided by lower);482 Langeland;2002 2002;2.25
73 P90/10 (Upper decile boundary divided by lower);492 Ærø;2002 2002;2.46
73 P90/10 (Upper decile boundary divided by lower);510 Haderslev;2002 2002;2.34
73 P90/10 (Upper decile boundary divided by lower);530 Billund;2002 2002;2.32
73 P90/10 (Upper decile boundary divided by lower);540 Sønderborg;2002 2002;2.42
73 P90/10 (Upper decile boundary divided by lower);550 Tønder;2002 2002;2.39
73 P90/10 (Upper decile boundary divided by lower);561 Esbjerg;2002 2002;2.45
73 P90/10 (Upper decile boundary divided by lower);563 Fanø;2002 2002;2.70
73 P90/10 (Upper decile boundary divided by lower);573 Varde;2002 2002;2.35
73 P90/10 (Upper decile boundary divided by lower);575 Vejen;2002 2002;2.34
73 P90/10 (Upper decile boundary divided by lower);580 Aabenraa;2002 2002;2.41
73 P90/10 (Upper decile boundary divided by lower);607 Fredericia;2002 2002;2.39
73 P90/10 (Upper decile boundary divided by lower);615 Horsens;2002 2002;2.43
73 P90/10 (Upper decile boundary divided by lower);621 Kolding;2002 2002;2.49
73 P90/10 (Upper decile boundary divided by lower);630 Vejle;2002 2002;2.51
73 P90/10 (Upper decile boundary divided by lower);657 Herning;2002 2002;2.41
73 P90/10 (Upper decile boundary divided by lower);661 Holstebro;2002 2002;2.44
73 P90/10 (Upper decile boundary divided by lower);665 Lemvig;2002 2002;2.42
73 P90/10 (Upper decile boundary divided by lower);671 Struer;2002 2002;2.37
73 P90/10 (Upper decile boundary divided by lower);706 Syddjurs;2002 2002;2.36
73 P90/10 (Upper decile boundary divided by lower);707 Norddjurs;2002 2002;2.37
73 P90/10 (Upper decile boundary divided by lower);710 Favrskov;2002 2002;2.28
73 P90/10 (Upper decile boundary divided by lower);727 Odder;2002 2002;2.38
73 P90/10 (Upper decile boundary divided by lower);730 Randers;2002 2002;2.39
73 P90/10 (Upper decile boundary divided by lower);740 Silkeborg;2002 2002;2.42
73 P90/10 (Upper decile boundary divided by lower);741 Samsø;2002 2002;2.34
73 P90/10 (Upper decile boundary divided by lower);746 Skanderborg;2002 2002;2.35
73 P90/10 (Upper decile boundary divided by lower);751 Aarhus;2002 2002;3.09
73 P90/10 (Upper decile boundary divided by lower);756 Ikast-Brande;2002 2002;2.35
73 P90/10 (Upper decile boundary divided by lower);760 Ringkøbing-Skjern;2002 2002;2.38
73 P90/10 (Upper decile boundary divided by lower);766 Hedensted;2002 2002;2.29
73 P90/10 (Upper decile boundary divided by lower);773 Morsø;2002 2002;2.36
73 P90/10 (Upper decile boundary divided by lower);779 Skive;2002 2002;2.35
73 P90/10 (Upper decile boundary divided by lower);787 Thisted;2002 2002;2.41
73 P90/10 (Upper decile boundary divided by lower);791 Viborg;2002 2002;2.39
73 P90/10 (Upper decile boundary divided by lower);810 Brønderslev;2002 2002;2.37
73 P90/10 (Upper decile boundary divided by lower);813 Frederikshavn;2002 2002;2.30
73 P90/10 (Upper decile boundary divided by lower);820 Vesthimmerlands;2002 2002;2.40
73 P90/10 (Upper decile boundary divided by lower);825 Læsø;2002 2002;2.29
73 P90/10 (Upper decile boundary divided by lower);840 Rebild;2002 2002;2.43
73 P90/10 (Upper decile boundary divided by lower);846 Mariagerfjord;2002 2002;2.38
73 P90/10 (Upper decile boundary divided by lower);849 Jammerbugt;2002 2002;2.36
73 P90/10 (Upper decile boundary divided by lower);851 Aalborg;2002 2002;2.63
73 P90/10 (Upper decile boundary divided by lower);860 Hjørring;2002 2002;2.38
72 S80/S20 (Income quintile share ratio);661 Holstebro;2010 2010;3.90
72 S80/S20 (Income quintile share ratio);665 Lemvig;2010 2010;5.57
72 S80/S20 (Income quintile share ratio);671 Struer;2010 2010;3.63
72 S80/S20 (Income quintile share ratio);706 Syddjurs;2010 2010;3.90
72 S80/S20 (Income quintile share ratio);707 Norddjurs;2010 2010;3.74
72 S80/S20 (Income quintile share ratio);710 Favrskov;2010 2010;3.23
72 S80/S20 (Income quintile share ratio);727 Odder;2010 2010;3.39
72 S80/S20 (Income quintile share ratio);730 Randers;2010 2010;3.44
72 S80/S20 (Income quintile share ratio);740 Silkeborg;2010 2010;3.78
72 S80/S20 (Income quintile share ratio);741 Samsø;2010 2010;4.79
72 S80/S20 (Income quintile share ratio);746 Skanderborg;2010 2010;3.26
72 S80/S20 (Income quintile share ratio);751 Aarhus;2010 2010;5.34
72 S80/S20 (Income quintile share ratio);756 Ikast-Brande;2010 2010;3.60
72 S80/S20 (Income quintile share ratio);760 Ringkøbing-Skjern;2010 2010;4.01
72 S80/S20 (Income quintile share ratio);766 Hedensted;2010 2010;3.44
72 S80/S20 (Income quintile share ratio);773 Morsø;2010 2010;4.32
72 S80/S20 (Income quintile share ratio);779 Skive;2010 2010;3.40
72 S80/S20 (Income quintile share ratio);787 Thisted;2010 2010;4.21
72 S80/S20 (Income quintile share ratio);791 Viborg;2010 2010;3.71
72 S80/S20 (Income quintile share ratio);810 Brønderslev;2010 2010;3.85
72 S80/S20 (Income quintile share ratio);813 Frederikshavn;2010 2010;3.72
72 S80/S20 (Income quintile share ratio);820 Vesthimmerlands;2010 2010;4.18
72 S80/S20 (Income quintile share ratio);825 Læsø;2010 2010;3.24
72 S80/S20 (Income quintile share ratio);840 Rebild;2010 2010;3.97
72 S80/S20 (Income quintile share ratio);846 Mariagerfjord;2010 2010;3.66
72 S80/S20 (Income quintile share ratio);849 Jammerbugt;2010 2010;3.76
72 S80/S20 (Income quintile share ratio);851 Aalborg;2010 2010;4.21
72 S80/S20 (Income quintile share ratio);860 Hjørring;2010 2010;4.26
73 P90/10 (Upper decile boundary divided by lower);000 All Denmark;2010 2010;2.96
73 P90/10 (Upper decile boundary divided by lower);101 Copenhagen;2010 2010;3.98
73 P90/10 (Upper decile boundary divided by lower);147 Frederiksberg;2010 2010;4.07
73 P90/10 (Upper decile boundary divided by lower);151 Ballerup;2010 2010;2.79
73 P90/10 (Upper decile boundary divided by lower);153 Brøndby;2010 2010;2.81
73 P90/10 (Upper decile boundary divided by lower);155 Dragør;2010 2010;3.06
73 P90/10 (Upper decile boundary divided by lower);157 Gentofte;2010 2010;4.92
73 P90/10 (Upper decile boundary divided by lower);159 Gladsaxe;2010 2010;3.16
73 P90/10 (Upper decile boundary divided by lower);161 Glostrup;2010 2010;2.83
73 P90/10 (Upper decile boundary divided by lower);163 Herlev;2010 2010;2.87
73 P90/10 (Upper decile boundary divided by lower);165 Albertslund;2010 2010;3.14
73 P90/10 (Upper decile boundary divided by lower);167 Hvidovre;2010 2010;2.85
73 P90/10 (Upper decile boundary divided by lower);169 Høje-Taastrup;2010 2010;2.87
73 P90/10 (Upper decile boundary divided by lower);173 Lyngby-Taarbæk;2010 2010;3.87
73 P90/10 (Upper decile boundary divided by lower);175 Rødovre;2010 2010;2.76
73 P90/10 (Upper decile boundary divided by lower);183 Ishøj;2010 2010;2.83
73 P90/10 (Upper decile boundary divided by lower);185 Tårnby;2010 2010;2.70
73 P90/10 (Upper decile boundary divided by lower);187 Vallensbæk;2010 2010;2.77
73 P90/10 (Upper decile boundary divided by lower);190 Furesø;2010 2010;3.25
73 P90/10 (Upper decile boundary divided by lower);201 Allerød;2010 2010;2.82
73 P90/10 (Upper decile boundary divided by lower);210 Fredensborg;2010 2010;3.21
73 P90/10 (Upper decile boundary divided by lower);217 Helsingør;2010 2010;3.00
73 P90/10 (Upper decile boundary divided by lower);219 Hillerød;2010 2010;2.90
73 P90/10 (Upper decile boundary divided by lower);223 Hørsholm;2010 2010;3.98
73 P90/10 (Upper decile boundary divided by lower);230 Rudersdal;2010 2010;4.24
73 P90/10 (Upper decile boundary divided by lower);240 Egedal;2010 2010;2.48
73 P90/10 (Upper decile boundary divided by lower);250 Frederikssund;2010 2010;2.62
73 P90/10 (Upper decile boundary divided by lower);253 Greve;2010 2010;2.77
73 P90/10 (Upper decile boundary divided by lower);259 Køge;2010 2010;2.71
73 P90/10 (Upper decile boundary divided by lower);260 Halsnæs;2010 2010;2.50
73 P90/10 (Upper decile boundary divided by lower);265 Roskilde;2010 2010;3.07
73 P90/10 (Upper decile boundary divided by lower);269 Solrød;2010 2010;2.74
73 P90/10 (Upper decile boundary divided by lower);270 Gribskov;2010 2010;2.65
73 P90/10 (Upper decile boundary divided by lower);306 Odsherred;2010 2010;2.50
73 P90/10 (Upper decile boundary divided by lower);316 Holbæk;2010 2010;2.77
73 P90/10 (Upper decile boundary divided by lower);320 Faxe;2010 2010;2.55
73 P90/10 (Upper decile boundary divided by lower);326 Kalundborg;2010 2010;2.60
73 P90/10 (Upper decile boundary divided by lower);329 Ringsted;2010 2010;2.71
73 P90/10 (Upper decile boundary divided by lower);330 Slagelse;2010 2010;2.71
73 P90/10 (Upper decile boundary divided by lower);336 Stevns;2010 2010;2.54
73 P90/10 (Upper decile boundary divided by lower);340 Sorø;2010 2010;2.58
73 P90/10 (Upper decile boundary divided by lower);350 Lejre;2010 2010;2.59
73 P90/10 (Upper decile boundary divided by lower);360 Lolland;2010 2010;2.54
73 P90/10 (Upper decile boundary divided by lower);370 Næstved;2010 2010;2.63
73 P90/10 (Upper decile boundary divided by lower);376 Guldborgsund;2010 2010;2.58
73 P90/10 (Upper decile boundary divided by lower);390 Vordingborg;2010 2010;2.62
73 P90/10 (Upper decile boundary divided by lower);400 Bornholm;2010 2010;2.38
73 P90/10 (Upper decile boundary divided by lower);410 Middelfart;2010 2010;2.53
73 P90/10 (Upper decile boundary divided by lower);420 Assens;2010 2010;2.42
73 P90/10 (Upper decile boundary divided by lower);430 Faaborg-Midtfyn;2010 2010;2.42
73 P90/10 (Upper decile boundary divided by lower);440 Kerteminde;2010 2010;2.43
73 P90/10 (Upper decile boundary divided by lower);450 Nyborg;2010 2010;2.44
73 P90/10 (Upper decile boundary divided by lower);461 Odense;2010 2010;3.13
73 P90/10 (Upper decile boundary divided by lower);479 Svendborg;2010 2010;2.79
73 P90/10 (Upper decile boundary divided by lower);480 Nordfyns;2010 2010;2.40
73 P90/10 (Upper decile boundary divided by lower);482 Langeland;2010 2010;2.43
73 P90/10 (Upper decile boundary divided by lower);492 Ærø;2010 2010;2.67
73 P90/10 (Upper decile boundary divided by lower);510 Haderslev;2010 2010;2.56
73 P90/10 (Upper decile boundary divided by lower);530 Billund;2010 2010;2.51
73 P90/10 (Upper decile boundary divided by lower);540 Sønderborg;2010 2010;2.58
73 P90/10 (Upper decile boundary divided by lower);550 Tønder;2010 2010;2.58
73 P90/10 (Upper decile boundary divided by lower);561 Esbjerg;2010 2010;2.75
73 P90/10 (Upper decile boundary divided by lower);563 Fanø;2010 2010;2.77
73 P90/10 (Upper decile boundary divided by lower);573 Varde;2010 2010;2.53
73 P90/10 (Upper decile boundary divided by lower);575 Vejen;2010 2010;2.46
73 P90/10 (Upper decile boundary divided by lower);580 Aabenraa;2010 2010;2.63
73 P90/10 (Upper decile boundary divided by lower);607 Fredericia;2010 2010;2.63
73 P90/10 (Upper decile boundary divided by lower);615 Horsens;2010 2010;2.74
73 P90/10 (Upper decile boundary divided by lower);621 Kolding;2010 2010;2.74
73 P90/10 (Upper decile boundary divided by lower);630 Vejle;2010 2010;2.72
73 P90/10 (Upper decile boundary divided by lower);657 Herning;2010 2010;2.63
73 P90/10 (Upper decile boundary divided by lower);661 Holstebro;2010 2010;2.60
73 P90/10 (Upper decile boundary divided by lower);665 Lemvig;2010 2010;2.56
73 P90/10 (Upper decile boundary divided by lower);671 Struer;2010 2010;2.47
73 P90/10 (Upper decile boundary divided by lower);706 Syddjurs;2010 2010;2.52
73 P90/10 (Upper decile boundary divided by lower);707 Norddjurs;2010 2010;2.56
73 P90/10 (Upper decile boundary divided by lower);710 Favrskov;2010 2010;2.46
73 P90/10 (Upper decile boundary divided by lower);727 Odder;2010 2010;2.54
73 P90/10 (Upper decile boundary divided by lower);730 Randers;2010 2010;2.57
73 P90/10 (Upper decile boundary divided by lower);740 Silkeborg;2010 2010;2.66
73 P90/10 (Upper decile boundary divided by lower);741 Samsø;2010 2010;2.51
73 P90/10 (Upper decile boundary divided by lower);746 Skanderborg;2010 2010;2.52
73 P90/10 (Upper decile boundary divided by lower);751 Aarhus;2010 2010;3.72
73 P90/10 (Upper decile boundary divided by lower);756 Ikast-Brande;2010 2010;2.49
73 P90/10 (Upper decile boundary divided by lower);760 Ringkøbing-Skjern;2010 2010;2.53
73 P90/10 (Upper decile boundary divided by lower);766 Hedensted;2010 2010;2.46
73 P90/10 (Upper decile boundary divided by lower);773 Morsø;2010 2010;2.40
73 P90/10 (Upper decile boundary divided by lower);779 Skive;2010 2010;2.46
73 P90/10 (Upper decile boundary divided by lower);787 Thisted;2010 2010;2.53
73 P90/10 (Upper decile boundary divided by lower);791 Viborg;2010 2010;2.58
73 P90/10 (Upper decile boundary divided by lower);810 Brønderslev;2010 2010;2.46
73 P90/10 (Upper decile boundary divided by lower);813 Frederikshavn;2010 2010;2.53
73 P90/10 (Upper decile boundary divided by lower);820 Vesthimmerlands;2010 2010;2.51
73 P90/10 (Upper decile boundary divided by lower);825 Læsø;2010 2010;2.39
73 P90/10 (Upper decile boundary divided by lower);840 Rebild;2010 2010;2.60
73 P90/10 (Upper decile boundary divided by lower);846 Mariagerfjord;2010 2010;2.55
73 P90/10 (Upper decile boundary divided by lower);849 Jammerbugt;2010 2010;2.50
73 P90/10 (Upper decile boundary divided by lower);851 Aalborg;2010 2010;3.02
73 P90/10 (Upper decile boundary divided by lower);860 Hjørring;2010 2010;2.57
70 Gini coefficient;000 All Denmark;2003 2003;24.14
70 Gini coefficient;101 Copenhagen;2003 2003;26.91
70 Gini coefficient;147 Frederiksberg;2003 2003;28.59
70 Gini coefficient;151 Ballerup;2003 2003;20.96
70 Gini coefficient;153 Brøndby;2003 2003;21.24
70 Gini coefficient;155 Dragør;2003 2003;22.64
70 Gini coefficient;157 Gentofte;2003 2003;34.99
70 Gini coefficient;159 Gladsaxe;2003 2003;23.13
70 Gini coefficient;161 Glostrup;2003 2003;21.17
70 Gini coefficient;163 Herlev;2003 2003;22.17
70 Gini coefficient;165 Albertslund;2003 2003;22.85
70 Gini coefficient;167 Hvidovre;2003 2003;21.13
70 Gini coefficient;169 Høje-Taastrup;2003 2003;22.14
70 Gini coefficient;173 Lyngby-Taarbæk;2003 2003;28.18
70 Gini coefficient;175 Rødovre;2003 2003;20.75
70 Gini coefficient;183 Ishøj;2003 2003;22.13
70 Gini coefficient;185 Tårnby;2003 2003;19.81
70 Gini coefficient;187 Vallensbæk;2003 2003;20.11
70 Gini coefficient;190 Furesø;2003 2003;25.09
70 Gini coefficient;201 Allerød;2003 2003;22.31
70 Gini coefficient;210 Fredensborg;2003 2003;26.06
70 Gini coefficient;217 Helsingør;2003 2003;24.57
70 Gini coefficient;219 Hillerød;2003 2003;22.34
70 Gini coefficient;223 Hørsholm;2003 2003;31.53
70 Gini coefficient;230 Rudersdal;2003 2003;34.79
70 Gini coefficient;240 Egedal;2003 2003;19.22
70 Gini coefficient;250 Frederikssund;2003 2003;21.06
70 Gini coefficient;253 Greve;2003 2003;21.72
70 Gini coefficient;259 Køge;2003 2003;20.88
70 Gini coefficient;260 Halsnæs;2003 2003;20.53
70 Gini coefficient;265 Roskilde;2003 2003;23.33
70 Gini coefficient;269 Solrød;2003 2003;21.94
70 Gini coefficient;270 Gribskov;2003 2003;21.94
70 Gini coefficient;306 Odsherred;2003 2003;20.72
70 Gini coefficient;316 Holbæk;2003 2003;22.16
70 Gini coefficient;320 Faxe;2003 2003;20.86
70 Gini coefficient;326 Kalundborg;2003 2003;21.56
70 Gini coefficient;329 Ringsted;2003 2003;21.33
70 Gini coefficient;330 Slagelse;2003 2003;21.44
70 Gini coefficient;336 Stevns;2003 2003;21.17
70 Gini coefficient;340 Sorø;2003 2003;21.61
70 Gini coefficient;350 Lejre;2003 2003;21.15
70 Gini coefficient;360 Lolland;2003 2003;21.48
70 Gini coefficient;370 Næstved;2003 2003;21.20
70 Gini coefficient;376 Guldborgsund;2003 2003;22.02
70 Gini coefficient;390 Vordingborg;2003 2003;21.44
70 Gini coefficient;400 Bornholm;2003 2003;20.73
70 Gini coefficient;410 Middelfart;2003 2003;21.45
70 Gini coefficient;420 Assens;2003 2003;21.01
70 Gini coefficient;430 Faaborg-Midtfyn;2003 2003;20.49
70 Gini coefficient;440 Kerteminde;2003 2003;21.10
70 Gini coefficient;450 Nyborg;2003 2003;21.48
70 Gini coefficient;461 Odense;2003 2003;23.57
70 Gini coefficient;479 Svendborg;2003 2003;23.05
70 Gini coefficient;480 Nordfyns;2003 2003;20.16
70 Gini coefficient;482 Langeland;2003 2003;21.32
70 Gini coefficient;492 Ærø;2003 2003;22.86
70 Gini coefficient;510 Haderslev;2003 2003;21.27
70 Gini coefficient;530 Billund;2003 2003;21.16
70 Gini coefficient;540 Sønderborg;2003 2003;24.84
70 Gini coefficient;550 Tønder;2003 2003;22.56
70 Gini coefficient;561 Esbjerg;2003 2003;22.00
70 Gini coefficient;563 Fanø;2003 2003;23.42
70 Gini coefficient;573 Varde;2003 2003;21.19
70 Gini coefficient;575 Vejen;2003 2003;20.99
70 Gini coefficient;580 Aabenraa;2003 2003;22.61
70 Gini coefficient;607 Fredericia;2003 2003;20.74
70 Gini coefficient;615 Horsens;2003 2003;21.87
70 Gini coefficient;621 Kolding;2003 2003;22.28
70 Gini coefficient;630 Vejle;2003 2003;22.51
70 Gini coefficient;657 Herning;2003 2003;22.08
70 Gini coefficient;661 Holstebro;2003 2003;22.59
70 Gini coefficient;665 Lemvig;2003 2003;23.03
70 Gini coefficient;671 Struer;2003 2003;21.01
70 Gini coefficient;706 Syddjurs;2003 2003;21.65
70 Gini coefficient;707 Norddjurs;2003 2003;22.00
70 Gini coefficient;710 Favrskov;2003 2003;20.16
70 Gini coefficient;727 Odder;2003 2003;21.70
70 Gini coefficient;730 Randers;2003 2003;21.13
70 Gini coefficient;740 Silkeborg;2003 2003;23.90
70 Gini coefficient;741 Samsø;2003 2003;22.71
70 Gini coefficient;746 Skanderborg;2003 2003;20.43
70 Gini coefficient;751 Aarhus;2003 2003;26.24
70 Gini coefficient;756 Ikast-Brande;2003 2003;21.80
70 Gini coefficient;760 Ringkøbing-Skjern;2003 2003;22.08
70 Gini coefficient;766 Hedensted;2003 2003;20.72
70 Gini coefficient;773 Morsø;2003 2003;22.07
70 Gini coefficient;779 Skive;2003 2003;21.39
70 Gini coefficient;787 Thisted;2003 2003;22.55
70 Gini coefficient;791 Viborg;2003 2003;21.77
70 Gini coefficient;810 Brønderslev;2003 2003;22.65
70 Gini coefficient;813 Frederikshavn;2003 2003;20.81
70 Gini coefficient;820 Vesthimmerlands;2003 2003;22.02
70 Gini coefficient;825 Læsø;2003 2003;19.73
70 Gini coefficient;840 Rebild;2003 2003;22.03
70 Gini coefficient;846 Mariagerfjord;2003 2003;21.71
70 Gini coefficient;849 Jammerbugt;2003 2003;21.38
70 Gini coefficient;851 Aalborg;2003 2003;22.96
70 Gini coefficient;860 Hjørring;2003 2003;21.93
71 Hoover index;000 All Denmark;2003 2003;16.53
71 Hoover index;101 Copenhagen;2003 2003;18.84
71 Hoover index;147 Frederiksberg;2003 2003;19.94
71 Hoover index;151 Ballerup;2003 2003;14.72
71 Hoover index;153 Brøndby;2003 2003;15.04
71 Hoover index;155 Dragør;2003 2003;15.47
71 Hoover index;157 Gentofte;2003 2003;23.69
71 Hoover index;159 Gladsaxe;2003 2003;16.15
71 Hoover index;161 Glostrup;2003 2003;14.92
71 Hoover index;163 Herlev;2003 2003;15.55
71 Hoover index;165 Albertslund;2003 2003;16.00
71 Hoover index;167 Hvidovre;2003 2003;14.83
71 Hoover index;169 Høje-Taastrup;2003 2003;15.47
71 Hoover index;173 Lyngby-Taarbæk;2003 2003;19.43
71 Hoover index;175 Rødovre;2003 2003;14.57
71 Hoover index;183 Ishøj;2003 2003;15.61
71 Hoover index;185 Tårnby;2003 2003;13.83
71 Hoover index;187 Vallensbæk;2003 2003;13.84
71 Hoover index;190 Furesø;2003 2003;17.27
71 Hoover index;201 Allerød;2003 2003;15.19
71 Hoover index;210 Fredensborg;2003 2003;17.77
71 Hoover index;217 Helsingør;2003 2003;16.88
71 Hoover index;219 Hillerød;2003 2003;15.39
71 Hoover index;223 Hørsholm;2003 2003;21.45
71 Hoover index;230 Rudersdal;2003 2003;23.23
71 Hoover index;240 Egedal;2003 2003;13.14
71 Hoover index;250 Frederikssund;2003 2003;14.48
71 Hoover index;253 Greve;2003 2003;14.99
71 Hoover index;259 Køge;2003 2003;14.49
71 Hoover index;260 Halsnæs;2003 2003;14.14
71 Hoover index;265 Roskilde;2003 2003;16.06
71 Hoover index;269 Solrød;2003 2003;14.96
71 Hoover index;270 Gribskov;2003 2003;14.95
71 Hoover index;306 Odsherred;2003 2003;14.21
71 Hoover index;316 Holbæk;2003 2003;15.26
71 Hoover index;320 Faxe;2003 2003;14.29
71 Hoover index;326 Kalundborg;2003 2003;14.89
71 Hoover index;329 Ringsted;2003 2003;14.73
71 Hoover index;330 Slagelse;2003 2003;14.84
71 Hoover index;336 Stevns;2003 2003;14.47
71 Hoover index;340 Sorø;2003 2003;14.74
71 Hoover index;350 Lejre;2003 2003;14.49
71 Hoover index;360 Lolland;2003 2003;14.91
71 Hoover index;370 Næstved;2003 2003;14.60
71 Hoover index;376 Guldborgsund;2003 2003;15.05
71 Hoover index;390 Vordingborg;2003 2003;14.75
71 Hoover index;400 Bornholm;2003 2003;14.23
71 Hoover index;410 Middelfart;2003 2003;14.72
71 Hoover index;420 Assens;2003 2003;14.29
71 Hoover index;430 Faaborg-Midtfyn;2003 2003;14.04
71 Hoover index;440 Kerteminde;2003 2003;14.37
71 Hoover index;450 Nyborg;2003 2003;14.55
71 Hoover index;461 Odense;2003 2003;16.26
71 Hoover index;479 Svendborg;2003 2003;15.67
71 Hoover index;480 Nordfyns;2003 2003;13.81
71 Hoover index;482 Langeland;2003 2003;14.52
71 Hoover index;492 Ærø;2003 2003;15.57
71 Hoover index;510 Haderslev;2003 2003;14.48
71 Hoover index;530 Billund;2003 2003;14.26
71 Hoover index;540 Sønderborg;2003 2003;16.41
71 Hoover index;550 Tønder;2003 2003;15.21
71 Hoover index;561 Esbjerg;2003 2003;15.04
71 Hoover index;563 Fanø;2003 2003;16.05
71 Hoover index;573 Varde;2003 2003;14.34
71 Hoover index;575 Vejen;2003 2003;14.28
71 Hoover index;580 Aabenraa;2003 2003;15.31
71 Hoover index;607 Fredericia;2003 2003;14.26
71 Hoover index;615 Horsens;2003 2003;14.95
71 Hoover index;621 Kolding;2003 2003;15.22
71 Hoover index;630 Vejle;2003 2003;15.33
71 Hoover index;657 Herning;2003 2003;14.93
71 Hoover index;661 Holstebro;2003 2003;15.21
71 Hoover index;665 Lemvig;2003 2003;15.40
71 Hoover index;671 Struer;2003 2003;14.27
71 Hoover index;706 Syddjurs;2003 2003;14.72
71 Hoover index;707 Norddjurs;2003 2003;14.95
71 Hoover index;710 Favrskov;2003 2003;13.63
71 Hoover index;727 Odder;2003 2003;14.68
71 Hoover index;730 Randers;2003 2003;14.48
71 Hoover index;740 Silkeborg;2003 2003;16.06
71 Hoover index;741 Samsø;2003 2003;15.31
71 Hoover index;746 Skanderborg;2003 2003;13.98
71 Hoover index;751 Aarhus;2003 2003;18.08
71 Hoover index;756 Ikast-Brande;2003 2003;14.71
71 Hoover index;760 Ringkøbing-Skjern;2003 2003;14.90
71 Hoover index;766 Hedensted;2003 2003;14.04
71 Hoover index;773 Morsø;2003 2003;14.90
71 Hoover index;779 Skive;2003 2003;14.50
71 Hoover index;787 Thisted;2003 2003;15.17
71 Hoover index;791 Viborg;2003 2003;14.75
71 Hoover index;810 Brønderslev;2003 2003;15.19
71 Hoover index;813 Frederikshavn;2003 2003;14.17
71 Hoover index;820 Vesthimmerlands;2003 2003;14.91
71 Hoover index;825 Læsø;2003 2003;13.71
71 Hoover index;840 Rebild;2003 2003;14.95
71 Hoover index;846 Mariagerfjord;2003 2003;14.78
71 Hoover index;849 Jammerbugt;2003 2003;14.47
71 Hoover index;851 Aalborg;2003 2003;15.75
71 Hoover index;860 Hjørring;2003 2003;14.85
72 S80/S20 (Income quintile share ratio);000 All Denmark;2003 2003;3.45
72 S80/S20 (Income quintile share ratio);101 Copenhagen;2003 2003;4.06
72 S80/S20 (Income quintile share ratio);147 Frederiksberg;2003 2003;4.46
72 S80/S20 (Income quintile share ratio);151 Ballerup;2003 2003;2.90
72 S80/S20 (Income quintile share ratio);153 Brøndby;2003 2003;2.91
72 S80/S20 (Income quintile share ratio);155 Dragør;2003 2003;3.26
72 S80/S20 (Income quintile share ratio);157 Gentofte;2003 2003;6.29
72 S80/S20 (Income quintile share ratio);159 Gladsaxe;2003 2003;3.30
72 S80/S20 (Income quintile share ratio);161 Glostrup;2003 2003;2.95
72 S80/S20 (Income quintile share ratio);163 Herlev;2003 2003;3.11
72 S80/S20 (Income quintile share ratio);165 Albertslund;2003 2003;3.28
72 S80/S20 (Income quintile share ratio);167 Hvidovre;2003 2003;2.99
72 S80/S20 (Income quintile share ratio);169 Høje-Taastrup;2003 2003;3.13
72 S80/S20 (Income quintile share ratio);173 Lyngby-Taarbæk;2003 2003;4.39
72 S80/S20 (Income quintile share ratio);175 Rødovre;2003 2003;2.90
72 S80/S20 (Income quintile share ratio);183 Ishøj;2003 2003;3.12
72 S80/S20 (Income quintile share ratio);185 Tårnby;2003 2003;2.82
72 S80/S20 (Income quintile share ratio);187 Vallensbæk;2003 2003;2.82
72 S80/S20 (Income quintile share ratio);190 Furesø;2003 2003;3.61
72 S80/S20 (Income quintile share ratio);201 Allerød;2003 2003;3.14
72 S80/S20 (Income quintile share ratio);210 Fredensborg;2003 2003;3.78
72 S80/S20 (Income quintile share ratio);217 Helsingør;2003 2003;3.49
72 S80/S20 (Income quintile share ratio);219 Hillerød;2003 2003;3.18
72 S80/S20 (Income quintile share ratio);223 Hørsholm;2003 2003;5.25
72 S80/S20 (Income quintile share ratio);230 Rudersdal;2003 2003;6.36
72 S80/S20 (Income quintile share ratio);240 Egedal;2003 2003;2.69
72 S80/S20 (Income quintile share ratio);250 Frederikssund;2003 2003;2.95
72 S80/S20 (Income quintile share ratio);253 Greve;2003 2003;3.10
72 S80/S20 (Income quintile share ratio);259 Køge;2003 2003;2.92
72 S80/S20 (Income quintile share ratio);260 Halsnæs;2003 2003;2.89
72 S80/S20 (Income quintile share ratio);265 Roskilde;2003 2003;3.37
72 S80/S20 (Income quintile share ratio);269 Solrød;2003 2003;3.09
72 S80/S20 (Income quintile share ratio);270 Gribskov;2003 2003;3.12
72 S80/S20 (Income quintile share ratio);306 Odsherred;2003 2003;2.86
72 S80/S20 (Income quintile share ratio);316 Holbæk;2003 2003;3.12
72 S80/S20 (Income quintile share ratio);320 Faxe;2003 2003;2.93
72 S80/S20 (Income quintile share ratio);326 Kalundborg;2003 2003;3.02
72 S80/S20 (Income quintile share ratio);329 Ringsted;2003 2003;2.97
72 S80/S20 (Income quintile share ratio);330 Slagelse;2003 2003;2.98
72 S80/S20 (Income quintile share ratio);336 Stevns;2003 2003;2.95
72 S80/S20 (Income quintile share ratio);340 Sorø;2003 2003;3.05
72 S80/S20 (Income quintile share ratio);350 Lejre;2003 2003;2.98
72 S80/S20 (Income quintile share ratio);360 Lolland;2003 2003;2.92
72 S80/S20 (Income quintile share ratio);370 Næstved;2003 2003;2.95
72 S80/S20 (Income quintile share ratio);376 Guldborgsund;2003 2003;3.11
72 S80/S20 (Income quintile share ratio);390 Vordingborg;2003 2003;2.98
72 S80/S20 (Income quintile share ratio);400 Bornholm;2003 2003;2.83
72 S80/S20 (Income quintile share ratio);410 Middelfart;2003 2003;2.93
72 S80/S20 (Income quintile share ratio);420 Assens;2003 2003;2.90
72 S80/S20 (Income quintile share ratio);430 Faaborg-Midtfyn;2003 2003;2.83
72 S80/S20 (Income quintile share ratio);440 Kerteminde;2003 2003;2.92
72 S80/S20 (Income quintile share ratio);450 Nyborg;2003 2003;2.98
72 S80/S20 (Income quintile share ratio);461 Odense;2003 2003;3.37
72 S80/S20 (Income quintile share ratio);479 Svendborg;2003 2003;3.27
72 S80/S20 (Income quintile share ratio);480 Nordfyns;2003 2003;2.81
72 S80/S20 (Income quintile share ratio);482 Langeland;2003 2003;3.00
72 S80/S20 (Income quintile share ratio);492 Ærø;2003 2003;3.17
72 S80/S20 (Income quintile share ratio);510 Haderslev;2003 2003;2.98
72 S80/S20 (Income quintile share ratio);530 Billund;2003 2003;2.94
72 S80/S20 (Income quintile share ratio);540 Sønderborg;2003 2003;3.88
72 S80/S20 (Income quintile share ratio);550 Tønder;2003 2003;3.21
72 S80/S20 (Income quintile share ratio);561 Esbjerg;2003 2003;3.07
72 S80/S20 (Income quintile share ratio);563 Fanø;2003 2003;3.30
72 S80/S20 (Income quintile share ratio);573 Varde;2003 2003;2.98
72 S80/S20 (Income quintile share ratio);575 Vejen;2003 2003;2.94
72 S80/S20 (Income quintile share ratio);580 Aabenraa;2003 2003;3.20
72 S80/S20 (Income quintile share ratio);607 Fredericia;2003 2003;2.89
72 S80/S20 (Income quintile share ratio);615 Horsens;2003 2003;3.02
72 S80/S20 (Income quintile share ratio);621 Kolding;2003 2003;3.13
72 S80/S20 (Income quintile share ratio);630 Vejle;2003 2003;3.19
72 S80/S20 (Income quintile share ratio);657 Herning;2003 2003;3.11
72 S80/S20 (Income quintile share ratio);661 Holstebro;2003 2003;3.21
72 S80/S20 (Income quintile share ratio);665 Lemvig;2003 2003;3.36
72 S80/S20 (Income quintile share ratio);671 Struer;2003 2003;2.96
72 S80/S20 (Income quintile share ratio);706 Syddjurs;2003 2003;3.02
72 S80/S20 (Income quintile share ratio);707 Norddjurs;2003 2003;3.10
72 S80/S20 (Income quintile share ratio);710 Favrskov;2003 2003;2.85
72 S80/S20 (Income quintile share ratio);727 Odder;2003 2003;3.06
72 S80/S20 (Income quintile share ratio);730 Randers;2003 2003;2.93
72 S80/S20 (Income quintile share ratio);740 Silkeborg;2003 2003;3.29
72 S80/S20 (Income quintile share ratio);741 Samsø;2003 2003;3.25
72 S80/S20 (Income quintile share ratio);746 Skanderborg;2003 2003;2.82
72 S80/S20 (Income quintile share ratio);751 Aarhus;2003 2003;3.93
72 S80/S20 (Income quintile share ratio);756 Ikast-Brande;2003 2003;3.05
72 S80/S20 (Income quintile share ratio);760 Ringkøbing-Skjern;2003 2003;3.12
72 S80/S20 (Income quintile share ratio);766 Hedensted;2003 2003;2.90
72 S80/S20 (Income quintile share ratio);773 Morsø;2003 2003;3.11
72 S80/S20 (Income quintile share ratio);779 Skive;2003 2003;3.00
72 S80/S20 (Income quintile share ratio);787 Thisted;2003 2003;3.25
72 S80/S20 (Income quintile share ratio);791 Viborg;2003 2003;3.07
72 S80/S20 (Income quintile share ratio);810 Brønderslev;2003 2003;3.33
72 S80/S20 (Income quintile share ratio);813 Frederikshavn;2003 2003;2.88
72 S80/S20 (Income quintile share ratio);820 Vesthimmerlands;2003 2003;3.10
72 S80/S20 (Income quintile share ratio);825 Læsø;2003 2003;2.68
72 S80/S20 (Income quintile share ratio);840 Rebild;2003 2003;3.16
72 S80/S20 (Income quintile share ratio);846 Mariagerfjord;2003 2003;3.04
72 S80/S20 (Income quintile share ratio);849 Jammerbugt;2003 2003;3.01
72 S80/S20 (Income quintile share ratio);851 Aalborg;2003 2003;3.29
72 S80/S20 (Income quintile share ratio);860 Hjørring;2003 2003;3.11
73 P90/10 (Upper decile boundary divided by lower);000 All Denmark;2003 2003;2.67
73 P90/10 (Upper decile boundary divided by lower);101 Copenhagen;2003 2003;3.21
73 P90/10 (Upper decile boundary divided by lower);147 Frederiksberg;2003 2003;3.47
73 P90/10 (Upper decile boundary divided by lower);151 Ballerup;2003 2003;2.52
73 P90/10 (Upper decile boundary divided by lower);153 Brøndby;2003 2003;2.49
73 P90/10 (Upper decile boundary divided by lower);155 Dragør;2003 2003;2.72
73 P90/10 (Upper decile boundary divided by lower);157 Gentofte;2003 2003;3.97
73 P90/10 (Upper decile boundary divided by lower);159 Gladsaxe;2003 2003;2.73
73 P90/10 (Upper decile boundary divided by lower);161 Glostrup;2003 2003;2.57
73 P90/10 (Upper decile boundary divided by lower);163 Herlev;2003 2003;2.66
73 P90/10 (Upper decile boundary divided by lower);165 Albertslund;2003 2003;2.79
73 P90/10 (Upper decile boundary divided by lower);167 Hvidovre;2003 2003;2.59
73 P90/10 (Upper decile boundary divided by lower);169 Høje-Taastrup;2003 2003;2.65
73 P90/10 (Upper decile boundary divided by lower);173 Lyngby-Taarbæk;2003 2003;3.35
73 P90/10 (Upper decile boundary divided by lower);175 Rødovre;2003 2003;2.51
73 P90/10 (Upper decile boundary divided by lower);183 Ishøj;2003 2003;2.71
73 P90/10 (Upper decile boundary divided by lower);185 Tårnby;2003 2003;2.51
73 P90/10 (Upper decile boundary divided by lower);187 Vallensbæk;2003 2003;2.39
73 P90/10 (Upper decile boundary divided by lower);190 Furesø;2003 2003;2.88
73 P90/10 (Upper decile boundary divided by lower);201 Allerød;2003 2003;2.58
73 P90/10 (Upper decile boundary divided by lower);210 Fredensborg;2003 2003;2.86
73 P90/10 (Upper decile boundary divided by lower);217 Helsingør;2003 2003;2.74
73 P90/10 (Upper decile boundary divided by lower);219 Hillerød;2003 2003;2.64
73 P90/10 (Upper decile boundary divided by lower);223 Hørsholm;2003 2003;3.51
73 P90/10 (Upper decile boundary divided by lower);230 Rudersdal;2003 2003;3.65
73 P90/10 (Upper decile boundary divided by lower);240 Egedal;2003 2003;2.29
73 P90/10 (Upper decile boundary divided by lower);250 Frederikssund;2003 2003;2.47
73 P90/10 (Upper decile boundary divided by lower);253 Greve;2003 2003;2.63
73 P90/10 (Upper decile boundary divided by lower);259 Køge;2003 2003;2.49
73 P90/10 (Upper decile boundary divided by lower);260 Halsnæs;2003 2003;2.39
73 P90/10 (Upper decile boundary divided by lower);265 Roskilde;2003 2003;2.77
73 P90/10 (Upper decile boundary divided by lower);269 Solrød;2003 2003;2.54
73 P90/10 (Upper decile boundary divided by lower);270 Gribskov;2003 2003;2.51
73 P90/10 (Upper decile boundary divided by lower);306 Odsherred;2003 2003;2.33
73 P90/10 (Upper decile boundary divided by lower);316 Holbæk;2003 2003;2.52
73 P90/10 (Upper decile boundary divided by lower);320 Faxe;2003 2003;2.39
73 P90/10 (Upper decile boundary divided by lower);326 Kalundborg;2003 2003;2.46
73 P90/10 (Upper decile boundary divided by lower);329 Ringsted;2003 2003;2.48
73 P90/10 (Upper decile boundary divided by lower);330 Slagelse;2003 2003;2.47
73 P90/10 (Upper decile boundary divided by lower);336 Stevns;2003 2003;2.41
73 P90/10 (Upper decile boundary divided by lower);340 Sorø;2003 2003;2.41
73 P90/10 (Upper decile boundary divided by lower);350 Lejre;2003 2003;2.48
73 P90/10 (Upper decile boundary divided by lower);360 Lolland;2003 2003;2.36
73 P90/10 (Upper decile boundary divided by lower);370 Næstved;2003 2003;2.42
73 P90/10 (Upper decile boundary divided by lower);376 Guldborgsund;2003 2003;2.39
73 P90/10 (Upper decile boundary divided by lower);390 Vordingborg;2003 2003;2.37
73 P90/10 (Upper decile boundary divided by lower);400 Bornholm;2003 2003;2.27
73 P90/10 (Upper decile boundary divided by lower);410 Middelfart;2003 2003;2.35
73 P90/10 (Upper decile boundary divided by lower);420 Assens;2003 2003;2.31
73 P90/10 (Upper decile boundary divided by lower);430 Faaborg-Midtfyn;2003 2003;2.28
73 P90/10 (Upper decile boundary divided by lower);440 Kerteminde;2003 2003;2.34
73 P90/10 (Upper decile boundary divided by lower);450 Nyborg;2003 2003;2.29
73 P90/10 (Upper decile boundary divided by lower);461 Odense;2003 2003;2.73
73 P90/10 (Upper decile boundary divided by lower);479 Svendborg;2003 2003;2.51
73 P90/10 (Upper decile boundary divided by lower);480 Nordfyns;2003 2003;2.30
73 P90/10 (Upper decile boundary divided by lower);482 Langeland;2003 2003;2.25
73 P90/10 (Upper decile boundary divided by lower);492 Ærø;2003 2003;2.37
73 P90/10 (Upper decile boundary divided by lower);510 Haderslev;2003 2003;2.32
73 P90/10 (Upper decile boundary divided by lower);530 Billund;2003 2003;2.27
73 P90/10 (Upper decile boundary divided by lower);540 Sønderborg;2003 2003;2.42
73 P90/10 (Upper decile boundary divided by lower);550 Tønder;2003 2003;2.35
73 P90/10 (Upper decile boundary divided by lower);561 Esbjerg;2003 2003;2.45
73 P90/10 (Upper decile boundary divided by lower);563 Fanø;2003 2003;2.61
73 P90/10 (Upper decile boundary divided by lower);573 Varde;2003 2003;2.33
73 P90/10 (Upper decile boundary divided by lower);575 Vejen;2003 2003;2.30
73 P90/10 (Upper decile boundary divided by lower);580 Aabenraa;2003 2003;2.41
73 P90/10 (Upper decile boundary divided by lower);607 Fredericia;2003 2003;2.39
73 P90/10 (Upper decile boundary divided by lower);615 Horsens;2003 2003;2.41
73 P90/10 (Upper decile boundary divided by lower);621 Kolding;2003 2003;2.48
73 P90/10 (Upper decile boundary divided by lower);630 Vejle;2003 2003;2.50
73 P90/10 (Upper decile boundary divided by lower);657 Herning;2003 2003;2.40
73 P90/10 (Upper decile boundary divided by lower);661 Holstebro;2003 2003;2.43
73 P90/10 (Upper decile boundary divided by lower);665 Lemvig;2003 2003;2.40
73 P90/10 (Upper decile boundary divided by lower);671 Struer;2003 2003;2.35
73 P90/10 (Upper decile boundary divided by lower);706 Syddjurs;2003 2003;2.35
73 P90/10 (Upper decile boundary divided by lower);707 Norddjurs;2003 2003;2.37
73 P90/10 (Upper decile boundary divided by lower);710 Favrskov;2003 2003;2.28
73 P90/10 (Upper decile boundary divided by lower);727 Odder;2003 2003;2.36
73 P90/10 (Upper decile boundary divided by lower);730 Randers;2003 2003;2.37
73 P90/10 (Upper decile boundary divided by lower);740 Silkeborg;2003 2003;2.41
73 P90/10 (Upper decile boundary divided by lower);741 Samsø;2003 2003;2.41
73 P90/10 (Upper decile boundary divided by lower);746 Skanderborg;2003 2003;2.33
73 P90/10 (Upper decile boundary divided by lower);751 Aarhus;2003 2003;3.11
73 P90/10 (Upper decile boundary divided by lower);756 Ikast-Brande;2003 2003;2.34
73 P90/10 (Upper decile boundary divided by lower);760 Ringkøbing-Skjern;2003 2003;2.37
73 P90/10 (Upper decile boundary divided by lower);766 Hedensted;2003 2003;2.28
73 P90/10 (Upper decile boundary divided by lower);773 Morsø;2003 2003;2.31
73 P90/10 (Upper decile boundary divided by lower);779 Skive;2003 2003;2.31
73 P90/10 (Upper decile boundary divided by lower);787 Thisted;2003 2003;2.41
73 P90/10 (Upper decile boundary divided by lower);791 Viborg;2003 2003;2.38
73 P90/10 (Upper decile boundary divided by lower);810 Brønderslev;2003 2003;2.36
73 P90/10 (Upper decile boundary divided by lower);813 Frederikshavn;2003 2003;2.26
73 P90/10 (Upper decile boundary divided by lower);820 Vesthimmerlands;2003 2003;2.36
73 P90/10 (Upper decile boundary divided by lower);825 Læsø;2003 2003;2.20
73 P90/10 (Upper decile boundary divided by lower);840 Rebild;2003 2003;2.43
73 P90/10 (Upper decile boundary divided by lower);846 Mariagerfjord;2003 2003;2.37
73 P90/10 (Upper decile boundary divided by lower);849 Jammerbugt;2003 2003;2.33
73 P90/10 (Upper decile boundary divided by lower);851 Aalborg;2003 2003;2.63
73 P90/10 (Upper decile boundary divided by lower);860 Hjørring;2003 2003;2.35
70 Gini coefficient;000 All Denmark;1993 1993;22.79
70 Gini coefficient;101 Copenhagen;1993 1993;23.74
70 Gini coefficient;147 Frederiksberg;1993 1993;26.29
70 Gini coefficient;151 Ballerup;1993 1993;20.02
70 Gini coefficient;153 Brøndby;1993 1993;20.61
70 Gini coefficient;155 Dragør;1993 1993;22.42
70 Gini coefficient;157 Gentofte;1993 1993;34.89
70 Gini coefficient;159 Gladsaxe;1993 1993;22.31
70 Gini coefficient;161 Glostrup;1993 1993;20.36
70 Gini coefficient;163 Herlev;1993 1993;21.04
70 Gini coefficient;165 Albertslund;1993 1993;21.36
70 Gini coefficient;167 Hvidovre;1993 1993;20.14
70 Gini coefficient;169 Høje-Taastrup;1993 1993;21.26
70 Gini coefficient;173 Lyngby-Taarbæk;1993 1993;27.58
70 Gini coefficient;175 Rødovre;1993 1993;19.48
70 Gini coefficient;183 Ishøj;1993 1993;21.01
70 Gini coefficient;185 Tårnby;1993 1993;18.71
70 Gini coefficient;187 Vallensbæk;1993 1993;17.76
70 Gini coefficient;190 Furesø;1993 1993;28.92
70 Gini coefficient;201 Allerød;1993 1993;21.33
70 Gini coefficient;210 Fredensborg;1993 1993;24.10
70 Gini coefficient;217 Helsingør;1993 1993;23.80
70 Gini coefficient;219 Hillerød;1993 1993;21.74
70 Gini coefficient;223 Hørsholm;1993 1993;35.86
70 Gini coefficient;230 Rudersdal;1993 1993;32.40
70 Gini coefficient;240 Egedal;1993 1993;18.92
70 Gini coefficient;250 Frederikssund;1993 1993;20.37
70 Gini coefficient;253 Greve;1993 1993;20.82
70 Gini coefficient;259 Køge;1993 1993;20.74
70 Gini coefficient;260 Halsnæs;1993 1993;19.64
70 Gini coefficient;265 Roskilde;1993 1993;22.28
70 Gini coefficient;269 Solrød;1993 1993;22.25
70 Gini coefficient;270 Gribskov;1993 1993;21.68
70 Gini coefficient;306 Odsherred;1993 1993;19.83
70 Gini coefficient;316 Holbæk;1993 1993;20.99
70 Gini coefficient;320 Faxe;1993 1993;20.66
70 Gini coefficient;326 Kalundborg;1993 1993;20.09
70 Gini coefficient;329 Ringsted;1993 1993;21.65
70 Gini coefficient;330 Slagelse;1993 1993;21.08
70 Gini coefficient;336 Stevns;1993 1993;20.39
70 Gini coefficient;340 Sorø;1993 1993;21.05
70 Gini coefficient;350 Lejre;1993 1993;19.85
70 Gini coefficient;360 Lolland;1993 1993;20.37
70 Gini coefficient;370 Næstved;1993 1993;21.10
70 Gini coefficient;376 Guldborgsund;1993 1993;20.95
70 Gini coefficient;390 Vordingborg;1993 1993;21.39
70 Gini coefficient;400 Bornholm;1993 1993;20.23
70 Gini coefficient;410 Middelfart;1993 1993;19.86
70 Gini coefficient;420 Assens;1993 1993;19.39
70 Gini coefficient;430 Faaborg-Midtfyn;1993 1993;19.66
70 Gini coefficient;440 Kerteminde;1993 1993;19.52
70 Gini coefficient;450 Nyborg;1993 1993;19.78
70 Gini coefficient;461 Odense;1993 1993;22.39
70 Gini coefficient;479 Svendborg;1993 1993;21.42
70 Gini coefficient;480 Nordfyns;1993 1993;19.35
70 Gini coefficient;482 Langeland;1993 1993;20.25
70 Gini coefficient;492 Ærø;1993 1993;22.27
70 Gini coefficient;510 Haderslev;1993 1993;21.96
70 Gini coefficient;530 Billund;1993 1993;23.41
70 Gini coefficient;540 Sønderborg;1993 1993;21.15
70 Gini coefficient;550 Tønder;1993 1993;20.69
70 Gini coefficient;561 Esbjerg;1993 1993;21.47
70 Gini coefficient;563 Fanø;1993 1993;22.52
70 Gini coefficient;573 Varde;1993 1993;20.06
70 Gini coefficient;575 Vejen;1993 1993;20.19
70 Gini coefficient;580 Aabenraa;1993 1993;21.57
70 Gini coefficient;607 Fredericia;1993 1993;19.74
70 Gini coefficient;615 Horsens;1993 1993;21.58
70 Gini coefficient;621 Kolding;1993 1993;21.56
70 Gini coefficient;630 Vejle;1993 1993;21.63
70 Gini coefficient;657 Herning;1993 1993;22.03
70 Gini coefficient;661 Holstebro;1993 1993;21.59
70 Gini coefficient;665 Lemvig;1993 1993;22.72
70 Gini coefficient;671 Struer;1993 1993;20.25
70 Gini coefficient;706 Syddjurs;1993 1993;21.28
70 Gini coefficient;707 Norddjurs;1993 1993;20.86
70 Gini coefficient;710 Favrskov;1993 1993;19.19
70 Gini coefficient;727 Odder;1993 1993;20.63
70 Gini coefficient;730 Randers;1993 1993;20.89
70 Gini coefficient;740 Silkeborg;1993 1993;23.35
70 Gini coefficient;741 Samsø;1993 1993;20.36
70 Gini coefficient;746 Skanderborg;1993 1993;20.05
70 Gini coefficient;751 Aarhus;1993 1993;24.54
70 Gini coefficient;756 Ikast-Brande;1993 1993;22.71
70 Gini coefficient;760 Ringkøbing-Skjern;1993 1993;20.99
70 Gini coefficient;766 Hedensted;1993 1993;19.89
70 Gini coefficient;773 Morsø;1993 1993;20.56
70 Gini coefficient;779 Skive;1993 1993;21.68
70 Gini coefficient;787 Thisted;1993 1993;20.69
70 Gini coefficient;791 Viborg;1993 1993;20.64
70 Gini coefficient;810 Brønderslev;1993 1993;20.19
70 Gini coefficient;813 Frederikshavn;1993 1993;20.22
70 Gini coefficient;820 Vesthimmerlands;1993 1993;20.20
70 Gini coefficient;825 Læsø;1993 1993;19.22
70 Gini coefficient;840 Rebild;1993 1993;20.57
70 Gini coefficient;846 Mariagerfjord;1993 1993;21.43
70 Gini coefficient;849 Jammerbugt;1993 1993;19.76
70 Gini coefficient;851 Aalborg;1993 1993;21.88
70 Gini coefficient;860 Hjørring;1993 1993;20.60
71 Hoover index;000 All Denmark;1993 1993;15.51
71 Hoover index;101 Copenhagen;1993 1993;16.56
71 Hoover index;147 Frederiksberg;1993 1993;18.25
71 Hoover index;151 Ballerup;1993 1993;13.89
71 Hoover index;153 Brøndby;1993 1993;14.40
71 Hoover index;155 Dragør;1993 1993;15.08
71 Hoover index;157 Gentofte;1993 1993;22.86
71 Hoover index;159 Gladsaxe;1993 1993;15.28
71 Hoover index;161 Glostrup;1993 1993;14.13
71 Hoover index;163 Herlev;1993 1993;14.54
71 Hoover index;165 Albertslund;1993 1993;14.91
71 Hoover index;167 Hvidovre;1993 1993;13.95
71 Hoover index;169 Høje-Taastrup;1993 1993;14.68
71 Hoover index;173 Lyngby-Taarbæk;1993 1993;18.79
71 Hoover index;175 Rødovre;1993 1993;13.55
71 Hoover index;183 Ishøj;1993 1993;14.61
71 Hoover index;185 Tårnby;1993 1993;12.90
71 Hoover index;187 Vallensbæk;1993 1993;12.13
71 Hoover index;190 Furesø;1993 1993;18.79
71 Hoover index;201 Allerød;1993 1993;14.39
71 Hoover index;210 Fredensborg;1993 1993;16.21
71 Hoover index;217 Helsingør;1993 1993;16.22
71 Hoover index;219 Hillerød;1993 1993;14.74
71 Hoover index;223 Hørsholm;1993 1993;23.35
71 Hoover index;230 Rudersdal;1993 1993;21.46
71 Hoover index;240 Egedal;1993 1993;12.85
71 Hoover index;250 Frederikssund;1993 1993;13.94
71 Hoover index;253 Greve;1993 1993;14.24
71 Hoover index;259 Køge;1993 1993;14.27
71 Hoover index;260 Halsnæs;1993 1993;13.45
71 Hoover index;265 Roskilde;1993 1993;15.21
71 Hoover index;269 Solrød;1993 1993;14.72
71 Hoover index;270 Gribskov;1993 1993;14.68
71 Hoover index;306 Odsherred;1993 1993;13.61
71 Hoover index;316 Holbæk;1993 1993;14.43
71 Hoover index;320 Faxe;1993 1993;14.10
71 Hoover index;326 Kalundborg;1993 1993;13.84
71 Hoover index;329 Ringsted;1993 1993;14.73
71 Hoover index;330 Slagelse;1993 1993;14.46
71 Hoover index;336 Stevns;1993 1993;14.00
71 Hoover index;340 Sorø;1993 1993;14.34
71 Hoover index;350 Lejre;1993 1993;13.45
71 Hoover index;360 Lolland;1993 1993;13.89
71 Hoover index;370 Næstved;1993 1993;14.41
71 Hoover index;376 Guldborgsund;1993 1993;14.28
71 Hoover index;390 Vordingborg;1993 1993;14.57
71 Hoover index;400 Bornholm;1993 1993;13.73
71 Hoover index;410 Middelfart;1993 1993;13.51
71 Hoover index;420 Assens;1993 1993;13.28
71 Hoover index;430 Faaborg-Midtfyn;1993 1993;13.42
71 Hoover index;440 Kerteminde;1993 1993;13.26
71 Hoover index;450 Nyborg;1993 1993;13.48
71 Hoover index;461 Odense;1993 1993;15.36
71 Hoover index;479 Svendborg;1993 1993;14.62
71 Hoover index;480 Nordfyns;1993 1993;13.20
71 Hoover index;482 Langeland;1993 1993;13.88
71 Hoover index;492 Ærø;1993 1993;15.25
71 Hoover index;510 Haderslev;1993 1993;14.79
71 Hoover index;530 Billund;1993 1993;15.49
71 Hoover index;540 Sønderborg;1993 1993;14.37
71 Hoover index;550 Tønder;1993 1993;14.05
71 Hoover index;561 Esbjerg;1993 1993;14.58
71 Hoover index;563 Fanø;1993 1993;15.24
71 Hoover index;573 Varde;1993 1993;13.68
71 Hoover index;575 Vejen;1993 1993;13.78
71 Hoover index;580 Aabenraa;1993 1993;14.66
71 Hoover index;607 Fredericia;1993 1993;13.51
71 Hoover index;615 Horsens;1993 1993;14.70
71 Hoover index;621 Kolding;1993 1993;14.67
71 Hoover index;630 Vejle;1993 1993;14.71
71 Hoover index;657 Herning;1993 1993;14.81
71 Hoover index;661 Holstebro;1993 1993;14.56
71 Hoover index;665 Lemvig;1993 1993;15.26
71 Hoover index;671 Struer;1993 1993;13.70
71 Hoover index;706 Syddjurs;1993 1993;14.44
71 Hoover index;707 Norddjurs;1993 1993;14.16
71 Hoover index;710 Favrskov;1993 1993;13.07
71 Hoover index;727 Odder;1993 1993;14.01
71 Hoover index;730 Randers;1993 1993;14.23
71 Hoover index;740 Silkeborg;1993 1993;15.54
71 Hoover index;741 Samsø;1993 1993;14.02
71 Hoover index;746 Skanderborg;1993 1993;13.56
71 Hoover index;751 Aarhus;1993 1993;16.80
71 Hoover index;756 Ikast-Brande;1993 1993;15.09
71 Hoover index;760 Ringkøbing-Skjern;1993 1993;14.24
71 Hoover index;766 Hedensted;1993 1993;13.49
71 Hoover index;773 Morsø;1993 1993;13.97
71 Hoover index;779 Skive;1993 1993;14.56
71 Hoover index;787 Thisted;1993 1993;14.08
71 Hoover index;791 Viborg;1993 1993;13.98
71 Hoover index;810 Brønderslev;1993 1993;13.79
71 Hoover index;813 Frederikshavn;1993 1993;13.72
71 Hoover index;820 Vesthimmerlands;1993 1993;13.80
71 Hoover index;825 Læsø;1993 1993;13.18
71 Hoover index;840 Rebild;1993 1993;13.97
71 Hoover index;846 Mariagerfjord;1993 1993;14.45
71 Hoover index;849 Jammerbugt;1993 1993;13.45
71 Hoover index;851 Aalborg;1993 1993;14.97
71 Hoover index;860 Hjørring;1993 1993;14.01
72 S80/S20 (Income quintile share ratio);000 All Denmark;1993 1993;3.30
72 S80/S20 (Income quintile share ratio);101 Copenhagen;1993 1993;3.48
72 S80/S20 (Income quintile share ratio);147 Frederiksberg;1993 1993;3.98
72 S80/S20 (Income quintile share ratio);151 Ballerup;1993 1993;2.80
72 S80/S20 (Income quintile share ratio);153 Brøndby;1993 1993;2.91
72 S80/S20 (Income quintile share ratio);155 Dragør;1993 1993;3.38
72 S80/S20 (Income quintile share ratio);157 Gentofte;1993 1993;8.07
72 S80/S20 (Income quintile share ratio);159 Gladsaxe;1993 1993;3.28
72 S80/S20 (Income quintile share ratio);161 Glostrup;1993 1993;2.89
72 S80/S20 (Income quintile share ratio);163 Herlev;1993 1993;2.96
72 S80/S20 (Income quintile share ratio);165 Albertslund;1993 1993;3.07
72 S80/S20 (Income quintile share ratio);167 Hvidovre;1993 1993;2.85
72 S80/S20 (Income quintile share ratio);169 Høje-Taastrup;1993 1993;3.10
72 S80/S20 (Income quintile share ratio);173 Lyngby-Taarbæk;1993 1993;4.30
72 S80/S20 (Income quintile share ratio);175 Rødovre;1993 1993;2.75
72 S80/S20 (Income quintile share ratio);183 Ishøj;1993 1993;3.03
72 S80/S20 (Income quintile share ratio);185 Tårnby;1993 1993;2.68
72 S80/S20 (Income quintile share ratio);187 Vallensbæk;1993 1993;2.52
72 S80/S20 (Income quintile share ratio);190 Furesø;1993 1993;6.03
72 S80/S20 (Income quintile share ratio);201 Allerød;1993 1993;3.06
72 S80/S20 (Income quintile share ratio);210 Fredensborg;1993 1993;3.64
72 S80/S20 (Income quintile share ratio);217 Helsingør;1993 1993;3.49
72 S80/S20 (Income quintile share ratio);219 Hillerød;1993 1993;3.19
72 S80/S20 (Income quintile share ratio);223 Hørsholm;1993 1993;7.63
72 S80/S20 (Income quintile share ratio);230 Rudersdal;1993 1993;6.49
72 S80/S20 (Income quintile share ratio);240 Egedal;1993 1993;2.71
72 S80/S20 (Income quintile share ratio);250 Frederikssund;1993 1993;2.91
72 S80/S20 (Income quintile share ratio);253 Greve;1993 1993;3.01
72 S80/S20 (Income quintile share ratio);259 Køge;1993 1993;2.95
72 S80/S20 (Income quintile share ratio);260 Halsnæs;1993 1993;2.80
72 S80/S20 (Income quintile share ratio);265 Roskilde;1993 1993;3.27
72 S80/S20 (Income quintile share ratio);269 Solrød;1993 1993;3.12
72 S80/S20 (Income quintile share ratio);270 Gribskov;1993 1993;3.20
72 S80/S20 (Income quintile share ratio);306 Odsherred;1993 1993;2.79
72 S80/S20 (Income quintile share ratio);316 Holbæk;1993 1993;3.01
72 S80/S20 (Income quintile share ratio);320 Faxe;1993 1993;2.98
72 S80/S20 (Income quintile share ratio);326 Kalundborg;1993 1993;2.84
72 S80/S20 (Income quintile share ratio);329 Ringsted;1993 1993;3.16
72 S80/S20 (Income quintile share ratio);330 Slagelse;1993 1993;3.01
72 S80/S20 (Income quintile share ratio);336 Stevns;1993 1993;2.88
72 S80/S20 (Income quintile share ratio);340 Sorø;1993 1993;3.05
72 S80/S20 (Income quintile share ratio);350 Lejre;1993 1993;2.83
72 S80/S20 (Income quintile share ratio);360 Lolland;1993 1993;2.89
72 S80/S20 (Income quintile share ratio);370 Næstved;1993 1993;3.04
72 S80/S20 (Income quintile share ratio);376 Guldborgsund;1993 1993;2.98
72 S80/S20 (Income quintile share ratio);390 Vordingborg;1993 1993;3.09
72 S80/S20 (Income quintile share ratio);400 Bornholm;1993 1993;2.85
72 S80/S20 (Income quintile share ratio);410 Middelfart;1993 1993;2.79
72 S80/S20 (Income quintile share ratio);420 Assens;1993 1993;2.74
72 S80/S20 (Income quintile share ratio);430 Faaborg-Midtfyn;1993 1993;2.79
72 S80/S20 (Income quintile share ratio);440 Kerteminde;1993 1993;2.76
72 S80/S20 (Income quintile share ratio);450 Nyborg;1993 1993;2.81
72 S80/S20 (Income quintile share ratio);461 Odense;1993 1993;3.22
72 S80/S20 (Income quintile share ratio);479 Svendborg;1993 1993;3.04
72 S80/S20 (Income quintile share ratio);480 Nordfyns;1993 1993;2.73
72 S80/S20 (Income quintile share ratio);482 Langeland;1993 1993;2.85
72 S80/S20 (Income quintile share ratio);492 Ærø;1993 1993;3.22
72 S80/S20 (Income quintile share ratio);510 Haderslev;1993 1993;3.07
72 S80/S20 (Income quintile share ratio);530 Billund;1993 1993;3.25
72 S80/S20 (Income quintile share ratio);540 Sønderborg;1993 1993;2.99
72 S80/S20 (Income quintile share ratio);550 Tønder;1993 1993;2.95
72 S80/S20 (Income quintile share ratio);561 Esbjerg;1993 1993;3.06
72 S80/S20 (Income quintile share ratio);563 Fanø;1993 1993;3.36
72 S80/S20 (Income quintile share ratio);573 Varde;1993 1993;2.84
72 S80/S20 (Income quintile share ratio);575 Vejen;1993 1993;2.83
72 S80/S20 (Income quintile share ratio);580 Aabenraa;1993 1993;3.04
72 S80/S20 (Income quintile share ratio);607 Fredericia;1993 1993;2.76
72 S80/S20 (Income quintile share ratio);615 Horsens;1993 1993;3.08
72 S80/S20 (Income quintile share ratio);621 Kolding;1993 1993;3.05
72 S80/S20 (Income quintile share ratio);630 Vejle;1993 1993;3.09
72 S80/S20 (Income quintile share ratio);657 Herning;1993 1993;3.21
72 S80/S20 (Income quintile share ratio);661 Holstebro;1993 1993;3.13
72 S80/S20 (Income quintile share ratio);665 Lemvig;1993 1993;3.42
72 S80/S20 (Income quintile share ratio);671 Struer;1993 1993;2.84
72 S80/S20 (Income quintile share ratio);706 Syddjurs;1993 1993;3.06
72 S80/S20 (Income quintile share ratio);707 Norddjurs;1993 1993;2.98
72 S80/S20 (Income quintile share ratio);710 Favrskov;1993 1993;2.73
72 S80/S20 (Income quintile share ratio);727 Odder;1993 1993;2.96
72 S80/S20 (Income quintile share ratio);730 Randers;1993 1993;2.94
72 S80/S20 (Income quintile share ratio);740 Silkeborg;1993 1993;3.27
72 S80/S20 (Income quintile share ratio);741 Samsø;1993 1993;2.91
72 S80/S20 (Income quintile share ratio);746 Skanderborg;1993 1993;2.86
72 S80/S20 (Income quintile share ratio);751 Aarhus;1993 1993;3.73
72 S80/S20 (Income quintile share ratio);756 Ikast-Brande;1993 1993;3.26
72 S80/S20 (Income quintile share ratio);760 Ringkøbing-Skjern;1993 1993;2.98
72 S80/S20 (Income quintile share ratio);766 Hedensted;1993 1993;2.81
72 S80/S20 (Income quintile share ratio);773 Morsø;1993 1993;2.89
72 S80/S20 (Income quintile share ratio);779 Skive;1993 1993;3.06
72 S80/S20 (Income quintile share ratio);787 Thisted;1993 1993;2.90
72 S80/S20 (Income quintile share ratio);791 Viborg;1993 1993;2.95
72 S80/S20 (Income quintile share ratio);810 Brønderslev;1993 1993;2.86
72 S80/S20 (Income quintile share ratio);813 Frederikshavn;1993 1993;2.85
72 S80/S20 (Income quintile share ratio);820 Vesthimmerlands;1993 1993;2.89
72 S80/S20 (Income quintile share ratio);825 Læsø;1993 1993;2.72
72 S80/S20 (Income quintile share ratio);840 Rebild;1993 1993;2.93
72 S80/S20 (Income quintile share ratio);846 Mariagerfjord;1993 1993;3.11
72 S80/S20 (Income quintile share ratio);849 Jammerbugt;1993 1993;2.80
72 S80/S20 (Income quintile share ratio);851 Aalborg;1993 1993;3.15
72 S80/S20 (Income quintile share ratio);860 Hjørring;1993 1993;2.93
73 P90/10 (Upper decile boundary divided by lower);000 All Denmark;1993 1993;2.55
73 P90/10 (Upper decile boundary divided by lower);101 Copenhagen;1993 1993;2.82
73 P90/10 (Upper decile boundary divided by lower);147 Frederiksberg;1993 1993;3.08
73 P90/10 (Upper decile boundary divided by lower);151 Ballerup;1993 1993;2.41
73 P90/10 (Upper decile boundary divided by lower);153 Brøndby;1993 1993;2.48
73 P90/10 (Upper decile boundary divided by lower);155 Dragør;1993 1993;2.56
73 P90/10 (Upper decile boundary divided by lower);157 Gentofte;1993 1993;3.61
73 P90/10 (Upper decile boundary divided by lower);159 Gladsaxe;1993 1993;2.60
73 P90/10 (Upper decile boundary divided by lower);161 Glostrup;1993 1993;2.44
73 P90/10 (Upper decile boundary divided by lower);163 Herlev;1993 1993;2.49
73 P90/10 (Upper decile boundary divided by lower);165 Albertslund;1993 1993;2.66
73 P90/10 (Upper decile boundary divided by lower);167 Hvidovre;1993 1993;2.42
73 P90/10 (Upper decile boundary divided by lower);169 Høje-Taastrup;1993 1993;2.54
73 P90/10 (Upper decile boundary divided by lower);173 Lyngby-Taarbæk;1993 1993;3.17
73 P90/10 (Upper decile boundary divided by lower);175 Rødovre;1993 1993;2.37
73 P90/10 (Upper decile boundary divided by lower);183 Ishøj;1993 1993;2.55
73 P90/10 (Upper decile boundary divided by lower);185 Tårnby;1993 1993;2.32
73 P90/10 (Upper decile boundary divided by lower);187 Vallensbæk;1993 1993;2.18
73 P90/10 (Upper decile boundary divided by lower);190 Furesø;1993 1993;2.75
73 P90/10 (Upper decile boundary divided by lower);201 Allerød;1993 1993;2.43
73 P90/10 (Upper decile boundary divided by lower);210 Fredensborg;1993 1993;2.67
73 P90/10 (Upper decile boundary divided by lower);217 Helsingør;1993 1993;2.67
73 P90/10 (Upper decile boundary divided by lower);219 Hillerød;1993 1993;2.53
73 P90/10 (Upper decile boundary divided by lower);223 Hørsholm;1993 1993;3.27
73 P90/10 (Upper decile boundary divided by lower);230 Rudersdal;1993 1993;3.45
73 P90/10 (Upper decile boundary divided by lower);240 Egedal;1993 1993;2.28
73 P90/10 (Upper decile boundary divided by lower);250 Frederikssund;1993 1993;2.37
73 P90/10 (Upper decile boundary divided by lower);253 Greve;1993 1993;2.50
73 P90/10 (Upper decile boundary divided by lower);259 Køge;1993 1993;2.43
73 P90/10 (Upper decile boundary divided by lower);260 Halsnæs;1993 1993;2.34
73 P90/10 (Upper decile boundary divided by lower);265 Roskilde;1993 1993;2.60
73 P90/10 (Upper decile boundary divided by lower);269 Solrød;1993 1993;2.33
73 P90/10 (Upper decile boundary divided by lower);270 Gribskov;1993 1993;2.44
73 P90/10 (Upper decile boundary divided by lower);306 Odsherred;1993 1993;2.28
73 P90/10 (Upper decile boundary divided by lower);316 Holbæk;1993 1993;2.43
73 P90/10 (Upper decile boundary divided by lower);320 Faxe;1993 1993;2.40
73 P90/10 (Upper decile boundary divided by lower);326 Kalundborg;1993 1993;2.33
73 P90/10 (Upper decile boundary divided by lower);329 Ringsted;1993 1993;2.42
73 P90/10 (Upper decile boundary divided by lower);330 Slagelse;1993 1993;2.42
73 P90/10 (Upper decile boundary divided by lower);336 Stevns;1993 1993;2.37
73 P90/10 (Upper decile boundary divided by lower);340 Sorø;1993 1993;2.40
73 P90/10 (Upper decile boundary divided by lower);350 Lejre;1993 1993;2.31
73 P90/10 (Upper decile boundary divided by lower);360 Lolland;1993 1993;2.24
73 P90/10 (Upper decile boundary divided by lower);370 Næstved;1993 1993;2.40
73 P90/10 (Upper decile boundary divided by lower);376 Guldborgsund;1993 1993;2.34
73 P90/10 (Upper decile boundary divided by lower);390 Vordingborg;1993 1993;2.39
73 P90/10 (Upper decile boundary divided by lower);400 Bornholm;1993 1993;2.23
73 P90/10 (Upper decile boundary divided by lower);410 Middelfart;1993 1993;2.25
73 P90/10 (Upper decile boundary divided by lower);420 Assens;1993 1993;2.23
73 P90/10 (Upper decile boundary divided by lower);430 Faaborg-Midtfyn;1993 1993;2.25
73 P90/10 (Upper decile boundary divided by lower);440 Kerteminde;1993 1993;2.22
73 P90/10 (Upper decile boundary divided by lower);450 Nyborg;1993 1993;2.28
73 P90/10 (Upper decile boundary divided by lower);461 Odense;1993 1993;2.60
73 P90/10 (Upper decile boundary divided by lower);479 Svendborg;1993 1993;2.43
73 P90/10 (Upper decile boundary divided by lower);480 Nordfyns;1993 1993;2.23
73 P90/10 (Upper decile boundary divided by lower);482 Langeland;1993 1993;2.24
73 P90/10 (Upper decile boundary divided by lower);492 Ærø;1993 1993;2.41
73 P90/10 (Upper decile boundary divided by lower);510 Haderslev;1993 1993;2.34
73 P90/10 (Upper decile boundary divided by lower);530 Billund;1993 1993;2.31
73 P90/10 (Upper decile boundary divided by lower);540 Sønderborg;1993 1993;2.39
73 P90/10 (Upper decile boundary divided by lower);550 Tønder;1993 1993;2.35
73 P90/10 (Upper decile boundary divided by lower);561 Esbjerg;1993 1993;2.42
73 P90/10 (Upper decile boundary divided by lower);563 Fanø;1993 1993;2.52
73 P90/10 (Upper decile boundary divided by lower);573 Varde;1993 1993;2.30
73 P90/10 (Upper decile boundary divided by lower);575 Vejen;1993 1993;2.27
73 P90/10 (Upper decile boundary divided by lower);580 Aabenraa;1993 1993;2.40
73 P90/10 (Upper decile boundary divided by lower);607 Fredericia;1993 1993;2.31
73 P90/10 (Upper decile boundary divided by lower);615 Horsens;1993 1993;2.44
73 P90/10 (Upper decile boundary divided by lower);621 Kolding;1993 1993;2.40
73 P90/10 (Upper decile boundary divided by lower);630 Vejle;1993 1993;2.42
73 P90/10 (Upper decile boundary divided by lower);657 Herning;1993 1993;2.42
73 P90/10 (Upper decile boundary divided by lower);661 Holstebro;1993 1993;2.41
73 P90/10 (Upper decile boundary divided by lower);665 Lemvig;1993 1993;2.50
73 P90/10 (Upper decile boundary divided by lower);671 Struer;1993 1993;2.27
73 P90/10 (Upper decile boundary divided by lower);706 Syddjurs;1993 1993;2.38
73 P90/10 (Upper decile boundary divided by lower);707 Norddjurs;1993 1993;2.30
73 P90/10 (Upper decile boundary divided by lower);710 Favrskov;1993 1993;2.23
73 P90/10 (Upper decile boundary divided by lower);727 Odder;1993 1993;2.31
73 P90/10 (Upper decile boundary divided by lower);730 Randers;1993 1993;2.33
73 P90/10 (Upper decile boundary divided by lower);740 Silkeborg;1993 1993;2.35
73 P90/10 (Upper decile boundary divided by lower);741 Samsø;1993 1993;2.35
73 P90/10 (Upper decile boundary divided by lower);746 Skanderborg;1993 1993;2.29
73 P90/10 (Upper decile boundary divided by lower);751 Aarhus;1993 1993;2.90
73 P90/10 (Upper decile boundary divided by lower);756 Ikast-Brande;1993 1993;2.33
73 P90/10 (Upper decile boundary divided by lower);760 Ringkøbing-Skjern;1993 1993;2.36
73 P90/10 (Upper decile boundary divided by lower);766 Hedensted;1993 1993;2.23
73 P90/10 (Upper decile boundary divided by lower);773 Morsø;1993 1993;2.31
73 P90/10 (Upper decile boundary divided by lower);779 Skive;1993 1993;2.30
73 P90/10 (Upper decile boundary divided by lower);787 Thisted;1993 1993;2.31
73 P90/10 (Upper decile boundary divided by lower);791 Viborg;1993 1993;2.35
73 P90/10 (Upper decile boundary divided by lower);810 Brønderslev;1993 1993;2.28
73 P90/10 (Upper decile boundary divided by lower);813 Frederikshavn;1993 1993;2.26
73 P90/10 (Upper decile boundary divided by lower);820 Vesthimmerlands;1993 1993;2.34
73 P90/10 (Upper decile boundary divided by lower);825 Læsø;1993 1993;2.26
73 P90/10 (Upper decile boundary divided by lower);840 Rebild;1993 1993;2.30
73 P90/10 (Upper decile boundary divided by lower);846 Mariagerfjord;1993 1993;2.30
73 P90/10 (Upper decile boundary divided by lower);849 Jammerbugt;1993 1993;2.25
73 P90/10 (Upper decile boundary divided by lower);851 Aalborg;1993 1993;2.52
73 P90/10 (Upper decile boundary divided by lower);860 Hjørring;1993 1993;2.34
70 Gini coefficient;000 All Denmark;2024 2024;30.43
70 Gini coefficient;101 Copenhagen;2024 2024;34.97
70 Gini coefficient;147 Frederiksberg;2024 2024;36.54
70 Gini coefficient;151 Ballerup;2024 2024;26.72
70 Gini coefficient;153 Brøndby;2024 2024;26.16
70 Gini coefficient;155 Dragør;2024 2024;28.86
70 Gini coefficient;157 Gentofte;2024 2024;49.04
70 Gini coefficient;159 Gladsaxe;2024 2024;29.35
70 Gini coefficient;161 Glostrup;2024 2024;26.20
70 Gini coefficient;163 Herlev;2024 2024;27.15
70 Gini coefficient;165 Albertslund;2024 2024;24.66
70 Gini coefficient;167 Hvidovre;2024 2024;25.84
70 Gini coefficient;169 Høje-Taastrup;2024 2024;25.37
70 Gini coefficient;173 Lyngby-Taarbæk;2024 2024;39.28
70 Gini coefficient;175 Rødovre;2024 2024;26.33
70 Gini coefficient;183 Ishøj;2024 2024;24.88
70 Gini coefficient;185 Tårnby;2024 2024;24.92
70 Gini coefficient;187 Vallensbæk;2024 2024;26.70
70 Gini coefficient;190 Furesø;2024 2024;30.12
70 Gini coefficient;201 Allerød;2024 2024;27.29
70 Gini coefficient;210 Fredensborg;2024 2024;32.76
70 Gini coefficient;217 Helsingør;2024 2024;30.55
70 Gini coefficient;219 Hillerød;2024 2024;27.86
70 Gini coefficient;223 Hørsholm;2024 2024;40.07
70 Gini coefficient;230 Rudersdal;2024 2024;47.31
70 Gini coefficient;240 Egedal;2024 2024;23.85
70 Gini coefficient;250 Frederikssund;2024 2024;26.11
70 Gini coefficient;253 Greve;2024 2024;26.35
70 Gini coefficient;259 Køge;2024 2024;26.37
70 Gini coefficient;260 Halsnæs;2024 2024;24.41
70 Gini coefficient;265 Roskilde;2024 2024;29.59
70 Gini coefficient;269 Solrød;2024 2024;27.22
70 Gini coefficient;270 Gribskov;2024 2024;27.68
70 Gini coefficient;306 Odsherred;2024 2024;25.18
70 Gini coefficient;316 Holbæk;2024 2024;25.44
70 Gini coefficient;320 Faxe;2024 2024;24.09
70 Gini coefficient;326 Kalundborg;2024 2024;26.90
70 Gini coefficient;329 Ringsted;2024 2024;25.07
70 Gini coefficient;330 Slagelse;2024 2024;25.39
70 Gini coefficient;336 Stevns;2024 2024;24.77
70 Gini coefficient;340 Sorø;2024 2024;25.16
70 Gini coefficient;350 Lejre;2024 2024;25.36
70 Gini coefficient;360 Lolland;2024 2024;26.45
70 Gini coefficient;370 Næstved;2024 2024;25.24
70 Gini coefficient;376 Guldborgsund;2024 2024;25.64
70 Gini coefficient;390 Vordingborg;2024 2024;25.84
70 Gini coefficient;400 Bornholm;2024 2024;24.03
70 Gini coefficient;410 Middelfart;2024 2024;27.39
70 Gini coefficient;420 Assens;2024 2024;24.46
70 Gini coefficient;430 Faaborg-Midtfyn;2024 2024;23.77
70 Gini coefficient;440 Kerteminde;2024 2024;27.03
70 Gini coefficient;450 Nyborg;2024 2024;25.00
70 Gini coefficient;461 Odense;2024 2024;28.32
70 Gini coefficient;479 Svendborg;2024 2024;26.93
70 Gini coefficient;480 Nordfyns;2024 2024;24.80
70 Gini coefficient;482 Langeland;2024 2024;25.27
70 Gini coefficient;492 Ærø;2024 2024;26.98
70 Gini coefficient;510 Haderslev;2024 2024;26.20
70 Gini coefficient;530 Billund;2024 2024;27.81
70 Gini coefficient;540 Sønderborg;2024 2024;27.44
70 Gini coefficient;550 Tønder;2024 2024;28.61
70 Gini coefficient;561 Esbjerg;2024 2024;27.01
70 Gini coefficient;563 Fanø;2024 2024;26.34
70 Gini coefficient;573 Varde;2024 2024;25.99
70 Gini coefficient;575 Vejen;2024 2024;46.32
70 Gini coefficient;580 Aabenraa;2024 2024;28.14
70 Gini coefficient;607 Fredericia;2024 2024;26.51
70 Gini coefficient;615 Horsens;2024 2024;25.47
70 Gini coefficient;621 Kolding;2024 2024;27.25
70 Gini coefficient;630 Vejle;2024 2024;27.78
70 Gini coefficient;657 Herning;2024 2024;26.51
70 Gini coefficient;661 Holstebro;2024 2024;26.73
70 Gini coefficient;665 Lemvig;2024 2024;29.89
70 Gini coefficient;671 Struer;2024 2024;27.09
70 Gini coefficient;706 Syddjurs;2024 2024;26.17
70 Gini coefficient;707 Norddjurs;2024 2024;25.34
70 Gini coefficient;710 Favrskov;2024 2024;24.41
70 Gini coefficient;727 Odder;2024 2024;24.70
70 Gini coefficient;730 Randers;2024 2024;26.17
70 Gini coefficient;740 Silkeborg;2024 2024;26.84
70 Gini coefficient;741 Samsø;2024 2024;26.40
70 Gini coefficient;746 Skanderborg;2024 2024;25.01
70 Gini coefficient;751 Aarhus;2024 2024;33.43
70 Gini coefficient;756 Ikast-Brande;2024 2024;26.89
70 Gini coefficient;760 Ringkøbing-Skjern;2024 2024;26.93
70 Gini coefficient;766 Hedensted;2024 2024;24.58
70 Gini coefficient;773 Morsø;2024 2024;26.65
70 Gini coefficient;779 Skive;2024 2024;26.50
70 Gini coefficient;787 Thisted;2024 2024;26.42
70 Gini coefficient;791 Viborg;2024 2024;26.07
70 Gini coefficient;810 Brønderslev;2024 2024;26.33
70 Gini coefficient;813 Frederikshavn;2024 2024;26.39
70 Gini coefficient;820 Vesthimmerlands;2024 2024;26.40
70 Gini coefficient;825 Læsø;2024 2024;25.41
70 Gini coefficient;840 Rebild;2024 2024;25.87
70 Gini coefficient;846 Mariagerfjord;2024 2024;25.98
70 Gini coefficient;849 Jammerbugt;2024 2024;25.75
70 Gini coefficient;851 Aalborg;2024 2024;28.59
70 Gini coefficient;860 Hjørring;2024 2024;26.49
71 Hoover index;000 All Denmark;2024 2024;20.81
71 Hoover index;101 Copenhagen;2024 2024;24.06
71 Hoover index;147 Frederiksberg;2024 2024;25.35
71 Hoover index;151 Ballerup;2024 2024;18.71
71 Hoover index;153 Brøndby;2024 2024;18.26
71 Hoover index;155 Dragør;2024 2024;19.73
71 Hoover index;157 Gentofte;2024 2024;34.61
71 Hoover index;159 Gladsaxe;2024 2024;20.58
71 Hoover index;161 Glostrup;2024 2024;18.36
71 Hoover index;163 Herlev;2024 2024;18.83
71 Hoover index;165 Albertslund;2024 2024;17.14
71 Hoover index;167 Hvidovre;2024 2024;18.14
71 Hoover index;169 Høje-Taastrup;2024 2024;17.62
71 Hoover index;173 Lyngby-Taarbæk;2024 2024;26.77
71 Hoover index;175 Rødovre;2024 2024;18.47
71 Hoover index;183 Ishøj;2024 2024;17.27
71 Hoover index;185 Tårnby;2024 2024;17.22
71 Hoover index;187 Vallensbæk;2024 2024;18.21
71 Hoover index;190 Furesø;2024 2024;20.69
71 Hoover index;201 Allerød;2024 2024;18.51
71 Hoover index;210 Fredensborg;2024 2024;22.36
71 Hoover index;217 Helsingør;2024 2024;20.97
71 Hoover index;219 Hillerød;2024 2024;19.03
71 Hoover index;223 Hørsholm;2024 2024;27.82
71 Hoover index;230 Rudersdal;2024 2024;32.87
71 Hoover index;240 Egedal;2024 2024;16.33
71 Hoover index;250 Frederikssund;2024 2024;17.84
71 Hoover index;253 Greve;2024 2024;18.17
71 Hoover index;259 Køge;2024 2024;18.18
71 Hoover index;260 Halsnæs;2024 2024;16.85
71 Hoover index;265 Roskilde;2024 2024;20.19
71 Hoover index;269 Solrød;2024 2024;18.60
71 Hoover index;270 Gribskov;2024 2024;18.83
71 Hoover index;306 Odsherred;2024 2024;17.41
71 Hoover index;316 Holbæk;2024 2024;17.54
71 Hoover index;320 Faxe;2024 2024;16.65
71 Hoover index;326 Kalundborg;2024 2024;18.58
71 Hoover index;329 Ringsted;2024 2024;17.27
71 Hoover index;330 Slagelse;2024 2024;17.59
71 Hoover index;336 Stevns;2024 2024;17.10
71 Hoover index;340 Sorø;2024 2024;17.38
71 Hoover index;350 Lejre;2024 2024;17.31
71 Hoover index;360 Lolland;2024 2024;18.24
71 Hoover index;370 Næstved;2024 2024;17.40
71 Hoover index;376 Guldborgsund;2024 2024;17.65
71 Hoover index;390 Vordingborg;2024 2024;17.89
71 Hoover index;400 Bornholm;2024 2024;16.55
71 Hoover index;410 Middelfart;2024 2024;18.68
71 Hoover index;420 Assens;2024 2024;16.77
71 Hoover index;430 Faaborg-Midtfyn;2024 2024;16.35
71 Hoover index;440 Kerteminde;2024 2024;18.44
71 Hoover index;450 Nyborg;2024 2024;17.22
71 Hoover index;461 Odense;2024 2024;19.58
71 Hoover index;479 Svendborg;2024 2024;18.48
71 Hoover index;480 Nordfyns;2024 2024;17.01
71 Hoover index;482 Langeland;2024 2024;17.49
71 Hoover index;492 Ærø;2024 2024;18.49
71 Hoover index;510 Haderslev;2024 2024;17.85
71 Hoover index;530 Billund;2024 2024;19.01
71 Hoover index;540 Sønderborg;2024 2024;18.82
71 Hoover index;550 Tønder;2024 2024;19.44
71 Hoover index;561 Esbjerg;2024 2024;18.57
71 Hoover index;563 Fanø;2024 2024;18.25
71 Hoover index;573 Varde;2024 2024;17.76
71 Hoover index;575 Vejen;2024 2024;33.89
71 Hoover index;580 Aabenraa;2024 2024;19.13
71 Hoover index;607 Fredericia;2024 2024;18.36
71 Hoover index;615 Horsens;2024 2024;17.42
71 Hoover index;621 Kolding;2024 2024;18.69
71 Hoover index;630 Vejle;2024 2024;19.03
71 Hoover index;657 Herning;2024 2024;18.07
71 Hoover index;661 Holstebro;2024 2024;18.15
71 Hoover index;665 Lemvig;2024 2024;20.34
71 Hoover index;671 Struer;2024 2024;18.38
71 Hoover index;706 Syddjurs;2024 2024;17.83
71 Hoover index;707 Norddjurs;2024 2024;17.46
71 Hoover index;710 Favrskov;2024 2024;16.61
71 Hoover index;727 Odder;2024 2024;16.95
71 Hoover index;730 Randers;2024 2024;17.88
71 Hoover index;740 Silkeborg;2024 2024;18.33
71 Hoover index;741 Samsø;2024 2024;18.15
71 Hoover index;746 Skanderborg;2024 2024;17.03
71 Hoover index;751 Aarhus;2024 2024;22.97
71 Hoover index;756 Ikast-Brande;2024 2024;18.16
71 Hoover index;760 Ringkøbing-Skjern;2024 2024;18.40
71 Hoover index;766 Hedensted;2024 2024;16.79
71 Hoover index;773 Morsø;2024 2024;18.07
71 Hoover index;779 Skive;2024 2024;18.08
71 Hoover index;787 Thisted;2024 2024;17.97
71 Hoover index;791 Viborg;2024 2024;17.81
71 Hoover index;810 Brønderslev;2024 2024;17.73
71 Hoover index;813 Frederikshavn;2024 2024;18.09
71 Hoover index;820 Vesthimmerlands;2024 2024;17.94
71 Hoover index;825 Læsø;2024 2024;17.49
71 Hoover index;840 Rebild;2024 2024;17.58
71 Hoover index;846 Mariagerfjord;2024 2024;17.87
71 Hoover index;849 Jammerbugt;2024 2024;17.53
71 Hoover index;851 Aalborg;2024 2024;19.59
71 Hoover index;860 Hjørring;2024 2024;18.02
72 S80/S20 (Income quintile share ratio);000 All Denmark;2024 2024;4.65
72 S80/S20 (Income quintile share ratio);101 Copenhagen;2024 2024;6.53
72 S80/S20 (Income quintile share ratio);147 Frederiksberg;2024 2024;6.48
72 S80/S20 (Income quintile share ratio);151 Ballerup;2024 2024;3.89
72 S80/S20 (Income quintile share ratio);153 Brøndby;2024 2024;3.95
72 S80/S20 (Income quintile share ratio);155 Dragør;2024 2024;4.39
72 S80/S20 (Income quintile share ratio);157 Gentofte;2024 2024;12.28
72 S80/S20 (Income quintile share ratio);159 Gladsaxe;2024 2024;4.62
72 S80/S20 (Income quintile share ratio);161 Glostrup;2024 2024;3.90
72 S80/S20 (Income quintile share ratio);163 Herlev;2024 2024;3.99
72 S80/S20 (Income quintile share ratio);165 Albertslund;2024 2024;3.63
72 S80/S20 (Income quintile share ratio);167 Hvidovre;2024 2024;3.81
72 S80/S20 (Income quintile share ratio);169 Høje-Taastrup;2024 2024;3.77
72 S80/S20 (Income quintile share ratio);173 Lyngby-Taarbæk;2024 2024;7.68
72 S80/S20 (Income quintile share ratio);175 Rødovre;2024 2024;3.91
72 S80/S20 (Income quintile share ratio);183 Ishøj;2024 2024;3.66
72 S80/S20 (Income quintile share ratio);185 Tårnby;2024 2024;3.71
72 S80/S20 (Income quintile share ratio);187 Vallensbæk;2024 2024;4.12
72 S80/S20 (Income quintile share ratio);190 Furesø;2024 2024;4.66
72 S80/S20 (Income quintile share ratio);201 Allerød;2024 2024;4.06
72 S80/S20 (Income quintile share ratio);210 Fredensborg;2024 2024;5.05
72 S80/S20 (Income quintile share ratio);217 Helsingør;2024 2024;4.54
72 S80/S20 (Income quintile share ratio);219 Hillerød;2024 2024;4.19
72 S80/S20 (Income quintile share ratio);223 Hørsholm;2024 2024;7.63
72 S80/S20 (Income quintile share ratio);230 Rudersdal;2024 2024;10.83
72 S80/S20 (Income quintile share ratio);240 Egedal;2024 2024;3.42
72 S80/S20 (Income quintile share ratio);250 Frederikssund;2024 2024;3.88
72 S80/S20 (Income quintile share ratio);253 Greve;2024 2024;3.92
72 S80/S20 (Income quintile share ratio);259 Køge;2024 2024;3.87
72 S80/S20 (Income quintile share ratio);260 Halsnæs;2024 2024;3.47
72 S80/S20 (Income quintile share ratio);265 Roskilde;2024 2024;4.54
72 S80/S20 (Income quintile share ratio);269 Solrød;2024 2024;4.00
72 S80/S20 (Income quintile share ratio);270 Gribskov;2024 2024;4.13
72 S80/S20 (Income quintile share ratio);306 Odsherred;2024 2024;3.52
72 S80/S20 (Income quintile share ratio);316 Holbæk;2024 2024;3.65
72 S80/S20 (Income quintile share ratio);320 Faxe;2024 2024;3.45
72 S80/S20 (Income quintile share ratio);326 Kalundborg;2024 2024;3.81
72 S80/S20 (Income quintile share ratio);329 Ringsted;2024 2024;3.61
72 S80/S20 (Income quintile share ratio);330 Slagelse;2024 2024;3.64
72 S80/S20 (Income quintile share ratio);336 Stevns;2024 2024;3.52
72 S80/S20 (Income quintile share ratio);340 Sorø;2024 2024;3.56
72 S80/S20 (Income quintile share ratio);350 Lejre;2024 2024;3.66
72 S80/S20 (Income quintile share ratio);360 Lolland;2024 2024;3.65
72 S80/S20 (Income quintile share ratio);370 Næstved;2024 2024;3.63
72 S80/S20 (Income quintile share ratio);376 Guldborgsund;2024 2024;3.68
72 S80/S20 (Income quintile share ratio);390 Vordingborg;2024 2024;3.67
72 S80/S20 (Income quintile share ratio);400 Bornholm;2024 2024;3.29
72 S80/S20 (Income quintile share ratio);410 Middelfart;2024 2024;3.89
72 S80/S20 (Income quintile share ratio);420 Assens;2024 2024;3.43
72 S80/S20 (Income quintile share ratio);430 Faaborg-Midtfyn;2024 2024;3.34
72 S80/S20 (Income quintile share ratio);440 Kerteminde;2024 2024;3.80
72 S80/S20 (Income quintile share ratio);450 Nyborg;2024 2024;3.52
72 S80/S20 (Income quintile share ratio);461 Odense;2024 2024;4.37
72 S80/S20 (Income quintile share ratio);479 Svendborg;2024 2024;3.89
72 S80/S20 (Income quintile share ratio);480 Nordfyns;2024 2024;3.51
72 S80/S20 (Income quintile share ratio);482 Langeland;2024 2024;3.54
72 S80/S20 (Income quintile share ratio);492 Ærø;2024 2024;4.08
72 S80/S20 (Income quintile share ratio);510 Haderslev;2024 2024;3.79
72 S80/S20 (Income quintile share ratio);530 Billund;2024 2024;3.90
72 S80/S20 (Income quintile share ratio);540 Sønderborg;2024 2024;4.00
72 S80/S20 (Income quintile share ratio);550 Tønder;2024 2024;4.19
72 S80/S20 (Income quintile share ratio);561 Esbjerg;2024 2024;3.84
72 S80/S20 (Income quintile share ratio);563 Fanø;2024 2024;3.73
72 S80/S20 (Income quintile share ratio);573 Varde;2024 2024;3.61
72 S80/S20 (Income quintile share ratio);575 Vejen;2024 2024;7.51
72 S80/S20 (Income quintile share ratio);580 Aabenraa;2024 2024;4.10
72 S80/S20 (Income quintile share ratio);607 Fredericia;2024 2024;3.79
72 S80/S20 (Income quintile share ratio);615 Horsens;2024 2024;3.64
72 S80/S20 (Income quintile share ratio);621 Kolding;2024 2024;3.99
72 S80/S20 (Income quintile share ratio);630 Vejle;2024 2024;4.03
72 S80/S20 (Income quintile share ratio);657 Herning;2024 2024;3.77
72 S80/S20 (Income quintile share ratio);661 Holstebro;2024 2024;3.80
72 S80/S20 (Income quintile share ratio);665 Lemvig;2024 2024;4.25
72 S80/S20 (Income quintile share ratio);671 Struer;2024 2024;3.88
72 S80/S20 (Income quintile share ratio);706 Syddjurs;2024 2024;3.75
72 S80/S20 (Income quintile share ratio);707 Norddjurs;2024 2024;3.56
72 S80/S20 (Income quintile share ratio);710 Favrskov;2024 2024;3.48
72 S80/S20 (Income quintile share ratio);727 Odder;2024 2024;3.46
72 S80/S20 (Income quintile share ratio);730 Randers;2024 2024;3.83
72 S80/S20 (Income quintile share ratio);740 Silkeborg;2024 2024;3.81
72 S80/S20 (Income quintile share ratio);741 Samsø;2024 2024;3.69
72 S80/S20 (Income quintile share ratio);746 Skanderborg;2024 2024;3.54
72 S80/S20 (Income quintile share ratio);751 Aarhus;2024 2024;5.73
72 S80/S20 (Income quintile share ratio);756 Ikast-Brande;2024 2024;3.96
72 S80/S20 (Income quintile share ratio);760 Ringkøbing-Skjern;2024 2024;3.75
72 S80/S20 (Income quintile share ratio);766 Hedensted;2024 2024;3.43
72 S80/S20 (Income quintile share ratio);773 Morsø;2024 2024;3.76
72 S80/S20 (Income quintile share ratio);779 Skive;2024 2024;3.66
72 S80/S20 (Income quintile share ratio);787 Thisted;2024 2024;3.78
72 S80/S20 (Income quintile share ratio);791 Viborg;2024 2024;3.72
72 S80/S20 (Income quintile share ratio);810 Brønderslev;2024 2024;3.85
72 S80/S20 (Income quintile share ratio);813 Frederikshavn;2024 2024;3.66
72 S80/S20 (Income quintile share ratio);820 Vesthimmerlands;2024 2024;3.74
72 S80/S20 (Income quintile share ratio);825 Læsø;2024 2024;3.58
72 S80/S20 (Income quintile share ratio);840 Rebild;2024 2024;3.64
72 S80/S20 (Income quintile share ratio);846 Mariagerfjord;2024 2024;3.64
72 S80/S20 (Income quintile share ratio);849 Jammerbugt;2024 2024;3.72
72 S80/S20 (Income quintile share ratio);851 Aalborg;2024 2024;4.36
72 S80/S20 (Income quintile share ratio);860 Hjørring;2024 2024;3.78
73 P90/10 (Upper decile boundary divided by lower);000 All Denmark;2024 2024;3.24
73 P90/10 (Upper decile boundary divided by lower);101 Copenhagen;2024 2024;4.47
73 P90/10 (Upper decile boundary divided by lower);147 Frederiksberg;2024 2024;4.41
73 P90/10 (Upper decile boundary divided by lower);151 Ballerup;2024 2024;3.08
73 P90/10 (Upper decile boundary divided by lower);153 Brøndby;2024 2024;3.14
73 P90/10 (Upper decile boundary divided by lower);155 Dragør;2024 2024;3.32
73 P90/10 (Upper decile boundary divided by lower);157 Gentofte;2024 2024;6.16
73 P90/10 (Upper decile boundary divided by lower);159 Gladsaxe;2024 2024;3.64
73 P90/10 (Upper decile boundary divided by lower);161 Glostrup;2024 2024;3.20
73 P90/10 (Upper decile boundary divided by lower);163 Herlev;2024 2024;3.08
73 P90/10 (Upper decile boundary divided by lower);165 Albertslund;2024 2024;2.95
73 P90/10 (Upper decile boundary divided by lower);167 Hvidovre;2024 2024;3.14
73 P90/10 (Upper decile boundary divided by lower);169 Høje-Taastrup;2024 2024;3.10
73 P90/10 (Upper decile boundary divided by lower);173 Lyngby-Taarbæk;2024 2024;4.64
73 P90/10 (Upper decile boundary divided by lower);175 Rødovre;2024 2024;3.16
73 P90/10 (Upper decile boundary divided by lower);183 Ishøj;2024 2024;3.01
73 P90/10 (Upper decile boundary divided by lower);185 Tårnby;2024 2024;3.00
73 P90/10 (Upper decile boundary divided by lower);187 Vallensbæk;2024 2024;3.14
73 P90/10 (Upper decile boundary divided by lower);190 Furesø;2024 2024;3.46
73 P90/10 (Upper decile boundary divided by lower);201 Allerød;2024 2024;3.08
73 P90/10 (Upper decile boundary divided by lower);210 Fredensborg;2024 2024;3.30
73 P90/10 (Upper decile boundary divided by lower);217 Helsingør;2024 2024;3.19
73 P90/10 (Upper decile boundary divided by lower);219 Hillerød;2024 2024;3.11
73 P90/10 (Upper decile boundary divided by lower);223 Hørsholm;2024 2024;4.50
73 P90/10 (Upper decile boundary divided by lower);230 Rudersdal;2024 2024;4.58
73 P90/10 (Upper decile boundary divided by lower);240 Egedal;2024 2024;2.71
73 P90/10 (Upper decile boundary divided by lower);250 Frederikssund;2024 2024;2.86
73 P90/10 (Upper decile boundary divided by lower);253 Greve;2024 2024;3.09
73 P90/10 (Upper decile boundary divided by lower);259 Køge;2024 2024;3.02
73 P90/10 (Upper decile boundary divided by lower);260 Halsnæs;2024 2024;2.74
73 P90/10 (Upper decile boundary divided by lower);265 Roskilde;2024 2024;3.29
73 P90/10 (Upper decile boundary divided by lower);269 Solrød;2024 2024;2.98
73 P90/10 (Upper decile boundary divided by lower);270 Gribskov;2024 2024;2.93
73 P90/10 (Upper decile boundary divided by lower);306 Odsherred;2024 2024;2.67
73 P90/10 (Upper decile boundary divided by lower);316 Holbæk;2024 2024;2.87
73 P90/10 (Upper decile boundary divided by lower);320 Faxe;2024 2024;2.73
73 P90/10 (Upper decile boundary divided by lower);326 Kalundborg;2024 2024;2.82
73 P90/10 (Upper decile boundary divided by lower);329 Ringsted;2024 2024;2.84
73 P90/10 (Upper decile boundary divided by lower);330 Slagelse;2024 2024;2.88
73 P90/10 (Upper decile boundary divided by lower);336 Stevns;2024 2024;2.79
73 P90/10 (Upper decile boundary divided by lower);340 Sorø;2024 2024;2.78
73 P90/10 (Upper decile boundary divided by lower);350 Lejre;2024 2024;2.79
73 P90/10 (Upper decile boundary divided by lower);360 Lolland;2024 2024;2.62
73 P90/10 (Upper decile boundary divided by lower);370 Næstved;2024 2024;2.80
73 P90/10 (Upper decile boundary divided by lower);376 Guldborgsund;2024 2024;2.76
73 P90/10 (Upper decile boundary divided by lower);390 Vordingborg;2024 2024;2.80
73 P90/10 (Upper decile boundary divided by lower);400 Bornholm;2024 2024;2.51
73 P90/10 (Upper decile boundary divided by lower);410 Middelfart;2024 2024;2.74
73 P90/10 (Upper decile boundary divided by lower);420 Assens;2024 2024;2.59
73 P90/10 (Upper decile boundary divided by lower);430 Faaborg-Midtfyn;2024 2024;2.58
73 P90/10 (Upper decile boundary divided by lower);440 Kerteminde;2024 2024;2.68
73 P90/10 (Upper decile boundary divided by lower);450 Nyborg;2024 2024;2.69
73 P90/10 (Upper decile boundary divided by lower);461 Odense;2024 2024;3.43
73 P90/10 (Upper decile boundary divided by lower);479 Svendborg;2024 2024;2.93
73 P90/10 (Upper decile boundary divided by lower);480 Nordfyns;2024 2024;2.62
73 P90/10 (Upper decile boundary divided by lower);482 Langeland;2024 2024;2.61
73 P90/10 (Upper decile boundary divided by lower);492 Ærø;2024 2024;2.94
73 P90/10 (Upper decile boundary divided by lower);510 Haderslev;2024 2024;2.72
73 P90/10 (Upper decile boundary divided by lower);530 Billund;2024 2024;2.75
73 P90/10 (Upper decile boundary divided by lower);540 Sønderborg;2024 2024;2.88
73 P90/10 (Upper decile boundary divided by lower);550 Tønder;2024 2024;2.80
73 P90/10 (Upper decile boundary divided by lower);561 Esbjerg;2024 2024;2.85
73 P90/10 (Upper decile boundary divided by lower);563 Fanø;2024 2024;2.82
73 P90/10 (Upper decile boundary divided by lower);573 Varde;2024 2024;2.65
73 P90/10 (Upper decile boundary divided by lower);575 Vejen;2024 2024;2.63
73 P90/10 (Upper decile boundary divided by lower);580 Aabenraa;2024 2024;2.82
73 P90/10 (Upper decile boundary divided by lower);607 Fredericia;2024 2024;2.93
73 P90/10 (Upper decile boundary divided by lower);615 Horsens;2024 2024;2.75
73 P90/10 (Upper decile boundary divided by lower);621 Kolding;2024 2024;2.97
73 P90/10 (Upper decile boundary divided by lower);630 Vejle;2024 2024;2.95
73 P90/10 (Upper decile boundary divided by lower);657 Herning;2024 2024;2.76
73 P90/10 (Upper decile boundary divided by lower);661 Holstebro;2024 2024;2.72
73 P90/10 (Upper decile boundary divided by lower);665 Lemvig;2024 2024;2.74
73 P90/10 (Upper decile boundary divided by lower);671 Struer;2024 2024;2.63
73 P90/10 (Upper decile boundary divided by lower);706 Syddjurs;2024 2024;2.73
73 P90/10 (Upper decile boundary divided by lower);707 Norddjurs;2024 2024;2.67
73 P90/10 (Upper decile boundary divided by lower);710 Favrskov;2024 2024;2.64
73 P90/10 (Upper decile boundary divided by lower);727 Odder;2024 2024;2.67
73 P90/10 (Upper decile boundary divided by lower);730 Randers;2024 2024;2.81
73 P90/10 (Upper decile boundary divided by lower);740 Silkeborg;2024 2024;2.80
73 P90/10 (Upper decile boundary divided by lower);741 Samsø;2024 2024;2.61
73 P90/10 (Upper decile boundary divided by lower);746 Skanderborg;2024 2024;2.73
73 P90/10 (Upper decile boundary divided by lower);751 Aarhus;2024 2024;4.13
73 P90/10 (Upper decile boundary divided by lower);756 Ikast-Brande;2024 2024;2.73
73 P90/10 (Upper decile boundary divided by lower);760 Ringkøbing-Skjern;2024 2024;2.65
73 P90/10 (Upper decile boundary divided by lower);766 Hedensted;2024 2024;2.60
73 P90/10 (Upper decile boundary divided by lower);773 Morsø;2024 2024;2.57
73 P90/10 (Upper decile boundary divided by lower);779 Skive;2024 2024;2.60
73 P90/10 (Upper decile boundary divided by lower);787 Thisted;2024 2024;2.67
73 P90/10 (Upper decile boundary divided by lower);791 Viborg;2024 2024;2.74
73 P90/10 (Upper decile boundary divided by lower);810 Brønderslev;2024 2024;2.59
73 P90/10 (Upper decile boundary divided by lower);813 Frederikshavn;2024 2024;2.66
73 P90/10 (Upper decile boundary divided by lower);820 Vesthimmerlands;2024 2024;2.61
73 P90/10 (Upper decile boundary divided by lower);825 Læsø;2024 2024;2.64
73 P90/10 (Upper decile boundary divided by lower);840 Rebild;2024 2024;2.68
73 P90/10 (Upper decile boundary divided by lower);846 Mariagerfjord;2024 2024;2.71
73 P90/10 (Upper decile boundary divided by lower);849 Jammerbugt;2024 2024;2.64
73 P90/10 (Upper decile boundary divided by lower);851 Aalborg;2024 2024;3.31
73 P90/10 (Upper decile boundary divided by lower);860 Hjørring;2024 2024;2.65
73 P90/10 (Upper decile boundary divided by lower);259 Køge;1995 1995;2.45
73 P90/10 (Upper decile boundary divided by lower);260 Halsnæs;1995 1995;2.33
73 P90/10 (Upper decile boundary divided by lower);265 Roskilde;1995 1995;2.65
73 P90/10 (Upper decile boundary divided by lower);269 Solrød;1995 1995;2.38
73 P90/10 (Upper decile boundary divided by lower);270 Gribskov;1995 1995;2.44
73 P90/10 (Upper decile boundary divided by lower);306 Odsherred;1995 1995;2.27
73 P90/10 (Upper decile boundary divided by lower);316 Holbæk;1995 1995;2.42
73 P90/10 (Upper decile boundary divided by lower);320 Faxe;1995 1995;2.37
73 P90/10 (Upper decile boundary divided by lower);326 Kalundborg;1995 1995;2.33
73 P90/10 (Upper decile boundary divided by lower);329 Ringsted;1995 1995;2.41
73 P90/10 (Upper decile boundary divided by lower);330 Slagelse;1995 1995;2.37
73 P90/10 (Upper decile boundary divided by lower);336 Stevns;1995 1995;2.31
73 P90/10 (Upper decile boundary divided by lower);340 Sorø;1995 1995;2.35
73 P90/10 (Upper decile boundary divided by lower);350 Lejre;1995 1995;2.38
73 P90/10 (Upper decile boundary divided by lower);360 Lolland;1995 1995;2.24
73 P90/10 (Upper decile boundary divided by lower);370 Næstved;1995 1995;2.38
73 P90/10 (Upper decile boundary divided by lower);376 Guldborgsund;1995 1995;2.29
73 P90/10 (Upper decile boundary divided by lower);390 Vordingborg;1995 1995;2.36
73 P90/10 (Upper decile boundary divided by lower);400 Bornholm;1995 1995;2.18
73 P90/10 (Upper decile boundary divided by lower);410 Middelfart;1995 1995;2.27
73 P90/10 (Upper decile boundary divided by lower);420 Assens;1995 1995;2.21
73 P90/10 (Upper decile boundary divided by lower);430 Faaborg-Midtfyn;1995 1995;2.25
73 P90/10 (Upper decile boundary divided by lower);440 Kerteminde;1995 1995;2.24
73 P90/10 (Upper decile boundary divided by lower);450 Nyborg;1995 1995;2.26
73 P90/10 (Upper decile boundary divided by lower);461 Odense;1995 1995;2.64
73 P90/10 (Upper decile boundary divided by lower);479 Svendborg;1995 1995;2.43
73 P90/10 (Upper decile boundary divided by lower);480 Nordfyns;1995 1995;2.23
73 P90/10 (Upper decile boundary divided by lower);482 Langeland;1995 1995;2.22
73 P90/10 (Upper decile boundary divided by lower);492 Ærø;1995 1995;2.39
73 P90/10 (Upper decile boundary divided by lower);510 Haderslev;1995 1995;2.30
73 P90/10 (Upper decile boundary divided by lower);530 Billund;1995 1995;2.28
73 P90/10 (Upper decile boundary divided by lower);540 Sønderborg;1995 1995;2.36
73 P90/10 (Upper decile boundary divided by lower);550 Tønder;1995 1995;2.32
73 P90/10 (Upper decile boundary divided by lower);561 Esbjerg;1995 1995;2.41
73 P90/10 (Upper decile boundary divided by lower);563 Fanø;1995 1995;2.59
73 P90/10 (Upper decile boundary divided by lower);573 Varde;1995 1995;2.25
73 P90/10 (Upper decile boundary divided by lower);575 Vejen;1995 1995;2.27
73 P90/10 (Upper decile boundary divided by lower);580 Aabenraa;1995 1995;2.39
73 P90/10 (Upper decile boundary divided by lower);607 Fredericia;1995 1995;2.32
73 P90/10 (Upper decile boundary divided by lower);615 Horsens;1995 1995;2.39
73 P90/10 (Upper decile boundary divided by lower);621 Kolding;1995 1995;2.41
73 P90/10 (Upper decile boundary divided by lower);630 Vejle;1995 1995;2.41
73 P90/10 (Upper decile boundary divided by lower);657 Herning;1995 1995;2.38
73 P90/10 (Upper decile boundary divided by lower);661 Holstebro;1995 1995;2.36
73 P90/10 (Upper decile boundary divided by lower);665 Lemvig;1995 1995;2.43
73 P90/10 (Upper decile boundary divided by lower);671 Struer;1995 1995;2.24
73 P90/10 (Upper decile boundary divided by lower);706 Syddjurs;1995 1995;2.33
73 P90/10 (Upper decile boundary divided by lower);707 Norddjurs;1995 1995;2.26
73 P90/10 (Upper decile boundary divided by lower);710 Favrskov;1995 1995;2.20
73 P90/10 (Upper decile boundary divided by lower);727 Odder;1995 1995;2.34
73 P90/10 (Upper decile boundary divided by lower);730 Randers;1995 1995;2.33
73 P90/10 (Upper decile boundary divided by lower);740 Silkeborg;1995 1995;2.38
73 P90/10 (Upper decile boundary divided by lower);741 Samsø;1995 1995;2.26
73 P90/10 (Upper decile boundary divided by lower);746 Skanderborg;1995 1995;2.28
73 P90/10 (Upper decile boundary divided by lower);751 Aarhus;1995 1995;2.91
73 P90/10 (Upper decile boundary divided by lower);756 Ikast-Brande;1995 1995;2.31
73 P90/10 (Upper decile boundary divided by lower);760 Ringkøbing-Skjern;1995 1995;2.33
73 P90/10 (Upper decile boundary divided by lower);766 Hedensted;1995 1995;2.24
73 P90/10 (Upper decile boundary divided by lower);773 Morsø;1995 1995;2.24
73 P90/10 (Upper decile boundary divided by lower);779 Skive;1995 1995;2.28
73 P90/10 (Upper decile boundary divided by lower);787 Thisted;1995 1995;2.34
73 P90/10 (Upper decile boundary divided by lower);791 Viborg;1995 1995;2.31
73 P90/10 (Upper decile boundary divided by lower);810 Brønderslev;1995 1995;2.25
73 P90/10 (Upper decile boundary divided by lower);813 Frederikshavn;1995 1995;2.24
73 P90/10 (Upper decile boundary divided by lower);820 Vesthimmerlands;1995 1995;2.30
73 P90/10 (Upper decile boundary divided by lower);825 Læsø;1995 1995;2.13
73 P90/10 (Upper decile boundary divided by lower);840 Rebild;1995 1995;2.29
73 P90/10 (Upper decile boundary divided by lower);846 Mariagerfjord;1995 1995;2.28
73 P90/10 (Upper decile boundary divided by lower);849 Jammerbugt;1995 1995;2.21
73 P90/10 (Upper decile boundary divided by lower);851 Aalborg;1995 1995;2.48
73 P90/10 (Upper decile boundary divided by lower);860 Hjørring;1995 1995;2.28
70 Gini coefficient;000 All Denmark;1995 1995;22.41
70 Gini coefficient;101 Copenhagen;1995 1995;23.87
70 Gini coefficient;147 Frederiksberg;1995 1995;26.16
70 Gini coefficient;151 Ballerup;1995 1995;20.48
70 Gini coefficient;153 Brøndby;1995 1995;20.65
70 Gini coefficient;155 Dragør;1995 1995;21.95
70 Gini coefficient;157 Gentofte;1995 1995;32.06
70 Gini coefficient;159 Gladsaxe;1995 1995;22.01
70 Gini coefficient;161 Glostrup;1995 1995;20.24
70 Gini coefficient;163 Herlev;1995 1995;21.13
70 Gini coefficient;165 Albertslund;1995 1995;21.73
70 Gini coefficient;167 Hvidovre;1995 1995;20.19
70 Gini coefficient;169 Høje-Taastrup;1995 1995;21.13
70 Gini coefficient;173 Lyngby-Taarbæk;1995 1995;27.94
70 Gini coefficient;175 Rødovre;1995 1995;19.51
70 Gini coefficient;183 Ishøj;1995 1995;20.83
70 Gini coefficient;185 Tårnby;1995 1995;18.74
70 Gini coefficient;187 Vallensbæk;1995 1995;18.52
70 Gini coefficient;190 Furesø;1995 1995;24.38
70 Gini coefficient;201 Allerød;1995 1995;21.52
70 Gini coefficient;210 Fredensborg;1995 1995;23.92
70 Gini coefficient;217 Helsingør;1995 1995;24.90
70 Gini coefficient;219 Hillerød;1995 1995;21.76
70 Gini coefficient;223 Hørsholm;1995 1995;35.70
70 Gini coefficient;230 Rudersdal;1995 1995;30.36
70 Gini coefficient;240 Egedal;1995 1995;18.80
70 Gini coefficient;250 Frederikssund;1995 1995;20.25
70 Gini coefficient;253 Greve;1995 1995;20.64
70 Gini coefficient;259 Køge;1995 1995;20.46
70 Gini coefficient;260 Halsnæs;1995 1995;19.56
70 Gini coefficient;265 Roskilde;1995 1995;21.96
70 Gini coefficient;269 Solrød;1995 1995;19.88
70 Gini coefficient;270 Gribskov;1995 1995;20.70
70 Gini coefficient;306 Odsherred;1995 1995;19.66
70 Gini coefficient;316 Holbæk;1995 1995;20.88
70 Gini coefficient;320 Faxe;1995 1995;20.48
70 Gini coefficient;326 Kalundborg;1995 1995;19.82
70 Gini coefficient;329 Ringsted;1995 1995;21.45
70 Gini coefficient;330 Slagelse;1995 1995;20.12
70 Gini coefficient;336 Stevns;1995 1995;19.87
70 Gini coefficient;340 Sorø;1995 1995;20.22
70 Gini coefficient;350 Lejre;1995 1995;19.73
70 Gini coefficient;360 Lolland;1995 1995;20.39
70 Gini coefficient;370 Næstved;1995 1995;20.35
70 Gini coefficient;376 Guldborgsund;1995 1995;20.04
70 Gini coefficient;390 Vordingborg;1995 1995;20.57
70 Gini coefficient;400 Bornholm;1995 1995;19.28
70 Gini coefficient;410 Middelfart;1995 1995;19.79
70 Gini coefficient;420 Assens;1995 1995;19.51
70 Gini coefficient;430 Faaborg-Midtfyn;1995 1995;19.43
70 Gini coefficient;440 Kerteminde;1995 1995;19.41
70 Gini coefficient;450 Nyborg;1995 1995;19.12
70 Gini coefficient;461 Odense;1995 1995;22.31
70 Gini coefficient;479 Svendborg;1995 1995;21.31
70 Gini coefficient;480 Nordfyns;1995 1995;19.11
70 Gini coefficient;482 Langeland;1995 1995;19.51
70 Gini coefficient;492 Ærø;1995 1995;21.43
70 Gini coefficient;510 Haderslev;1995 1995;20.50
70 Gini coefficient;530 Billund;1995 1995;20.75
70 Gini coefficient;540 Sønderborg;1995 1995;20.43
70 Gini coefficient;550 Tønder;1995 1995;20.12
70 Gini coefficient;561 Esbjerg;1995 1995;21.26
70 Gini coefficient;563 Fanø;1995 1995;21.41
70 Gini coefficient;573 Varde;1995 1995;19.53
70 Gini coefficient;575 Vejen;1995 1995;19.74
70 Gini coefficient;580 Aabenraa;1995 1995;21.26
70 Gini coefficient;607 Fredericia;1995 1995;19.89
70 Gini coefficient;615 Horsens;1995 1995;21.53
70 Gini coefficient;621 Kolding;1995 1995;20.91
70 Gini coefficient;630 Vejle;1995 1995;21.08
70 Gini coefficient;657 Herning;1995 1995;21.11
70 Gini coefficient;661 Holstebro;1995 1995;20.73
70 Gini coefficient;665 Lemvig;1995 1995;20.75
70 Gini coefficient;671 Struer;1995 1995;19.49
70 Gini coefficient;706 Syddjurs;1995 1995;20.45
70 Gini coefficient;707 Norddjurs;1995 1995;19.71
70 Gini coefficient;710 Favrskov;1995 1995;18.81
70 Gini coefficient;727 Odder;1995 1995;20.56
70 Gini coefficient;730 Randers;1995 1995;20.47
70 Gini coefficient;740 Silkeborg;1995 1995;23.34
70 Gini coefficient;741 Samsø;1995 1995;21.01
70 Gini coefficient;746 Skanderborg;1995 1995;19.74
70 Gini coefficient;751 Aarhus;1995 1995;24.41
70 Gini coefficient;756 Ikast-Brande;1995 1995;21.19
70 Gini coefficient;760 Ringkøbing-Skjern;1995 1995;20.50
70 Gini coefficient;766 Hedensted;1995 1995;19.41
70 Gini coefficient;773 Morsø;1995 1995;19.46
70 Gini coefficient;779 Skive;1995 1995;20.34
70 Gini coefficient;787 Thisted;1995 1995;20.30
70 Gini coefficient;791 Viborg;1995 1995;20.10
70 Gini coefficient;810 Brønderslev;1995 1995;19.37
70 Gini coefficient;813 Frederikshavn;1995 1995;19.38
70 Gini coefficient;820 Vesthimmerlands;1995 1995;19.67
70 Gini coefficient;825 Læsø;1995 1995;19.28
70 Gini coefficient;840 Rebild;1995 1995;19.66
70 Gini coefficient;846 Mariagerfjord;1995 1995;19.86
70 Gini coefficient;849 Jammerbugt;1995 1995;19.14
70 Gini coefficient;851 Aalborg;1995 1995;21.50
70 Gini coefficient;860 Hjørring;1995 1995;20.04
71 Hoover index;000 All Denmark;1995 1995;15.39
71 Hoover index;101 Copenhagen;1995 1995;16.70
71 Hoover index;147 Frederiksberg;1995 1995;18.27
71 Hoover index;151 Ballerup;1995 1995;14.29
71 Hoover index;153 Brøndby;1995 1995;14.65
71 Hoover index;155 Dragør;1995 1995;14.91
71 Hoover index;157 Gentofte;1995 1995;21.59
71 Hoover index;159 Gladsaxe;1995 1995;15.27
71 Hoover index;161 Glostrup;1995 1995;14.18
71 Hoover index;163 Herlev;1995 1995;14.73
71 Hoover index;165 Albertslund;1995 1995;15.26
71 Hoover index;167 Hvidovre;1995 1995;14.12
71 Hoover index;169 Høje-Taastrup;1995 1995;14.76
71 Hoover index;173 Lyngby-Taarbæk;1995 1995;18.97
71 Hoover index;175 Rødovre;1995 1995;13.71
71 Hoover index;183 Ishøj;1995 1995;14.71
71 Hoover index;185 Tårnby;1995 1995;13.04
71 Hoover index;187 Vallensbæk;1995 1995;12.65
71 Hoover index;190 Furesø;1995 1995;16.66
71 Hoover index;201 Allerød;1995 1995;14.57
71 Hoover index;210 Fredensborg;1995 1995;16.34
71 Hoover index;217 Helsingør;1995 1995;16.88
71 Hoover index;219 Hillerød;1995 1995;14.88
71 Hoover index;223 Hørsholm;1995 1995;23.14
71 Hoover index;230 Rudersdal;1995 1995;20.51
71 Hoover index;240 Egedal;1995 1995;12.84
71 Hoover index;250 Frederikssund;1995 1995;13.93
71 Hoover index;253 Greve;1995 1995;14.23
71 Hoover index;259 Køge;1995 1995;14.21
71 Hoover index;260 Halsnæs;1995 1995;13.47
71 Hoover index;265 Roskilde;1995 1995;15.15
71 Hoover index;269 Solrød;1995 1995;13.56
71 Hoover index;270 Gribskov;1995 1995;14.20
71 Hoover index;306 Odsherred;1995 1995;13.56
71 Hoover index;316 Holbæk;1995 1995;14.41
71 Hoover index;320 Faxe;1995 1995;14.03
71 Hoover index;326 Kalundborg;1995 1995;13.76
71 Hoover index;329 Ringsted;1995 1995;14.64
71 Hoover index;330 Slagelse;1995 1995;13.98
71 Hoover index;336 Stevns;1995 1995;13.73
71 Hoover index;340 Sorø;1995 1995;13.90
71 Hoover index;350 Lejre;1995 1995;13.53
71 Hoover index;360 Lolland;1995 1995;14.04
71 Hoover index;370 Næstved;1995 1995;14.06
71 Hoover index;376 Guldborgsund;1995 1995;13.87
71 Hoover index;390 Vordingborg;1995 1995;14.19
71 Hoover index;400 Bornholm;1995 1995;13.33
71 Hoover index;410 Middelfart;1995 1995;13.57
71 Hoover index;420 Assens;1995 1995;13.37
71 Hoover index;430 Faaborg-Midtfyn;1995 1995;13.33
71 Hoover index;440 Kerteminde;1995 1995;13.31
71 Hoover index;450 Nyborg;1995 1995;13.24
71 Hoover index;461 Odense;1995 1995;15.46
71 Hoover index;479 Svendborg;1995 1995;14.58
71 Hoover index;480 Nordfyns;1995 1995;13.16
71 Hoover index;482 Langeland;1995 1995;13.54
71 Hoover index;492 Ærø;1995 1995;14.86
71 Hoover index;510 Haderslev;1995 1995;13.98
71 Hoover index;530 Billund;1995 1995;14.02
71 Hoover index;540 Sønderborg;1995 1995;14.00
71 Hoover index;550 Tønder;1995 1995;13.80
71 Hoover index;561 Esbjerg;1995 1995;14.52
71 Hoover index;563 Fanø;1995 1995;14.78
71 Hoover index;573 Varde;1995 1995;13.40
71 Hoover index;575 Vejen;1995 1995;13.56
71 Hoover index;580 Aabenraa;1995 1995;14.49
71 Hoover index;607 Fredericia;1995 1995;13.68
71 Hoover index;615 Horsens;1995 1995;14.70
71 Hoover index;621 Kolding;1995 1995;14.37
71 Hoover index;630 Vejle;1995 1995;14.47
71 Hoover index;657 Herning;1995 1995;14.37
71 Hoover index;661 Holstebro;1995 1995;14.10
71 Hoover index;665 Lemvig;1995 1995;14.23
71 Hoover index;671 Struer;1995 1995;13.30
71 Hoover index;706 Syddjurs;1995 1995;14.02
71 Hoover index;707 Norddjurs;1995 1995;13.61
71 Hoover index;710 Favrskov;1995 1995;12.91
71 Hoover index;727 Odder;1995 1995;14.03
71 Hoover index;730 Randers;1995 1995;14.08
71 Hoover index;740 Silkeborg;1995 1995;15.65
71 Hoover index;741 Samsø;1995 1995;14.48
71 Hoover index;746 Skanderborg;1995 1995;13.48
71 Hoover index;751 Aarhus;1995 1995;16.91
71 Hoover index;756 Ikast-Brande;1995 1995;14.32
71 Hoover index;760 Ringkøbing-Skjern;1995 1995;13.98
71 Hoover index;766 Hedensted;1995 1995;13.22
71 Hoover index;773 Morsø;1995 1995;13.45
71 Hoover index;779 Skive;1995 1995;13.89
71 Hoover index;787 Thisted;1995 1995;13.97
71 Hoover index;791 Viborg;1995 1995;13.72
71 Hoover index;810 Brønderslev;1995 1995;13.34
71 Hoover index;813 Frederikshavn;1995 1995;13.29
71 Hoover index;820 Vesthimmerlands;1995 1995;13.57
71 Hoover index;825 Læsø;1995 1995;13.30
71 Hoover index;840 Rebild;1995 1995;13.55
71 Hoover index;846 Mariagerfjord;1995 1995;13.69
71 Hoover index;849 Jammerbugt;1995 1995;13.13
71 Hoover index;851 Aalborg;1995 1995;14.80
71 Hoover index;860 Hjørring;1995 1995;13.77
72 S80/S20 (Income quintile share ratio);000 All Denmark;1995 1995;3.16
72 S80/S20 (Income quintile share ratio);101 Copenhagen;1995 1995;3.44
72 S80/S20 (Income quintile share ratio);147 Frederiksberg;1995 1995;3.88
72 S80/S20 (Income quintile share ratio);151 Ballerup;1995 1995;2.86
72 S80/S20 (Income quintile share ratio);153 Brøndby;1995 1995;2.84
72 S80/S20 (Income quintile share ratio);155 Dragør;1995 1995;3.24
72 S80/S20 (Income quintile share ratio);157 Gentofte;1995 1995;5.67
72 S80/S20 (Income quintile share ratio);159 Gladsaxe;1995 1995;3.13
72 S80/S20 (Income quintile share ratio);161 Glostrup;1995 1995;2.81
72 S80/S20 (Income quintile share ratio);163 Herlev;1995 1995;2.95
72 S80/S20 (Income quintile share ratio);165 Albertslund;1995 1995;3.05
72 S80/S20 (Income quintile share ratio);167 Hvidovre;1995 1995;2.84
72 S80/S20 (Income quintile share ratio);169 Høje-Taastrup;1995 1995;2.98
72 S80/S20 (Income quintile share ratio);173 Lyngby-Taarbæk;1995 1995;4.57
72 S80/S20 (Income quintile share ratio);175 Rødovre;1995 1995;2.71
72 S80/S20 (Income quintile share ratio);183 Ishøj;1995 1995;2.90
72 S80/S20 (Income quintile share ratio);185 Tårnby;1995 1995;2.66
72 S80/S20 (Income quintile share ratio);187 Vallensbæk;1995 1995;2.61
72 S80/S20 (Income quintile share ratio);190 Furesø;1995 1995;3.61
72 S80/S20 (Income quintile share ratio);201 Allerød;1995 1995;3.12
72 S80/S20 (Income quintile share ratio);210 Fredensborg;1995 1995;3.49
72 S80/S20 (Income quintile share ratio);217 Helsingør;1995 1995;3.76
72 S80/S20 (Income quintile share ratio);219 Hillerød;1995 1995;3.12
72 S80/S20 (Income quintile share ratio);223 Hørsholm;1995 1995;8.96
72 S80/S20 (Income quintile share ratio);230 Rudersdal;1995 1995;5.20
72 S80/S20 (Income quintile share ratio);240 Egedal;1995 1995;2.66
72 S80/S20 (Income quintile share ratio);250 Frederikssund;1995 1995;2.82
72 S80/S20 (Income quintile share ratio);253 Greve;1995 1995;2.96
72 S80/S20 (Income quintile share ratio);259 Køge;1995 1995;2.86
72 S80/S20 (Income quintile share ratio);260 Halsnæs;1995 1995;2.74
72 S80/S20 (Income quintile share ratio);265 Roskilde;1995 1995;3.14
72 S80/S20 (Income quintile share ratio);269 Solrød;1995 1995;2.80
72 S80/S20 (Income quintile share ratio);270 Gribskov;1995 1995;2.94
72 S80/S20 (Income quintile share ratio);306 Odsherred;1995 1995;2.72
72 S80/S20 (Income quintile share ratio);316 Holbæk;1995 1995;2.93
72 S80/S20 (Income quintile share ratio);320 Faxe;1995 1995;2.91
72 S80/S20 (Income quintile share ratio);326 Kalundborg;1995 1995;2.74
72 S80/S20 (Income quintile share ratio);329 Ringsted;1995 1995;3.00
72 S80/S20 (Income quintile share ratio);330 Slagelse;1995 1995;2.79
72 S80/S20 (Income quintile share ratio);336 Stevns;1995 1995;2.76
72 S80/S20 (Income quintile share ratio);340 Sorø;1995 1995;2.83
72 S80/S20 (Income quintile share ratio);350 Lejre;1995 1995;2.79
72 S80/S20 (Income quintile share ratio);360 Lolland;1995 1995;2.82
72 S80/S20 (Income quintile share ratio);370 Næstved;1995 1995;2.84
72 S80/S20 (Income quintile share ratio);376 Guldborgsund;1995 1995;2.76
72 S80/S20 (Income quintile share ratio);390 Vordingborg;1995 1995;2.86
72 S80/S20 (Income quintile share ratio);400 Bornholm;1995 1995;2.62
72 S80/S20 (Income quintile share ratio);410 Middelfart;1995 1995;2.73
72 S80/S20 (Income quintile share ratio);420 Assens;1995 1995;2.68
72 S80/S20 (Income quintile share ratio);430 Faaborg-Midtfyn;1995 1995;2.70
72 S80/S20 (Income quintile share ratio);440 Kerteminde;1995 1995;2.68
72 S80/S20 (Income quintile share ratio);450 Nyborg;1995 1995;2.64
72 S80/S20 (Income quintile share ratio);461 Odense;1995 1995;3.17
72 S80/S20 (Income quintile share ratio);479 Svendborg;1995 1995;3.03
72 S80/S20 (Income quintile share ratio);480 Nordfyns;1995 1995;2.63
72 S80/S20 (Income quintile share ratio);482 Langeland;1995 1995;2.66
72 S80/S20 (Income quintile share ratio);492 Ærø;1995 1995;2.97
72 S80/S20 (Income quintile share ratio);510 Haderslev;1995 1995;2.83
72 S80/S20 (Income quintile share ratio);530 Billund;1995 1995;2.84
72 S80/S20 (Income quintile share ratio);540 Sønderborg;1995 1995;2.83
72 S80/S20 (Income quintile share ratio);550 Tønder;1995 1995;2.78
72 S80/S20 (Income quintile share ratio);561 Esbjerg;1995 1995;3.00
72 S80/S20 (Income quintile share ratio);563 Fanø;1995 1995;3.02
72 S80/S20 (Income quintile share ratio);573 Varde;1995 1995;2.69
72 S80/S20 (Income quintile share ratio);575 Vejen;1995 1995;2.73
72 S80/S20 (Income quintile share ratio);580 Aabenraa;1995 1995;2.95
72 S80/S20 (Income quintile share ratio);607 Fredericia;1995 1995;2.75
72 S80/S20 (Income quintile share ratio);615 Horsens;1995 1995;2.97
72 S80/S20 (Income quintile share ratio);621 Kolding;1995 1995;2.92
72 S80/S20 (Income quintile share ratio);630 Vejle;1995 1995;2.92
72 S80/S20 (Income quintile share ratio);657 Herning;1995 1995;2.95
72 S80/S20 (Income quintile share ratio);661 Holstebro;1995 1995;2.89
72 S80/S20 (Income quintile share ratio);665 Lemvig;1995 1995;2.93
72 S80/S20 (Income quintile share ratio);671 Struer;1995 1995;2.70
72 S80/S20 (Income quintile share ratio);706 Syddjurs;1995 1995;2.84
72 S80/S20 (Income quintile share ratio);707 Norddjurs;1995 1995;2.70
72 S80/S20 (Income quintile share ratio);710 Favrskov;1995 1995;2.61
72 S80/S20 (Income quintile share ratio);727 Odder;1995 1995;2.87
72 S80/S20 (Income quintile share ratio);730 Randers;1995 1995;2.83
72 S80/S20 (Income quintile share ratio);740 Silkeborg;1995 1995;3.22
72 S80/S20 (Income quintile share ratio);741 Samsø;1995 1995;2.83
72 S80/S20 (Income quintile share ratio);746 Skanderborg;1995 1995;2.75
72 S80/S20 (Income quintile share ratio);751 Aarhus;1995 1995;3.56
72 S80/S20 (Income quintile share ratio);756 Ikast-Brande;1995 1995;2.99
72 S80/S20 (Income quintile share ratio);760 Ringkøbing-Skjern;1995 1995;2.85
72 S80/S20 (Income quintile share ratio);766 Hedensted;1995 1995;2.70
72 S80/S20 (Income quintile share ratio);773 Morsø;1995 1995;2.67
72 S80/S20 (Income quintile share ratio);779 Skive;1995 1995;2.79
72 S80/S20 (Income quintile share ratio);787 Thisted;1995 1995;2.79
72 S80/S20 (Income quintile share ratio);791 Viborg;1995 1995;2.80
72 S80/S20 (Income quintile share ratio);810 Brønderslev;1995 1995;2.68
72 S80/S20 (Income quintile share ratio);813 Frederikshavn;1995 1995;2.68
72 S80/S20 (Income quintile share ratio);820 Vesthimmerlands;1995 1995;2.73
72 S80/S20 (Income quintile share ratio);825 Læsø;1995 1995;2.63
72 S80/S20 (Income quintile share ratio);840 Rebild;1995 1995;2.72
72 S80/S20 (Income quintile share ratio);846 Mariagerfjord;1995 1995;2.75
72 S80/S20 (Income quintile share ratio);849 Jammerbugt;1995 1995;2.63
72 S80/S20 (Income quintile share ratio);851 Aalborg;1995 1995;3.02
72 S80/S20 (Income quintile share ratio);860 Hjørring;1995 1995;2.76
73 P90/10 (Upper decile boundary divided by lower);000 All Denmark;1995 1995;2.54
73 P90/10 (Upper decile boundary divided by lower);101 Copenhagen;1995 1995;2.76
73 P90/10 (Upper decile boundary divided by lower);147 Frederiksberg;1995 1995;3.09
73 P90/10 (Upper decile boundary divided by lower);151 Ballerup;1995 1995;2.49
73 P90/10 (Upper decile boundary divided by lower);153 Brøndby;1995 1995;2.51
73 P90/10 (Upper decile boundary divided by lower);155 Dragør;1995 1995;2.62
73 P90/10 (Upper decile boundary divided by lower);157 Gentofte;1995 1995;3.59
73 P90/10 (Upper decile boundary divided by lower);159 Gladsaxe;1995 1995;2.64
73 P90/10 (Upper decile boundary divided by lower);161 Glostrup;1995 1995;2.45
73 P90/10 (Upper decile boundary divided by lower);163 Herlev;1995 1995;2.53
73 P90/10 (Upper decile boundary divided by lower);165 Albertslund;1995 1995;2.63
73 P90/10 (Upper decile boundary divided by lower);167 Hvidovre;1995 1995;2.45
73 P90/10 (Upper decile boundary divided by lower);169 Høje-Taastrup;1995 1995;2.58
73 P90/10 (Upper decile boundary divided by lower);173 Lyngby-Taarbæk;1995 1995;3.17
73 P90/10 (Upper decile boundary divided by lower);175 Rødovre;1995 1995;2.39
73 P90/10 (Upper decile boundary divided by lower);183 Ishøj;1995 1995;2.52
73 P90/10 (Upper decile boundary divided by lower);185 Tårnby;1995 1995;2.36
73 P90/10 (Upper decile boundary divided by lower);187 Vallensbæk;1995 1995;2.23
73 P90/10 (Upper decile boundary divided by lower);190 Furesø;1995 1995;2.82
73 P90/10 (Upper decile boundary divided by lower);201 Allerød;1995 1995;2.50
73 P90/10 (Upper decile boundary divided by lower);210 Fredensborg;1995 1995;2.76
73 P90/10 (Upper decile boundary divided by lower);217 Helsingør;1995 1995;2.70
73 P90/10 (Upper decile boundary divided by lower);219 Hillerød;1995 1995;2.57
73 P90/10 (Upper decile boundary divided by lower);223 Hørsholm;1995 1995;3.39
73 P90/10 (Upper decile boundary divided by lower);230 Rudersdal;1995 1995;3.45
73 P90/10 (Upper decile boundary divided by lower);240 Egedal;1995 1995;2.27
73 P90/10 (Upper decile boundary divided by lower);250 Frederikssund;1995 1995;2.37
73 P90/10 (Upper decile boundary divided by lower);253 Greve;1995 1995;2.56
70 Gini coefficient;000 All Denmark;1997 1997;23.47
70 Gini coefficient;101 Copenhagen;1997 1997;24.76
70 Gini coefficient;147 Frederiksberg;1997 1997;26.73
70 Gini coefficient;151 Ballerup;1997 1997;21.47
70 Gini coefficient;153 Brøndby;1997 1997;21.82
70 Gini coefficient;155 Dragør;1997 1997;22.89
70 Gini coefficient;157 Gentofte;1997 1997;33.73
70 Gini coefficient;159 Gladsaxe;1997 1997;22.87
70 Gini coefficient;161 Glostrup;1997 1997;21.33
70 Gini coefficient;163 Herlev;1997 1997;21.94
70 Gini coefficient;165 Albertslund;1997 1997;22.85
70 Gini coefficient;167 Hvidovre;1997 1997;20.82
70 Gini coefficient;169 Høje-Taastrup;1997 1997;22.06
70 Gini coefficient;173 Lyngby-Taarbæk;1997 1997;28.71
70 Gini coefficient;175 Rødovre;1997 1997;20.30
70 Gini coefficient;183 Ishøj;1997 1997;21.95
70 Gini coefficient;185 Tårnby;1997 1997;19.40
70 Gini coefficient;187 Vallensbæk;1997 1997;19.57
70 Gini coefficient;190 Furesø;1997 1997;25.31
70 Gini coefficient;201 Allerød;1997 1997;21.86
70 Gini coefficient;210 Fredensborg;1997 1997;29.85
70 Gini coefficient;217 Helsingør;1997 1997;24.19
70 Gini coefficient;219 Hillerød;1997 1997;22.42
70 Gini coefficient;223 Hørsholm;1997 1997;33.13
70 Gini coefficient;230 Rudersdal;1997 1997;32.54
70 Gini coefficient;240 Egedal;1997 1997;19.76
70 Gini coefficient;250 Frederikssund;1997 1997;22.74
70 Gini coefficient;253 Greve;1997 1997;22.74
70 Gini coefficient;259 Køge;1997 1997;20.98
70 Gini coefficient;260 Halsnæs;1997 1997;19.93
70 Gini coefficient;265 Roskilde;1997 1997;23.00
70 Gini coefficient;269 Solrød;1997 1997;21.40
70 Gini coefficient;270 Gribskov;1997 1997;21.30
70 Gini coefficient;306 Odsherred;1997 1997;20.71
70 Gini coefficient;316 Holbæk;1997 1997;21.68
70 Gini coefficient;320 Faxe;1997 1997;20.95
70 Gini coefficient;326 Kalundborg;1997 1997;20.94
70 Gini coefficient;329 Ringsted;1997 1997;21.49
70 Gini coefficient;330 Slagelse;1997 1997;21.24
70 Gini coefficient;336 Stevns;1997 1997;20.79
70 Gini coefficient;340 Sorø;1997 1997;21.00
70 Gini coefficient;350 Lejre;1997 1997;21.07
70 Gini coefficient;360 Lolland;1997 1997;21.04
70 Gini coefficient;370 Næstved;1997 1997;21.20
70 Gini coefficient;376 Guldborgsund;1997 1997;20.71
70 Gini coefficient;390 Vordingborg;1997 1997;21.29
70 Gini coefficient;400 Bornholm;1997 1997;20.00
70 Gini coefficient;410 Middelfart;1997 1997;20.95
70 Gini coefficient;420 Assens;1997 1997;20.32
70 Gini coefficient;430 Faaborg-Midtfyn;1997 1997;20.31
70 Gini coefficient;440 Kerteminde;1997 1997;20.31
70 Gini coefficient;450 Nyborg;1997 1997;20.34
70 Gini coefficient;461 Odense;1997 1997;23.41
70 Gini coefficient;479 Svendborg;1997 1997;22.20
70 Gini coefficient;480 Nordfyns;1997 1997;20.33
70 Gini coefficient;482 Langeland;1997 1997;20.64
70 Gini coefficient;492 Ærø;1997 1997;21.95
70 Gini coefficient;510 Haderslev;1997 1997;20.94
70 Gini coefficient;530 Billund;1997 1997;20.79
70 Gini coefficient;540 Sønderborg;1997 1997;21.47
70 Gini coefficient;550 Tønder;1997 1997;21.58
70 Gini coefficient;561 Esbjerg;1997 1997;22.38
70 Gini coefficient;563 Fanø;1997 1997;21.91
70 Gini coefficient;573 Varde;1997 1997;20.49
70 Gini coefficient;575 Vejen;1997 1997;20.40
70 Gini coefficient;580 Aabenraa;1997 1997;21.80
70 Gini coefficient;607 Fredericia;1997 1997;20.42
70 Gini coefficient;615 Horsens;1997 1997;21.78
70 Gini coefficient;621 Kolding;1997 1997;22.57
70 Gini coefficient;630 Vejle;1997 1997;22.77
70 Gini coefficient;657 Herning;1997 1997;21.89
70 Gini coefficient;661 Holstebro;1997 1997;21.80
70 Gini coefficient;665 Lemvig;1997 1997;22.04
70 Gini coefficient;671 Struer;1997 1997;20.84
70 Gini coefficient;706 Syddjurs;1997 1997;21.28
70 Gini coefficient;707 Norddjurs;1997 1997;20.92
70 Gini coefficient;710 Favrskov;1997 1997;19.79
70 Gini coefficient;727 Odder;1997 1997;21.23
70 Gini coefficient;730 Randers;1997 1997;21.50
70 Gini coefficient;740 Silkeborg;1997 1997;23.45
70 Gini coefficient;741 Samsø;1997 1997;21.05
70 Gini coefficient;746 Skanderborg;1997 1997;20.51
70 Gini coefficient;751 Aarhus;1997 1997;25.72
70 Gini coefficient;756 Ikast-Brande;1997 1997;22.55
70 Gini coefficient;760 Ringkøbing-Skjern;1997 1997;21.38
70 Gini coefficient;766 Hedensted;1997 1997;20.08
70 Gini coefficient;773 Morsø;1997 1997;20.42
70 Gini coefficient;779 Skive;1997 1997;21.01
70 Gini coefficient;787 Thisted;1997 1997;21.44
70 Gini coefficient;791 Viborg;1997 1997;20.92
70 Gini coefficient;810 Brønderslev;1997 1997;20.70
70 Gini coefficient;813 Frederikshavn;1997 1997;20.31
70 Gini coefficient;820 Vesthimmerlands;1997 1997;20.81
70 Gini coefficient;825 Læsø;1997 1997;19.86
70 Gini coefficient;840 Rebild;1997 1997;21.07
70 Gini coefficient;846 Mariagerfjord;1997 1997;21.24
70 Gini coefficient;849 Jammerbugt;1997 1997;19.88
70 Gini coefficient;851 Aalborg;1997 1997;22.25
70 Gini coefficient;860 Hjørring;1997 1997;20.84
71 Hoover index;000 All Denmark;1997 1997;16.11
71 Hoover index;101 Copenhagen;1997 1997;17.35
71 Hoover index;147 Frederiksberg;1997 1997;18.68
71 Hoover index;151 Ballerup;1997 1997;14.99
71 Hoover index;153 Brøndby;1997 1997;15.50
71 Hoover index;155 Dragør;1997 1997;15.52
71 Hoover index;157 Gentofte;1997 1997;22.95
71 Hoover index;159 Gladsaxe;1997 1997;15.87
71 Hoover index;161 Glostrup;1997 1997;14.84
71 Hoover index;163 Herlev;1997 1997;15.30
71 Hoover index;165 Albertslund;1997 1997;16.02
71 Hoover index;167 Hvidovre;1997 1997;14.62
71 Hoover index;169 Høje-Taastrup;1997 1997;15.33
71 Hoover index;173 Lyngby-Taarbæk;1997 1997;19.67
71 Hoover index;175 Rødovre;1997 1997;14.22
71 Hoover index;183 Ishøj;1997 1997;15.49
71 Hoover index;185 Tårnby;1997 1997;13.47
71 Hoover index;187 Vallensbæk;1997 1997;13.41
71 Hoover index;190 Furesø;1997 1997;17.32
71 Hoover index;201 Allerød;1997 1997;14.90
71 Hoover index;210 Fredensborg;1997 1997;20.03
71 Hoover index;217 Helsingør;1997 1997;16.70
71 Hoover index;219 Hillerød;1997 1997;15.35
71 Hoover index;223 Hørsholm;1997 1997;22.32
71 Hoover index;230 Rudersdal;1997 1997;22.01
71 Hoover index;240 Egedal;1997 1997;13.47
71 Hoover index;250 Frederikssund;1997 1997;15.37
71 Hoover index;253 Greve;1997 1997;15.52
71 Hoover index;259 Køge;1997 1997;14.59
71 Hoover index;260 Halsnæs;1997 1997;13.74
71 Hoover index;265 Roskilde;1997 1997;15.81
71 Hoover index;269 Solrød;1997 1997;14.60
71 Hoover index;270 Gribskov;1997 1997;14.61
71 Hoover index;306 Odsherred;1997 1997;14.27
71 Hoover index;316 Holbæk;1997 1997;14.98
71 Hoover index;320 Faxe;1997 1997;14.38
71 Hoover index;326 Kalundborg;1997 1997;14.45
71 Hoover index;329 Ringsted;1997 1997;14.76
71 Hoover index;330 Slagelse;1997 1997;14.70
71 Hoover index;336 Stevns;1997 1997;14.32
71 Hoover index;340 Sorø;1997 1997;14.39
71 Hoover index;350 Lejre;1997 1997;14.35
71 Hoover index;360 Lolland;1997 1997;14.60
71 Hoover index;370 Næstved;1997 1997;14.61
71 Hoover index;376 Guldborgsund;1997 1997;14.37
71 Hoover index;390 Vordingborg;1997 1997;14.70
71 Hoover index;400 Bornholm;1997 1997;13.76
71 Hoover index;410 Middelfart;1997 1997;14.36
71 Hoover index;420 Assens;1997 1997;13.90
71 Hoover index;430 Faaborg-Midtfyn;1997 1997;13.95
71 Hoover index;440 Kerteminde;1997 1997;13.93
71 Hoover index;450 Nyborg;1997 1997;14.02
71 Hoover index;461 Odense;1997 1997;16.17
71 Hoover index;479 Svendborg;1997 1997;15.26
71 Hoover index;480 Nordfyns;1997 1997;13.88
71 Hoover index;482 Langeland;1997 1997;14.22
71 Hoover index;492 Ærø;1997 1997;15.29
71 Hoover index;510 Haderslev;1997 1997;14.37
71 Hoover index;530 Billund;1997 1997;14.13
71 Hoover index;540 Sønderborg;1997 1997;14.72
71 Hoover index;550 Tønder;1997 1997;14.72
71 Hoover index;561 Esbjerg;1997 1997;15.27
71 Hoover index;563 Fanø;1997 1997;15.13
71 Hoover index;573 Varde;1997 1997;14.01
71 Hoover index;575 Vejen;1997 1997;14.02
71 Hoover index;580 Aabenraa;1997 1997;14.86
71 Hoover index;607 Fredericia;1997 1997;14.06
71 Hoover index;615 Horsens;1997 1997;14.97
71 Hoover index;621 Kolding;1997 1997;15.41
71 Hoover index;630 Vejle;1997 1997;15.48
71 Hoover index;657 Herning;1997 1997;14.86
71 Hoover index;661 Holstebro;1997 1997;14.82
71 Hoover index;665 Lemvig;1997 1997;15.02
71 Hoover index;671 Struer;1997 1997;14.15
71 Hoover index;706 Syddjurs;1997 1997;14.54
71 Hoover index;707 Norddjurs;1997 1997;14.38
71 Hoover index;710 Favrskov;1997 1997;13.44
71 Hoover index;727 Odder;1997 1997;14.49
71 Hoover index;730 Randers;1997 1997;14.77
71 Hoover index;740 Silkeborg;1997 1997;15.78
71 Hoover index;741 Samsø;1997 1997;14.54
71 Hoover index;746 Skanderborg;1997 1997;14.01
71 Hoover index;751 Aarhus;1997 1997;17.78
71 Hoover index;756 Ikast-Brande;1997 1997;15.17
71 Hoover index;760 Ringkøbing-Skjern;1997 1997;14.58
71 Hoover index;766 Hedensted;1997 1997;13.68
71 Hoover index;773 Morsø;1997 1997;14.02
71 Hoover index;779 Skive;1997 1997;14.33
71 Hoover index;787 Thisted;1997 1997;14.66
71 Hoover index;791 Viborg;1997 1997;14.28
71 Hoover index;810 Brønderslev;1997 1997;14.25
71 Hoover index;813 Frederikshavn;1997 1997;13.92
71 Hoover index;820 Vesthimmerlands;1997 1997;14.30
71 Hoover index;825 Læsø;1997 1997;13.84
71 Hoover index;840 Rebild;1997 1997;14.42
71 Hoover index;846 Mariagerfjord;1997 1997;14.57
71 Hoover index;849 Jammerbugt;1997 1997;13.58
71 Hoover index;851 Aalborg;1997 1997;15.30
71 Hoover index;860 Hjørring;1997 1997;14.29
72 S80/S20 (Income quintile share ratio);000 All Denmark;1997 1997;3.30
72 S80/S20 (Income quintile share ratio);101 Copenhagen;1997 1997;3.58
72 S80/S20 (Income quintile share ratio);147 Frederiksberg;1997 1997;3.95
72 S80/S20 (Income quintile share ratio);151 Ballerup;1997 1997;3.01
72 S80/S20 (Income quintile share ratio);153 Brøndby;1997 1997;2.98
72 S80/S20 (Income quintile share ratio);155 Dragør;1997 1997;3.30
72 S80/S20 (Income quintile share ratio);157 Gentofte;1997 1997;5.77
72 S80/S20 (Income quintile share ratio);159 Gladsaxe;1997 1997;3.24
72 S80/S20 (Income quintile share ratio);161 Glostrup;1997 1997;2.98
72 S80/S20 (Income quintile share ratio);163 Herlev;1997 1997;3.07
72 S80/S20 (Income quintile share ratio);165 Albertslund;1997 1997;3.24
72 S80/S20 (Income quintile share ratio);167 Hvidovre;1997 1997;2.92
72 S80/S20 (Income quintile share ratio);169 Høje-Taastrup;1997 1997;3.11
72 S80/S20 (Income quintile share ratio);173 Lyngby-Taarbæk;1997 1997;4.35
72 S80/S20 (Income quintile share ratio);175 Rødovre;1997 1997;2.82
72 S80/S20 (Income quintile share ratio);183 Ishøj;1997 1997;3.08
72 S80/S20 (Income quintile share ratio);185 Tårnby;1997 1997;2.75
72 S80/S20 (Income quintile share ratio);187 Vallensbæk;1997 1997;2.74
72 S80/S20 (Income quintile share ratio);190 Furesø;1997 1997;3.75
72 S80/S20 (Income quintile share ratio);201 Allerød;1997 1997;3.07
72 S80/S20 (Income quintile share ratio);210 Fredensborg;1997 1997;4.30
72 S80/S20 (Income quintile share ratio);217 Helsingør;1997 1997;3.47
72 S80/S20 (Income quintile share ratio);219 Hillerød;1997 1997;3.18
72 S80/S20 (Income quintile share ratio);223 Hørsholm;1997 1997;5.57
72 S80/S20 (Income quintile share ratio);230 Rudersdal;1997 1997;5.51
72 S80/S20 (Income quintile share ratio);240 Egedal;1997 1997;2.78
72 S80/S20 (Income quintile share ratio);250 Frederikssund;1997 1997;3.15
72 S80/S20 (Income quintile share ratio);253 Greve;1997 1997;3.28
72 S80/S20 (Income quintile share ratio);259 Køge;1997 1997;2.92
72 S80/S20 (Income quintile share ratio);260 Halsnæs;1997 1997;2.79
72 S80/S20 (Income quintile share ratio);265 Roskilde;1997 1997;3.28
72 S80/S20 (Income quintile share ratio);269 Solrød;1997 1997;3.00
72 S80/S20 (Income quintile share ratio);270 Gribskov;1997 1997;3.03
72 S80/S20 (Income quintile share ratio);306 Odsherred;1997 1997;2.86
72 S80/S20 (Income quintile share ratio);316 Holbæk;1997 1997;3.04
72 S80/S20 (Income quintile share ratio);320 Faxe;1997 1997;2.93
72 S80/S20 (Income quintile share ratio);326 Kalundborg;1997 1997;2.88
72 S80/S20 (Income quintile share ratio);329 Ringsted;1997 1997;2.99
72 S80/S20 (Income quintile share ratio);330 Slagelse;1997 1997;2.95
72 S80/S20 (Income quintile share ratio);336 Stevns;1997 1997;2.88
72 S80/S20 (Income quintile share ratio);340 Sorø;1997 1997;2.93
72 S80/S20 (Income quintile share ratio);350 Lejre;1997 1997;2.96
72 S80/S20 (Income quintile share ratio);360 Lolland;1997 1997;2.86
72 S80/S20 (Income quintile share ratio);370 Næstved;1997 1997;2.94
72 S80/S20 (Income quintile share ratio);376 Guldborgsund;1997 1997;2.84
72 S80/S20 (Income quintile share ratio);390 Vordingborg;1997 1997;2.94
72 S80/S20 (Income quintile share ratio);400 Bornholm;1997 1997;2.72
72 S80/S20 (Income quintile share ratio);410 Middelfart;1997 1997;2.87
72 S80/S20 (Income quintile share ratio);420 Assens;1997 1997;2.79
72 S80/S20 (Income quintile share ratio);430 Faaborg-Midtfyn;1997 1997;2.79
72 S80/S20 (Income quintile share ratio);440 Kerteminde;1997 1997;2.77
72 S80/S20 (Income quintile share ratio);450 Nyborg;1997 1997;2.81
72 S80/S20 (Income quintile share ratio);461 Odense;1997 1997;3.33
72 S80/S20 (Income quintile share ratio);479 Svendborg;1997 1997;3.11
72 S80/S20 (Income quintile share ratio);480 Nordfyns;1997 1997;2.79
72 S80/S20 (Income quintile share ratio);482 Langeland;1997 1997;2.84
72 S80/S20 (Income quintile share ratio);492 Ærø;1997 1997;3.01
72 S80/S20 (Income quintile share ratio);510 Haderslev;1997 1997;2.88
72 S80/S20 (Income quintile share ratio);530 Billund;1997 1997;2.85
72 S80/S20 (Income quintile share ratio);540 Sønderborg;1997 1997;2.95
72 S80/S20 (Income quintile share ratio);550 Tønder;1997 1997;2.97
72 S80/S20 (Income quintile share ratio);561 Esbjerg;1997 1997;3.10
72 S80/S20 (Income quintile share ratio);563 Fanø;1997 1997;3.13
72 S80/S20 (Income quintile share ratio);573 Varde;1997 1997;2.82
72 S80/S20 (Income quintile share ratio);575 Vejen;1997 1997;2.83
72 S80/S20 (Income quintile share ratio);580 Aabenraa;1997 1997;3.01
72 S80/S20 (Income quintile share ratio);607 Fredericia;1997 1997;2.83
72 S80/S20 (Income quintile share ratio);615 Horsens;1997 1997;3.01
72 S80/S20 (Income quintile share ratio);621 Kolding;1997 1997;3.13
72 S80/S20 (Income quintile share ratio);630 Vejle;1997 1997;3.16
72 S80/S20 (Income quintile share ratio);657 Herning;1997 1997;3.03
72 S80/S20 (Income quintile share ratio);661 Holstebro;1997 1997;3.05
72 S80/S20 (Income quintile share ratio);665 Lemvig;1997 1997;3.09
72 S80/S20 (Income quintile share ratio);671 Struer;1997 1997;2.86
72 S80/S20 (Income quintile share ratio);706 Syddjurs;1997 1997;2.97
72 S80/S20 (Income quintile share ratio);707 Norddjurs;1997 1997;2.89
72 S80/S20 (Income quintile share ratio);710 Favrskov;1997 1997;2.76
72 S80/S20 (Income quintile share ratio);727 Odder;1997 1997;2.94
72 S80/S20 (Income quintile share ratio);730 Randers;1997 1997;2.96
72 S80/S20 (Income quintile share ratio);740 Silkeborg;1997 1997;3.27
72 S80/S20 (Income quintile share ratio);741 Samsø;1997 1997;2.85
72 S80/S20 (Income quintile share ratio);746 Skanderborg;1997 1997;2.83
72 S80/S20 (Income quintile share ratio);751 Aarhus;1997 1997;3.78
72 S80/S20 (Income quintile share ratio);756 Ikast-Brande;1997 1997;3.09
72 S80/S20 (Income quintile share ratio);760 Ringkøbing-Skjern;1997 1997;2.96
72 S80/S20 (Income quintile share ratio);766 Hedensted;1997 1997;2.77
72 S80/S20 (Income quintile share ratio);773 Morsø;1997 1997;2.78
72 S80/S20 (Income quintile share ratio);779 Skive;1997 1997;2.89
72 S80/S20 (Income quintile share ratio);787 Thisted;1997 1997;2.94
72 S80/S20 (Income quintile share ratio);791 Viborg;1997 1997;2.90
72 S80/S20 (Income quintile share ratio);810 Brønderslev;1997 1997;2.84
72 S80/S20 (Income quintile share ratio);813 Frederikshavn;1997 1997;2.79
72 S80/S20 (Income quintile share ratio);820 Vesthimmerlands;1997 1997;2.89
72 S80/S20 (Income quintile share ratio);825 Læsø;1997 1997;2.69
72 S80/S20 (Income quintile share ratio);840 Rebild;1997 1997;2.92
72 S80/S20 (Income quintile share ratio);846 Mariagerfjord;1997 1997;2.91
72 S80/S20 (Income quintile share ratio);849 Jammerbugt;1997 1997;2.74
72 S80/S20 (Income quintile share ratio);851 Aalborg;1997 1997;3.13
72 S80/S20 (Income quintile share ratio);860 Hjørring;1997 1997;2.88
73 P90/10 (Upper decile boundary divided by lower);000 All Denmark;1997 1997;2.62
73 P90/10 (Upper decile boundary divided by lower);101 Copenhagen;1997 1997;2.88
73 P90/10 (Upper decile boundary divided by lower);147 Frederiksberg;1997 1997;3.15
73 P90/10 (Upper decile boundary divided by lower);151 Ballerup;1997 1997;2.56
73 P90/10 (Upper decile boundary divided by lower);153 Brøndby;1997 1997;2.57
73 P90/10 (Upper decile boundary divided by lower);155 Dragør;1997 1997;2.70
73 P90/10 (Upper decile boundary divided by lower);157 Gentofte;1997 1997;3.82
73 P90/10 (Upper decile boundary divided by lower);159 Gladsaxe;1997 1997;2.67
73 P90/10 (Upper decile boundary divided by lower);161 Glostrup;1997 1997;2.51
73 P90/10 (Upper decile boundary divided by lower);163 Herlev;1997 1997;2.59
73 P90/10 (Upper decile boundary divided by lower);165 Albertslund;1997 1997;2.79
73 P90/10 (Upper decile boundary divided by lower);167 Hvidovre;1997 1997;2.52
73 P90/10 (Upper decile boundary divided by lower);169 Høje-Taastrup;1997 1997;2.66
73 P90/10 (Upper decile boundary divided by lower);173 Lyngby-Taarbæk;1997 1997;3.28
73 P90/10 (Upper decile boundary divided by lower);175 Rødovre;1997 1997;2.44
73 P90/10 (Upper decile boundary divided by lower);183 Ishøj;1997 1997;2.66
73 P90/10 (Upper decile boundary divided by lower);185 Tårnby;1997 1997;2.42
73 P90/10 (Upper decile boundary divided by lower);187 Vallensbæk;1997 1997;2.35
73 P90/10 (Upper decile boundary divided by lower);190 Furesø;1997 1997;2.94
73 P90/10 (Upper decile boundary divided by lower);201 Allerød;1997 1997;2.54
73 P90/10 (Upper decile boundary divided by lower);210 Fredensborg;1997 1997;2.83
73 P90/10 (Upper decile boundary divided by lower);217 Helsingør;1997 1997;2.77
73 P90/10 (Upper decile boundary divided by lower);219 Hillerød;1997 1997;2.62
73 P90/10 (Upper decile boundary divided by lower);223 Hørsholm;1997 1997;3.48
73 P90/10 (Upper decile boundary divided by lower);230 Rudersdal;1997 1997;3.61
73 P90/10 (Upper decile boundary divided by lower);240 Egedal;1997 1997;2.35
73 P90/10 (Upper decile boundary divided by lower);250 Frederikssund;1997 1997;2.46
73 P90/10 (Upper decile boundary divided by lower);253 Greve;1997 1997;2.68
73 P90/10 (Upper decile boundary divided by lower);259 Køge;1997 1997;2.51
73 P90/10 (Upper decile boundary divided by lower);260 Halsnæs;1997 1997;2.37
73 P90/10 (Upper decile boundary divided by lower);265 Roskilde;1997 1997;2.70
73 P90/10 (Upper decile boundary divided by lower);269 Solrød;1997 1997;2.50
73 P90/10 (Upper decile boundary divided by lower);270 Gribskov;1997 1997;2.49
73 P90/10 (Upper decile boundary divided by lower);306 Odsherred;1997 1997;2.34
73 P90/10 (Upper decile boundary divided by lower);316 Holbæk;1997 1997;2.50
73 P90/10 (Upper decile boundary divided by lower);320 Faxe;1997 1997;2.41
73 P90/10 (Upper decile boundary divided by lower);326 Kalundborg;1997 1997;2.39
73 P90/10 (Upper decile boundary divided by lower);329 Ringsted;1997 1997;2.48
73 P90/10 (Upper decile boundary divided by lower);330 Slagelse;1997 1997;2.45
73 P90/10 (Upper decile boundary divided by lower);336 Stevns;1997 1997;2.41
73 P90/10 (Upper decile boundary divided by lower);340 Sorø;1997 1997;2.39
73 P90/10 (Upper decile boundary divided by lower);350 Lejre;1997 1997;2.44
73 P90/10 (Upper decile boundary divided by lower);360 Lolland;1997 1997;2.34
73 P90/10 (Upper decile boundary divided by lower);370 Næstved;1997 1997;2.43
73 P90/10 (Upper decile boundary divided by lower);376 Guldborgsund;1997 1997;2.37
73 P90/10 (Upper decile boundary divided by lower);390 Vordingborg;1997 1997;2.41
73 P90/10 (Upper decile boundary divided by lower);400 Bornholm;1997 1997;2.25
73 P90/10 (Upper decile boundary divided by lower);410 Middelfart;1997 1997;2.33
73 P90/10 (Upper decile boundary divided by lower);420 Assens;1997 1997;2.29
73 P90/10 (Upper decile boundary divided by lower);430 Faaborg-Midtfyn;1997 1997;2.30
73 P90/10 (Upper decile boundary divided by lower);440 Kerteminde;1997 1997;2.29
73 P90/10 (Upper decile boundary divided by lower);450 Nyborg;1997 1997;2.34
73 P90/10 (Upper decile boundary divided by lower);461 Odense;1997 1997;2.70
73 P90/10 (Upper decile boundary divided by lower);479 Svendborg;1997 1997;2.50
73 P90/10 (Upper decile boundary divided by lower);480 Nordfyns;1997 1997;2.29
73 P90/10 (Upper decile boundary divided by lower);482 Langeland;1997 1997;2.28
73 P90/10 (Upper decile boundary divided by lower);492 Ærø;1997 1997;2.47
73 P90/10 (Upper decile boundary divided by lower);510 Haderslev;1997 1997;2.37
73 P90/10 (Upper decile boundary divided by lower);530 Billund;1997 1997;2.30
73 P90/10 (Upper decile boundary divided by lower);540 Sønderborg;1997 1997;2.42
73 P90/10 (Upper decile boundary divided by lower);550 Tønder;1997 1997;2.38
73 P90/10 (Upper decile boundary divided by lower);561 Esbjerg;1997 1997;2.47
73 P90/10 (Upper decile boundary divided by lower);563 Fanø;1997 1997;2.68
73 P90/10 (Upper decile boundary divided by lower);573 Varde;1997 1997;2.34
73 P90/10 (Upper decile boundary divided by lower);575 Vejen;1997 1997;2.34
73 P90/10 (Upper decile boundary divided by lower);580 Aabenraa;1997 1997;2.41
73 P90/10 (Upper decile boundary divided by lower);607 Fredericia;1997 1997;2.37
73 P90/10 (Upper decile boundary divided by lower);615 Horsens;1997 1997;2.45
73 P90/10 (Upper decile boundary divided by lower);621 Kolding;1997 1997;2.50
73 P90/10 (Upper decile boundary divided by lower);630 Vejle;1997 1997;2.49
73 P90/10 (Upper decile boundary divided by lower);657 Herning;1997 1997;2.41
73 P90/10 (Upper decile boundary divided by lower);661 Holstebro;1997 1997;2.45
73 P90/10 (Upper decile boundary divided by lower);665 Lemvig;1997 1997;2.46
73 P90/10 (Upper decile boundary divided by lower);671 Struer;1997 1997;2.31
73 P90/10 (Upper decile boundary divided by lower);706 Syddjurs;1997 1997;2.39
73 P90/10 (Upper decile boundary divided by lower);707 Norddjurs;1997 1997;2.36
73 P90/10 (Upper decile boundary divided by lower);710 Favrskov;1997 1997;2.28
73 P90/10 (Upper decile boundary divided by lower);727 Odder;1997 1997;2.39
73 P90/10 (Upper decile boundary divided by lower);730 Randers;1997 1997;2.41
73 P90/10 (Upper decile boundary divided by lower);740 Silkeborg;1997 1997;2.42
73 P90/10 (Upper decile boundary divided by lower);741 Samsø;1997 1997;2.30
73 P90/10 (Upper decile boundary divided by lower);746 Skanderborg;1997 1997;2.35
73 P90/10 (Upper decile boundary divided by lower);751 Aarhus;1997 1997;3.04
73 P90/10 (Upper decile boundary divided by lower);756 Ikast-Brande;1997 1997;2.31
73 P90/10 (Upper decile boundary divided by lower);760 Ringkøbing-Skjern;1997 1997;2.39
73 P90/10 (Upper decile boundary divided by lower);766 Hedensted;1997 1997;2.29
73 P90/10 (Upper decile boundary divided by lower);773 Morsø;1997 1997;2.29
73 P90/10 (Upper decile boundary divided by lower);779 Skive;1997 1997;2.33
73 P90/10 (Upper decile boundary divided by lower);787 Thisted;1997 1997;2.39
73 P90/10 (Upper decile boundary divided by lower);791 Viborg;1997 1997;2.37
73 P90/10 (Upper decile boundary divided by lower);810 Brønderslev;1997 1997;2.37
73 P90/10 (Upper decile boundary divided by lower);813 Frederikshavn;1997 1997;2.31
73 P90/10 (Upper decile boundary divided by lower);820 Vesthimmerlands;1997 1997;2.38
73 P90/10 (Upper decile boundary divided by lower);825 Læsø;1997 1997;2.32
73 P90/10 (Upper decile boundary divided by lower);840 Rebild;1997 1997;2.40
73 P90/10 (Upper decile boundary divided by lower);846 Mariagerfjord;1997 1997;2.35
73 P90/10 (Upper decile boundary divided by lower);849 Jammerbugt;1997 1997;2.27
73 P90/10 (Upper decile boundary divided by lower);851 Aalborg;1997 1997;2.54
73 P90/10 (Upper decile boundary divided by lower);860 Hjørring;1997 1997;2.35
