KOMMUNEDK;INDKN;TID;INDHOLD
766 Hedensted;60 60 per cent of median income;2011 2011;7.5
779 Skive;60 60 per cent of median income;2011 2011;9.9
791 Viborg;60 60 per cent of median income;2011 2011;9.4
813 Frederikshavn;60 60 per cent of median income;2011 2011;9.2
825 Læsø;60 60 per cent of median income;2011 2011;8.1
846 Mariagerfjord;60 60 per cent of median income;2011 2011;9.6
851 Aalborg;60 60 per cent of median income;2011 2011;14.5
000 All Denmark;60 60 per cent of median income;2010 2010;12.0
147 Frederiksberg;60 60 per cent of median income;2010 2010;16.5
153 Brøndby;60 60 per cent of median income;2010 2010;13.5
157 Gentofte;60 60 per cent of median income;2010 2010;9.6
161 Glostrup;60 60 per cent of median income;2010 2010;9.7
165 Albertslund;60 60 per cent of median income;2010 2010;16.2
169 Høje-Taastrup;60 60 per cent of median income;2010 2010;11.6
175 Rødovre;60 60 per cent of median income;2010 2010;11.0
185 Tårnby;60 60 per cent of median income;2010 2010;8.6
190 Furesø;60 60 per cent of median income;2010 2010;7.4
210 Fredensborg;60 60 per cent of median income;2010 2010;8.7
219 Hillerød;60 60 per cent of median income;2010 2010;8.1
230 Rudersdal;60 60 per cent of median income;2010 2010;8.5
250 Frederikssund;60 60 per cent of median income;2010 2010;7.4
259 Køge;60 60 per cent of median income;2010 2010;9.0
265 Roskilde;60 60 per cent of median income;2010 2010;9.9
270 Gribskov;60 60 per cent of median income;2010 2010;7.4
316 Holbæk;60 60 per cent of median income;2010 2010;10.3
326 Kalundborg;60 60 per cent of median income;2010 2010;9.8
330 Slagelse;60 60 per cent of median income;2010 2010;12.1
340 Sorø;60 60 per cent of median income;2010 2010;8.9
360 Lolland;60 60 per cent of median income;2010 2010;13.8
376 Guldborgsund;60 60 per cent of median income;2010 2010;11.7
400 Bornholm;60 60 per cent of median income;2010 2010;10.0
420 Assens;60 60 per cent of median income;2010 2010;8.7
440 Kerteminde;60 60 per cent of median income;2010 2010;7.8
461 Odense;60 60 per cent of median income;2010 2010;16.0
480 Nordfyns;60 60 per cent of median income;2010 2010;8.8
492 Ærø;60 60 per cent of median income;2010 2010;11.9
530 Billund;60 60 per cent of median income;2010 2010;8.7
550 Tønder;60 60 per cent of median income;2010 2010;12.6
563 Fanø;60 60 per cent of median income;2010 2010;7.5
575 Vejen;60 60 per cent of median income;2010 2010;9.7
607 Fredericia;60 60 per cent of median income;2010 2010;9.8
621 Kolding;60 60 per cent of median income;2010 2010;10.1
657 Herning;60 60 per cent of median income;2010 2010;10.1
665 Lemvig;60 60 per cent of median income;2010 2010;10.0
706 Syddjurs;60 60 per cent of median income;2010 2010;8.5
710 Favrskov;60 60 per cent of median income;2010 2010;6.3
730 Randers;60 60 per cent of median income;2010 2010;10.6
741 Samsø;60 60 per cent of median income;2010 2010;12.2
751 Aarhus;60 60 per cent of median income;2010 2010;18.2
760 Ringkøbing-Skjern;60 60 per cent of median income;2010 2010;9.1
773 Morsø;60 60 per cent of median income;2010 2010;11.9
787 Thisted;60 60 per cent of median income;2010 2010;11.3
810 Brønderslev;60 60 per cent of median income;2010 2010;10.0
820 Vesthimmerlands;60 60 per cent of median income;2010 2010;11.9
840 Rebild;60 60 per cent of median income;2010 2010;8.7
849 Jammerbugt;60 60 per cent of median income;2010 2010;10.0
860 Hjørring;60 60 per cent of median income;2010 2010;11.0
101 Copenhagen;60 60 per cent of median income;2009 2009;22.0
151 Ballerup;60 60 per cent of median income;2009 2009;8.5
155 Dragør;60 60 per cent of median income;2009 2009;6.9
159 Gladsaxe;60 60 per cent of median income;2009 2009;10.6
163 Herlev;60 60 per cent of median income;2009 2009;9.0
167 Hvidovre;60 60 per cent of median income;2009 2009;10.5
173 Lyngby-Taarbæk;60 60 per cent of median income;2009 2009;10.2
183 Ishøj;60 60 per cent of median income;2009 2009;13.8
187 Vallensbæk;60 60 per cent of median income;2009 2009;7.0
201 Allerød;60 60 per cent of median income;2009 2009;4.9
217 Helsingør;60 60 per cent of median income;2009 2009;10.1
223 Hørsholm;60 60 per cent of median income;2009 2009;7.6
240 Egedal;60 60 per cent of median income;2009 2009;4.8
253 Greve;60 60 per cent of median income;2009 2009;7.0
260 Halsnæs;60 60 per cent of median income;2009 2009;8.7
269 Solrød;60 60 per cent of median income;2009 2009;6.3
306 Odsherred;60 60 per cent of median income;2009 2009;10.5
320 Faxe;60 60 per cent of median income;2009 2009;9.2
329 Ringsted;60 60 per cent of median income;2009 2009;9.8
336 Stevns;60 60 per cent of median income;2009 2009;8.9
350 Lejre;60 60 per cent of median income;2009 2009;6.6
370 Næstved;60 60 per cent of median income;2009 2009;9.9
390 Vordingborg;60 60 per cent of median income;2009 2009;11.6
410 Middelfart;60 60 per cent of median income;2009 2009;7.5
430 Faaborg-Midtfyn;60 60 per cent of median income;2009 2009;9.5
450 Nyborg;60 60 per cent of median income;2009 2009;8.3
479 Svendborg;60 60 per cent of median income;2009 2009;11.0
482 Langeland;60 60 per cent of median income;2009 2009;12.7
510 Haderslev;60 60 per cent of median income;2009 2009;10.2
540 Sønderborg;60 60 per cent of median income;2009 2009;10.4
561 Esbjerg;60 60 per cent of median income;2009 2009;10.4
573 Varde;60 60 per cent of median income;2009 2009;10.0
580 Aabenraa;60 60 per cent of median income;2009 2009;11.3
615 Horsens;60 60 per cent of median income;2009 2009;10.4
630 Vejle;60 60 per cent of median income;2009 2009;8.9
661 Holstebro;60 60 per cent of median income;2009 2009;10.0
671 Struer;60 60 per cent of median income;2009 2009;9.2
707 Norddjurs;60 60 per cent of median income;2009 2009;12.0
727 Odder;60 60 per cent of median income;2009 2009;7.2
740 Silkeborg;60 60 per cent of median income;2009 2009;9.1
746 Skanderborg;60 60 per cent of median income;2009 2009;6.1
756 Ikast-Brande;60 60 per cent of median income;2009 2009;9.8
766 Hedensted;60 60 per cent of median income;2009 2009;7.3
779 Skive;60 60 per cent of median income;2009 2009;10.0
791 Viborg;60 60 per cent of median income;2009 2009;9.3
813 Frederikshavn;60 60 per cent of median income;2009 2009;9.6
825 Læsø;60 60 per cent of median income;2009 2009;11.3
846 Mariagerfjord;60 60 per cent of median income;2009 2009;9.9
851 Aalborg;60 60 per cent of median income;2009 2009;13.3
000 All Denmark;60 60 per cent of median income;2008 2008;11.5
147 Frederiksberg;60 60 per cent of median income;2008 2008;15.5
153 Brøndby;60 60 per cent of median income;2008 2008;10.4
157 Gentofte;60 60 per cent of median income;2008 2008;10.1
161 Glostrup;60 60 per cent of median income;2008 2008;8.3
165 Albertslund;60 60 per cent of median income;2008 2008;13.5
169 Høje-Taastrup;60 60 per cent of median income;2008 2008;10.0
175 Rødovre;60 60 per cent of median income;2008 2008;9.0
185 Tårnby;60 60 per cent of median income;2008 2008;7.7
190 Furesø;60 60 per cent of median income;2008 2008;6.7
210 Fredensborg;60 60 per cent of median income;2008 2008;8.0
219 Hillerød;60 60 per cent of median income;2008 2008;7.5
230 Rudersdal;60 60 per cent of median income;2008 2008;8.2
250 Frederikssund;60 60 per cent of median income;2008 2008;7.1
259 Køge;60 60 per cent of median income;2008 2008;8.3
265 Roskilde;60 60 per cent of median income;2008 2008;8.9
270 Gribskov;60 60 per cent of median income;2008 2008;7.8
316 Holbæk;60 60 per cent of median income;2008 2008;10.2
326 Kalundborg;60 60 per cent of median income;2008 2008;10.3
330 Slagelse;60 60 per cent of median income;2008 2008;11.4
340 Sorø;60 60 per cent of median income;2008 2008;9.3
360 Lolland;60 60 per cent of median income;2008 2008;14.7
376 Guldborgsund;60 60 per cent of median income;2008 2008;12.2
400 Bornholm;60 60 per cent of median income;2008 2008;11.5
420 Assens;60 60 per cent of median income;2008 2008;9.4
440 Kerteminde;60 60 per cent of median income;2008 2008;7.3
461 Odense;60 60 per cent of median income;2008 2008;14.8
480 Nordfyns;60 60 per cent of median income;2008 2008;10.3
492 Ærø;60 60 per cent of median income;2008 2008;11.3
530 Billund;60 60 per cent of median income;2008 2008;8.7
550 Tønder;60 60 per cent of median income;2008 2008;12.4
563 Fanø;60 60 per cent of median income;2008 2008;6.8
575 Vejen;60 60 per cent of median income;2008 2008;9.8
607 Fredericia;60 60 per cent of median income;2008 2008;8.2
621 Kolding;60 60 per cent of median income;2008 2008;9.4
657 Herning;60 60 per cent of median income;2008 2008;9.5
665 Lemvig;60 60 per cent of median income;2008 2008;10.8
706 Syddjurs;60 60 per cent of median income;2008 2008;8.8
710 Favrskov;60 60 per cent of median income;2008 2008;6.8
730 Randers;60 60 per cent of median income;2008 2008;10.1
741 Samsø;60 60 per cent of median income;2008 2008;13.0
751 Aarhus;60 60 per cent of median income;2008 2008;17.0
760 Ringkøbing-Skjern;60 60 per cent of median income;2008 2008;9.7
773 Morsø;60 60 per cent of median income;2008 2008;12.7
787 Thisted;60 60 per cent of median income;2008 2008;11.9
810 Brønderslev;60 60 per cent of median income;2008 2008;11.4
820 Vesthimmerlands;60 60 per cent of median income;2008 2008;12.2
840 Rebild;60 60 per cent of median income;2008 2008;9.5
849 Jammerbugt;60 60 per cent of median income;2008 2008;10.7
860 Hjørring;60 60 per cent of median income;2008 2008;11.3
101 Copenhagen;60 60 per cent of median income;2007 2007;21.5
151 Ballerup;60 60 per cent of median income;2007 2007;7.8
155 Dragør;60 60 per cent of median income;2007 2007;6.2
159 Gladsaxe;60 60 per cent of median income;2007 2007;9.7
163 Herlev;60 60 per cent of median income;2007 2007;9.1
167 Hvidovre;60 60 per cent of median income;2007 2007;9.7
173 Lyngby-Taarbæk;60 60 per cent of median income;2007 2007;9.3
183 Ishøj;60 60 per cent of median income;2007 2007;11.5
187 Vallensbæk;60 60 per cent of median income;2007 2007;5.0
201 Allerød;60 60 per cent of median income;2007 2007;4.3
217 Helsingør;60 60 per cent of median income;2007 2007;8.8
223 Hørsholm;60 60 per cent of median income;2007 2007;5.3
240 Egedal;60 60 per cent of median income;2007 2007;3.8
253 Greve;60 60 per cent of median income;2007 2007;5.4
260 Halsnæs;60 60 per cent of median income;2007 2007;7.2
269 Solrød;60 60 per cent of median income;2007 2007;5.2
306 Odsherred;60 60 per cent of median income;2007 2007;9.2
320 Faxe;60 60 per cent of median income;2007 2007;8.1
329 Ringsted;60 60 per cent of median income;2007 2007;8.0
336 Stevns;60 60 per cent of median income;2007 2007;7.0
350 Lejre;60 60 per cent of median income;2007 2007;5.6
370 Næstved;60 60 per cent of median income;2007 2007;9.0
390 Vordingborg;60 60 per cent of median income;2007 2007;10.1
410 Middelfart;60 60 per cent of median income;2007 2007;6.8
430 Faaborg-Midtfyn;60 60 per cent of median income;2007 2007;8.9
450 Nyborg;60 60 per cent of median income;2007 2007;8.4
479 Svendborg;60 60 per cent of median income;2007 2007;10.8
482 Langeland;60 60 per cent of median income;2007 2007;12.9
510 Haderslev;60 60 per cent of median income;2007 2007;9.4
540 Sønderborg;60 60 per cent of median income;2007 2007;9.6
561 Esbjerg;60 60 per cent of median income;2007 2007;9.9
573 Varde;60 60 per cent of median income;2007 2007;8.5
580 Aabenraa;60 60 per cent of median income;2007 2007;10.1
615 Horsens;60 60 per cent of median income;2007 2007;9.3
630 Vejle;60 60 per cent of median income;2007 2007;8.3
661 Holstebro;60 60 per cent of median income;2007 2007;9.5
671 Struer;60 60 per cent of median income;2007 2007;8.9
707 Norddjurs;60 60 per cent of median income;2007 2007;11.2
727 Odder;60 60 per cent of median income;2007 2007;6.3
740 Silkeborg;60 60 per cent of median income;2007 2007;7.9
746 Skanderborg;60 60 per cent of median income;2007 2007;5.1
756 Ikast-Brande;60 60 per cent of median income;2007 2007;8.9
766 Hedensted;60 60 per cent of median income;2007 2007;5.9
779 Skive;60 60 per cent of median income;2007 2007;9.2
791 Viborg;60 60 per cent of median income;2007 2007;8.4
813 Frederikshavn;60 60 per cent of median income;2007 2007;8.8
825 Læsø;60 60 per cent of median income;2007 2007;10.7
846 Mariagerfjord;60 60 per cent of median income;2007 2007;9.2
851 Aalborg;60 60 per cent of median income;2007 2007;13.2
000 All Denmark;60 60 per cent of median income;2006 2006;10.8
147 Frederiksberg;60 60 per cent of median income;2006 2006;14.6
153 Brøndby;60 60 per cent of median income;2006 2006;10.2
157 Gentofte;60 60 per cent of median income;2006 2006;8.3
161 Glostrup;60 60 per cent of median income;2006 2006;7.4
165 Albertslund;60 60 per cent of median income;2006 2006;13.8
169 Høje-Taastrup;60 60 per cent of median income;2006 2006;9.1
175 Rødovre;60 60 per cent of median income;2006 2006;8.8
185 Tårnby;60 60 per cent of median income;2006 2006;7.0
190 Furesø;60 60 per cent of median income;2006 2006;6.1
210 Fredensborg;60 60 per cent of median income;2006 2006;7.2
219 Hillerød;60 60 per cent of median income;2006 2006;6.7
230 Rudersdal;60 60 per cent of median income;2006 2006;6.9
250 Frederikssund;60 60 per cent of median income;2006 2006;5.4
259 Køge;60 60 per cent of median income;2006 2006;7.0
265 Roskilde;60 60 per cent of median income;2006 2006;7.8
270 Gribskov;60 60 per cent of median income;2006 2006;6.2
316 Holbæk;60 60 per cent of median income;2006 2006;9.2
326 Kalundborg;60 60 per cent of median income;2006 2006;8.8
330 Slagelse;60 60 per cent of median income;2006 2006;11.0
340 Sorø;60 60 per cent of median income;2006 2006;7.9
360 Lolland;60 60 per cent of median income;2006 2006;14.5
376 Guldborgsund;60 60 per cent of median income;2006 2006;11.1
400 Bornholm;60 60 per cent of median income;2006 2006;11.1
420 Assens;60 60 per cent of median income;2006 2006;8.5
440 Kerteminde;60 60 per cent of median income;2006 2006;6.8
461 Odense;60 60 per cent of median income;2006 2006;15.8
480 Nordfyns;60 60 per cent of median income;2006 2006;8.3
492 Ærø;60 60 per cent of median income;2006 2006;12.6
530 Billund;60 60 per cent of median income;2006 2006;7.8
550 Tønder;60 60 per cent of median income;2006 2006;11.2
563 Fanø;60 60 per cent of median income;2006 2006;6.9
575 Vejen;60 60 per cent of median income;2006 2006;8.6
607 Fredericia;60 60 per cent of median income;2006 2006;7.9
621 Kolding;60 60 per cent of median income;2006 2006;9.2
657 Herning;60 60 per cent of median income;2006 2006;8.7
665 Lemvig;60 60 per cent of median income;2006 2006;9.2
706 Syddjurs;60 60 per cent of median income;2006 2006;8.0
710 Favrskov;60 60 per cent of median income;2006 2006;6.0
730 Randers;60 60 per cent of median income;2006 2006;9.9
741 Samsø;60 60 per cent of median income;2006 2006;11.7
751 Aarhus;60 60 per cent of median income;2006 2006;17.0
760 Ringkøbing-Skjern;60 60 per cent of median income;2006 2006;8.1
773 Morsø;60 60 per cent of median income;2006 2006;11.8
787 Thisted;60 60 per cent of median income;2006 2006;11.4
810 Brønderslev;60 60 per cent of median income;2006 2006;10.3
820 Vesthimmerlands;60 60 per cent of median income;2006 2006;10.7
840 Rebild;60 60 per cent of median income;2006 2006;8.2
849 Jammerbugt;60 60 per cent of median income;2006 2006;9.6
860 Hjørring;60 60 per cent of median income;2006 2006;10.5
101 Copenhagen;60 60 per cent of median income;2004 2004;22.2
151 Ballerup;60 60 per cent of median income;2004 2004;7.1
155 Dragør;60 60 per cent of median income;2004 2004;4.6
159 Gladsaxe;60 60 per cent of median income;2004 2004;9.6
163 Herlev;60 60 per cent of median income;2004 2004;10.2
167 Hvidovre;60 60 per cent of median income;2004 2004;10.1
173 Lyngby-Taarbæk;60 60 per cent of median income;2004 2004;8.7
183 Ishøj;60 60 per cent of median income;2004 2004;13.0
187 Vallensbæk;60 60 per cent of median income;2004 2004;3.9
201 Allerød;60 60 per cent of median income;2004 2004;3.7
217 Helsingør;60 60 per cent of median income;2004 2004;8.5
223 Hørsholm;60 60 per cent of median income;2004 2004;4.8
240 Egedal;60 60 per cent of median income;2004 2004;3.6
253 Greve;60 60 per cent of median income;2004 2004;5.7
260 Halsnæs;60 60 per cent of median income;2004 2004;7.1
269 Solrød;60 60 per cent of median income;2004 2004;4.2
306 Odsherred;60 60 per cent of median income;2004 2004;8.7
320 Faxe;60 60 per cent of median income;2004 2004;8.2
329 Ringsted;60 60 per cent of median income;2004 2004;8.4
336 Stevns;60 60 per cent of median income;2004 2004;6.6
350 Lejre;60 60 per cent of median income;2004 2004;4.5
370 Næstved;60 60 per cent of median income;2004 2004;8.9
390 Vordingborg;60 60 per cent of median income;2004 2004;9.9
410 Middelfart;60 60 per cent of median income;2004 2004;6.6
430 Faaborg-Midtfyn;60 60 per cent of median income;2004 2004;8.4
450 Nyborg;60 60 per cent of median income;2004 2004;8.9
479 Svendborg;60 60 per cent of median income;2004 2004;11.6
482 Langeland;60 60 per cent of median income;2004 2004;12.5
510 Haderslev;60 60 per cent of median income;2004 2004;9.7
540 Sønderborg;60 60 per cent of median income;2004 2004;9.2
561 Esbjerg;60 60 per cent of median income;2004 2004;10.0
573 Varde;60 60 per cent of median income;2004 2004;8.4
580 Aabenraa;60 60 per cent of median income;2004 2004;9.4
615 Horsens;60 60 per cent of median income;2004 2004;9.7
630 Vejle;60 60 per cent of median income;2004 2004;8.5
661 Holstebro;60 60 per cent of median income;2004 2004;9.8
671 Struer;60 60 per cent of median income;2004 2004;8.9
707 Norddjurs;60 60 per cent of median income;2004 2004;11.0
727 Odder;60 60 per cent of median income;2004 2004;6.5
740 Silkeborg;60 60 per cent of median income;2004 2004;8.0
746 Skanderborg;60 60 per cent of median income;2004 2004;5.4
756 Ikast-Brande;60 60 per cent of median income;2004 2004;8.7
766 Hedensted;60 60 per cent of median income;2004 2004;5.9
779 Skive;60 60 per cent of median income;2004 2004;9.4
791 Viborg;60 60 per cent of median income;2004 2004;8.7
813 Frederikshavn;60 60 per cent of median income;2004 2004;8.8
825 Læsø;60 60 per cent of median income;2004 2004;10.1
846 Mariagerfjord;60 60 per cent of median income;2004 2004;9.8
851 Aalborg;60 60 per cent of median income;2004 2004;12.8
000 All Denmark;60 60 per cent of median income;2003 2003;10.0
147 Frederiksberg;60 60 per cent of median income;2003 2003;13.5
153 Brøndby;60 60 per cent of median income;2003 2003;8.5
157 Gentofte;60 60 per cent of median income;2003 2003;7.6
161 Glostrup;60 60 per cent of median income;2003 2003;7.0
165 Albertslund;60 60 per cent of median income;2003 2003;12.4
169 Høje-Taastrup;60 60 per cent of median income;2003 2003;8.1
175 Rødovre;60 60 per cent of median income;2003 2003;8.2
185 Tårnby;60 60 per cent of median income;2003 2003;5.9
190 Furesø;60 60 per cent of median income;2003 2003;5.2
210 Fredensborg;60 60 per cent of median income;2003 2003;6.0
219 Hillerød;60 60 per cent of median income;2003 2003;6.0
230 Rudersdal;60 60 per cent of median income;2003 2003;6.5
250 Frederikssund;60 60 per cent of median income;2003 2003;5.7
259 Køge;60 60 per cent of median income;2003 2003;6.2
265 Roskilde;60 60 per cent of median income;2003 2003;7.0
270 Gribskov;60 60 per cent of median income;2003 2003;5.9
316 Holbæk;60 60 per cent of median income;2003 2003;8.2
326 Kalundborg;60 60 per cent of median income;2003 2003;8.9
330 Slagelse;60 60 per cent of median income;2003 2003;10.1
340 Sorø;60 60 per cent of median income;2003 2003;7.5
360 Lolland;60 60 per cent of median income;2003 2003;12.1
376 Guldborgsund;60 60 per cent of median income;2003 2003;9.7
400 Bornholm;60 60 per cent of median income;2003 2003;10.1
420 Assens;60 60 per cent of median income;2003 2003;8.1
440 Kerteminde;60 60 per cent of median income;2003 2003;7.2
461 Odense;60 60 per cent of median income;2003 2003;14.5
480 Nordfyns;60 60 per cent of median income;2003 2003;8.2
492 Ærø;60 60 per cent of median income;2003 2003;9.9
530 Billund;60 60 per cent of median income;2003 2003;6.4
550 Tønder;60 60 per cent of median income;2003 2003;9.7
563 Fanø;60 60 per cent of median income;2003 2003;7.0
575 Vejen;60 60 per cent of median income;2003 2003;8.0
607 Fredericia;60 60 per cent of median income;2003 2003;7.4
621 Kolding;60 60 per cent of median income;2003 2003;8.8
657 Herning;60 60 per cent of median income;2003 2003;8.6
665 Lemvig;60 60 per cent of median income;2003 2003;9.8
706 Syddjurs;60 60 per cent of median income;2003 2003;7.2
710 Favrskov;60 60 per cent of median income;2003 2003;5.8
730 Randers;60 60 per cent of median income;2003 2003;9.0
741 Samsø;60 60 per cent of median income;2003 2003;11.0
751 Aarhus;60 60 per cent of median income;2003 2003;15.6
760 Ringkøbing-Skjern;60 60 per cent of median income;2003 2003;8.0
773 Morsø;60 60 per cent of median income;2003 2003;10.0
787 Thisted;60 60 per cent of median income;2003 2003;10.6
810 Brønderslev;60 60 per cent of median income;2003 2003;9.7
820 Vesthimmerlands;60 60 per cent of median income;2003 2003;10.1
840 Rebild;60 60 per cent of median income;2003 2003;8.1
849 Jammerbugt;60 60 per cent of median income;2003 2003;8.6
860 Hjørring;60 60 per cent of median income;2003 2003;9.1
101 Copenhagen;60 60 per cent of median income;2001 2001;20.8
151 Ballerup;60 60 per cent of median income;2001 2001;7.0
155 Dragør;60 60 per cent of median income;2001 2001;5.3
159 Gladsaxe;60 60 per cent of median income;2001 2001;9.2
163 Herlev;60 60 per cent of median income;2001 2001;9.6
167 Hvidovre;60 60 per cent of median income;2001 2001;10.0
173 Lyngby-Taarbæk;60 60 per cent of median income;2001 2001;8.4
183 Ishøj;60 60 per cent of median income;2001 2001;12.3
187 Vallensbæk;60 60 per cent of median income;2001 2001;3.5
201 Allerød;60 60 per cent of median income;2001 2001;3.8
217 Helsingør;60 60 per cent of median income;2001 2001;8.6
223 Hørsholm;60 60 per cent of median income;2001 2001;4.7
240 Egedal;60 60 per cent of median income;2001 2001;3.5
253 Greve;60 60 per cent of median income;2001 2001;5.5
260 Halsnæs;60 60 per cent of median income;2001 2001;7.8
269 Solrød;60 60 per cent of median income;2001 2001;4.1
306 Odsherred;60 60 per cent of median income;2001 2001;9.9
320 Faxe;60 60 per cent of median income;2001 2001;8.0
329 Ringsted;60 60 per cent of median income;2001 2001;8.6
336 Stevns;60 60 per cent of median income;2001 2001;6.4
350 Lejre;60 60 per cent of median income;2001 2001;4.5
370 Næstved;60 60 per cent of median income;2001 2001;8.8
390 Vordingborg;60 60 per cent of median income;2001 2001;9.8
410 Middelfart;60 60 per cent of median income;2001 2001;6.8
430 Faaborg-Midtfyn;60 60 per cent of median income;2001 2001;8.2
450 Nyborg;60 60 per cent of median income;2001 2001;8.6
479 Svendborg;60 60 per cent of median income;2001 2001;11.5
482 Langeland;60 60 per cent of median income;2001 2001;12.1
510 Haderslev;60 60 per cent of median income;2001 2001;9.3
540 Sønderborg;60 60 per cent of median income;2001 2001;8.5
561 Esbjerg;60 60 per cent of median income;2001 2001;9.8
573 Varde;60 60 per cent of median income;2001 2001;8.3
580 Aabenraa;60 60 per cent of median income;2001 2001;8.9
615 Horsens;60 60 per cent of median income;2001 2001;9.6
630 Vejle;60 60 per cent of median income;2001 2001;8.8
661 Holstebro;60 60 per cent of median income;2001 2001;9.8
671 Struer;60 60 per cent of median income;2001 2001;9.0
707 Norddjurs;60 60 per cent of median income;2001 2001;10.1
727 Odder;60 60 per cent of median income;2001 2001;6.5
740 Silkeborg;60 60 per cent of median income;2001 2001;7.9
746 Skanderborg;60 60 per cent of median income;2001 2001;5.6
756 Ikast-Brande;60 60 per cent of median income;2001 2001;8.4
766 Hedensted;60 60 per cent of median income;2001 2001;5.5
779 Skive;60 60 per cent of median income;2001 2001;9.8
791 Viborg;60 60 per cent of median income;2001 2001;8.6
813 Frederikshavn;60 60 per cent of median income;2001 2001;9.1
825 Læsø;60 60 per cent of median income;2001 2001;9.1
846 Mariagerfjord;60 60 per cent of median income;2001 2001;9.5
851 Aalborg;60 60 per cent of median income;2001 2001;12.5
000 All Denmark;60 60 per cent of median income;2000 2000;10.3
147 Frederiksberg;60 60 per cent of median income;2000 2000;12.7
153 Brøndby;60 60 per cent of median income;2000 2000;10.2
157 Gentofte;60 60 per cent of median income;2000 2000;7.6
161 Glostrup;60 60 per cent of median income;2000 2000;7.1
165 Albertslund;60 60 per cent of median income;2000 2000;13.0
169 Høje-Taastrup;60 60 per cent of median income;2000 2000;9.0
175 Rødovre;60 60 per cent of median income;2000 2000;8.3
185 Tårnby;60 60 per cent of median income;2000 2000;6.3
190 Furesø;60 60 per cent of median income;2000 2000;5.8
210 Fredensborg;60 60 per cent of median income;2000 2000;7.0
219 Hillerød;60 60 per cent of median income;2000 2000;6.9
230 Rudersdal;60 60 per cent of median income;2000 2000;6.5
250 Frederikssund;60 60 per cent of median income;2000 2000;6.3
259 Køge;60 60 per cent of median income;2000 2000;6.5
265 Roskilde;60 60 per cent of median income;2000 2000;7.3
270 Gribskov;60 60 per cent of median income;2000 2000;6.4
316 Holbæk;60 60 per cent of median income;2000 2000;8.8
326 Kalundborg;60 60 per cent of median income;2000 2000;8.8
330 Slagelse;60 60 per cent of median income;2000 2000;10.3
340 Sorø;60 60 per cent of median income;2000 2000;8.0
360 Lolland;60 60 per cent of median income;2000 2000;14.0
376 Guldborgsund;60 60 per cent of median income;2000 2000;10.7
400 Bornholm;60 60 per cent of median income;2000 2000;10.4
420 Assens;60 60 per cent of median income;2000 2000;7.4
440 Kerteminde;60 60 per cent of median income;2000 2000;6.9
461 Odense;60 60 per cent of median income;2000 2000;14.7
480 Nordfyns;60 60 per cent of median income;2000 2000;8.5
492 Ærø;60 60 per cent of median income;2000 2000;12.3
530 Billund;60 60 per cent of median income;2000 2000;7.0
550 Tønder;60 60 per cent of median income;2000 2000;9.6
563 Fanø;60 60 per cent of median income;2000 2000;8.1
575 Vejen;60 60 per cent of median income;2000 2000;8.8
607 Fredericia;60 60 per cent of median income;2000 2000;7.5
621 Kolding;60 60 per cent of median income;2000 2000;8.9
657 Herning;60 60 per cent of median income;2000 2000;8.3
665 Lemvig;60 60 per cent of median income;2000 2000;9.6
706 Syddjurs;60 60 per cent of median income;2000 2000;7.4
710 Favrskov;60 60 per cent of median income;2000 2000;5.5
730 Randers;60 60 per cent of median income;2000 2000;9.8
741 Samsø;60 60 per cent of median income;2000 2000;12.4
751 Aarhus;60 60 per cent of median income;2000 2000;16.1
760 Ringkøbing-Skjern;60 60 per cent of median income;2000 2000;7.6
773 Morsø;60 60 per cent of median income;2000 2000;10.4
787 Thisted;60 60 per cent of median income;2000 2000;10.0
810 Brønderslev;60 60 per cent of median income;2000 2000;9.4
820 Vesthimmerlands;60 60 per cent of median income;2000 2000;11.2
840 Rebild;60 60 per cent of median income;2000 2000;7.8
849 Jammerbugt;60 60 per cent of median income;2000 2000;8.6
860 Hjørring;60 60 per cent of median income;2000 2000;10.0
101 Copenhagen;60 60 per cent of median income;2005 2005;22.3
151 Ballerup;60 60 per cent of median income;2005 2005;7.6
155 Dragør;60 60 per cent of median income;2005 2005;5.1
159 Gladsaxe;60 60 per cent of median income;2005 2005;9.7
163 Herlev;60 60 per cent of median income;2005 2005;10.1
167 Hvidovre;60 60 per cent of median income;2005 2005;10.3
173 Lyngby-Taarbæk;60 60 per cent of median income;2005 2005;8.8
183 Ishøj;60 60 per cent of median income;2005 2005;12.9
187 Vallensbæk;60 60 per cent of median income;2005 2005;4.5
201 Allerød;60 60 per cent of median income;2005 2005;3.6
217 Helsingør;60 60 per cent of median income;2005 2005;8.3
223 Hørsholm;60 60 per cent of median income;2005 2005;4.6
240 Egedal;60 60 per cent of median income;2005 2005;3.5
253 Greve;60 60 per cent of median income;2005 2005;5.8
260 Halsnæs;60 60 per cent of median income;2005 2005;7.1
269 Solrød;60 60 per cent of median income;2005 2005;3.9
306 Odsherred;60 60 per cent of median income;2005 2005;9.2
320 Faxe;60 60 per cent of median income;2005 2005;8.3
329 Ringsted;60 60 per cent of median income;2005 2005;8.0
336 Stevns;60 60 per cent of median income;2005 2005;6.6
350 Lejre;60 60 per cent of median income;2005 2005;4.9
370 Næstved;60 60 per cent of median income;2005 2005;9.0
390 Vordingborg;60 60 per cent of median income;2005 2005;10.2
410 Middelfart;60 60 per cent of median income;2005 2005;7.2
430 Faaborg-Midtfyn;60 60 per cent of median income;2005 2005;9.1
450 Nyborg;60 60 per cent of median income;2005 2005;9.4
479 Svendborg;60 60 per cent of median income;2005 2005;11.7
482 Langeland;60 60 per cent of median income;2005 2005;13.7
510 Haderslev;60 60 per cent of median income;2005 2005;9.7
540 Sønderborg;60 60 per cent of median income;2005 2005;9.7
561 Esbjerg;60 60 per cent of median income;2005 2005;10.1
573 Varde;60 60 per cent of median income;2005 2005;8.7
580 Aabenraa;60 60 per cent of median income;2005 2005;9.8
615 Horsens;60 60 per cent of median income;2005 2005;9.9
630 Vejle;60 60 per cent of median income;2005 2005;8.6
661 Holstebro;60 60 per cent of median income;2005 2005;9.5
671 Struer;60 60 per cent of median income;2005 2005;8.9
707 Norddjurs;60 60 per cent of median income;2005 2005;10.7
727 Odder;60 60 per cent of median income;2005 2005;6.5
740 Silkeborg;60 60 per cent of median income;2005 2005;8.0
746 Skanderborg;60 60 per cent of median income;2005 2005;5.2
756 Ikast-Brande;60 60 per cent of median income;2005 2005;9.0
766 Hedensted;60 60 per cent of median income;2005 2005;6.1
779 Skive;60 60 per cent of median income;2005 2005;9.7
791 Viborg;60 60 per cent of median income;2005 2005;8.9
813 Frederikshavn;60 60 per cent of median income;2005 2005;8.7
825 Læsø;60 60 per cent of median income;2005 2005;10.2
846 Mariagerfjord;60 60 per cent of median income;2005 2005;9.7
851 Aalborg;60 60 per cent of median income;2005 2005;13.2
000 All Denmark;60 60 per cent of median income;2002 2002;10.0
147 Frederiksberg;60 60 per cent of median income;2002 2002;13.2
153 Brøndby;60 60 per cent of median income;2002 2002;8.4
157 Gentofte;60 60 per cent of median income;2002 2002;7.3
161 Glostrup;60 60 per cent of median income;2002 2002;6.6
165 Albertslund;60 60 per cent of median income;2002 2002;12.0
169 Høje-Taastrup;60 60 per cent of median income;2002 2002;8.0
175 Rødovre;60 60 per cent of median income;2002 2002;8.0
185 Tårnby;60 60 per cent of median income;2002 2002;6.1
190 Furesø;60 60 per cent of median income;2002 2002;4.9
210 Fredensborg;60 60 per cent of median income;2002 2002;6.1
219 Hillerød;60 60 per cent of median income;2002 2002;5.8
230 Rudersdal;60 60 per cent of median income;2002 2002;6.2
250 Frederikssund;60 60 per cent of median income;2002 2002;5.7
259 Køge;60 60 per cent of median income;2002 2002;6.2
265 Roskilde;60 60 per cent of median income;2002 2002;6.8
270 Gribskov;60 60 per cent of median income;2002 2002;6.0
316 Holbæk;60 60 per cent of median income;2002 2002;8.2
326 Kalundborg;60 60 per cent of median income;2002 2002;8.4
330 Slagelse;60 60 per cent of median income;2002 2002;9.9
340 Sorø;60 60 per cent of median income;2002 2002;7.3
360 Lolland;60 60 per cent of median income;2002 2002;12.6
376 Guldborgsund;60 60 per cent of median income;2002 2002;10.2
400 Bornholm;60 60 per cent of median income;2002 2002;10.1
420 Assens;60 60 per cent of median income;2002 2002;8.0
440 Kerteminde;60 60 per cent of median income;2002 2002;7.1
461 Odense;60 60 per cent of median income;2002 2002;14.2
480 Nordfyns;60 60 per cent of median income;2002 2002;8.1
492 Ærø;60 60 per cent of median income;2002 2002;11.0
530 Billund;60 60 per cent of median income;2002 2002;6.7
550 Tønder;60 60 per cent of median income;2002 2002;10.0
563 Fanø;60 60 per cent of median income;2002 2002;6.8
575 Vejen;60 60 per cent of median income;2002 2002;8.5
607 Fredericia;60 60 per cent of median income;2002 2002;7.3
621 Kolding;60 60 per cent of median income;2002 2002;8.6
657 Herning;60 60 per cent of median income;2002 2002;8.6
665 Lemvig;60 60 per cent of median income;2002 2002;9.3
706 Syddjurs;60 60 per cent of median income;2002 2002;7.0
710 Favrskov;60 60 per cent of median income;2002 2002;5.5
730 Randers;60 60 per cent of median income;2002 2002;9.1
741 Samsø;60 60 per cent of median income;2002 2002;11.1
751 Aarhus;60 60 per cent of median income;2002 2002;15.7
000 All Denmark;50 50 per cent of median income;2013 2013;7.3
147 Frederiksberg;50 50 per cent of median income;2013 2013;10.8
153 Brøndby;50 50 per cent of median income;2013 2013;7.6
157 Gentofte;50 50 per cent of median income;2013 2013;6.5
161 Glostrup;50 50 per cent of median income;2013 2013;5.6
165 Albertslund;50 50 per cent of median income;2013 2013;10.5
169 Høje-Taastrup;50 50 per cent of median income;2013 2013;7.1
175 Rødovre;50 50 per cent of median income;2013 2013;6.4
185 Tårnby;50 50 per cent of median income;2013 2013;5.0
190 Furesø;50 50 per cent of median income;2013 2013;3.9
210 Fredensborg;50 50 per cent of median income;2013 2013;4.6
219 Hillerød;50 50 per cent of median income;2013 2013;4.7
230 Rudersdal;50 50 per cent of median income;2013 2013;4.9
250 Frederikssund;50 50 per cent of median income;2013 2013;4.1
259 Køge;50 50 per cent of median income;2013 2013;4.7
265 Roskilde;50 50 per cent of median income;2013 2013;6.3
270 Gribskov;50 50 per cent of median income;2013 2013;4.4
316 Holbæk;50 50 per cent of median income;2013 2013;5.4
326 Kalundborg;50 50 per cent of median income;2013 2013;5.2
330 Slagelse;50 50 per cent of median income;2013 2013;6.9
340 Sorø;50 50 per cent of median income;2013 2013;4.6
360 Lolland;50 50 per cent of median income;2013 2013;6.6
376 Guldborgsund;50 50 per cent of median income;2013 2013;6.6
400 Bornholm;50 50 per cent of median income;2013 2013;4.8
420 Assens;50 50 per cent of median income;2013 2013;4.1
440 Kerteminde;50 50 per cent of median income;2013 2013;4.0
461 Odense;50 50 per cent of median income;2013 2013;10.9
480 Nordfyns;50 50 per cent of median income;2013 2013;4.0
492 Ærø;50 50 per cent of median income;2013 2013;8.4
530 Billund;50 50 per cent of median income;2013 2013;4.3
550 Tønder;50 50 per cent of median income;2013 2013;6.5
563 Fanø;50 50 per cent of median income;2013 2013;3.8
575 Vejen;50 50 per cent of median income;2013 2013;4.5
607 Fredericia;50 50 per cent of median income;2013 2013;6.1
621 Kolding;50 50 per cent of median income;2013 2013;6.0
657 Herning;50 50 per cent of median income;2013 2013;6.0
665 Lemvig;50 50 per cent of median income;2013 2013;4.5
706 Syddjurs;50 50 per cent of median income;2013 2013;4.1
710 Favrskov;50 50 per cent of median income;2013 2013;3.0
730 Randers;50 50 per cent of median income;2013 2013;6.2
741 Samsø;50 50 per cent of median income;2013 2013;4.7
751 Aarhus;50 50 per cent of median income;2013 2013;12.8
760 Ringkøbing-Skjern;50 50 per cent of median income;2013 2013;4.6
773 Morsø;50 50 per cent of median income;2013 2013;5.3
787 Thisted;50 50 per cent of median income;2013 2013;5.2
810 Brønderslev;50 50 per cent of median income;2013 2013;4.8
820 Vesthimmerlands;50 50 per cent of median income;2013 2013;5.6
840 Rebild;50 50 per cent of median income;2013 2013;3.6
849 Jammerbugt;50 50 per cent of median income;2013 2013;4.6
860 Hjørring;50 50 per cent of median income;2013 2013;5.6
101 Copenhagen;50 50 per cent of median income;2012 2012;15.1
151 Ballerup;50 50 per cent of median income;2012 2012;5.5
155 Dragør;50 50 per cent of median income;2012 2012;3.5
159 Gladsaxe;50 50 per cent of median income;2012 2012;7.4
163 Herlev;50 50 per cent of median income;2012 2012;5.3
167 Hvidovre;50 50 per cent of median income;2012 2012;6.7
173 Lyngby-Taarbæk;50 50 per cent of median income;2012 2012;6.7
183 Ishøj;50 50 per cent of median income;2012 2012;7.5
187 Vallensbæk;50 50 per cent of median income;2012 2012;4.9
201 Allerød;50 50 per cent of median income;2012 2012;2.7
217 Helsingør;50 50 per cent of median income;2012 2012;5.6
223 Hørsholm;50 50 per cent of median income;2012 2012;4.3
240 Egedal;50 50 per cent of median income;2012 2012;2.4
253 Greve;50 50 per cent of median income;2012 2012;3.7
260 Halsnæs;50 50 per cent of median income;2012 2012;4.2
269 Solrød;50 50 per cent of median income;2012 2012;3.0
306 Odsherred;50 50 per cent of median income;2012 2012;4.7
320 Faxe;50 50 per cent of median income;2012 2012;4.6
329 Ringsted;50 50 per cent of median income;2012 2012;5.0
336 Stevns;50 50 per cent of median income;2012 2012;4.1
350 Lejre;50 50 per cent of median income;2012 2012;3.5
370 Næstved;50 50 per cent of median income;2012 2012;5.4
390 Vordingborg;50 50 per cent of median income;2012 2012;5.8
410 Middelfart;50 50 per cent of median income;2012 2012;3.5
430 Faaborg-Midtfyn;50 50 per cent of median income;2012 2012;4.1
450 Nyborg;50 50 per cent of median income;2012 2012;4.0
479 Svendborg;50 50 per cent of median income;2012 2012;6.4
482 Langeland;50 50 per cent of median income;2012 2012;5.7
510 Haderslev;50 50 per cent of median income;2012 2012;6.3
540 Sønderborg;50 50 per cent of median income;2012 2012;5.7
561 Esbjerg;50 50 per cent of median income;2012 2012;6.3
573 Varde;50 50 per cent of median income;2012 2012;4.7
580 Aabenraa;50 50 per cent of median income;2012 2012;5.9
615 Horsens;50 50 per cent of median income;2012 2012;6.1
630 Vejle;50 50 per cent of median income;2012 2012;5.1
661 Holstebro;50 50 per cent of median income;2012 2012;5.7
671 Struer;50 50 per cent of median income;2012 2012;4.7
707 Norddjurs;50 50 per cent of median income;2012 2012;6.3
727 Odder;50 50 per cent of median income;2012 2012;3.6
740 Silkeborg;50 50 per cent of median income;2012 2012;4.7
746 Skanderborg;50 50 per cent of median income;2012 2012;2.9
756 Ikast-Brande;50 50 per cent of median income;2012 2012;4.5
766 Hedensted;50 50 per cent of median income;2012 2012;3.5
779 Skive;50 50 per cent of median income;2012 2012;4.9
791 Viborg;50 50 per cent of median income;2012 2012;5.1
813 Frederikshavn;50 50 per cent of median income;2012 2012;4.4
825 Læsø;50 50 per cent of median income;2012 2012;4.1
846 Mariagerfjord;50 50 per cent of median income;2012 2012;4.7
851 Aalborg;50 50 per cent of median income;2012 2012;9.4
000 All Denmark;50 50 per cent of median income;2011 2011;7.3
147 Frederiksberg;50 50 per cent of median income;2011 2011;10.7
153 Brøndby;50 50 per cent of median income;2011 2011;7.0
157 Gentofte;50 50 per cent of median income;2011 2011;6.8
161 Glostrup;50 50 per cent of median income;2011 2011;5.1
165 Albertslund;50 50 per cent of median income;2011 2011;10.3
169 Høje-Taastrup;50 50 per cent of median income;2011 2011;6.8
175 Rødovre;50 50 per cent of median income;2011 2011;6.1
185 Tårnby;50 50 per cent of median income;2011 2011;4.9
190 Furesø;50 50 per cent of median income;2011 2011;4.2
210 Fredensborg;50 50 per cent of median income;2011 2011;4.8
219 Hillerød;50 50 per cent of median income;2011 2011;4.8
230 Rudersdal;50 50 per cent of median income;2011 2011;5.5
250 Frederikssund;50 50 per cent of median income;2011 2011;4.2
259 Køge;50 50 per cent of median income;2011 2011;4.8
265 Roskilde;50 50 per cent of median income;2011 2011;6.4
270 Gribskov;50 50 per cent of median income;2011 2011;4.7
316 Holbæk;50 50 per cent of median income;2011 2011;6.0
326 Kalundborg;50 50 per cent of median income;2011 2011;5.4
330 Slagelse;50 50 per cent of median income;2011 2011;6.9
340 Sorø;50 50 per cent of median income;2011 2011;5.0
360 Lolland;50 50 per cent of median income;2011 2011;7.1
376 Guldborgsund;50 50 per cent of median income;2011 2011;6.8
400 Bornholm;50 50 per cent of median income;2011 2011;5.3
420 Assens;50 50 per cent of median income;2011 2011;4.4
440 Kerteminde;50 50 per cent of median income;2011 2011;3.8
461 Odense;50 50 per cent of median income;2011 2011;10.3
480 Nordfyns;50 50 per cent of median income;2011 2011;4.5
492 Ærø;50 50 per cent of median income;2011 2011;8.1
530 Billund;50 50 per cent of median income;2011 2011;4.3
550 Tønder;50 50 per cent of median income;2011 2011;6.7
563 Fanø;50 50 per cent of median income;2011 2011;4.4
575 Vejen;50 50 per cent of median income;2011 2011;5.1
607 Fredericia;50 50 per cent of median income;2011 2011;5.7
621 Kolding;50 50 per cent of median income;2011 2011;6.0
657 Herning;50 50 per cent of median income;2011 2011;6.3
665 Lemvig;50 50 per cent of median income;2011 2011;5.2
706 Syddjurs;50 50 per cent of median income;2011 2011;4.4
710 Favrskov;50 50 per cent of median income;2011 2011;3.3
730 Randers;50 50 per cent of median income;2011 2011;6.1
741 Samsø;50 50 per cent of median income;2011 2011;6.2
751 Aarhus;50 50 per cent of median income;2011 2011;12.3
760 Ringkøbing-Skjern;50 50 per cent of median income;2011 2011;5.1
773 Morsø;50 50 per cent of median income;2002 2002;4.9
787 Thisted;50 50 per cent of median income;2002 2002;5.1
810 Brønderslev;50 50 per cent of median income;2002 2002;4.5
820 Vesthimmerlands;50 50 per cent of median income;2002 2002;5.3
840 Rebild;50 50 per cent of median income;2002 2002;4.2
849 Jammerbugt;50 50 per cent of median income;2002 2002;4.2
860 Hjørring;50 50 per cent of median income;2002 2002;4.6
760 Ringkøbing-Skjern;60 60 per cent of median income;2015 2015;9.2
773 Morsø;60 60 per cent of median income;2015 2015;11.5
787 Thisted;60 60 per cent of median income;2015 2015;11.1
810 Brønderslev;60 60 per cent of median income;2015 2015;10.7
820 Vesthimmerlands;60 60 per cent of median income;2015 2015;11.8
840 Rebild;60 60 per cent of median income;2015 2015;7.6
849 Jammerbugt;60 60 per cent of median income;2015 2015;9.8
860 Hjørring;60 60 per cent of median income;2015 2015;11.3
101 Copenhagen;60 60 per cent of median income;2016 2016;24.2
151 Ballerup;60 60 per cent of median income;2016 2016;10.8
155 Dragør;60 60 per cent of median income;2016 2016;7.0
159 Gladsaxe;60 60 per cent of median income;2016 2016;13.5
163 Herlev;60 60 per cent of median income;2016 2016;11.7
167 Hvidovre;60 60 per cent of median income;2016 2016;13.0
173 Lyngby-Taarbæk;60 60 per cent of median income;2016 2016;11.3
183 Ishøj;60 60 per cent of median income;2016 2016;17.1
187 Vallensbæk;60 60 per cent of median income;2016 2016;9.2
201 Allerød;60 60 per cent of median income;2016 2016;5.3
217 Helsingør;60 60 per cent of median income;2016 2016;10.8
223 Hørsholm;60 60 per cent of median income;2016 2016;7.1
240 Egedal;60 60 per cent of median income;2016 2016;5.5
253 Greve;60 60 per cent of median income;2016 2016;8.3
260 Halsnæs;60 60 per cent of median income;2016 2016;10.0
269 Solrød;60 60 per cent of median income;2016 2016;7.0
306 Odsherred;60 60 per cent of median income;2016 2016;11.9
320 Faxe;60 60 per cent of median income;2016 2016;11.2
329 Ringsted;60 60 per cent of median income;2016 2016;11.7
336 Stevns;60 60 per cent of median income;2016 2016;9.2
350 Lejre;60 60 per cent of median income;2016 2016;6.8
370 Næstved;60 60 per cent of median income;2016 2016;12.2
390 Vordingborg;60 60 per cent of median income;2016 2016;13.3
410 Middelfart;60 60 per cent of median income;2016 2016;8.5
430 Faaborg-Midtfyn;60 60 per cent of median income;2016 2016;10.2
450 Nyborg;60 60 per cent of median income;2016 2016;11.2
479 Svendborg;60 60 per cent of median income;2016 2016;13.7
482 Langeland;60 60 per cent of median income;2016 2016;14.3
510 Haderslev;60 60 per cent of median income;2016 2016;12.8
540 Sønderborg;60 60 per cent of median income;2016 2016;12.5
561 Esbjerg;60 60 per cent of median income;2016 2016;12.9
573 Varde;60 60 per cent of median income;2016 2016;10.4
580 Aabenraa;60 60 per cent of median income;2016 2016;12.8
615 Horsens;60 60 per cent of median income;2016 2016;12.5
630 Vejle;60 60 per cent of median income;2016 2016;10.6
661 Holstebro;60 60 per cent of median income;2016 2016;11.4
671 Struer;60 60 per cent of median income;2016 2016;11.6
707 Norddjurs;60 60 per cent of median income;2016 2016;13.1
727 Odder;60 60 per cent of median income;2016 2016;8.1
740 Silkeborg;60 60 per cent of median income;2016 2016;9.5
746 Skanderborg;60 60 per cent of median income;2016 2016;6.6
756 Ikast-Brande;60 60 per cent of median income;2016 2016;9.4
766 Hedensted;60 60 per cent of median income;2016 2016;7.9
779 Skive;60 60 per cent of median income;2016 2016;10.5
791 Viborg;60 60 per cent of median income;2016 2016;10.8
813 Frederikshavn;60 60 per cent of median income;2016 2016;11.0
825 Læsø;60 60 per cent of median income;2016 2016;8.6
846 Mariagerfjord;60 60 per cent of median income;2016 2016;10.8
851 Aalborg;60 60 per cent of median income;2016 2016;17.5
000 All Denmark;60 60 per cent of median income;2017 2017;14.1
147 Frederiksberg;60 60 per cent of median income;2017 2017;16.8
153 Brøndby;60 60 per cent of median income;2017 2017;18.3
157 Gentofte;60 60 per cent of median income;2017 2017;10.7
161 Glostrup;60 60 per cent of median income;2017 2017;13.2
165 Albertslund;60 60 per cent of median income;2017 2017;18.7
169 Høje-Taastrup;60 60 per cent of median income;2017 2017;15.8
175 Rødovre;60 60 per cent of median income;2017 2017;13.6
185 Tårnby;60 60 per cent of median income;2017 2017;10.3
190 Furesø;60 60 per cent of median income;2017 2017;8.3
210 Fredensborg;60 60 per cent of median income;2017 2017;10.0
219 Hillerød;60 60 per cent of median income;2017 2017;9.9
230 Rudersdal;60 60 per cent of median income;2017 2017;8.4
250 Frederikssund;60 60 per cent of median income;2017 2017;9.1
259 Køge;60 60 per cent of median income;2017 2017;11.0
265 Roskilde;60 60 per cent of median income;2017 2017;11.2
270 Gribskov;60 60 per cent of median income;2017 2017;9.7
316 Holbæk;60 60 per cent of median income;2017 2017;11.8
326 Kalundborg;60 60 per cent of median income;2017 2017;12.5
330 Slagelse;60 60 per cent of median income;2017 2017;14.9
340 Sorø;60 60 per cent of median income;2017 2017;10.4
360 Lolland;60 60 per cent of median income;2017 2017;16.5
376 Guldborgsund;60 60 per cent of median income;2017 2017;15.4
400 Bornholm;60 60 per cent of median income;2017 2017;11.7
420 Assens;60 60 per cent of median income;2017 2017;11.3
440 Kerteminde;60 60 per cent of median income;2017 2017;11.2
461 Odense;60 60 per cent of median income;2017 2017;20.9
480 Nordfyns;60 60 per cent of median income;2017 2017;10.5
492 Ærø;60 60 per cent of median income;2017 2017;14.2
530 Billund;60 60 per cent of median income;2017 2017;9.8
550 Tønder;60 60 per cent of median income;2017 2017;12.9
563 Fanø;60 60 per cent of median income;2017 2017;9.7
575 Vejen;60 60 per cent of median income;2017 2017;11.0
607 Fredericia;60 60 per cent of median income;2017 2017;13.8
621 Kolding;60 60 per cent of median income;2017 2017;12.2
657 Herning;60 60 per cent of median income;2017 2017;11.3
665 Lemvig;60 60 per cent of median income;2017 2017;9.4
706 Syddjurs;60 60 per cent of median income;2017 2017;9.4
710 Favrskov;60 60 per cent of median income;2017 2017;7.3
730 Randers;60 60 per cent of median income;2017 2017;13.3
741 Samsø;60 60 per cent of median income;2017 2017;11.2
751 Aarhus;60 60 per cent of median income;2017 2017;20.9
760 Ringkøbing-Skjern;60 60 per cent of median income;2017 2017;9.3
773 Morsø;60 60 per cent of median income;2017 2017;12.7
787 Thisted;60 60 per cent of median income;2017 2017;11.6
810 Brønderslev;60 60 per cent of median income;2017 2017;11.4
820 Vesthimmerlands;60 60 per cent of median income;2017 2017;12.0
840 Rebild;60 60 per cent of median income;2017 2017;8.3
849 Jammerbugt;60 60 per cent of median income;2017 2017;11.1
860 Hjørring;60 60 per cent of median income;2017 2017;12.1
101 Copenhagen;60 60 per cent of median income;2018 2018;24.2
151 Ballerup;60 60 per cent of median income;2018 2018;11.2
155 Dragør;60 60 per cent of median income;2018 2018;6.4
159 Gladsaxe;60 60 per cent of median income;2018 2018;13.9
163 Herlev;60 60 per cent of median income;2018 2018;12.0
167 Hvidovre;60 60 per cent of median income;2018 2018;13.7
173 Lyngby-Taarbæk;60 60 per cent of median income;2018 2018;11.8
183 Ishøj;60 60 per cent of median income;2018 2018;17.7
187 Vallensbæk;60 60 per cent of median income;2018 2018;10.2
201 Allerød;60 60 per cent of median income;2018 2018;5.5
217 Helsingør;60 60 per cent of median income;2018 2018;11.3
223 Hørsholm;60 60 per cent of median income;2018 2018;7.7
240 Egedal;60 60 per cent of median income;2018 2018;6.2
253 Greve;60 60 per cent of median income;2018 2018;8.8
260 Halsnæs;60 60 per cent of median income;2018 2018;10.3
269 Solrød;60 60 per cent of median income;2018 2018;7.0
306 Odsherred;60 60 per cent of median income;2018 2018;11.9
320 Faxe;60 60 per cent of median income;2018 2018;11.6
329 Ringsted;60 60 per cent of median income;2018 2018;11.7
336 Stevns;60 60 per cent of median income;2018 2018;9.8
350 Lejre;60 60 per cent of median income;2018 2018;7.1
370 Næstved;60 60 per cent of median income;2018 2018;12.6
390 Vordingborg;60 60 per cent of median income;2018 2018;13.5
410 Middelfart;60 60 per cent of median income;2018 2018;8.8
430 Faaborg-Midtfyn;60 60 per cent of median income;2018 2018;10.8
450 Nyborg;60 60 per cent of median income;2018 2018;11.3
479 Svendborg;60 60 per cent of median income;2018 2018;14.2
482 Langeland;60 60 per cent of median income;2018 2018;15.4
510 Haderslev;60 60 per cent of median income;2018 2018;13.3
540 Sønderborg;60 60 per cent of median income;2018 2018;12.4
561 Esbjerg;60 60 per cent of median income;2018 2018;12.9
573 Varde;60 60 per cent of median income;2018 2018;10.3
580 Aabenraa;60 60 per cent of median income;2018 2018;12.8
615 Horsens;60 60 per cent of median income;2018 2018;12.2
630 Vejle;60 60 per cent of median income;2018 2018;10.6
661 Holstebro;60 60 per cent of median income;2018 2018;11.3
671 Struer;60 60 per cent of median income;2018 2018;11.1
707 Norddjurs;60 60 per cent of median income;2018 2018;13.2
727 Odder;60 60 per cent of median income;2018 2018;8.7
740 Silkeborg;60 60 per cent of median income;2018 2018;9.5
746 Skanderborg;60 60 per cent of median income;2018 2018;6.8
756 Ikast-Brande;60 60 per cent of median income;2018 2018;10.2
766 Hedensted;60 60 per cent of median income;2018 2018;8.0
779 Skive;60 60 per cent of median income;2018 2018;10.9
791 Viborg;60 60 per cent of median income;2018 2018;10.7
813 Frederikshavn;60 60 per cent of median income;2018 2018;11.2
825 Læsø;60 60 per cent of median income;2018 2018;10.7
846 Mariagerfjord;60 60 per cent of median income;2018 2018;11.2
851 Aalborg;60 60 per cent of median income;2018 2018;17.9
766 Hedensted;50 50 per cent of median income;2020 2020;4.2
779 Skive;50 50 per cent of median income;2020 2020;5.8
791 Viborg;50 50 per cent of median income;2020 2020;6.5
813 Frederikshavn;50 50 per cent of median income;2020 2020;6.5
825 Læsø;50 50 per cent of median income;2020 2020;4.6
846 Mariagerfjord;50 50 per cent of median income;2020 2020;6.3
851 Aalborg;50 50 per cent of median income;2020 2020;12.5
000 All Denmark;50 50 per cent of median income;2021 2021;8.4
147 Frederiksberg;50 50 per cent of median income;2021 2021;10.1
153 Brøndby;50 50 per cent of median income;2021 2021;10.2
157 Gentofte;50 50 per cent of median income;2021 2021;6.7
161 Glostrup;50 50 per cent of median income;2021 2021;7.3
165 Albertslund;50 50 per cent of median income;2021 2021;10.5
169 Høje-Taastrup;50 50 per cent of median income;2021 2021;8.7
175 Rødovre;50 50 per cent of median income;2021 2021;7.8
185 Tårnby;50 50 per cent of median income;2021 2021;5.9
190 Furesø;50 50 per cent of median income;2021 2021;4.5
210 Fredensborg;50 50 per cent of median income;2021 2021;5.6
219 Hillerød;50 50 per cent of median income;2021 2021;6.1
230 Rudersdal;50 50 per cent of median income;2021 2021;5.3
250 Frederikssund;50 50 per cent of median income;2021 2021;5.1
259 Køge;50 50 per cent of median income;2021 2021;6.3
265 Roskilde;50 50 per cent of median income;2021 2021;6.6
270 Gribskov;50 50 per cent of median income;2021 2021;5.4
316 Holbæk;50 50 per cent of median income;2021 2021;6.5
326 Kalundborg;50 50 per cent of median income;2021 2021;6.7
330 Slagelse;50 50 per cent of median income;2021 2021;8.4
340 Sorø;50 50 per cent of median income;2021 2021;5.4
360 Lolland;50 50 per cent of median income;2021 2021;8.7
376 Guldborgsund;50 50 per cent of median income;2021 2021;8.2
400 Bornholm;50 50 per cent of median income;2021 2021;6.4
420 Assens;50 50 per cent of median income;2021 2021;5.8
440 Kerteminde;50 50 per cent of median income;2021 2021;5.7
461 Odense;50 50 per cent of median income;2021 2021;13.4
480 Nordfyns;50 50 per cent of median income;2021 2021;5.9
492 Ærø;50 50 per cent of median income;2021 2021;9.5
530 Billund;50 50 per cent of median income;2021 2021;5.1
550 Tønder;50 50 per cent of median income;2021 2021;7.2
563 Fanø;50 50 per cent of median income;2021 2021;4.6
575 Vejen;50 50 per cent of median income;2021 2021;5.2
607 Fredericia;50 50 per cent of median income;2021 2021;7.6
621 Kolding;50 50 per cent of median income;2021 2021;6.9
657 Herning;50 50 per cent of median income;2021 2021;6.2
665 Lemvig;50 50 per cent of median income;2021 2021;5.1
706 Syddjurs;50 50 per cent of median income;2021 2021;5.3
710 Favrskov;50 50 per cent of median income;2021 2021;4.0
730 Randers;50 50 per cent of median income;2021 2021;7.7
741 Samsø;50 50 per cent of median income;2021 2021;6.2
751 Aarhus;50 50 per cent of median income;2021 2021;14.4
760 Ringkøbing-Skjern;50 50 per cent of median income;2021 2021;5.1
773 Morsø;50 50 per cent of median income;2021 2021;6.7
787 Thisted;50 50 per cent of median income;2021 2021;6.3
810 Brønderslev;50 50 per cent of median income;2021 2021;5.8
820 Vesthimmerlands;50 50 per cent of median income;2021 2021;5.7
840 Rebild;50 50 per cent of median income;2021 2021;3.7
849 Jammerbugt;50 50 per cent of median income;2021 2021;5.6
860 Hjørring;50 50 per cent of median income;2021 2021;6.1
101 Copenhagen;50 50 per cent of median income;2022 2022;15.0
151 Ballerup;50 50 per cent of median income;2022 2022;6.5
155 Dragør;50 50 per cent of median income;2022 2022;3.9
159 Gladsaxe;50 50 per cent of median income;2022 2022;8.2
163 Herlev;50 50 per cent of median income;2022 2022;6.8
167 Hvidovre;50 50 per cent of median income;2022 2022;7.5
173 Lyngby-Taarbæk;50 50 per cent of median income;2022 2022;9.0
183 Ishøj;50 50 per cent of median income;2022 2022;9.4
187 Vallensbæk;50 50 per cent of median income;2022 2022;6.2
201 Allerød;50 50 per cent of median income;2022 2022;3.5
217 Helsingør;50 50 per cent of median income;2022 2022;6.0
223 Hørsholm;50 50 per cent of median income;2022 2022;5.3
240 Egedal;50 50 per cent of median income;2022 2022;3.8
253 Greve;50 50 per cent of median income;2022 2022;5.8
260 Halsnæs;50 50 per cent of median income;2022 2022;5.4
269 Solrød;50 50 per cent of median income;2022 2022;3.8
306 Odsherred;50 50 per cent of median income;2022 2022;6.2
320 Faxe;50 50 per cent of median income;2022 2022;6.0
329 Ringsted;50 50 per cent of median income;2022 2022;6.0
336 Stevns;50 50 per cent of median income;2022 2022;4.9
101 Copenhagen;60 60 per cent of median income;2019 2019;23.8
151 Ballerup;60 60 per cent of median income;2019 2019;11.5
155 Dragør;60 60 per cent of median income;2019 2019;6.5
159 Gladsaxe;60 60 per cent of median income;2019 2019;13.5
163 Herlev;60 60 per cent of median income;2019 2019;12.1
167 Hvidovre;60 60 per cent of median income;2019 2019;13.2
173 Lyngby-Taarbæk;60 60 per cent of median income;2019 2019;11.6
183 Ishøj;60 60 per cent of median income;2019 2019;17.4
187 Vallensbæk;60 60 per cent of median income;2019 2019;10.6
201 Allerød;60 60 per cent of median income;2019 2019;5.3
217 Helsingør;60 60 per cent of median income;2019 2019;11.1
223 Hørsholm;60 60 per cent of median income;2019 2019;7.1
240 Egedal;60 60 per cent of median income;2019 2019;6.1
253 Greve;60 60 per cent of median income;2019 2019;9.1
260 Halsnæs;60 60 per cent of median income;2019 2019;10.1
269 Solrød;60 60 per cent of median income;2019 2019;6.7
306 Odsherred;60 60 per cent of median income;2019 2019;11.8
320 Faxe;60 60 per cent of median income;2019 2019;11.0
329 Ringsted;60 60 per cent of median income;2019 2019;11.9
336 Stevns;60 60 per cent of median income;2019 2019;9.3
350 Lejre;60 60 per cent of median income;2019 2019;7.0
370 Næstved;60 60 per cent of median income;2019 2019;12.5
390 Vordingborg;60 60 per cent of median income;2019 2019;13.5
410 Middelfart;60 60 per cent of median income;2019 2019;8.5
430 Faaborg-Midtfyn;60 60 per cent of median income;2019 2019;10.5
450 Nyborg;60 60 per cent of median income;2019 2019;11.2
479 Svendborg;60 60 per cent of median income;2019 2019;13.8
482 Langeland;60 60 per cent of median income;2019 2019;14.9
510 Haderslev;60 60 per cent of median income;2019 2019;13.3
540 Sønderborg;60 60 per cent of median income;2019 2019;12.3
561 Esbjerg;60 60 per cent of median income;2019 2019;12.6
573 Varde;60 60 per cent of median income;2019 2019;10.0
580 Aabenraa;60 60 per cent of median income;2019 2019;12.7
615 Horsens;60 60 per cent of median income;2019 2019;11.7
630 Vejle;60 60 per cent of median income;2019 2019;10.5
661 Holstebro;60 60 per cent of median income;2019 2019;11.1
671 Struer;60 60 per cent of median income;2019 2019;10.9
707 Norddjurs;60 60 per cent of median income;2019 2019;13.0
727 Odder;60 60 per cent of median income;2019 2019;8.3
740 Silkeborg;60 60 per cent of median income;2019 2019;9.5
746 Skanderborg;60 60 per cent of median income;2019 2019;6.6
756 Ikast-Brande;60 60 per cent of median income;2019 2019;9.9
766 Hedensted;60 60 per cent of median income;2019 2019;8.0
779 Skive;60 60 per cent of median income;2019 2019;10.6
791 Viborg;60 60 per cent of median income;2019 2019;10.7
813 Frederikshavn;60 60 per cent of median income;2019 2019;11.1
825 Læsø;60 60 per cent of median income;2019 2019;10.9
846 Mariagerfjord;60 60 per cent of median income;2019 2019;11.4
851 Aalborg;60 60 per cent of median income;2019 2019;18.0
000 All Denmark;60 60 per cent of median income;2020 2020;14.2
147 Frederiksberg;60 60 per cent of median income;2020 2020;16.1
153 Brøndby;60 60 per cent of median income;2020 2020;18.3
157 Gentofte;60 60 per cent of median income;2020 2020;10.5
161 Glostrup;60 60 per cent of median income;2020 2020;13.4
165 Albertslund;60 60 per cent of median income;2020 2020;18.9
169 Høje-Taastrup;60 60 per cent of median income;2020 2020;15.8
175 Rødovre;60 60 per cent of median income;2020 2020;14.0
185 Tårnby;60 60 per cent of median income;2020 2020;10.7
190 Furesø;60 60 per cent of median income;2020 2020;8.3
210 Fredensborg;60 60 per cent of median income;2020 2020;9.8
219 Hillerød;60 60 per cent of median income;2020 2020;9.7
230 Rudersdal;60 60 per cent of median income;2020 2020;8.4
250 Frederikssund;60 60 per cent of median income;2020 2020;9.4
259 Køge;60 60 per cent of median income;2020 2020;11.1
265 Roskilde;60 60 per cent of median income;2020 2020;11.1
270 Gribskov;60 60 per cent of median income;2020 2020;9.2
316 Holbæk;60 60 per cent of median income;2020 2020;11.9
326 Kalundborg;60 60 per cent of median income;2020 2020;12.6
330 Slagelse;60 60 per cent of median income;2020 2020;15.4
340 Sorø;60 60 per cent of median income;2020 2020;11.0
360 Lolland;60 60 per cent of median income;2020 2020;18.1
376 Guldborgsund;60 60 per cent of median income;2020 2020;15.7
400 Bornholm;60 60 per cent of median income;2020 2020;12.8
420 Assens;60 60 per cent of median income;2020 2020;11.4
440 Kerteminde;60 60 per cent of median income;2020 2020;10.9
461 Odense;60 60 per cent of median income;2020 2020;21.2
480 Nordfyns;60 60 per cent of median income;2020 2020;11.2
492 Ærø;60 60 per cent of median income;2020 2020;16.5
530 Billund;60 60 per cent of median income;2020 2020;10.1
550 Tønder;60 60 per cent of median income;2020 2020;14.1
563 Fanø;60 60 per cent of median income;2020 2020;8.1
575 Vejen;60 60 per cent of median income;2020 2020;11.1
607 Fredericia;60 60 per cent of median income;2020 2020;13.5
621 Kolding;60 60 per cent of median income;2020 2020;12.3
657 Herning;60 60 per cent of median income;2020 2020;11.3
665 Lemvig;60 60 per cent of median income;2020 2020;10.2
706 Syddjurs;60 60 per cent of median income;2020 2020;9.4
710 Favrskov;60 60 per cent of median income;2020 2020;7.1
730 Randers;60 60 per cent of median income;2020 2020;13.5
741 Samsø;60 60 per cent of median income;2020 2020;12.7
751 Aarhus;60 60 per cent of median income;2020 2020;21.7
101 Copenhagen;50 50 per cent of median income;2014 2014;15.6
151 Ballerup;50 50 per cent of median income;2014 2014;6.0
155 Dragør;50 50 per cent of median income;2014 2014;3.5
159 Gladsaxe;50 50 per cent of median income;2014 2014;7.8
163 Herlev;50 50 per cent of median income;2014 2014;6.0
167 Hvidovre;50 50 per cent of median income;2014 2014;7.0
173 Lyngby-Taarbæk;50 50 per cent of median income;2014 2014;7.2
183 Ishøj;50 50 per cent of median income;2014 2014;8.5
187 Vallensbæk;50 50 per cent of median income;2014 2014;5.0
201 Allerød;50 50 per cent of median income;2014 2014;2.7
217 Helsingør;50 50 per cent of median income;2014 2014;5.6
223 Hørsholm;50 50 per cent of median income;2014 2014;4.2
240 Egedal;50 50 per cent of median income;2014 2014;2.7
253 Greve;50 50 per cent of median income;2014 2014;4.7
260 Halsnæs;50 50 per cent of median income;2014 2014;5.0
269 Solrød;50 50 per cent of median income;2014 2014;3.4
306 Odsherred;50 50 per cent of median income;2014 2014;5.5
320 Faxe;50 50 per cent of median income;2014 2014;5.4
329 Ringsted;50 50 per cent of median income;2014 2014;5.7
336 Stevns;50 50 per cent of median income;2014 2014;4.8
350 Lejre;50 50 per cent of median income;2014 2014;3.6
370 Næstved;50 50 per cent of median income;2014 2014;6.1
390 Vordingborg;50 50 per cent of median income;2014 2014;6.3
410 Middelfart;50 50 per cent of median income;2014 2014;3.9
430 Faaborg-Midtfyn;50 50 per cent of median income;2014 2014;4.4
450 Nyborg;50 50 per cent of median income;2014 2014;5.1
479 Svendborg;50 50 per cent of median income;2014 2014;6.8
482 Langeland;50 50 per cent of median income;2014 2014;6.5
510 Haderslev;50 50 per cent of median income;2014 2014;6.8
540 Sønderborg;50 50 per cent of median income;2014 2014;6.0
561 Esbjerg;50 50 per cent of median income;2014 2014;6.9
573 Varde;50 50 per cent of median income;2014 2014;4.7
580 Aabenraa;50 50 per cent of median income;2014 2014;6.3
615 Horsens;50 50 per cent of median income;2014 2014;6.4
630 Vejle;50 50 per cent of median income;2014 2014;5.4
661 Holstebro;50 50 per cent of median income;2014 2014;5.6
671 Struer;50 50 per cent of median income;2014 2014;5.6
707 Norddjurs;50 50 per cent of median income;2014 2014;7.2
727 Odder;50 50 per cent of median income;2014 2014;3.9
740 Silkeborg;50 50 per cent of median income;2014 2014;4.9
746 Skanderborg;50 50 per cent of median income;2014 2014;3.0
756 Ikast-Brande;50 50 per cent of median income;2014 2014;5.1
766 Hedensted;50 50 per cent of median income;2014 2014;3.6
779 Skive;50 50 per cent of median income;2014 2014;5.5
791 Viborg;50 50 per cent of median income;2014 2014;5.7
813 Frederikshavn;50 50 per cent of median income;2014 2014;5.0
825 Læsø;50 50 per cent of median income;2014 2014;4.7
846 Mariagerfjord;50 50 per cent of median income;2014 2014;5.2
851 Aalborg;50 50 per cent of median income;2014 2014;10.8
000 All Denmark;50 50 per cent of median income;2015 2015;7.7
147 Frederiksberg;50 50 per cent of median income;2015 2015;10.7
153 Brøndby;50 50 per cent of median income;2015 2015;8.5
157 Gentofte;50 50 per cent of median income;2015 2015;6.8
161 Glostrup;50 50 per cent of median income;2015 2015;6.3
165 Albertslund;50 50 per cent of median income;2015 2015;10.2
169 Høje-Taastrup;50 50 per cent of median income;2015 2015;7.7
175 Rødovre;50 50 per cent of median income;2015 2015;6.9
185 Tårnby;50 50 per cent of median income;2015 2015;5.3
190 Furesø;50 50 per cent of median income;2015 2015;4.5
210 Fredensborg;50 50 per cent of median income;2015 2015;5.1
219 Hillerød;50 50 per cent of median income;2015 2015;5.0
230 Rudersdal;50 50 per cent of median income;2015 2015;5.1
250 Frederikssund;50 50 per cent of median income;2015 2015;4.4
259 Køge;50 50 per cent of median income;2015 2015;5.3
265 Roskilde;50 50 per cent of median income;2015 2015;6.9
270 Gribskov;50 50 per cent of median income;2015 2015;5.0
316 Holbæk;50 50 per cent of median income;2015 2015;5.7
326 Kalundborg;50 50 per cent of median income;2015 2015;5.8
330 Slagelse;50 50 per cent of median income;2015 2015;7.7
340 Sorø;50 50 per cent of median income;2015 2015;5.0
360 Lolland;50 50 per cent of median income;2015 2015;7.5
376 Guldborgsund;50 50 per cent of median income;2015 2015;7.5
400 Bornholm;50 50 per cent of median income;2015 2015;5.5
420 Assens;50 50 per cent of median income;2015 2015;5.1
440 Kerteminde;50 50 per cent of median income;2015 2015;4.5
461 Odense;50 50 per cent of median income;2015 2015;12.1
480 Nordfyns;50 50 per cent of median income;2015 2015;4.7
492 Ærø;50 50 per cent of median income;2015 2015;8.6
530 Billund;50 50 per cent of median income;2015 2015;4.5
550 Tønder;50 50 per cent of median income;2015 2015;6.6
563 Fanø;50 50 per cent of median income;2015 2015;3.6
575 Vejen;50 50 per cent of median income;2015 2015;5.2
607 Fredericia;50 50 per cent of median income;2015 2015;6.6
621 Kolding;50 50 per cent of median income;2015 2015;6.6
657 Herning;50 50 per cent of median income;2015 2015;6.1
665 Lemvig;50 50 per cent of median income;2015 2015;5.2
706 Syddjurs;50 50 per cent of median income;2015 2015;4.5
710 Favrskov;50 50 per cent of median income;2015 2015;3.5
730 Randers;50 50 per cent of median income;2015 2015;6.9
741 Samsø;50 50 per cent of median income;2015 2015;5.2
751 Aarhus;50 50 per cent of median income;2015 2015;12.8
760 Ringkøbing-Skjern;50 50 per cent of median income;2015 2015;5.1
101 Copenhagen;60 60 per cent of median income;2024 2024;20.6
151 Ballerup;60 60 per cent of median income;2024 2024;11.1
155 Dragør;60 60 per cent of median income;2024 2024;5.7
159 Gladsaxe;60 60 per cent of median income;2024 2024;12.6
163 Herlev;60 60 per cent of median income;2024 2024;11.3
167 Hvidovre;60 60 per cent of median income;2024 2024;12.2
173 Lyngby-Taarbæk;60 60 per cent of median income;2024 2024;11.8
183 Ishøj;60 60 per cent of median income;2024 2024;16.6
187 Vallensbæk;60 60 per cent of median income;2024 2024;11.4
201 Allerød;60 60 per cent of median income;2024 2024;5.4
217 Helsingør;60 60 per cent of median income;2024 2024;10.2
223 Hørsholm;60 60 per cent of median income;2024 2024;7.3
240 Egedal;60 60 per cent of median income;2024 2024;6.1
253 Greve;60 60 per cent of median income;2024 2024;8.9
260 Halsnæs;60 60 per cent of median income;2024 2024;10.3
269 Solrød;60 60 per cent of median income;2024 2024;6.0
306 Odsherred;60 60 per cent of median income;2024 2024;13.2
320 Faxe;60 60 per cent of median income;2024 2024;11.2
329 Ringsted;60 60 per cent of median income;2024 2024;10.8
336 Stevns;60 60 per cent of median income;2024 2024;9.5
350 Lejre;60 60 per cent of median income;2024 2024;7.4
370 Næstved;60 60 per cent of median income;2024 2024;12.0
390 Vordingborg;60 60 per cent of median income;2024 2024;13.7
410 Middelfart;60 60 per cent of median income;2024 2024;8.8
430 Faaborg-Midtfyn;60 60 per cent of median income;2024 2024;10.7
450 Nyborg;60 60 per cent of median income;2024 2024;11.8
479 Svendborg;60 60 per cent of median income;2024 2024;13.4
482 Langeland;60 60 per cent of median income;2024 2024;17.1
510 Haderslev;60 60 per cent of median income;2024 2024;13.4
540 Sønderborg;60 60 per cent of median income;2024 2024;14.1
561 Esbjerg;60 60 per cent of median income;2024 2024;11.7
573 Varde;60 60 per cent of median income;2024 2024;10.1
580 Aabenraa;60 60 per cent of median income;2024 2024;13.5
615 Horsens;60 60 per cent of median income;2024 2024;11.1
630 Vejle;60 60 per cent of median income;2024 2024;10.1
661 Holstebro;60 60 per cent of median income;2024 2024;11.2
671 Struer;60 60 per cent of median income;2024 2024;11.7
707 Norddjurs;60 60 per cent of median income;2024 2024;13.4
727 Odder;60 60 per cent of median income;2024 2024;8.5
740 Silkeborg;60 60 per cent of median income;2024 2024;9.1
746 Skanderborg;60 60 per cent of median income;2024 2024;6.6
756 Ikast-Brande;60 60 per cent of median income;2024 2024;11.2
766 Hedensted;60 60 per cent of median income;2024 2024;8.3
779 Skive;60 60 per cent of median income;2024 2024;11.4
791 Viborg;60 60 per cent of median income;2024 2024;11.2
813 Frederikshavn;60 60 per cent of median income;2024 2024;11.8
825 Læsø;60 60 per cent of median income;2024 2024;14.3
846 Mariagerfjord;60 60 per cent of median income;2024 2024;11.6
851 Aalborg;60 60 per cent of median income;2024 2024;16.3
000 All Denmark;60 60 per cent of median income;2023 2023;13.3
147 Frederiksberg;60 60 per cent of median income;2023 2023;15.1
153 Brøndby;60 60 per cent of median income;2023 2023;17.4
157 Gentofte;60 60 per cent of median income;2023 2023;9.9
161 Glostrup;60 60 per cent of median income;2023 2023;12.6
165 Albertslund;60 60 per cent of median income;2023 2023;16.1
169 Høje-Taastrup;60 60 per cent of median income;2023 2023;14.7
175 Rødovre;60 60 per cent of median income;2023 2023;13.0
185 Tårnby;60 60 per cent of median income;2023 2023;9.7
190 Furesø;60 60 per cent of median income;2023 2023;7.2
210 Fredensborg;60 60 per cent of median income;2023 2023;9.2
219 Hillerød;60 60 per cent of median income;2023 2023;9.1
230 Rudersdal;60 60 per cent of median income;2023 2023;7.6
250 Frederikssund;60 60 per cent of median income;2023 2023;8.8
259 Køge;60 60 per cent of median income;2023 2023;10.6
265 Roskilde;60 60 per cent of median income;2023 2023;9.8
270 Gribskov;60 60 per cent of median income;2023 2023;9.5
316 Holbæk;60 60 per cent of median income;2023 2023;10.7
326 Kalundborg;60 60 per cent of median income;2023 2023;11.4
330 Slagelse;60 60 per cent of median income;2023 2023;14.0
340 Sorø;60 60 per cent of median income;2023 2023;10.2
360 Lolland;60 60 per cent of median income;2023 2023;16.3
376 Guldborgsund;60 60 per cent of median income;2023 2023;14.7
400 Bornholm;60 60 per cent of median income;2023 2023;12.6
420 Assens;60 60 per cent of median income;2023 2023;10.7
440 Kerteminde;60 60 per cent of median income;2023 2023;10.4
461 Odense;60 60 per cent of median income;2023 2023;19.0
480 Nordfyns;60 60 per cent of median income;2023 2023;11.1
492 Ærø;60 60 per cent of median income;2023 2023;17.4
530 Billund;60 60 per cent of median income;2023 2023;9.1
550 Tønder;60 60 per cent of median income;2023 2023;14.5
563 Fanø;60 60 per cent of median income;2023 2023;8.2
575 Vejen;60 60 per cent of median income;2023 2023;10.2
607 Fredericia;60 60 per cent of median income;2023 2023;12.8
621 Kolding;60 60 per cent of median income;2023 2023;11.8
657 Herning;60 60 per cent of median income;2023 2023;10.5
665 Lemvig;60 60 per cent of median income;2023 2023;10.2
706 Syddjurs;60 60 per cent of median income;2023 2023;9.8
710 Favrskov;60 60 per cent of median income;2023 2023;7.5
730 Randers;60 60 per cent of median income;2023 2023;12.9
741 Samsø;60 60 per cent of median income;2023 2023;14.6
751 Aarhus;60 60 per cent of median income;2023 2023;20.7
760 Ringkøbing-Skjern;60 60 per cent of median income;2023 2023;9.9
773 Morsø;60 60 per cent of median income;2023 2023;12.8
787 Thisted;60 60 per cent of median income;2023 2023;12.4
810 Brønderslev;60 60 per cent of median income;2023 2023;11.2
820 Vesthimmerlands;60 60 per cent of median income;2023 2023;12.2
840 Rebild;60 60 per cent of median income;2023 2023;7.7
849 Jammerbugt;60 60 per cent of median income;2023 2023;11.3
860 Hjørring;60 60 per cent of median income;2023 2023;12.0
360 Lolland;50 50 per cent of median income;2022 2022;8.4
376 Guldborgsund;50 50 per cent of median income;2022 2022;8.2
400 Bornholm;50 50 per cent of median income;2022 2022;6.4
420 Assens;50 50 per cent of median income;2022 2022;5.3
440 Kerteminde;50 50 per cent of median income;2022 2022;5.4
461 Odense;50 50 per cent of median income;2022 2022;12.8
480 Nordfyns;50 50 per cent of median income;2022 2022;5.8
492 Ærø;50 50 per cent of median income;2022 2022;10.3
530 Billund;50 50 per cent of median income;2022 2022;4.7
550 Tønder;50 50 per cent of median income;2022 2022;7.1
563 Fanø;50 50 per cent of median income;2022 2022;3.8
575 Vejen;50 50 per cent of median income;2022 2022;4.9
607 Fredericia;50 50 per cent of median income;2022 2022;7.2
621 Kolding;50 50 per cent of median income;2022 2022;6.9
657 Herning;50 50 per cent of median income;2022 2022;5.8
665 Lemvig;50 50 per cent of median income;2022 2022;5.2
706 Syddjurs;50 50 per cent of median income;2022 2022;5.5
710 Favrskov;50 50 per cent of median income;2022 2022;3.9
730 Randers;50 50 per cent of median income;2022 2022;7.4
741 Samsø;50 50 per cent of median income;2022 2022;7.1
751 Aarhus;50 50 per cent of median income;2022 2022;14.5
760 Ringkøbing-Skjern;50 50 per cent of median income;2022 2022;5.0
773 Morsø;50 50 per cent of median income;2022 2022;5.8
787 Thisted;50 50 per cent of median income;2022 2022;6.1
810 Brønderslev;50 50 per cent of median income;2022 2022;5.7
820 Vesthimmerlands;50 50 per cent of median income;2022 2022;5.6
840 Rebild;50 50 per cent of median income;2022 2022;3.6
849 Jammerbugt;50 50 per cent of median income;2022 2022;5.6
860 Hjørring;50 50 per cent of median income;2022 2022;5.9
760 Ringkøbing-Skjern;60 60 per cent of median income;2011 2011;8.8
773 Morsø;60 60 per cent of median income;2011 2011;11.5
787 Thisted;60 60 per cent of median income;2011 2011;10.9
810 Brønderslev;60 60 per cent of median income;2011 2011;9.7
820 Vesthimmerlands;60 60 per cent of median income;2011 2011;10.9
840 Rebild;60 60 per cent of median income;2011 2011;7.9
849 Jammerbugt;60 60 per cent of median income;2011 2011;9.5
860 Hjørring;60 60 per cent of median income;2011 2011;10.6
101 Copenhagen;60 60 per cent of median income;2010 2010;23.5
151 Ballerup;60 60 per cent of median income;2010 2010;9.5
155 Dragør;60 60 per cent of median income;2010 2010;6.0
159 Gladsaxe;60 60 per cent of median income;2010 2010;11.6
163 Herlev;60 60 per cent of median income;2010 2010;10.2
167 Hvidovre;60 60 per cent of median income;2010 2010;11.7
173 Lyngby-Taarbæk;60 60 per cent of median income;2010 2010;10.1
183 Ishøj;60 60 per cent of median income;2010 2010;14.9
187 Vallensbæk;60 60 per cent of median income;2010 2010;7.2
201 Allerød;60 60 per cent of median income;2010 2010;4.9
217 Helsingør;60 60 per cent of median income;2010 2010;10.4
223 Hørsholm;60 60 per cent of median income;2010 2010;6.9
240 Egedal;60 60 per cent of median income;2010 2010;4.5
253 Greve;60 60 per cent of median income;2010 2010;7.2
260 Halsnæs;60 60 per cent of median income;2010 2010;8.9
269 Solrød;60 60 per cent of median income;2010 2010;6.0
306 Odsherred;60 60 per cent of median income;2010 2010;10.2
320 Faxe;60 60 per cent of median income;2010 2010;9.2
329 Ringsted;60 60 per cent of median income;2010 2010;9.9
336 Stevns;60 60 per cent of median income;2010 2010;7.6
350 Lejre;60 60 per cent of median income;2010 2010;5.9
370 Næstved;60 60 per cent of median income;2010 2010;9.7
390 Vordingborg;60 60 per cent of median income;2010 2010;11.4
410 Middelfart;60 60 per cent of median income;2010 2010;7.2
430 Faaborg-Midtfyn;60 60 per cent of median income;2010 2010;8.9
450 Nyborg;60 60 per cent of median income;2010 2010;8.5
479 Svendborg;60 60 per cent of median income;2010 2010;11.5
482 Langeland;60 60 per cent of median income;2010 2010;13.2
510 Haderslev;60 60 per cent of median income;2010 2010;10.6
540 Sønderborg;60 60 per cent of median income;2010 2010;10.7
561 Esbjerg;60 60 per cent of median income;2010 2010;11.1
573 Varde;60 60 per cent of median income;2010 2010;9.9
580 Aabenraa;60 60 per cent of median income;2010 2010;11.3
615 Horsens;60 60 per cent of median income;2010 2010;11.2
630 Vejle;60 60 per cent of median income;2010 2010;9.4
661 Holstebro;60 60 per cent of median income;2010 2010;10.0
671 Struer;60 60 per cent of median income;2010 2010;8.9
707 Norddjurs;60 60 per cent of median income;2010 2010;11.4
727 Odder;60 60 per cent of median income;2010 2010;7.0
740 Silkeborg;60 60 per cent of median income;2010 2010;8.8
746 Skanderborg;60 60 per cent of median income;2010 2010;5.9
756 Ikast-Brande;60 60 per cent of median income;2010 2010;9.5
766 Hedensted;60 60 per cent of median income;2010 2010;7.8
779 Skive;60 60 per cent of median income;2010 2010;9.8
791 Viborg;60 60 per cent of median income;2010 2010;9.3
813 Frederikshavn;60 60 per cent of median income;2010 2010;9.7
825 Læsø;60 60 per cent of median income;2010 2010;9.9
846 Mariagerfjord;60 60 per cent of median income;2010 2010;10.0
851 Aalborg;60 60 per cent of median income;2010 2010;14.0
000 All Denmark;60 60 per cent of median income;2009 2009;11.7
147 Frederiksberg;60 60 per cent of median income;2009 2009;15.5
153 Brøndby;60 60 per cent of median income;2009 2009;11.7
157 Gentofte;60 60 per cent of median income;2009 2009;10.2
161 Glostrup;60 60 per cent of median income;2009 2009;8.9
165 Albertslund;60 60 per cent of median income;2009 2009;14.6
169 Høje-Taastrup;60 60 per cent of median income;2009 2009;10.6
175 Rødovre;60 60 per cent of median income;2009 2009;9.7
185 Tårnby;60 60 per cent of median income;2009 2009;7.8
190 Furesø;60 60 per cent of median income;2009 2009;7.1
210 Fredensborg;60 60 per cent of median income;2009 2009;8.5
219 Hillerød;60 60 per cent of median income;2009 2009;7.7
230 Rudersdal;60 60 per cent of median income;2009 2009;8.8
250 Frederikssund;60 60 per cent of median income;2009 2009;7.4
259 Køge;60 60 per cent of median income;2009 2009;8.9
265 Roskilde;60 60 per cent of median income;2009 2009;9.6
270 Gribskov;60 60 per cent of median income;2009 2009;8.2
316 Holbæk;60 60 per cent of median income;2009 2009;10.3
326 Kalundborg;60 60 per cent of median income;2009 2009;10.0
330 Slagelse;60 60 per cent of median income;2009 2009;11.2
340 Sorø;60 60 per cent of median income;2009 2009;8.9
360 Lolland;60 60 per cent of median income;2009 2009;13.8
376 Guldborgsund;60 60 per cent of median income;2009 2009;12.0
400 Bornholm;60 60 per cent of median income;2009 2009;10.6
420 Assens;60 60 per cent of median income;2009 2009;8.8
440 Kerteminde;60 60 per cent of median income;2009 2009;7.6
461 Odense;60 60 per cent of median income;2009 2009;14.9
480 Nordfyns;60 60 per cent of median income;2009 2009;9.2
492 Ærø;60 60 per cent of median income;2009 2009;12.3
530 Billund;60 60 per cent of median income;2009 2009;8.4
550 Tønder;60 60 per cent of median income;2009 2009;12.8
563 Fanø;60 60 per cent of median income;2009 2009;7.2
575 Vejen;60 60 per cent of median income;2009 2009;9.9
607 Fredericia;60 60 per cent of median income;2009 2009;8.6
621 Kolding;60 60 per cent of median income;2009 2009;9.7
657 Herning;60 60 per cent of median income;2009 2009;10.1
665 Lemvig;60 60 per cent of median income;2009 2009;10.9
706 Syddjurs;60 60 per cent of median income;2009 2009;8.8
710 Favrskov;60 60 per cent of median income;2009 2009;6.7
730 Randers;60 60 per cent of median income;2009 2009;10.1
741 Samsø;60 60 per cent of median income;2009 2009;12.4
751 Aarhus;60 60 per cent of median income;2009 2009;17.2
760 Ringkøbing-Skjern;60 60 per cent of median income;2009 2009;9.5
773 Morsø;60 60 per cent of median income;2009 2009;12.4
787 Thisted;60 60 per cent of median income;2009 2009;12.1
810 Brønderslev;60 60 per cent of median income;2009 2009;10.9
820 Vesthimmerlands;60 60 per cent of median income;2009 2009;12.1
840 Rebild;60 60 per cent of median income;2009 2009;9.0
849 Jammerbugt;60 60 per cent of median income;2009 2009;10.9
860 Hjørring;60 60 per cent of median income;2009 2009;11.1
101 Copenhagen;60 60 per cent of median income;2008 2008;21.8
151 Ballerup;60 60 per cent of median income;2008 2008;8.3
155 Dragør;60 60 per cent of median income;2008 2008;6.5
159 Gladsaxe;60 60 per cent of median income;2008 2008;10.2
163 Herlev;60 60 per cent of median income;2008 2008;9.2
167 Hvidovre;60 60 per cent of median income;2008 2008;9.7
173 Lyngby-Taarbæk;60 60 per cent of median income;2008 2008;9.6
183 Ishøj;60 60 per cent of median income;2008 2008;12.7
187 Vallensbæk;60 60 per cent of median income;2008 2008;6.5
201 Allerød;60 60 per cent of median income;2008 2008;4.5
217 Helsingør;60 60 per cent of median income;2008 2008;9.6
223 Hørsholm;60 60 per cent of median income;2008 2008;6.8
240 Egedal;60 60 per cent of median income;2008 2008;4.4
253 Greve;60 60 per cent of median income;2008 2008;6.7
260 Halsnæs;60 60 per cent of median income;2008 2008;7.3
269 Solrød;60 60 per cent of median income;2008 2008;5.7
306 Odsherred;60 60 per cent of median income;2008 2008;10.8
320 Faxe;60 60 per cent of median income;2008 2008;9.3
329 Ringsted;60 60 per cent of median income;2008 2008;9.1
336 Stevns;60 60 per cent of median income;2008 2008;7.9
350 Lejre;60 60 per cent of median income;2008 2008;5.9
370 Næstved;60 60 per cent of median income;2008 2008;9.9
390 Vordingborg;60 60 per cent of median income;2008 2008;11.8
410 Middelfart;60 60 per cent of median income;2008 2008;7.6
430 Faaborg-Midtfyn;60 60 per cent of median income;2008 2008;9.5
450 Nyborg;60 60 per cent of median income;2008 2008;8.6
479 Svendborg;60 60 per cent of median income;2008 2008;11.2
482 Langeland;60 60 per cent of median income;2008 2008;13.7
510 Haderslev;60 60 per cent of median income;2008 2008;10.3
540 Sønderborg;60 60 per cent of median income;2008 2008;9.8
561 Esbjerg;60 60 per cent of median income;2008 2008;10.0
573 Varde;60 60 per cent of median income;2008 2008;9.1
580 Aabenraa;60 60 per cent of median income;2008 2008;10.7
615 Horsens;60 60 per cent of median income;2008 2008;10.3
630 Vejle;60 60 per cent of median income;2008 2008;8.5
661 Holstebro;60 60 per cent of median income;2008 2008;10.3
671 Struer;60 60 per cent of median income;2008 2008;9.3
707 Norddjurs;60 60 per cent of median income;2008 2008;12.4
727 Odder;60 60 per cent of median income;2008 2008;7.5
740 Silkeborg;60 60 per cent of median income;2008 2008;8.7
746 Skanderborg;60 60 per cent of median income;2008 2008;5.9
756 Ikast-Brande;60 60 per cent of median income;2008 2008;9.5
766 Hedensted;60 60 per cent of median income;2008 2008;7.3
779 Skive;60 60 per cent of median income;2008 2008;10.0
791 Viborg;60 60 per cent of median income;2008 2008;9.2
813 Frederikshavn;60 60 per cent of median income;2008 2008;9.7
825 Læsø;60 60 per cent of median income;2008 2008;11.9
846 Mariagerfjord;60 60 per cent of median income;2008 2008;10.3
851 Aalborg;60 60 per cent of median income;2008 2008;13.6
000 All Denmark;60 60 per cent of median income;2007 2007;10.8
147 Frederiksberg;60 60 per cent of median income;2007 2007;15.0
153 Brøndby;60 60 per cent of median income;2007 2007;9.9
157 Gentofte;60 60 per cent of median income;2007 2007;8.9
161 Glostrup;60 60 per cent of median income;2007 2007;7.7
165 Albertslund;60 60 per cent of median income;2007 2007;13.4
169 Høje-Taastrup;60 60 per cent of median income;2007 2007;9.2
175 Rødovre;60 60 per cent of median income;2007 2007;8.1
185 Tårnby;60 60 per cent of median income;2007 2007;7.3
190 Furesø;60 60 per cent of median income;2007 2007;6.3
210 Fredensborg;60 60 per cent of median income;2007 2007;7.3
219 Hillerød;60 60 per cent of median income;2007 2007;6.9
230 Rudersdal;60 60 per cent of median income;2007 2007;7.2
250 Frederikssund;60 60 per cent of median income;2007 2007;6.3
259 Køge;60 60 per cent of median income;2007 2007;7.2
265 Roskilde;60 60 per cent of median income;2007 2007;8.3
270 Gribskov;60 60 per cent of median income;2007 2007;6.5
316 Holbæk;60 60 per cent of median income;2007 2007;9.1
326 Kalundborg;60 60 per cent of median income;2007 2007;9.0
330 Slagelse;60 60 per cent of median income;2007 2007;10.6
340 Sorø;60 60 per cent of median income;2007 2007;8.6
360 Lolland;60 60 per cent of median income;2007 2007;14.3
376 Guldborgsund;60 60 per cent of median income;2007 2007;11.0
400 Bornholm;60 60 per cent of median income;2007 2007;10.8
420 Assens;60 60 per cent of median income;2007 2007;8.6
440 Kerteminde;60 60 per cent of median income;2007 2007;7.0
461 Odense;60 60 per cent of median income;2007 2007;14.6
480 Nordfyns;60 60 per cent of median income;2007 2007;9.4
492 Ærø;60 60 per cent of median income;2007 2007;11.2
530 Billund;60 60 per cent of median income;2007 2007;7.8
550 Tønder;60 60 per cent of median income;2007 2007;11.5
563 Fanø;60 60 per cent of median income;2007 2007;6.7
575 Vejen;60 60 per cent of median income;2007 2007;9.3
607 Fredericia;60 60 per cent of median income;2007 2007;7.7
621 Kolding;60 60 per cent of median income;2007 2007;9.0
657 Herning;60 60 per cent of median income;2007 2007;8.8
665 Lemvig;60 60 per cent of median income;2007 2007;9.4
706 Syddjurs;60 60 per cent of median income;2007 2007;7.9
710 Favrskov;60 60 per cent of median income;2007 2007;6.1
730 Randers;60 60 per cent of median income;2007 2007;9.5
741 Samsø;60 60 per cent of median income;2007 2007;13.0
751 Aarhus;60 60 per cent of median income;2007 2007;16.8
760 Ringkøbing-Skjern;60 60 per cent of median income;2007 2007;8.4
773 Morsø;60 60 per cent of median income;2007 2007;11.9
787 Thisted;60 60 per cent of median income;2007 2007;10.9
810 Brønderslev;60 60 per cent of median income;2007 2007;10.7
820 Vesthimmerlands;60 60 per cent of median income;2007 2007;10.4
840 Rebild;60 60 per cent of median income;2007 2007;8.4
849 Jammerbugt;60 60 per cent of median income;2007 2007;9.7
860 Hjørring;60 60 per cent of median income;2007 2007;10.4
101 Copenhagen;60 60 per cent of median income;2006 2006;21.6
151 Ballerup;60 60 per cent of median income;2006 2006;7.7
155 Dragør;60 60 per cent of median income;2006 2006;5.2
159 Gladsaxe;60 60 per cent of median income;2006 2006;9.8
163 Herlev;60 60 per cent of median income;2006 2006;9.2
167 Hvidovre;60 60 per cent of median income;2006 2006;10.1
173 Lyngby-Taarbæk;60 60 per cent of median income;2006 2006;9.4
183 Ishøj;60 60 per cent of median income;2006 2006;12.1
187 Vallensbæk;60 60 per cent of median income;2006 2006;4.8
201 Allerød;60 60 per cent of median income;2006 2006;3.8
217 Helsingør;60 60 per cent of median income;2006 2006;8.5
223 Hørsholm;60 60 per cent of median income;2006 2006;5.0
240 Egedal;60 60 per cent of median income;2006 2006;3.5
253 Greve;60 60 per cent of median income;2006 2006;5.4
260 Halsnæs;60 60 per cent of median income;2006 2006;6.9
269 Solrød;60 60 per cent of median income;2006 2006;4.6
306 Odsherred;60 60 per cent of median income;2006 2006;9.0
320 Faxe;60 60 per cent of median income;2006 2006;7.9
329 Ringsted;60 60 per cent of median income;2006 2006;8.0
336 Stevns;60 60 per cent of median income;2006 2006;6.8
350 Lejre;60 60 per cent of median income;2006 2006;4.6
370 Næstved;60 60 per cent of median income;2006 2006;8.8
390 Vordingborg;60 60 per cent of median income;2006 2006;9.9
410 Middelfart;60 60 per cent of median income;2006 2006;7.0
430 Faaborg-Midtfyn;60 60 per cent of median income;2006 2006;8.6
450 Nyborg;60 60 per cent of median income;2006 2006;8.2
479 Svendborg;60 60 per cent of median income;2006 2006;11.2
482 Langeland;60 60 per cent of median income;2006 2006;13.1
510 Haderslev;60 60 per cent of median income;2006 2006;9.6
540 Sønderborg;60 60 per cent of median income;2006 2006;9.5
561 Esbjerg;60 60 per cent of median income;2006 2006;9.6
573 Varde;60 60 per cent of median income;2006 2006;8.2
580 Aabenraa;60 60 per cent of median income;2006 2006;9.6
615 Horsens;60 60 per cent of median income;2006 2006;9.3
630 Vejle;60 60 per cent of median income;2006 2006;8.1
661 Holstebro;60 60 per cent of median income;2006 2006;9.5
671 Struer;60 60 per cent of median income;2006 2006;8.7
707 Norddjurs;60 60 per cent of median income;2006 2006;11.1
727 Odder;60 60 per cent of median income;2006 2006;6.1
740 Silkeborg;60 60 per cent of median income;2006 2006;7.7
746 Skanderborg;60 60 per cent of median income;2006 2006;4.9
756 Ikast-Brande;60 60 per cent of median income;2006 2006;8.2
766 Hedensted;60 60 per cent of median income;2006 2006;5.8
779 Skive;60 60 per cent of median income;2006 2006;9.5
791 Viborg;60 60 per cent of median income;2006 2006;8.6
813 Frederikshavn;60 60 per cent of median income;2006 2006;9.1
825 Læsø;60 60 per cent of median income;2006 2006;10.9
846 Mariagerfjord;60 60 per cent of median income;2006 2006;9.3
851 Aalborg;60 60 per cent of median income;2006 2006;13.2
000 All Denmark;60 60 per cent of median income;2004 2004;10.9
147 Frederiksberg;60 60 per cent of median income;2004 2004;14.6
153 Brøndby;60 60 per cent of median income;2004 2004;10.0
157 Gentofte;60 60 per cent of median income;2004 2004;8.0
161 Glostrup;60 60 per cent of median income;2004 2004;7.7
165 Albertslund;60 60 per cent of median income;2004 2004;13.9
169 Høje-Taastrup;60 60 per cent of median income;2004 2004;9.6
175 Rødovre;60 60 per cent of median income;2004 2004;9.3
185 Tårnby;60 60 per cent of median income;2004 2004;6.6
190 Furesø;60 60 per cent of median income;2004 2004;5.9
210 Fredensborg;60 60 per cent of median income;2004 2004;6.8
219 Hillerød;60 60 per cent of median income;2004 2004;6.5
230 Rudersdal;60 60 per cent of median income;2004 2004;6.5
250 Frederikssund;60 60 per cent of median income;2004 2004;5.9
259 Køge;60 60 per cent of median income;2004 2004;7.0
265 Roskilde;60 60 per cent of median income;2004 2004;7.6
270 Gribskov;60 60 per cent of median income;2004 2004;5.9
316 Holbæk;60 60 per cent of median income;2004 2004;9.2
326 Kalundborg;60 60 per cent of median income;2004 2004;9.1
330 Slagelse;60 60 per cent of median income;2004 2004;11.2
340 Sorø;60 60 per cent of median income;2004 2004;7.8
360 Lolland;60 60 per cent of median income;2004 2004;14.0
376 Guldborgsund;60 60 per cent of median income;2004 2004;10.9
400 Bornholm;60 60 per cent of median income;2004 2004;10.8
420 Assens;60 60 per cent of median income;2004 2004;8.0
440 Kerteminde;60 60 per cent of median income;2004 2004;6.4
461 Odense;60 60 per cent of median income;2004 2004;15.9
480 Nordfyns;60 60 per cent of median income;2004 2004;8.5
492 Ærø;60 60 per cent of median income;2004 2004;12.2
530 Billund;60 60 per cent of median income;2004 2004;7.4
550 Tønder;60 60 per cent of median income;2004 2004;10.7
563 Fanø;60 60 per cent of median income;2004 2004;6.3
575 Vejen;60 60 per cent of median income;2004 2004;8.5
607 Fredericia;60 60 per cent of median income;2004 2004;8.4
621 Kolding;60 60 per cent of median income;2004 2004;9.2
657 Herning;60 60 per cent of median income;2004 2004;9.1
665 Lemvig;60 60 per cent of median income;2004 2004;10.4
706 Syddjurs;60 60 per cent of median income;2004 2004;7.6
710 Favrskov;60 60 per cent of median income;2004 2004;6.2
730 Randers;60 60 per cent of median income;2004 2004;10.0
741 Samsø;60 60 per cent of median income;2004 2004;10.4
751 Aarhus;60 60 per cent of median income;2004 2004;17.1
760 Ringkøbing-Skjern;60 60 per cent of median income;2004 2004;8.3
773 Morsø;60 60 per cent of median income;2004 2004;10.9
787 Thisted;60 60 per cent of median income;2004 2004;10.4
810 Brønderslev;60 60 per cent of median income;2004 2004;9.8
820 Vesthimmerlands;60 60 per cent of median income;2004 2004;10.4
840 Rebild;60 60 per cent of median income;2004 2004;8.1
849 Jammerbugt;60 60 per cent of median income;2004 2004;9.4
860 Hjørring;60 60 per cent of median income;2004 2004;10.0
101 Copenhagen;60 60 per cent of median income;2003 2003;20.1
151 Ballerup;60 60 per cent of median income;2003 2003;6.2
155 Dragør;60 60 per cent of median income;2003 2003;4.7
159 Gladsaxe;60 60 per cent of median income;2003 2003;8.3
163 Herlev;60 60 per cent of median income;2003 2003;8.5
167 Hvidovre;60 60 per cent of median income;2003 2003;9.4
173 Lyngby-Taarbæk;60 60 per cent of median income;2003 2003;8.0
183 Ishøj;60 60 per cent of median income;2003 2003;11.5
187 Vallensbæk;60 60 per cent of median income;2003 2003;3.7
201 Allerød;60 60 per cent of median income;2003 2003;3.5
217 Helsingør;60 60 per cent of median income;2003 2003;7.6
223 Hørsholm;60 60 per cent of median income;2003 2003;4.9
240 Egedal;60 60 per cent of median income;2003 2003;3.4
253 Greve;60 60 per cent of median income;2003 2003;5.1
260 Halsnæs;60 60 per cent of median income;2003 2003;7.0
269 Solrød;60 60 per cent of median income;2003 2003;3.9
306 Odsherred;60 60 per cent of median income;2003 2003;8.4
320 Faxe;60 60 per cent of median income;2003 2003;7.5
329 Ringsted;60 60 per cent of median income;2003 2003;7.8
336 Stevns;60 60 per cent of median income;2003 2003;6.0
350 Lejre;60 60 per cent of median income;2003 2003;4.2
370 Næstved;60 60 per cent of median income;2003 2003;7.9
390 Vordingborg;60 60 per cent of median income;2003 2003;8.7
410 Middelfart;60 60 per cent of median income;2003 2003;6.4
430 Faaborg-Midtfyn;60 60 per cent of median income;2003 2003;7.7
450 Nyborg;60 60 per cent of median income;2003 2003;7.6
479 Svendborg;60 60 per cent of median income;2003 2003;10.8
482 Langeland;60 60 per cent of median income;2003 2003;11.6
510 Haderslev;60 60 per cent of median income;2003 2003;8.6
540 Sønderborg;60 60 per cent of median income;2003 2003;8.8
561 Esbjerg;60 60 per cent of median income;2003 2003;9.2
573 Varde;60 60 per cent of median income;2003 2003;7.9
580 Aabenraa;60 60 per cent of median income;2003 2003;8.6
615 Horsens;60 60 per cent of median income;2003 2003;8.7
630 Vejle;60 60 per cent of median income;2003 2003;8.0
661 Holstebro;60 60 per cent of median income;2003 2003;9.6
671 Struer;60 60 per cent of median income;2003 2003;8.8
707 Norddjurs;60 60 per cent of median income;2003 2003;9.6
727 Odder;60 60 per cent of median income;2003 2003;6.3
740 Silkeborg;60 60 per cent of median income;2003 2003;7.5
746 Skanderborg;60 60 per cent of median income;2003 2003;4.9
756 Ikast-Brande;60 60 per cent of median income;2003 2003;8.3
766 Hedensted;60 60 per cent of median income;2003 2003;5.7
779 Skive;60 60 per cent of median income;2003 2003;9.0
791 Viborg;60 60 per cent of median income;2003 2003;8.2
813 Frederikshavn;60 60 per cent of median income;2003 2003;7.4
825 Læsø;60 60 per cent of median income;2003 2003;9.6
846 Mariagerfjord;60 60 per cent of median income;2003 2003;9.3
851 Aalborg;60 60 per cent of median income;2003 2003;11.8
000 All Denmark;60 60 per cent of median income;2001 2001;10.6
147 Frederiksberg;60 60 per cent of median income;2001 2001;12.8
153 Brøndby;60 60 per cent of median income;2001 2001;9.7
157 Gentofte;60 60 per cent of median income;2001 2001;7.8
161 Glostrup;60 60 per cent of median income;2001 2001;7.1
165 Albertslund;60 60 per cent of median income;2001 2001;13.3
169 Høje-Taastrup;60 60 per cent of median income;2001 2001;8.8
175 Rødovre;60 60 per cent of median income;2001 2001;8.5
185 Tårnby;60 60 per cent of median income;2001 2001;6.5
190 Furesø;60 60 per cent of median income;2001 2001;5.1
210 Fredensborg;60 60 per cent of median income;2001 2001;7.2
219 Hillerød;60 60 per cent of median income;2001 2001;6.7
230 Rudersdal;60 60 per cent of median income;2001 2001;6.3
250 Frederikssund;60 60 per cent of median income;2001 2001;6.3
259 Køge;60 60 per cent of median income;2001 2001;6.8
265 Roskilde;60 60 per cent of median income;2001 2001;7.1
270 Gribskov;60 60 per cent of median income;2001 2001;6.6
316 Holbæk;60 60 per cent of median income;2001 2001;8.8
326 Kalundborg;60 60 per cent of median income;2001 2001;9.1
330 Slagelse;60 60 per cent of median income;2001 2001;10.6
340 Sorø;60 60 per cent of median income;2001 2001;7.6
360 Lolland;60 60 per cent of median income;2001 2001;13.9
376 Guldborgsund;60 60 per cent of median income;2001 2001;10.7
400 Bornholm;60 60 per cent of median income;2001 2001;10.8
420 Assens;60 60 per cent of median income;2001 2001;8.2
440 Kerteminde;60 60 per cent of median income;2001 2001;7.3
461 Odense;60 60 per cent of median income;2001 2001;15.1
480 Nordfyns;60 60 per cent of median income;2001 2001;8.5
492 Ærø;60 60 per cent of median income;2001 2001;12.6
530 Billund;60 60 per cent of median income;2001 2001;6.8
550 Tønder;60 60 per cent of median income;2001 2001;10.0
563 Fanø;60 60 per cent of median income;2001 2001;8.2
575 Vejen;60 60 per cent of median income;2001 2001;8.8
607 Fredericia;60 60 per cent of median income;2001 2001;7.8
621 Kolding;60 60 per cent of median income;2001 2001;9.4
657 Herning;60 60 per cent of median income;2001 2001;8.7
665 Lemvig;60 60 per cent of median income;2001 2001;9.6
706 Syddjurs;60 60 per cent of median income;2001 2001;7.6
710 Favrskov;60 60 per cent of median income;2001 2001;5.7
730 Randers;60 60 per cent of median income;2001 2001;10.0
741 Samsø;60 60 per cent of median income;2001 2001;12.2
751 Aarhus;60 60 per cent of median income;2001 2001;16.5
760 Ringkøbing-Skjern;60 60 per cent of median income;2001 2001;7.7
773 Morsø;60 60 per cent of median income;2001 2001;10.6
787 Thisted;60 60 per cent of median income;2001 2001;10.2
810 Brønderslev;60 60 per cent of median income;2001 2001;9.8
820 Vesthimmerlands;60 60 per cent of median income;2001 2001;11.6
840 Rebild;60 60 per cent of median income;2001 2001;8.3
849 Jammerbugt;60 60 per cent of median income;2001 2001;8.9
860 Hjørring;60 60 per cent of median income;2001 2001;10.1
101 Copenhagen;60 60 per cent of median income;2000 2000;20.4
151 Ballerup;60 60 per cent of median income;2000 2000;7.0
155 Dragør;60 60 per cent of median income;2000 2000;5.2
159 Gladsaxe;60 60 per cent of median income;2000 2000;8.9
163 Herlev;60 60 per cent of median income;2000 2000;9.0
167 Hvidovre;60 60 per cent of median income;2000 2000;9.8
173 Lyngby-Taarbæk;60 60 per cent of median income;2000 2000;8.1
183 Ishøj;60 60 per cent of median income;2000 2000;12.6
187 Vallensbæk;60 60 per cent of median income;2000 2000;3.3
201 Allerød;60 60 per cent of median income;2000 2000;4.0
217 Helsingør;60 60 per cent of median income;2000 2000;8.7
223 Hørsholm;60 60 per cent of median income;2000 2000;4.4
240 Egedal;60 60 per cent of median income;2000 2000;3.6
253 Greve;60 60 per cent of median income;2000 2000;5.4
260 Halsnæs;60 60 per cent of median income;2000 2000;7.4
269 Solrød;60 60 per cent of median income;2000 2000;3.9
306 Odsherred;60 60 per cent of median income;2000 2000;9.8
320 Faxe;60 60 per cent of median income;2000 2000;8.3
329 Ringsted;60 60 per cent of median income;2000 2000;8.5
336 Stevns;60 60 per cent of median income;2000 2000;6.5
350 Lejre;60 60 per cent of median income;2000 2000;4.6
370 Næstved;60 60 per cent of median income;2000 2000;8.8
390 Vordingborg;60 60 per cent of median income;2000 2000;9.7
410 Middelfart;60 60 per cent of median income;2000 2000;6.6
430 Faaborg-Midtfyn;60 60 per cent of median income;2000 2000;8.0
450 Nyborg;60 60 per cent of median income;2000 2000;8.9
479 Svendborg;60 60 per cent of median income;2000 2000;11.3
482 Langeland;60 60 per cent of median income;2000 2000;11.8
510 Haderslev;60 60 per cent of median income;2000 2000;9.0
540 Sønderborg;60 60 per cent of median income;2000 2000;8.4
561 Esbjerg;60 60 per cent of median income;2000 2000;9.6
573 Varde;60 60 per cent of median income;2000 2000;7.7
580 Aabenraa;60 60 per cent of median income;2000 2000;8.4
615 Horsens;60 60 per cent of median income;2000 2000;9.4
630 Vejle;60 60 per cent of median income;2000 2000;8.4
661 Holstebro;60 60 per cent of median income;2000 2000;9.5
671 Struer;60 60 per cent of median income;2000 2000;8.5
707 Norddjurs;60 60 per cent of median income;2000 2000;10.1
727 Odder;60 60 per cent of median income;2000 2000;6.7
740 Silkeborg;60 60 per cent of median income;2000 2000;7.8
746 Skanderborg;60 60 per cent of median income;2000 2000;5.5
756 Ikast-Brande;60 60 per cent of median income;2000 2000;7.6
766 Hedensted;60 60 per cent of median income;2000 2000;5.6
779 Skive;60 60 per cent of median income;2000 2000;9.5
791 Viborg;60 60 per cent of median income;2000 2000;8.4
813 Frederikshavn;60 60 per cent of median income;2000 2000;8.9
825 Læsø;60 60 per cent of median income;2000 2000;11.7
846 Mariagerfjord;60 60 per cent of median income;2000 2000;9.1
851 Aalborg;60 60 per cent of median income;2000 2000;12.0
000 All Denmark;60 60 per cent of median income;2005 2005;11.1
147 Frederiksberg;60 60 per cent of median income;2005 2005;15.0
153 Brøndby;60 60 per cent of median income;2005 2005;10.3
157 Gentofte;60 60 per cent of median income;2005 2005;7.5
161 Glostrup;60 60 per cent of median income;2005 2005;7.3
165 Albertslund;60 60 per cent of median income;2005 2005;14.0
169 Høje-Taastrup;60 60 per cent of median income;2005 2005;9.3
175 Rødovre;60 60 per cent of median income;2005 2005;8.7
185 Tårnby;60 60 per cent of median income;2005 2005;7.3
190 Furesø;60 60 per cent of median income;2005 2005;6.3
210 Fredensborg;60 60 per cent of median income;2005 2005;7.3
219 Hillerød;60 60 per cent of median income;2005 2005;6.3
230 Rudersdal;60 60 per cent of median income;2005 2005;6.6
250 Frederikssund;60 60 per cent of median income;2005 2005;5.8
259 Køge;60 60 per cent of median income;2005 2005;7.2
265 Roskilde;60 60 per cent of median income;2005 2005;7.8
270 Gribskov;60 60 per cent of median income;2005 2005;5.8
316 Holbæk;60 60 per cent of median income;2005 2005;9.6
326 Kalundborg;60 60 per cent of median income;2005 2005;9.4
330 Slagelse;60 60 per cent of median income;2005 2005;11.4
340 Sorø;60 60 per cent of median income;2005 2005;8.1
360 Lolland;60 60 per cent of median income;2005 2005;14.7
376 Guldborgsund;60 60 per cent of median income;2005 2005;11.2
400 Bornholm;60 60 per cent of median income;2005 2005;10.8
420 Assens;60 60 per cent of median income;2005 2005;8.7
440 Kerteminde;60 60 per cent of median income;2005 2005;7.0
461 Odense;60 60 per cent of median income;2005 2005;16.0
480 Nordfyns;60 60 per cent of median income;2005 2005;9.1
492 Ærø;60 60 per cent of median income;2005 2005;12.9
530 Billund;60 60 per cent of median income;2005 2005;7.5
550 Tønder;60 60 per cent of median income;2005 2005;12.3
563 Fanø;60 60 per cent of median income;2005 2005;6.8
575 Vejen;60 60 per cent of median income;2005 2005;9.2
607 Fredericia;60 60 per cent of median income;2005 2005;8.6
621 Kolding;60 60 per cent of median income;2005 2005;9.5
657 Herning;60 60 per cent of median income;2005 2005;9.2
665 Lemvig;60 60 per cent of median income;2005 2005;9.8
706 Syddjurs;60 60 per cent of median income;2005 2005;8.2
710 Favrskov;60 60 per cent of median income;2005 2005;6.3
730 Randers;60 60 per cent of median income;2005 2005;10.3
741 Samsø;60 60 per cent of median income;2005 2005;11.2
751 Aarhus;60 60 per cent of median income;2005 2005;17.4
760 Ringkøbing-Skjern;60 60 per cent of median income;2005 2005;8.7
773 Morsø;60 60 per cent of median income;2005 2005;11.3
787 Thisted;60 60 per cent of median income;2005 2005;10.9
810 Brønderslev;60 60 per cent of median income;2005 2005;10.3
820 Vesthimmerlands;60 60 per cent of median income;2005 2005;10.5
840 Rebild;60 60 per cent of median income;2005 2005;8.5
849 Jammerbugt;60 60 per cent of median income;2005 2005;9.5
860 Hjørring;60 60 per cent of median income;2005 2005;10.6
101 Copenhagen;60 60 per cent of median income;2002 2002;20.1
151 Ballerup;60 60 per cent of median income;2002 2002;6.1
155 Dragør;60 60 per cent of median income;2002 2002;5.0
159 Gladsaxe;60 60 per cent of median income;2002 2002;8.2
163 Herlev;60 60 per cent of median income;2002 2002;8.6
167 Hvidovre;60 60 per cent of median income;2002 2002;9.1
173 Lyngby-Taarbæk;60 60 per cent of median income;2002 2002;7.9
183 Ishøj;60 60 per cent of median income;2002 2002;11.3
187 Vallensbæk;60 60 per cent of median income;2002 2002;3.6
201 Allerød;60 60 per cent of median income;2002 2002;3.4
217 Helsingør;60 60 per cent of median income;2002 2002;7.5
223 Hørsholm;60 60 per cent of median income;2002 2002;4.6
240 Egedal;60 60 per cent of median income;2002 2002;3.1
253 Greve;60 60 per cent of median income;2002 2002;4.9
260 Halsnæs;60 60 per cent of median income;2002 2002;7.1
269 Solrød;60 60 per cent of median income;2002 2002;3.9
306 Odsherred;60 60 per cent of median income;2002 2002;8.3
320 Faxe;60 60 per cent of median income;2002 2002;7.1
329 Ringsted;60 60 per cent of median income;2002 2002;7.9
336 Stevns;60 60 per cent of median income;2002 2002;5.9
350 Lejre;60 60 per cent of median income;2002 2002;4.7
370 Næstved;60 60 per cent of median income;2002 2002;7.9
390 Vordingborg;60 60 per cent of median income;2002 2002;9.2
410 Middelfart;60 60 per cent of median income;2002 2002;6.4
430 Faaborg-Midtfyn;60 60 per cent of median income;2002 2002;7.8
450 Nyborg;60 60 per cent of median income;2002 2002;7.7
479 Svendborg;60 60 per cent of median income;2002 2002;10.8
482 Langeland;60 60 per cent of median income;2002 2002;11.5
510 Haderslev;60 60 per cent of median income;2002 2002;8.7
540 Sønderborg;60 60 per cent of median income;2002 2002;8.7
561 Esbjerg;60 60 per cent of median income;2002 2002;9.1
573 Varde;60 60 per cent of median income;2002 2002;8.0
580 Aabenraa;60 60 per cent of median income;2002 2002;8.5
615 Horsens;60 60 per cent of median income;2002 2002;8.7
630 Vejle;60 60 per cent of median income;2002 2002;8.1
661 Holstebro;60 60 per cent of median income;2002 2002;9.5
671 Struer;60 60 per cent of median income;2002 2002;8.7
707 Norddjurs;60 60 per cent of median income;2002 2002;9.5
727 Odder;60 60 per cent of median income;2002 2002;6.2
740 Silkeborg;60 60 per cent of median income;2002 2002;7.4
746 Skanderborg;60 60 per cent of median income;2002 2002;5.0
756 Ikast-Brande;60 60 per cent of median income;2002 2002;8.1
101 Copenhagen;50 50 per cent of median income;2013 2013;15.5
151 Ballerup;50 50 per cent of median income;2013 2013;6.0
155 Dragør;50 50 per cent of median income;2013 2013;3.8
159 Gladsaxe;50 50 per cent of median income;2013 2013;7.7
163 Herlev;50 50 per cent of median income;2013 2013;5.5
167 Hvidovre;50 50 per cent of median income;2013 2013;6.8
173 Lyngby-Taarbæk;50 50 per cent of median income;2013 2013;6.8
183 Ishøj;50 50 per cent of median income;2013 2013;8.4
187 Vallensbæk;50 50 per cent of median income;2013 2013;5.0
201 Allerød;50 50 per cent of median income;2013 2013;2.6
217 Helsingør;50 50 per cent of median income;2013 2013;5.7
223 Hørsholm;50 50 per cent of median income;2013 2013;4.3
240 Egedal;50 50 per cent of median income;2013 2013;2.6
253 Greve;50 50 per cent of median income;2013 2013;3.8
260 Halsnæs;50 50 per cent of median income;2013 2013;4.4
269 Solrød;50 50 per cent of median income;2013 2013;3.2
306 Odsherred;50 50 per cent of median income;2013 2013;5.0
320 Faxe;50 50 per cent of median income;2013 2013;5.0
329 Ringsted;50 50 per cent of median income;2013 2013;5.1
336 Stevns;50 50 per cent of median income;2013 2013;4.0
350 Lejre;50 50 per cent of median income;2013 2013;3.2
370 Næstved;50 50 per cent of median income;2013 2013;5.7
390 Vordingborg;50 50 per cent of median income;2013 2013;5.8
410 Middelfart;50 50 per cent of median income;2013 2013;3.6
430 Faaborg-Midtfyn;50 50 per cent of median income;2013 2013;3.9
450 Nyborg;50 50 per cent of median income;2013 2013;4.4
479 Svendborg;50 50 per cent of median income;2013 2013;6.6
482 Langeland;50 50 per cent of median income;2013 2013;6.0
510 Haderslev;50 50 per cent of median income;2013 2013;6.3
540 Sønderborg;50 50 per cent of median income;2013 2013;6.0
561 Esbjerg;50 50 per cent of median income;2013 2013;6.5
573 Varde;50 50 per cent of median income;2013 2013;4.2
580 Aabenraa;50 50 per cent of median income;2013 2013;6.1
615 Horsens;50 50 per cent of median income;2013 2013;6.2
630 Vejle;50 50 per cent of median income;2013 2013;5.3
661 Holstebro;50 50 per cent of median income;2013 2013;5.4
671 Struer;50 50 per cent of median income;2013 2013;5.2
707 Norddjurs;50 50 per cent of median income;2013 2013;6.7
727 Odder;50 50 per cent of median income;2013 2013;3.7
740 Silkeborg;50 50 per cent of median income;2013 2013;4.8
746 Skanderborg;50 50 per cent of median income;2013 2013;2.9
756 Ikast-Brande;50 50 per cent of median income;2013 2013;4.6
766 Hedensted;50 50 per cent of median income;2013 2013;3.5
779 Skive;50 50 per cent of median income;2013 2013;5.0
791 Viborg;50 50 per cent of median income;2013 2013;5.2
813 Frederikshavn;50 50 per cent of median income;2013 2013;4.6
825 Læsø;50 50 per cent of median income;2013 2013;4.3
846 Mariagerfjord;50 50 per cent of median income;2013 2013;4.8
851 Aalborg;50 50 per cent of median income;2013 2013;10.2
000 All Denmark;50 50 per cent of median income;2012 2012;7.0
147 Frederiksberg;50 50 per cent of median income;2012 2012;10.8
153 Brøndby;50 50 per cent of median income;2012 2012;6.9
157 Gentofte;50 50 per cent of median income;2012 2012;6.2
161 Glostrup;50 50 per cent of median income;2012 2012;5.3
165 Albertslund;50 50 per cent of median income;2012 2012;9.9
169 Høje-Taastrup;50 50 per cent of median income;2012 2012;6.6
175 Rødovre;50 50 per cent of median income;2012 2012;6.4
185 Tårnby;50 50 per cent of median income;2012 2012;4.7
190 Furesø;50 50 per cent of median income;2012 2012;3.9
210 Fredensborg;50 50 per cent of median income;2012 2012;4.8
219 Hillerød;50 50 per cent of median income;2012 2012;4.3
230 Rudersdal;50 50 per cent of median income;2012 2012;5.0
250 Frederikssund;50 50 per cent of median income;2012 2012;3.8
259 Køge;50 50 per cent of median income;2012 2012;4.5
265 Roskilde;50 50 per cent of median income;2012 2012;6.0
270 Gribskov;50 50 per cent of median income;2012 2012;4.3
316 Holbæk;50 50 per cent of median income;2012 2012;5.3
326 Kalundborg;50 50 per cent of median income;2012 2012;4.8
330 Slagelse;50 50 per cent of median income;2012 2012;6.5
340 Sorø;50 50 per cent of median income;2012 2012;4.3
360 Lolland;50 50 per cent of median income;2012 2012;6.6
376 Guldborgsund;50 50 per cent of median income;2012 2012;6.2
400 Bornholm;50 50 per cent of median income;2012 2012;4.9
420 Assens;50 50 per cent of median income;2012 2012;4.1
440 Kerteminde;50 50 per cent of median income;2012 2012;3.9
461 Odense;50 50 per cent of median income;2012 2012;10.3
480 Nordfyns;50 50 per cent of median income;2012 2012;4.1
492 Ærø;50 50 per cent of median income;2012 2012;7.6
530 Billund;50 50 per cent of median income;2012 2012;4.1
550 Tønder;50 50 per cent of median income;2012 2012;6.4
563 Fanø;50 50 per cent of median income;2012 2012;4.3
575 Vejen;50 50 per cent of median income;2012 2012;4.4
607 Fredericia;50 50 per cent of median income;2012 2012;5.7
621 Kolding;50 50 per cent of median income;2012 2012;5.7
657 Herning;50 50 per cent of median income;2012 2012;5.9
665 Lemvig;50 50 per cent of median income;2012 2012;5.2
706 Syddjurs;50 50 per cent of median income;2012 2012;3.9
710 Favrskov;50 50 per cent of median income;2012 2012;3.1
730 Randers;50 50 per cent of median income;2012 2012;5.9
741 Samsø;50 50 per cent of median income;2012 2012;5.1
751 Aarhus;50 50 per cent of median income;2012 2012;12.5
760 Ringkøbing-Skjern;50 50 per cent of median income;2012 2012;4.7
773 Morsø;50 50 per cent of median income;2012 2012;5.4
787 Thisted;50 50 per cent of median income;2012 2012;5.3
810 Brønderslev;50 50 per cent of median income;2012 2012;4.7
820 Vesthimmerlands;50 50 per cent of median income;2012 2012;5.7
840 Rebild;50 50 per cent of median income;2012 2012;3.8
849 Jammerbugt;50 50 per cent of median income;2012 2012;4.5
860 Hjørring;50 50 per cent of median income;2012 2012;5.6
101 Copenhagen;50 50 per cent of median income;2011 2011;15.3
151 Ballerup;50 50 per cent of median income;2011 2011;5.6
155 Dragør;50 50 per cent of median income;2011 2011;4.0
159 Gladsaxe;50 50 per cent of median income;2011 2011;7.4
163 Herlev;50 50 per cent of median income;2011 2011;5.7
167 Hvidovre;50 50 per cent of median income;2011 2011;6.8
173 Lyngby-Taarbæk;50 50 per cent of median income;2011 2011;6.9
183 Ishøj;50 50 per cent of median income;2011 2011;7.7
187 Vallensbæk;50 50 per cent of median income;2011 2011;5.0
201 Allerød;50 50 per cent of median income;2011 2011;3.1
217 Helsingør;50 50 per cent of median income;2011 2011;5.8
223 Hørsholm;50 50 per cent of median income;2011 2011;4.4
240 Egedal;50 50 per cent of median income;2011 2011;2.6
253 Greve;50 50 per cent of median income;2011 2011;4.3
260 Halsnæs;50 50 per cent of median income;2011 2011;4.6
269 Solrød;50 50 per cent of median income;2011 2011;3.5
306 Odsherred;50 50 per cent of median income;2011 2011;5.4
320 Faxe;50 50 per cent of median income;2011 2011;5.0
329 Ringsted;50 50 per cent of median income;2011 2011;5.3
336 Stevns;50 50 per cent of median income;2011 2011;4.4
350 Lejre;50 50 per cent of median income;2011 2011;3.6
370 Næstved;50 50 per cent of median income;2011 2011;5.8
390 Vordingborg;50 50 per cent of median income;2011 2011;6.6
410 Middelfart;50 50 per cent of median income;2011 2011;3.9
430 Faaborg-Midtfyn;50 50 per cent of median income;2011 2011;4.6
450 Nyborg;50 50 per cent of median income;2011 2011;4.6
479 Svendborg;50 50 per cent of median income;2011 2011;6.6
482 Langeland;50 50 per cent of median income;2011 2011;6.2
510 Haderslev;50 50 per cent of median income;2011 2011;6.5
540 Sønderborg;50 50 per cent of median income;2011 2011;6.0
561 Esbjerg;50 50 per cent of median income;2011 2011;6.6
573 Varde;50 50 per cent of median income;2011 2011;5.0
580 Aabenraa;50 50 per cent of median income;2011 2011;6.4
615 Horsens;50 50 per cent of median income;2011 2011;6.3
630 Vejle;50 50 per cent of median income;2011 2011;5.5
661 Holstebro;50 50 per cent of median income;2011 2011;6.1
671 Struer;50 50 per cent of median income;2011 2011;5.0
707 Norddjurs;50 50 per cent of median income;2011 2011;6.5
727 Odder;50 50 per cent of median income;2011 2011;3.9
740 Silkeborg;50 50 per cent of median income;2011 2011;5.3
746 Skanderborg;50 50 per cent of median income;2011 2011;3.2
756 Ikast-Brande;50 50 per cent of median income;2011 2011;4.9
766 Hedensted;50 50 per cent of median income;2002 2002;2.8
779 Skive;50 50 per cent of median income;2002 2002;4.5
791 Viborg;50 50 per cent of median income;2002 2002;4.4
813 Frederikshavn;50 50 per cent of median income;2002 2002;3.8
825 Læsø;50 50 per cent of median income;2002 2002;3.6
846 Mariagerfjord;50 50 per cent of median income;2002 2002;4.8
851 Aalborg;50 50 per cent of median income;2002 2002;6.6
766 Hedensted;60 60 per cent of median income;2015 2015;7.2
779 Skive;60 60 per cent of median income;2015 2015;10.2
791 Viborg;60 60 per cent of median income;2015 2015;10.3
813 Frederikshavn;60 60 per cent of median income;2015 2015;10.0
825 Læsø;60 60 per cent of median income;2015 2015;9.4
846 Mariagerfjord;60 60 per cent of median income;2015 2015;10.7
851 Aalborg;60 60 per cent of median income;2015 2015;16.9
000 All Denmark;60 60 per cent of median income;2016 2016;13.6
147 Frederiksberg;60 60 per cent of median income;2016 2016;16.4
153 Brøndby;60 60 per cent of median income;2016 2016;16.4
157 Gentofte;60 60 per cent of median income;2016 2016;10.0
161 Glostrup;60 60 per cent of median income;2016 2016;12.4
165 Albertslund;60 60 per cent of median income;2016 2016;18.0
169 Høje-Taastrup;60 60 per cent of median income;2016 2016;15.1
175 Rødovre;60 60 per cent of median income;2016 2016;12.7
185 Tårnby;60 60 per cent of median income;2016 2016;9.9
190 Furesø;60 60 per cent of median income;2016 2016;8.1
210 Fredensborg;60 60 per cent of median income;2016 2016;9.8
219 Hillerød;60 60 per cent of median income;2016 2016;9.1
230 Rudersdal;60 60 per cent of median income;2016 2016;8.3
250 Frederikssund;60 60 per cent of median income;2016 2016;8.7
259 Køge;60 60 per cent of median income;2016 2016;10.4
265 Roskilde;60 60 per cent of median income;2016 2016;11.0
270 Gribskov;60 60 per cent of median income;2016 2016;8.8
316 Holbæk;60 60 per cent of median income;2016 2016;11.2
326 Kalundborg;60 60 per cent of median income;2016 2016;11.7
330 Slagelse;60 60 per cent of median income;2016 2016;14.4
340 Sorø;60 60 per cent of median income;2016 2016;10.3
360 Lolland;60 60 per cent of median income;2016 2016;16.0
376 Guldborgsund;60 60 per cent of median income;2016 2016;14.6
400 Bornholm;60 60 per cent of median income;2016 2016;11.1
420 Assens;60 60 per cent of median income;2016 2016;10.6
440 Kerteminde;60 60 per cent of median income;2016 2016;10.7
461 Odense;60 60 per cent of median income;2016 2016;19.8
480 Nordfyns;60 60 per cent of median income;2016 2016;10.4
492 Ærø;60 60 per cent of median income;2016 2016;14.1
530 Billund;60 60 per cent of median income;2016 2016;9.9
550 Tønder;60 60 per cent of median income;2016 2016;13.4
563 Fanø;60 60 per cent of median income;2016 2016;9.3
575 Vejen;60 60 per cent of median income;2016 2016;11.0
607 Fredericia;60 60 per cent of median income;2016 2016;13.0
621 Kolding;60 60 per cent of median income;2016 2016;12.1
657 Herning;60 60 per cent of median income;2016 2016;11.2
665 Lemvig;60 60 per cent of median income;2016 2016;9.7
706 Syddjurs;60 60 per cent of median income;2016 2016;9.4
710 Favrskov;60 60 per cent of median income;2016 2016;7.1
730 Randers;60 60 per cent of median income;2016 2016;12.9
741 Samsø;60 60 per cent of median income;2016 2016;11.5
751 Aarhus;60 60 per cent of median income;2016 2016;20.1
760 Ringkøbing-Skjern;60 60 per cent of median income;2016 2016;9.6
773 Morsø;60 60 per cent of median income;2016 2016;12.7
787 Thisted;60 60 per cent of median income;2016 2016;11.5
810 Brønderslev;60 60 per cent of median income;2016 2016;11.4
820 Vesthimmerlands;60 60 per cent of median income;2016 2016;11.9
840 Rebild;60 60 per cent of median income;2016 2016;8.3
849 Jammerbugt;60 60 per cent of median income;2016 2016;10.8
860 Hjørring;60 60 per cent of median income;2016 2016;12.3
101 Copenhagen;60 60 per cent of median income;2017 2017;24.8
151 Ballerup;60 60 per cent of median income;2017 2017;11.3
155 Dragør;60 60 per cent of median income;2017 2017;6.3
159 Gladsaxe;60 60 per cent of median income;2017 2017;14.2
163 Herlev;60 60 per cent of median income;2017 2017;12.5
167 Hvidovre;60 60 per cent of median income;2017 2017;13.8
173 Lyngby-Taarbæk;60 60 per cent of median income;2017 2017;12.1
183 Ishøj;60 60 per cent of median income;2017 2017;18.4
187 Vallensbæk;60 60 per cent of median income;2017 2017;10.1
201 Allerød;60 60 per cent of median income;2017 2017;5.8
217 Helsingør;60 60 per cent of median income;2017 2017;11.8
223 Hørsholm;60 60 per cent of median income;2017 2017;7.4
240 Egedal;60 60 per cent of median income;2017 2017;6.0
253 Greve;60 60 per cent of median income;2017 2017;8.9
260 Halsnæs;60 60 per cent of median income;2017 2017;10.1
269 Solrød;60 60 per cent of median income;2017 2017;7.0
306 Odsherred;60 60 per cent of median income;2017 2017;12.4
320 Faxe;60 60 per cent of median income;2017 2017;11.9
329 Ringsted;60 60 per cent of median income;2017 2017;12.2
336 Stevns;60 60 per cent of median income;2017 2017;9.9
350 Lejre;60 60 per cent of median income;2017 2017;7.2
370 Næstved;60 60 per cent of median income;2017 2017;12.9
390 Vordingborg;60 60 per cent of median income;2017 2017;13.9
410 Middelfart;60 60 per cent of median income;2017 2017;8.7
430 Faaborg-Midtfyn;60 60 per cent of median income;2017 2017;10.7
450 Nyborg;60 60 per cent of median income;2017 2017;11.7
479 Svendborg;60 60 per cent of median income;2017 2017;14.6
482 Langeland;60 60 per cent of median income;2017 2017;14.3
510 Haderslev;60 60 per cent of median income;2017 2017;13.2
540 Sønderborg;60 60 per cent of median income;2017 2017;12.7
561 Esbjerg;60 60 per cent of median income;2017 2017;13.3
573 Varde;60 60 per cent of median income;2017 2017;9.9
580 Aabenraa;60 60 per cent of median income;2017 2017;13.0
615 Horsens;60 60 per cent of median income;2017 2017;12.6
630 Vejle;60 60 per cent of median income;2017 2017;10.7
661 Holstebro;60 60 per cent of median income;2017 2017;11.4
671 Struer;60 60 per cent of median income;2017 2017;11.8
707 Norddjurs;60 60 per cent of median income;2017 2017;13.4
727 Odder;60 60 per cent of median income;2017 2017;8.8
740 Silkeborg;60 60 per cent of median income;2017 2017;9.7
746 Skanderborg;60 60 per cent of median income;2017 2017;6.8
756 Ikast-Brande;60 60 per cent of median income;2017 2017;9.8
766 Hedensted;60 60 per cent of median income;2017 2017;8.0
779 Skive;60 60 per cent of median income;2017 2017;11.0
791 Viborg;60 60 per cent of median income;2017 2017;10.9
813 Frederikshavn;60 60 per cent of median income;2017 2017;11.2
825 Læsø;60 60 per cent of median income;2017 2017;10.1
846 Mariagerfjord;60 60 per cent of median income;2017 2017;11.3
851 Aalborg;60 60 per cent of median income;2017 2017;18.2
000 All Denmark;60 60 per cent of median income;2018 2018;14.0
147 Frederiksberg;60 60 per cent of median income;2018 2018;16.2
153 Brøndby;60 60 per cent of median income;2018 2018;17.7
157 Gentofte;60 60 per cent of median income;2018 2018;10.3
161 Glostrup;60 60 per cent of median income;2018 2018;12.9
165 Albertslund;60 60 per cent of median income;2018 2018;17.7
169 Høje-Taastrup;60 60 per cent of median income;2018 2018;15.3
175 Rødovre;60 60 per cent of median income;2018 2018;13.6
185 Tårnby;60 60 per cent of median income;2018 2018;10.4
190 Furesø;60 60 per cent of median income;2018 2018;8.7
210 Fredensborg;60 60 per cent of median income;2018 2018;9.8
219 Hillerød;60 60 per cent of median income;2018 2018;9.7
230 Rudersdal;60 60 per cent of median income;2018 2018;8.6
250 Frederikssund;60 60 per cent of median income;2018 2018;9.0
259 Køge;60 60 per cent of median income;2018 2018;10.6
265 Roskilde;60 60 per cent of median income;2018 2018;10.9
270 Gribskov;60 60 per cent of median income;2018 2018;9.5
316 Holbæk;60 60 per cent of median income;2018 2018;11.6
326 Kalundborg;60 60 per cent of median income;2018 2018;12.2
330 Slagelse;60 60 per cent of median income;2018 2018;14.8
340 Sorø;60 60 per cent of median income;2018 2018;10.8
360 Lolland;60 60 per cent of median income;2018 2018;17.1
376 Guldborgsund;60 60 per cent of median income;2018 2018;15.3
400 Bornholm;60 60 per cent of median income;2018 2018;12.3
420 Assens;60 60 per cent of median income;2018 2018;11.1
440 Kerteminde;60 60 per cent of median income;2018 2018;11.0
461 Odense;60 60 per cent of median income;2018 2018;20.7
480 Nordfyns;60 60 per cent of median income;2018 2018;10.4
492 Ærø;60 60 per cent of median income;2018 2018;15.1
530 Billund;60 60 per cent of median income;2018 2018;9.7
550 Tønder;60 60 per cent of median income;2018 2018;13.3
563 Fanø;60 60 per cent of median income;2018 2018;9.3
575 Vejen;60 60 per cent of median income;2018 2018;10.8
607 Fredericia;60 60 per cent of median income;2018 2018;13.2
621 Kolding;60 60 per cent of median income;2018 2018;12.0
657 Herning;60 60 per cent of median income;2018 2018;11.2
665 Lemvig;60 60 per cent of median income;2018 2018;10.0
706 Syddjurs;60 60 per cent of median income;2018 2018;9.6
710 Favrskov;60 60 per cent of median income;2018 2018;7.2
730 Randers;60 60 per cent of median income;2018 2018;13.2
741 Samsø;60 60 per cent of median income;2018 2018;12.9
751 Aarhus;60 60 per cent of median income;2018 2018;20.8
760 Ringkøbing-Skjern;60 60 per cent of median income;2018 2018;9.7
773 Morsø;60 60 per cent of median income;2018 2018;13.0
787 Thisted;60 60 per cent of median income;2018 2018;11.7
810 Brønderslev;60 60 per cent of median income;2018 2018;11.6
820 Vesthimmerlands;60 60 per cent of median income;2018 2018;12.3
840 Rebild;60 60 per cent of median income;2018 2018;8.2
849 Jammerbugt;60 60 per cent of median income;2018 2018;11.0
860 Hjørring;60 60 per cent of median income;2018 2018;11.8
773 Morsø;50 50 per cent of median income;2020 2020;6.0
787 Thisted;50 50 per cent of median income;2020 2020;6.5
810 Brønderslev;50 50 per cent of median income;2020 2020;6.0
820 Vesthimmerlands;50 50 per cent of median income;2020 2020;6.3
840 Rebild;50 50 per cent of median income;2020 2020;4.1
849 Jammerbugt;50 50 per cent of median income;2020 2020;6.0
860 Hjørring;50 50 per cent of median income;2020 2020;6.6
101 Copenhagen;50 50 per cent of median income;2021 2021;15.6
151 Ballerup;50 50 per cent of median income;2021 2021;6.5
155 Dragør;50 50 per cent of median income;2021 2021;4.5
159 Gladsaxe;50 50 per cent of median income;2021 2021;8.4
163 Herlev;50 50 per cent of median income;2021 2021;6.8
167 Hvidovre;50 50 per cent of median income;2021 2021;8.0
173 Lyngby-Taarbæk;50 50 per cent of median income;2021 2021;8.7
183 Ishøj;50 50 per cent of median income;2021 2021;9.6
187 Vallensbæk;50 50 per cent of median income;2021 2021;6.2
201 Allerød;50 50 per cent of median income;2021 2021;3.5
217 Helsingør;50 50 per cent of median income;2021 2021;6.0
223 Hørsholm;50 50 per cent of median income;2021 2021;4.8
240 Egedal;50 50 per cent of median income;2021 2021;3.7
253 Greve;50 50 per cent of median income;2021 2021;5.5
260 Halsnæs;50 50 per cent of median income;2021 2021;5.4
269 Solrød;50 50 per cent of median income;2021 2021;3.9
306 Odsherred;50 50 per cent of median income;2021 2021;6.6
320 Faxe;50 50 per cent of median income;2021 2021;6.1
329 Ringsted;50 50 per cent of median income;2021 2021;6.1
336 Stevns;50 50 per cent of median income;2021 2021;5.1
350 Lejre;50 50 per cent of median income;2021 2021;4.3
370 Næstved;50 50 per cent of median income;2021 2021;7.1
390 Vordingborg;50 50 per cent of median income;2021 2021;7.4
410 Middelfart;50 50 per cent of median income;2021 2021;5.0
430 Faaborg-Midtfyn;50 50 per cent of median income;2021 2021;5.7
450 Nyborg;50 50 per cent of median income;2021 2021;6.3
479 Svendborg;50 50 per cent of median income;2021 2021;8.4
482 Langeland;50 50 per cent of median income;2021 2021;7.6
510 Haderslev;50 50 per cent of median income;2021 2021;7.1
540 Sønderborg;50 50 per cent of median income;2021 2021;6.9
561 Esbjerg;50 50 per cent of median income;2021 2021;7.2
573 Varde;50 50 per cent of median income;2021 2021;4.9
580 Aabenraa;50 50 per cent of median income;2021 2021;7.0
615 Horsens;50 50 per cent of median income;2021 2021;6.7
630 Vejle;50 50 per cent of median income;2021 2021;6.1
661 Holstebro;50 50 per cent of median income;2021 2021;6.4
671 Struer;50 50 per cent of median income;2021 2021;6.1
707 Norddjurs;50 50 per cent of median income;2021 2021;7.5
727 Odder;50 50 per cent of median income;2021 2021;4.4
740 Silkeborg;50 50 per cent of median income;2021 2021;5.2
746 Skanderborg;50 50 per cent of median income;2021 2021;3.5
756 Ikast-Brande;50 50 per cent of median income;2021 2021;6.0
766 Hedensted;50 50 per cent of median income;2021 2021;4.2
779 Skive;50 50 per cent of median income;2021 2021;5.5
791 Viborg;50 50 per cent of median income;2021 2021;6.3
813 Frederikshavn;50 50 per cent of median income;2021 2021;6.1
825 Læsø;50 50 per cent of median income;2021 2021;5.8
846 Mariagerfjord;50 50 per cent of median income;2021 2021;6.0
851 Aalborg;50 50 per cent of median income;2021 2021;12.1
000 All Denmark;50 50 per cent of median income;2022 2022;8.1
147 Frederiksberg;50 50 per cent of median income;2022 2022;10.3
153 Brøndby;50 50 per cent of median income;2022 2022;9.6
157 Gentofte;50 50 per cent of median income;2022 2022;7.4
161 Glostrup;50 50 per cent of median income;2022 2022;7.2
165 Albertslund;50 50 per cent of median income;2022 2022;10.1
169 Høje-Taastrup;50 50 per cent of median income;2022 2022;8.5
175 Rødovre;50 50 per cent of median income;2022 2022;7.9
185 Tårnby;50 50 per cent of median income;2022 2022;5.6
190 Furesø;50 50 per cent of median income;2022 2022;4.3
210 Fredensborg;50 50 per cent of median income;2022 2022;5.6
219 Hillerød;50 50 per cent of median income;2022 2022;6.1
230 Rudersdal;50 50 per cent of median income;2022 2022;5.6
250 Frederikssund;50 50 per cent of median income;2022 2022;4.9
259 Køge;50 50 per cent of median income;2022 2022;6.1
265 Roskilde;50 50 per cent of median income;2022 2022;6.3
270 Gribskov;50 50 per cent of median income;2022 2022;6.0
316 Holbæk;50 50 per cent of median income;2022 2022;6.1
326 Kalundborg;50 50 per cent of median income;2022 2022;6.2
330 Slagelse;50 50 per cent of median income;2022 2022;7.8
340 Sorø;50 50 per cent of median income;2022 2022;5.4
000 All Denmark;60 60 per cent of median income;2019 2019;13.8
147 Frederiksberg;60 60 per cent of median income;2019 2019;15.8
153 Brøndby;60 60 per cent of median income;2019 2019;18.1
157 Gentofte;60 60 per cent of median income;2019 2019;10.0
161 Glostrup;60 60 per cent of median income;2019 2019;13.1
165 Albertslund;60 60 per cent of median income;2019 2019;18.2
169 Høje-Taastrup;60 60 per cent of median income;2019 2019;15.1
175 Rødovre;60 60 per cent of median income;2019 2019;13.7
185 Tårnby;60 60 per cent of median income;2019 2019;10.6
190 Furesø;60 60 per cent of median income;2019 2019;8.0
210 Fredensborg;60 60 per cent of median income;2019 2019;9.8
219 Hillerød;60 60 per cent of median income;2019 2019;9.4
230 Rudersdal;60 60 per cent of median income;2019 2019;8.3
250 Frederikssund;60 60 per cent of median income;2019 2019;9.1
259 Køge;60 60 per cent of median income;2019 2019;10.4
265 Roskilde;60 60 per cent of median income;2019 2019;10.9
270 Gribskov;60 60 per cent of median income;2019 2019;9.4
316 Holbæk;60 60 per cent of median income;2019 2019;11.6
326 Kalundborg;60 60 per cent of median income;2019 2019;12.0
330 Slagelse;60 60 per cent of median income;2019 2019;14.8
340 Sorø;60 60 per cent of median income;2019 2019;10.5
360 Lolland;60 60 per cent of median income;2019 2019;17.1
376 Guldborgsund;60 60 per cent of median income;2019 2019;15.4
400 Bornholm;60 60 per cent of median income;2019 2019;11.9
420 Assens;60 60 per cent of median income;2019 2019;11.1
440 Kerteminde;60 60 per cent of median income;2019 2019;11.0
461 Odense;60 60 per cent of median income;2019 2019;20.8
480 Nordfyns;60 60 per cent of median income;2019 2019;10.6
492 Ærø;60 60 per cent of median income;2019 2019;14.3
530 Billund;60 60 per cent of median income;2019 2019;9.2
550 Tønder;60 60 per cent of median income;2019 2019;13.2
563 Fanø;60 60 per cent of median income;2019 2019;9.0
575 Vejen;60 60 per cent of median income;2019 2019;10.9
607 Fredericia;60 60 per cent of median income;2019 2019;13.3
621 Kolding;60 60 per cent of median income;2019 2019;11.8
657 Herning;60 60 per cent of median income;2019 2019;11.0
665 Lemvig;60 60 per cent of median income;2019 2019;9.9
706 Syddjurs;60 60 per cent of median income;2019 2019;9.4
710 Favrskov;60 60 per cent of median income;2019 2019;6.9
730 Randers;60 60 per cent of median income;2019 2019;13.1
741 Samsø;60 60 per cent of median income;2019 2019;12.6
751 Aarhus;60 60 per cent of median income;2019 2019;21.2
760 Ringkøbing-Skjern;60 60 per cent of median income;2019 2019;9.5
773 Morsø;60 60 per cent of median income;2019 2019;12.8
787 Thisted;60 60 per cent of median income;2019 2019;11.6
810 Brønderslev;60 60 per cent of median income;2019 2019;11.1
820 Vesthimmerlands;60 60 per cent of median income;2019 2019;11.8
840 Rebild;60 60 per cent of median income;2019 2019;7.9
849 Jammerbugt;60 60 per cent of median income;2019 2019;10.7
860 Hjørring;60 60 per cent of median income;2019 2019;12.0
101 Copenhagen;60 60 per cent of median income;2020 2020;24.3
151 Ballerup;60 60 per cent of median income;2020 2020;12.3
155 Dragør;60 60 per cent of median income;2020 2020;7.1
159 Gladsaxe;60 60 per cent of median income;2020 2020;13.6
163 Herlev;60 60 per cent of median income;2020 2020;11.8
167 Hvidovre;60 60 per cent of median income;2020 2020;13.8
173 Lyngby-Taarbæk;60 60 per cent of median income;2020 2020;12.2
183 Ishøj;60 60 per cent of median income;2020 2020;17.5
187 Vallensbæk;60 60 per cent of median income;2020 2020;10.1
201 Allerød;60 60 per cent of median income;2020 2020;5.5
217 Helsingør;60 60 per cent of median income;2020 2020;10.9
223 Hørsholm;60 60 per cent of median income;2020 2020;7.2
240 Egedal;60 60 per cent of median income;2020 2020;5.9
253 Greve;60 60 per cent of median income;2020 2020;9.4
260 Halsnæs;60 60 per cent of median income;2020 2020;10.1
269 Solrød;60 60 per cent of median income;2020 2020;6.8
306 Odsherred;60 60 per cent of median income;2020 2020;12.3
320 Faxe;60 60 per cent of median income;2020 2020;11.1
329 Ringsted;60 60 per cent of median income;2020 2020;12.2
336 Stevns;60 60 per cent of median income;2020 2020;9.3
350 Lejre;60 60 per cent of median income;2020 2020;7.3
370 Næstved;60 60 per cent of median income;2020 2020;12.8
390 Vordingborg;60 60 per cent of median income;2020 2020;13.4
410 Middelfart;60 60 per cent of median income;2020 2020;8.9
430 Faaborg-Midtfyn;60 60 per cent of median income;2020 2020;10.8
450 Nyborg;60 60 per cent of median income;2020 2020;11.6
479 Svendborg;60 60 per cent of median income;2020 2020;14.5
482 Langeland;60 60 per cent of median income;2020 2020;15.8
510 Haderslev;60 60 per cent of median income;2020 2020;13.2
540 Sønderborg;60 60 per cent of median income;2020 2020;13.0
561 Esbjerg;60 60 per cent of median income;2020 2020;13.0
573 Varde;60 60 per cent of median income;2020 2020;9.7
580 Aabenraa;60 60 per cent of median income;2020 2020;13.3
615 Horsens;60 60 per cent of median income;2020 2020;12.0
630 Vejle;60 60 per cent of median income;2020 2020;10.6
661 Holstebro;60 60 per cent of median income;2020 2020;11.7
671 Struer;60 60 per cent of median income;2020 2020;11.3
707 Norddjurs;60 60 per cent of median income;2020 2020;13.2
727 Odder;60 60 per cent of median income;2020 2020;8.3
740 Silkeborg;60 60 per cent of median income;2020 2020;9.4
746 Skanderborg;60 60 per cent of median income;2020 2020;6.4
756 Ikast-Brande;60 60 per cent of median income;2020 2020;10.6
000 All Denmark;50 50 per cent of median income;2014 2014;7.6
147 Frederiksberg;50 50 per cent of median income;2014 2014;10.8
153 Brøndby;50 50 per cent of median income;2014 2014;8.3
157 Gentofte;50 50 per cent of median income;2014 2014;6.7
161 Glostrup;50 50 per cent of median income;2014 2014;6.3
165 Albertslund;50 50 per cent of median income;2014 2014;10.3
169 Høje-Taastrup;50 50 per cent of median income;2014 2014;7.7
175 Rødovre;50 50 per cent of median income;2014 2014;6.7
185 Tårnby;50 50 per cent of median income;2014 2014;5.3
190 Furesø;50 50 per cent of median income;2014 2014;3.9
210 Fredensborg;50 50 per cent of median income;2014 2014;4.8
219 Hillerød;50 50 per cent of median income;2014 2014;4.9
230 Rudersdal;50 50 per cent of median income;2014 2014;5.0
250 Frederikssund;50 50 per cent of median income;2014 2014;4.2
259 Køge;50 50 per cent of median income;2014 2014;5.0
265 Roskilde;50 50 per cent of median income;2014 2014;6.7
270 Gribskov;50 50 per cent of median income;2014 2014;4.9
316 Holbæk;50 50 per cent of median income;2014 2014;5.7
326 Kalundborg;50 50 per cent of median income;2014 2014;5.8
330 Slagelse;50 50 per cent of median income;2014 2014;7.5
340 Sorø;50 50 per cent of median income;2014 2014;4.8
360 Lolland;50 50 per cent of median income;2014 2014;7.4
376 Guldborgsund;50 50 per cent of median income;2014 2014;7.1
400 Bornholm;50 50 per cent of median income;2014 2014;5.3
420 Assens;50 50 per cent of median income;2014 2014;4.7
440 Kerteminde;50 50 per cent of median income;2014 2014;4.2
461 Odense;50 50 per cent of median income;2014 2014;11.7
480 Nordfyns;50 50 per cent of median income;2014 2014;4.4
492 Ærø;50 50 per cent of median income;2014 2014;8.4
530 Billund;50 50 per cent of median income;2014 2014;4.8
550 Tønder;50 50 per cent of median income;2014 2014;6.7
563 Fanø;50 50 per cent of median income;2014 2014;3.7
575 Vejen;50 50 per cent of median income;2014 2014;5.0
607 Fredericia;50 50 per cent of median income;2014 2014;6.6
621 Kolding;50 50 per cent of median income;2014 2014;6.3
657 Herning;50 50 per cent of median income;2014 2014;6.0
665 Lemvig;50 50 per cent of median income;2014 2014;5.0
706 Syddjurs;50 50 per cent of median income;2014 2014;4.4
710 Favrskov;50 50 per cent of median income;2014 2014;3.3
730 Randers;50 50 per cent of median income;2014 2014;6.7
741 Samsø;50 50 per cent of median income;2014 2014;5.7
751 Aarhus;50 50 per cent of median income;2014 2014;12.8
760 Ringkøbing-Skjern;50 50 per cent of median income;2014 2014;4.7
773 Morsø;50 50 per cent of median income;2014 2014;6.1
787 Thisted;50 50 per cent of median income;2014 2014;5.6
810 Brønderslev;50 50 per cent of median income;2014 2014;5.3
820 Vesthimmerlands;50 50 per cent of median income;2014 2014;6.0
840 Rebild;50 50 per cent of median income;2014 2014;3.6
849 Jammerbugt;50 50 per cent of median income;2014 2014;4.9
860 Hjørring;50 50 per cent of median income;2014 2014;6.0
101 Copenhagen;50 50 per cent of median income;2015 2015;15.4
151 Ballerup;50 50 per cent of median income;2015 2015;5.9
155 Dragør;50 50 per cent of median income;2015 2015;3.7
159 Gladsaxe;50 50 per cent of median income;2015 2015;8.0
163 Herlev;50 50 per cent of median income;2015 2015;6.3
167 Hvidovre;50 50 per cent of median income;2015 2015;7.2
173 Lyngby-Taarbæk;50 50 per cent of median income;2015 2015;7.4
183 Ishøj;50 50 per cent of median income;2015 2015;8.7
187 Vallensbæk;50 50 per cent of median income;2015 2015;5.5
201 Allerød;50 50 per cent of median income;2015 2015;3.0
217 Helsingør;50 50 per cent of median income;2015 2015;5.9
223 Hørsholm;50 50 per cent of median income;2015 2015;4.4
240 Egedal;50 50 per cent of median income;2015 2015;2.9
253 Greve;50 50 per cent of median income;2015 2015;4.6
260 Halsnæs;50 50 per cent of median income;2015 2015;5.1
269 Solrød;50 50 per cent of median income;2015 2015;3.5
306 Odsherred;50 50 per cent of median income;2015 2015;5.8
320 Faxe;50 50 per cent of median income;2015 2015;5.8
329 Ringsted;50 50 per cent of median income;2015 2015;5.7
336 Stevns;50 50 per cent of median income;2015 2015;4.8
350 Lejre;50 50 per cent of median income;2015 2015;4.0
370 Næstved;50 50 per cent of median income;2015 2015;6.5
390 Vordingborg;50 50 per cent of median income;2015 2015;6.8
410 Middelfart;50 50 per cent of median income;2015 2015;4.0
430 Faaborg-Midtfyn;50 50 per cent of median income;2015 2015;4.5
450 Nyborg;50 50 per cent of median income;2015 2015;5.5
479 Svendborg;50 50 per cent of median income;2015 2015;7.2
482 Langeland;50 50 per cent of median income;2015 2015;6.4
510 Haderslev;50 50 per cent of median income;2015 2015;6.8
540 Sønderborg;50 50 per cent of median income;2015 2015;6.3
561 Esbjerg;50 50 per cent of median income;2015 2015;7.0
573 Varde;50 50 per cent of median income;2015 2015;4.9
580 Aabenraa;50 50 per cent of median income;2015 2015;6.6
615 Horsens;50 50 per cent of median income;2015 2015;6.6
630 Vejle;50 50 per cent of median income;2015 2015;5.4
661 Holstebro;50 50 per cent of median income;2015 2015;5.7
671 Struer;50 50 per cent of median income;2015 2015;6.2
707 Norddjurs;50 50 per cent of median income;2015 2015;8.0
727 Odder;50 50 per cent of median income;2015 2015;4.4
740 Silkeborg;50 50 per cent of median income;2015 2015;5.0
746 Skanderborg;50 50 per cent of median income;2015 2015;3.1
756 Ikast-Brande;50 50 per cent of median income;2015 2015;4.8
000 All Denmark;60 60 per cent of median income;2024 2024;13.3
147 Frederiksberg;60 60 per cent of median income;2024 2024;14.9
153 Brøndby;60 60 per cent of median income;2024 2024;17.4
157 Gentofte;60 60 per cent of median income;2024 2024;9.6
161 Glostrup;60 60 per cent of median income;2024 2024;12.9
165 Albertslund;60 60 per cent of median income;2024 2024;15.8
169 Høje-Taastrup;60 60 per cent of median income;2024 2024;14.5
175 Rødovre;60 60 per cent of median income;2024 2024;12.8
185 Tårnby;60 60 per cent of median income;2024 2024;9.8
190 Furesø;60 60 per cent of median income;2024 2024;6.9
210 Fredensborg;60 60 per cent of median income;2024 2024;9.0
219 Hillerød;60 60 per cent of median income;2024 2024;8.7
230 Rudersdal;60 60 per cent of median income;2024 2024;7.6
250 Frederikssund;60 60 per cent of median income;2024 2024;9.2
259 Køge;60 60 per cent of median income;2024 2024;10.3
265 Roskilde;60 60 per cent of median income;2024 2024;9.4
270 Gribskov;60 60 per cent of median income;2024 2024;9.6
316 Holbæk;60 60 per cent of median income;2024 2024;10.6
326 Kalundborg;60 60 per cent of median income;2024 2024;11.4
330 Slagelse;60 60 per cent of median income;2024 2024;14.3
340 Sorø;60 60 per cent of median income;2024 2024;10.4
360 Lolland;60 60 per cent of median income;2024 2024;18.2
376 Guldborgsund;60 60 per cent of median income;2024 2024;15.5
400 Bornholm;60 60 per cent of median income;2024 2024;13.3
420 Assens;60 60 per cent of median income;2024 2024;11.3
440 Kerteminde;60 60 per cent of median income;2024 2024;10.4
461 Odense;60 60 per cent of median income;2024 2024;18.4
480 Nordfyns;60 60 per cent of median income;2024 2024;11.2
492 Ærø;60 60 per cent of median income;2024 2024;18.6
530 Billund;60 60 per cent of median income;2024 2024;9.0
550 Tønder;60 60 per cent of median income;2024 2024;15.5
563 Fanø;60 60 per cent of median income;2024 2024;9.2
575 Vejen;60 60 per cent of median income;2024 2024;10.5
607 Fredericia;60 60 per cent of median income;2024 2024;12.5
621 Kolding;60 60 per cent of median income;2024 2024;11.9
657 Herning;60 60 per cent of median income;2024 2024;10.8
665 Lemvig;60 60 per cent of median income;2024 2024;11.4
706 Syddjurs;60 60 per cent of median income;2024 2024;10.4
710 Favrskov;60 60 per cent of median income;2024 2024;7.4
730 Randers;60 60 per cent of median income;2024 2024;13.3
741 Samsø;60 60 per cent of median income;2024 2024;13.8
751 Aarhus;60 60 per cent of median income;2024 2024;20.1
760 Ringkøbing-Skjern;60 60 per cent of median income;2024 2024;9.9
773 Morsø;60 60 per cent of median income;2024 2024;13.9
787 Thisted;60 60 per cent of median income;2024 2024;13.1
810 Brønderslev;60 60 per cent of median income;2024 2024;11.6
820 Vesthimmerlands;60 60 per cent of median income;2024 2024;12.5
840 Rebild;60 60 per cent of median income;2024 2024;7.6
849 Jammerbugt;60 60 per cent of median income;2024 2024;11.9
860 Hjørring;60 60 per cent of median income;2024 2024;12.4
101 Copenhagen;60 60 per cent of median income;2023 2023;21.4
151 Ballerup;60 60 per cent of median income;2023 2023;11.4
155 Dragør;60 60 per cent of median income;2023 2023;6.2
159 Gladsaxe;60 60 per cent of median income;2023 2023;12.8
163 Herlev;60 60 per cent of median income;2023 2023;11.2
167 Hvidovre;60 60 per cent of median income;2023 2023;12.7
173 Lyngby-Taarbæk;60 60 per cent of median income;2023 2023;11.9
183 Ishøj;60 60 per cent of median income;2023 2023;15.9
187 Vallensbæk;60 60 per cent of median income;2023 2023;10.4
201 Allerød;60 60 per cent of median income;2023 2023;5.5
217 Helsingør;60 60 per cent of median income;2023 2023;10.2
223 Hørsholm;60 60 per cent of median income;2023 2023;7.1
240 Egedal;60 60 per cent of median income;2023 2023;6.3
253 Greve;60 60 per cent of median income;2023 2023;9.0
260 Halsnæs;60 60 per cent of median income;2023 2023;9.8
269 Solrød;60 60 per cent of median income;2023 2023;6.2
306 Odsherred;60 60 per cent of median income;2023 2023;12.2
320 Faxe;60 60 per cent of median income;2023 2023;10.8
329 Ringsted;60 60 per cent of median income;2023 2023;10.9
336 Stevns;60 60 per cent of median income;2023 2023;9.3
350 Lejre;60 60 per cent of median income;2023 2023;7.4
370 Næstved;60 60 per cent of median income;2023 2023;12.1
390 Vordingborg;60 60 per cent of median income;2023 2023;13.2
410 Middelfart;60 60 per cent of median income;2023 2023;8.3
430 Faaborg-Midtfyn;60 60 per cent of median income;2023 2023;10.8
450 Nyborg;60 60 per cent of median income;2023 2023;11.1
479 Svendborg;60 60 per cent of median income;2023 2023;13.7
482 Langeland;60 60 per cent of median income;2023 2023;15.4
510 Haderslev;60 60 per cent of median income;2023 2023;12.9
540 Sønderborg;60 60 per cent of median income;2023 2023;13.3
561 Esbjerg;60 60 per cent of median income;2023 2023;11.9
573 Varde;60 60 per cent of median income;2023 2023;9.8
580 Aabenraa;60 60 per cent of median income;2023 2023;13.0
615 Horsens;60 60 per cent of median income;2023 2023;11.5
630 Vejle;60 60 per cent of median income;2023 2023;10.0
661 Holstebro;60 60 per cent of median income;2023 2023;11.2
671 Struer;60 60 per cent of median income;2023 2023;11.2
707 Norddjurs;60 60 per cent of median income;2023 2023;12.8
727 Odder;60 60 per cent of median income;2023 2023;8.2
740 Silkeborg;60 60 per cent of median income;2023 2023;9.2
746 Skanderborg;60 60 per cent of median income;2023 2023;6.6
756 Ikast-Brande;60 60 per cent of median income;2023 2023;10.9
766 Hedensted;60 60 per cent of median income;2023 2023;8.1
779 Skive;60 60 per cent of median income;2023 2023;10.9
791 Viborg;60 60 per cent of median income;2023 2023;10.8
813 Frederikshavn;60 60 per cent of median income;2023 2023;11.4
825 Læsø;60 60 per cent of median income;2023 2023;12.1
846 Mariagerfjord;60 60 per cent of median income;2023 2023;11.1
851 Aalborg;60 60 per cent of median income;2023 2023;17.2
350 Lejre;50 50 per cent of median income;2022 2022;4.3
370 Næstved;50 50 per cent of median income;2022 2022;6.8
390 Vordingborg;50 50 per cent of median income;2022 2022;7.4
410 Middelfart;50 50 per cent of median income;2022 2022;4.8
430 Faaborg-Midtfyn;50 50 per cent of median income;2022 2022;5.5
450 Nyborg;50 50 per cent of median income;2022 2022;6.1
479 Svendborg;50 50 per cent of median income;2022 2022;7.9
482 Langeland;50 50 per cent of median income;2022 2022;7.6
510 Haderslev;50 50 per cent of median income;2022 2022;6.8
540 Sønderborg;50 50 per cent of median income;2022 2022;6.8
561 Esbjerg;50 50 per cent of median income;2022 2022;6.5
573 Varde;50 50 per cent of median income;2022 2022;4.8
580 Aabenraa;50 50 per cent of median income;2022 2022;7.0
615 Horsens;50 50 per cent of median income;2022 2022;6.3
630 Vejle;50 50 per cent of median income;2022 2022;5.6
661 Holstebro;50 50 per cent of median income;2022 2022;6.3
671 Struer;50 50 per cent of median income;2022 2022;5.8
707 Norddjurs;50 50 per cent of median income;2022 2022;7.0
727 Odder;50 50 per cent of median income;2022 2022;4.6
740 Silkeborg;50 50 per cent of median income;2022 2022;4.8
746 Skanderborg;50 50 per cent of median income;2022 2022;3.6
756 Ikast-Brande;50 50 per cent of median income;2022 2022;5.9
766 Hedensted;50 50 per cent of median income;2022 2022;4.1
779 Skive;50 50 per cent of median income;2022 2022;5.1
791 Viborg;50 50 per cent of median income;2022 2022;5.8
813 Frederikshavn;50 50 per cent of median income;2022 2022;5.8
825 Læsø;50 50 per cent of median income;2022 2022;6.8
846 Mariagerfjord;50 50 per cent of median income;2022 2022;5.7
851 Aalborg;50 50 per cent of median income;2022 2022;11.5
773 Morsø;50 50 per cent of median income;2011 2011;6.0
787 Thisted;50 50 per cent of median income;2011 2011;5.9
810 Brønderslev;50 50 per cent of median income;2011 2011;5.2
820 Vesthimmerlands;50 50 per cent of median income;2011 2011;5.8
840 Rebild;50 50 per cent of median income;2011 2011;4.5
849 Jammerbugt;50 50 per cent of median income;2011 2011;5.4
860 Hjørring;50 50 per cent of median income;2011 2011;6.1
101 Copenhagen;50 50 per cent of median income;2010 2010;15.1
151 Ballerup;50 50 per cent of median income;2010 2010;5.6
155 Dragør;50 50 per cent of median income;2010 2010;4.0
159 Gladsaxe;50 50 per cent of median income;2010 2010;7.1
163 Herlev;50 50 per cent of median income;2010 2010;5.6
167 Hvidovre;50 50 per cent of median income;2010 2010;6.7
173 Lyngby-Taarbæk;50 50 per cent of median income;2010 2010;6.7
183 Ishøj;50 50 per cent of median income;2010 2010;8.1
187 Vallensbæk;50 50 per cent of median income;2010 2010;4.8
201 Allerød;50 50 per cent of median income;2010 2010;3.1
217 Helsingør;50 50 per cent of median income;2010 2010;6.1
223 Hørsholm;50 50 per cent of median income;2010 2010;4.6
240 Egedal;50 50 per cent of median income;2010 2010;2.8
253 Greve;50 50 per cent of median income;2010 2010;4.1
260 Halsnæs;50 50 per cent of median income;2010 2010;4.9
269 Solrød;50 50 per cent of median income;2010 2010;3.6
306 Odsherred;50 50 per cent of median income;2010 2010;5.5
320 Faxe;50 50 per cent of median income;2010 2010;5.0
329 Ringsted;50 50 per cent of median income;2010 2010;5.2
336 Stevns;50 50 per cent of median income;2010 2010;4.3
350 Lejre;50 50 per cent of median income;2010 2010;3.8
370 Næstved;50 50 per cent of median income;2010 2010;5.7
390 Vordingborg;50 50 per cent of median income;2010 2010;6.4
410 Middelfart;50 50 per cent of median income;2010 2010;3.8
430 Faaborg-Midtfyn;50 50 per cent of median income;2010 2010;4.7
450 Nyborg;50 50 per cent of median income;2010 2010;4.5
479 Svendborg;50 50 per cent of median income;2010 2010;6.6
482 Langeland;50 50 per cent of median income;2010 2010;5.9
510 Haderslev;50 50 per cent of median income;2010 2010;6.0
540 Sønderborg;50 50 per cent of median income;2010 2010;5.7
561 Esbjerg;50 50 per cent of median income;2010 2010;6.3
573 Varde;50 50 per cent of median income;2010 2010;5.6
580 Aabenraa;50 50 per cent of median income;2010 2010;6.1
615 Horsens;50 50 per cent of median income;2010 2010;6.4
630 Vejle;50 50 per cent of median income;2010 2010;5.5
661 Holstebro;50 50 per cent of median income;2010 2010;5.8
671 Struer;50 50 per cent of median income;2010 2010;5.0
707 Norddjurs;50 50 per cent of median income;2010 2010;6.7
727 Odder;50 50 per cent of median income;2010 2010;4.1
740 Silkeborg;50 50 per cent of median income;2010 2010;5.1
746 Skanderborg;50 50 per cent of median income;2010 2010;3.2
756 Ikast-Brande;50 50 per cent of median income;2010 2010;5.4
766 Hedensted;50 50 per cent of median income;2010 2010;4.3
779 Skive;50 50 per cent of median income;2010 2010;5.4
791 Viborg;50 50 per cent of median income;2010 2010;5.4
813 Frederikshavn;50 50 per cent of median income;2010 2010;5.4
825 Læsø;50 50 per cent of median income;2010 2010;5.5
846 Mariagerfjord;50 50 per cent of median income;2010 2010;5.6
851 Aalborg;50 50 per cent of median income;2010 2010;8.8
000 All Denmark;50 50 per cent of median income;2009 2009;7.0
147 Frederiksberg;50 50 per cent of median income;2009 2009;9.9
153 Brøndby;50 50 per cent of median income;2009 2009;6.3
157 Gentofte;50 50 per cent of median income;2009 2009;7.5
161 Glostrup;50 50 per cent of median income;2009 2009;4.7
165 Albertslund;50 50 per cent of median income;2009 2009;9.0
169 Høje-Taastrup;50 50 per cent of median income;2009 2009;5.9
175 Rødovre;50 50 per cent of median income;2009 2009;5.1
185 Tårnby;50 50 per cent of median income;2009 2009;4.2
190 Furesø;50 50 per cent of median income;2009 2009;4.4
210 Fredensborg;50 50 per cent of median income;2009 2009;4.9
219 Hillerød;50 50 per cent of median income;2009 2009;4.7
230 Rudersdal;50 50 per cent of median income;2009 2009;6.4
250 Frederikssund;50 50 per cent of median income;2009 2009;4.3
259 Køge;50 50 per cent of median income;2009 2009;4.9
265 Roskilde;50 50 per cent of median income;2009 2009;6.1
270 Gribskov;50 50 per cent of median income;2009 2009;5.4
316 Holbæk;50 50 per cent of median income;2009 2009;6.0
326 Kalundborg;50 50 per cent of median income;2009 2009;5.6
330 Slagelse;50 50 per cent of median income;2009 2009;6.3
340 Sorø;50 50 per cent of median income;2009 2009;5.2
360 Lolland;50 50 per cent of median income;2009 2009;7.0
376 Guldborgsund;50 50 per cent of median income;2009 2009;6.7
400 Bornholm;50 50 per cent of median income;2009 2009;5.7
420 Assens;50 50 per cent of median income;2009 2009;4.8
440 Kerteminde;50 50 per cent of median income;2009 2009;4.2
461 Odense;50 50 per cent of median income;2009 2009;8.9
480 Nordfyns;50 50 per cent of median income;2009 2009;5.2
492 Ærø;50 50 per cent of median income;2009 2009;7.8
530 Billund;50 50 per cent of median income;2009 2009;4.5
550 Tønder;50 50 per cent of median income;2009 2009;7.5
563 Fanø;50 50 per cent of median income;2009 2009;4.4
575 Vejen;50 50 per cent of median income;2009 2009;5.8
607 Fredericia;50 50 per cent of median income;2009 2009;4.5
621 Kolding;50 50 per cent of median income;2009 2009;5.8
657 Herning;50 50 per cent of median income;2009 2009;6.2
665 Lemvig;50 50 per cent of median income;2009 2009;6.6
706 Syddjurs;50 50 per cent of median income;2009 2009;5.3
710 Favrskov;50 50 per cent of median income;2009 2009;3.9
730 Randers;50 50 per cent of median income;2009 2009;5.7
741 Samsø;50 50 per cent of median income;2009 2009;7.6
751 Aarhus;50 50 per cent of median income;2009 2009;11.1
760 Ringkøbing-Skjern;50 50 per cent of median income;2009 2009;6.0
773 Morsø;50 50 per cent of median income;2009 2009;6.4
787 Thisted;50 50 per cent of median income;2009 2009;6.6
810 Brønderslev;50 50 per cent of median income;2009 2009;6.2
820 Vesthimmerlands;50 50 per cent of median income;2009 2009;7.1
840 Rebild;50 50 per cent of median income;2009 2009;5.2
849 Jammerbugt;50 50 per cent of median income;2009 2009;6.4
860 Hjørring;50 50 per cent of median income;2009 2009;6.6
101 Copenhagen;50 50 per cent of median income;2008 2008;13.5
151 Ballerup;50 50 per cent of median income;2008 2008;4.8
155 Dragør;50 50 per cent of median income;2008 2008;4.2
159 Gladsaxe;50 50 per cent of median income;2008 2008;6.1
163 Herlev;50 50 per cent of median income;2008 2008;5.1
167 Hvidovre;50 50 per cent of median income;2008 2008;5.3
173 Lyngby-Taarbæk;50 50 per cent of median income;2008 2008;6.3
183 Ishøj;50 50 per cent of median income;2008 2008;6.8
187 Vallensbæk;50 50 per cent of median income;2008 2008;4.5
201 Allerød;50 50 per cent of median income;2008 2008;3.2
217 Helsingør;50 50 per cent of median income;2008 2008;5.9
223 Hørsholm;50 50 per cent of median income;2008 2008;5.1
240 Egedal;50 50 per cent of median income;2008 2008;2.7
253 Greve;50 50 per cent of median income;2008 2008;4.0
260 Halsnæs;50 50 per cent of median income;2008 2008;4.1
269 Solrød;50 50 per cent of median income;2008 2008;3.4
306 Odsherred;50 50 per cent of median income;2008 2008;5.9
320 Faxe;50 50 per cent of median income;2008 2008;5.3
329 Ringsted;50 50 per cent of median income;2008 2008;4.9
336 Stevns;50 50 per cent of median income;2008 2008;4.7
350 Lejre;50 50 per cent of median income;2008 2008;3.8
370 Næstved;50 50 per cent of median income;2008 2008;5.7
390 Vordingborg;50 50 per cent of median income;2008 2008;6.9
410 Middelfart;50 50 per cent of median income;2008 2008;4.1
430 Faaborg-Midtfyn;50 50 per cent of median income;2008 2008;5.1
450 Nyborg;50 50 per cent of median income;2008 2008;4.5
479 Svendborg;50 50 per cent of median income;2008 2008;6.4
482 Langeland;50 50 per cent of median income;2008 2008;6.1
510 Haderslev;50 50 per cent of median income;2008 2008;5.7
540 Sønderborg;50 50 per cent of median income;2008 2008;5.1
561 Esbjerg;50 50 per cent of median income;2008 2008;5.5
573 Varde;50 50 per cent of median income;2008 2008;5.2
580 Aabenraa;50 50 per cent of median income;2008 2008;5.8
615 Horsens;50 50 per cent of median income;2008 2008;5.9
630 Vejle;50 50 per cent of median income;2008 2008;4.9
661 Holstebro;50 50 per cent of median income;2008 2008;6.0
671 Struer;50 50 per cent of median income;2008 2008;5.0
707 Norddjurs;50 50 per cent of median income;2008 2008;6.7
727 Odder;50 50 per cent of median income;2008 2008;4.2
740 Silkeborg;50 50 per cent of median income;2008 2008;5.1
746 Skanderborg;50 50 per cent of median income;2008 2008;3.3
756 Ikast-Brande;50 50 per cent of median income;2008 2008;5.3
766 Hedensted;50 50 per cent of median income;2008 2008;4.2
779 Skive;50 50 per cent of median income;2008 2008;5.2
791 Viborg;50 50 per cent of median income;2008 2008;5.3
813 Frederikshavn;50 50 per cent of median income;2008 2008;5.2
825 Læsø;50 50 per cent of median income;2008 2008;6.5
846 Mariagerfjord;50 50 per cent of median income;2008 2008;5.9
851 Aalborg;50 50 per cent of median income;2008 2008;8.3
000 All Denmark;50 50 per cent of median income;2007 2007;6.0
147 Frederiksberg;50 50 per cent of median income;2007 2007;9.2
153 Brøndby;50 50 per cent of median income;2007 2007;4.9
157 Gentofte;50 50 per cent of median income;2007 2007;6.1
161 Glostrup;50 50 per cent of median income;2007 2007;3.7
165 Albertslund;50 50 per cent of median income;2007 2007;7.5
169 Høje-Taastrup;50 50 per cent of median income;2007 2007;4.8
175 Rødovre;50 50 per cent of median income;2007 2007;4.2
185 Tårnby;50 50 per cent of median income;2007 2007;3.9
190 Furesø;50 50 per cent of median income;2007 2007;3.7
210 Fredensborg;50 50 per cent of median income;2007 2007;3.9
219 Hillerød;50 50 per cent of median income;2007 2007;4.0
230 Rudersdal;50 50 per cent of median income;2007 2007;4.9
250 Frederikssund;50 50 per cent of median income;2007 2007;3.4
259 Køge;50 50 per cent of median income;2007 2007;3.6
265 Roskilde;50 50 per cent of median income;2007 2007;4.8
270 Gribskov;50 50 per cent of median income;2007 2007;3.9
316 Holbæk;50 50 per cent of median income;2007 2007;5.0
326 Kalundborg;50 50 per cent of median income;2007 2007;4.5
330 Slagelse;50 50 per cent of median income;2007 2007;5.6
340 Sorø;50 50 per cent of median income;2007 2007;4.6
360 Lolland;50 50 per cent of median income;2007 2007;6.3
376 Guldborgsund;50 50 per cent of median income;2007 2007;5.8
400 Bornholm;50 50 per cent of median income;2007 2007;5.3
420 Assens;50 50 per cent of median income;2007 2007;4.3
440 Kerteminde;50 50 per cent of median income;2007 2007;3.8
461 Odense;50 50 per cent of median income;2007 2007;8.2
480 Nordfyns;50 50 per cent of median income;2007 2007;4.8
492 Ærø;50 50 per cent of median income;2007 2007;6.2
530 Billund;50 50 per cent of median income;2007 2007;3.7
550 Tønder;50 50 per cent of median income;2007 2007;5.7
563 Fanø;50 50 per cent of median income;2007 2007;4.0
575 Vejen;50 50 per cent of median income;2007 2007;4.6
607 Fredericia;50 50 per cent of median income;2007 2007;3.7
621 Kolding;50 50 per cent of median income;2007 2007;4.8
657 Herning;50 50 per cent of median income;2007 2007;4.8
665 Lemvig;50 50 per cent of median income;2007 2007;4.7
706 Syddjurs;50 50 per cent of median income;2007 2007;4.2
710 Favrskov;50 50 per cent of median income;2007 2007;3.3
730 Randers;50 50 per cent of median income;2007 2007;4.6
741 Samsø;50 50 per cent of median income;2007 2007;6.3
751 Aarhus;50 50 per cent of median income;2007 2007;10.6
760 Ringkøbing-Skjern;50 50 per cent of median income;2007 2007;4.7
773 Morsø;50 50 per cent of median income;2007 2007;5.7
787 Thisted;50 50 per cent of median income;2007 2007;5.1
810 Brønderslev;50 50 per cent of median income;2007 2007;5.3
820 Vesthimmerlands;50 50 per cent of median income;2007 2007;5.0
840 Rebild;50 50 per cent of median income;2007 2007;4.4
849 Jammerbugt;50 50 per cent of median income;2007 2007;5.0
860 Hjørring;50 50 per cent of median income;2007 2007;5.3
101 Copenhagen;50 50 per cent of median income;2006 2006;12.8
151 Ballerup;50 50 per cent of median income;2006 2006;4.1
155 Dragør;50 50 per cent of median income;2006 2006;2.9
159 Gladsaxe;50 50 per cent of median income;2006 2006;5.6
163 Herlev;50 50 per cent of median income;2006 2006;4.8
167 Hvidovre;50 50 per cent of median income;2006 2006;5.3
173 Lyngby-Taarbæk;50 50 per cent of median income;2006 2006;6.1
183 Ishøj;50 50 per cent of median income;2006 2006;6.2
187 Vallensbæk;50 50 per cent of median income;2006 2006;3.3
201 Allerød;50 50 per cent of median income;2006 2006;2.3
217 Helsingør;50 50 per cent of median income;2006 2006;4.8
223 Hørsholm;50 50 per cent of median income;2006 2006;3.3
240 Egedal;50 50 per cent of median income;2006 2006;1.9
253 Greve;50 50 per cent of median income;2006 2006;2.8
260 Halsnæs;50 50 per cent of median income;2006 2006;3.5
269 Solrød;50 50 per cent of median income;2006 2006;2.5
306 Odsherred;50 50 per cent of median income;2006 2006;4.6
320 Faxe;50 50 per cent of median income;2006 2006;4.1
329 Ringsted;50 50 per cent of median income;2006 2006;3.7
336 Stevns;50 50 per cent of median income;2006 2006;3.5
350 Lejre;50 50 per cent of median income;2006 2006;2.7
370 Næstved;50 50 per cent of median income;2006 2006;4.5
390 Vordingborg;50 50 per cent of median income;2006 2006;5.1
410 Middelfart;50 50 per cent of median income;2006 2006;3.3
430 Faaborg-Midtfyn;50 50 per cent of median income;2006 2006;3.9
450 Nyborg;50 50 per cent of median income;2006 2006;4.1
479 Svendborg;50 50 per cent of median income;2006 2006;6.1
482 Langeland;50 50 per cent of median income;2006 2006;5.1
510 Haderslev;50 50 per cent of median income;2006 2006;4.6
540 Sønderborg;50 50 per cent of median income;2006 2006;4.5
561 Esbjerg;50 50 per cent of median income;2006 2006;4.9
573 Varde;50 50 per cent of median income;2006 2006;3.8
580 Aabenraa;50 50 per cent of median income;2006 2006;4.7
615 Horsens;50 50 per cent of median income;2006 2006;4.8
630 Vejle;50 50 per cent of median income;2006 2006;4.2
661 Holstebro;50 50 per cent of median income;2006 2006;5.1
671 Struer;50 50 per cent of median income;2006 2006;4.1
707 Norddjurs;50 50 per cent of median income;2006 2006;5.6
727 Odder;50 50 per cent of median income;2006 2006;3.4
740 Silkeborg;50 50 per cent of median income;2006 2006;4.0
746 Skanderborg;50 50 per cent of median income;2006 2006;2.5
756 Ikast-Brande;50 50 per cent of median income;2006 2006;3.7
766 Hedensted;50 50 per cent of median income;2006 2006;3.1
779 Skive;50 50 per cent of median income;2006 2006;4.1
791 Viborg;50 50 per cent of median income;2006 2006;4.5
813 Frederikshavn;50 50 per cent of median income;2006 2006;4.4
825 Læsø;50 50 per cent of median income;2006 2006;5.5
846 Mariagerfjord;50 50 per cent of median income;2006 2006;4.6
851 Aalborg;50 50 per cent of median income;2006 2006;7.8
000 All Denmark;50 50 per cent of median income;2004 2004;5.7
147 Frederiksberg;50 50 per cent of median income;2004 2004;8.3
153 Brøndby;50 50 per cent of median income;2004 2004;4.9
157 Gentofte;50 50 per cent of median income;2004 2004;5.0
161 Glostrup;50 50 per cent of median income;2004 2004;3.7
165 Albertslund;50 50 per cent of median income;2004 2004;7.0
169 Høje-Taastrup;50 50 per cent of median income;2004 2004;4.8
175 Rødovre;50 50 per cent of median income;2004 2004;4.2
185 Tårnby;50 50 per cent of median income;2004 2004;3.3
190 Furesø;50 50 per cent of median income;2004 2004;3.1
210 Fredensborg;50 50 per cent of median income;2004 2004;3.4
219 Hillerød;50 50 per cent of median income;2004 2004;3.6
230 Rudersdal;50 50 per cent of median income;2004 2004;4.2
250 Frederikssund;50 50 per cent of median income;2004 2004;2.9
259 Køge;50 50 per cent of median income;2004 2004;3.3
265 Roskilde;50 50 per cent of median income;2004 2004;4.3
270 Gribskov;50 50 per cent of median income;2004 2004;3.4
316 Holbæk;50 50 per cent of median income;2004 2004;4.8
326 Kalundborg;50 50 per cent of median income;2004 2004;4.4
330 Slagelse;50 50 per cent of median income;2004 2004;5.4
340 Sorø;50 50 per cent of median income;2004 2004;3.9
360 Lolland;50 50 per cent of median income;2004 2004;5.8
376 Guldborgsund;50 50 per cent of median income;2004 2004;5.0
400 Bornholm;50 50 per cent of median income;2004 2004;5.1
420 Assens;50 50 per cent of median income;2004 2004;3.4
440 Kerteminde;50 50 per cent of median income;2004 2004;2.9
461 Odense;50 50 per cent of median income;2004 2004;8.8
480 Nordfyns;50 50 per cent of median income;2004 2004;4.0
492 Ærø;50 50 per cent of median income;2004 2004;5.5
530 Billund;50 50 per cent of median income;2004 2004;3.4
550 Tønder;50 50 per cent of median income;2004 2004;5.3
563 Fanø;50 50 per cent of median income;2004 2004;3.4
575 Vejen;50 50 per cent of median income;2004 2004;4.0
607 Fredericia;50 50 per cent of median income;2004 2004;4.2
621 Kolding;50 50 per cent of median income;2004 2004;4.9
657 Herning;50 50 per cent of median income;2004 2004;4.4
665 Lemvig;50 50 per cent of median income;2004 2004;5.4
706 Syddjurs;50 50 per cent of median income;2004 2004;3.8
710 Favrskov;50 50 per cent of median income;2004 2004;3.0
730 Randers;50 50 per cent of median income;2004 2004;4.7
741 Samsø;50 50 per cent of median income;2004 2004;5.3
751 Aarhus;50 50 per cent of median income;2004 2004;10.2
760 Ringkøbing-Skjern;50 50 per cent of median income;2004 2004;4.2
773 Morsø;50 50 per cent of median income;2004 2004;4.3
787 Thisted;50 50 per cent of median income;2004 2004;5.0
810 Brønderslev;50 50 per cent of median income;2004 2004;4.6
820 Vesthimmerlands;50 50 per cent of median income;2004 2004;5.0
840 Rebild;50 50 per cent of median income;2004 2004;3.7
849 Jammerbugt;50 50 per cent of median income;2004 2004;4.5
860 Hjørring;50 50 per cent of median income;2004 2004;4.9
101 Copenhagen;50 50 per cent of median income;2003 2003;11.4
151 Ballerup;50 50 per cent of median income;2003 2003;3.0
155 Dragør;50 50 per cent of median income;2003 2003;2.5
159 Gladsaxe;50 50 per cent of median income;2003 2003;4.5
163 Herlev;50 50 per cent of median income;2003 2003;4.4
167 Hvidovre;50 50 per cent of median income;2003 2003;4.5
173 Lyngby-Taarbæk;50 50 per cent of median income;2003 2003;4.9
183 Ishøj;50 50 per cent of median income;2003 2003;5.6
187 Vallensbæk;50 50 per cent of median income;2003 2003;2.1
201 Allerød;50 50 per cent of median income;2003 2003;2.0
217 Helsingør;50 50 per cent of median income;2003 2003;3.9
223 Hørsholm;50 50 per cent of median income;2003 2003;3.2
240 Egedal;50 50 per cent of median income;2003 2003;1.9
253 Greve;50 50 per cent of median income;2003 2003;2.6
260 Halsnæs;50 50 per cent of median income;2003 2003;3.6
269 Solrød;50 50 per cent of median income;2003 2003;2.3
306 Odsherred;50 50 per cent of median income;2003 2003;3.9
320 Faxe;50 50 per cent of median income;2003 2003;4.0
329 Ringsted;50 50 per cent of median income;2003 2003;3.6
336 Stevns;50 50 per cent of median income;2003 2003;3.1
350 Lejre;50 50 per cent of median income;2003 2003;2.4
370 Næstved;50 50 per cent of median income;2003 2003;4.0
390 Vordingborg;50 50 per cent of median income;2003 2003;4.5
410 Middelfart;50 50 per cent of median income;2003 2003;3.1
430 Faaborg-Midtfyn;50 50 per cent of median income;2003 2003;3.8
450 Nyborg;50 50 per cent of median income;2003 2003;3.6
479 Svendborg;50 50 per cent of median income;2003 2003;5.9
482 Langeland;50 50 per cent of median income;2003 2003;5.4
510 Haderslev;50 50 per cent of median income;2003 2003;4.3
540 Sønderborg;50 50 per cent of median income;2003 2003;4.5
561 Esbjerg;50 50 per cent of median income;2003 2003;4.7
573 Varde;50 50 per cent of median income;2003 2003;4.3
580 Aabenraa;50 50 per cent of median income;2003 2003;4.5
615 Horsens;50 50 per cent of median income;2003 2003;4.3
630 Vejle;50 50 per cent of median income;2003 2003;4.1
661 Holstebro;50 50 per cent of median income;2003 2003;5.3
671 Struer;50 50 per cent of median income;2003 2003;4.5
707 Norddjurs;50 50 per cent of median income;2003 2003;4.5
727 Odder;50 50 per cent of median income;2003 2003;3.7
740 Silkeborg;50 50 per cent of median income;2003 2003;3.8
746 Skanderborg;50 50 per cent of median income;2003 2003;2.4
756 Ikast-Brande;50 50 per cent of median income;2003 2003;4.1
766 Hedensted;50 50 per cent of median income;2003 2003;3.0
779 Skive;50 50 per cent of median income;2003 2003;4.6
791 Viborg;50 50 per cent of median income;2003 2003;4.2
813 Frederikshavn;50 50 per cent of median income;2003 2003;3.7
825 Læsø;50 50 per cent of median income;2003 2003;4.3
846 Mariagerfjord;50 50 per cent of median income;2003 2003;4.5
851 Aalborg;50 50 per cent of median income;2003 2003;6.7
000 All Denmark;50 50 per cent of median income;2001 2001;5.4
147 Frederiksberg;50 50 per cent of median income;2001 2001;7.2
153 Brøndby;50 50 per cent of median income;2001 2001;4.2
157 Gentofte;50 50 per cent of median income;2001 2001;4.9
161 Glostrup;50 50 per cent of median income;2001 2001;3.0
165 Albertslund;50 50 per cent of median income;2001 2001;6.5
169 Høje-Taastrup;50 50 per cent of median income;2001 2001;4.0
175 Rødovre;50 50 per cent of median income;2001 2001;4.2
185 Tårnby;50 50 per cent of median income;2001 2001;3.0
190 Furesø;50 50 per cent of median income;2001 2001;2.8
210 Fredensborg;50 50 per cent of median income;2001 2001;3.9
219 Hillerød;50 50 per cent of median income;2001 2001;3.6
230 Rudersdal;50 50 per cent of median income;2001 2001;4.0
250 Frederikssund;50 50 per cent of median income;2001 2001;3.0
259 Køge;50 50 per cent of median income;2001 2001;3.0
265 Roskilde;50 50 per cent of median income;2001 2001;3.7
270 Gribskov;50 50 per cent of median income;2001 2001;3.7
316 Holbæk;50 50 per cent of median income;2001 2001;4.4
326 Kalundborg;50 50 per cent of median income;2001 2001;4.2
330 Slagelse;50 50 per cent of median income;2001 2001;4.8
340 Sorø;50 50 per cent of median income;2001 2001;3.9
360 Lolland;50 50 per cent of median income;2001 2001;5.5
376 Guldborgsund;50 50 per cent of median income;2001 2001;4.8
400 Bornholm;50 50 per cent of median income;2001 2001;4.7
420 Assens;50 50 per cent of median income;2001 2001;3.9
440 Kerteminde;50 50 per cent of median income;2001 2001;3.6
461 Odense;50 50 per cent of median income;2001 2001;8.0
480 Nordfyns;50 50 per cent of median income;2001 2001;3.8
492 Ærø;50 50 per cent of median income;2001 2001;6.3
530 Billund;50 50 per cent of median income;2001 2001;3.3
550 Tønder;50 50 per cent of median income;2001 2001;4.9
563 Fanø;50 50 per cent of median income;2001 2001;5.0
575 Vejen;50 50 per cent of median income;2001 2001;4.1
607 Fredericia;50 50 per cent of median income;2001 2001;3.6
621 Kolding;50 50 per cent of median income;2001 2001;4.5
657 Herning;50 50 per cent of median income;2001 2001;4.4
665 Lemvig;50 50 per cent of median income;2001 2001;5.0
706 Syddjurs;50 50 per cent of median income;2001 2001;3.5
710 Favrskov;50 50 per cent of median income;2001 2001;2.7
730 Randers;50 50 per cent of median income;2001 2001;4.5
741 Samsø;50 50 per cent of median income;2001 2001;5.0
751 Aarhus;50 50 per cent of median income;2001 2001;9.5
760 Ringkøbing-Skjern;50 50 per cent of median income;2001 2001;3.7
773 Morsø;50 50 per cent of median income;2001 2001;4.3
787 Thisted;50 50 per cent of median income;2001 2001;4.7
810 Brønderslev;50 50 per cent of median income;2001 2001;4.3
820 Vesthimmerlands;50 50 per cent of median income;2001 2001;5.6
840 Rebild;50 50 per cent of median income;2001 2001;4.3
849 Jammerbugt;50 50 per cent of median income;2001 2001;4.0
860 Hjørring;50 50 per cent of median income;2001 2001;4.8
101 Copenhagen;50 50 per cent of median income;2000 2000;11.1
151 Ballerup;50 50 per cent of median income;2000 2000;3.1
155 Dragør;50 50 per cent of median income;2000 2000;2.7
159 Gladsaxe;50 50 per cent of median income;2000 2000;4.6
163 Herlev;50 50 per cent of median income;2000 2000;4.8
167 Hvidovre;50 50 per cent of median income;2000 2000;4.8
173 Lyngby-Taarbæk;50 50 per cent of median income;2000 2000;4.6
183 Ishøj;50 50 per cent of median income;2000 2000;6.3
187 Vallensbæk;50 50 per cent of median income;2000 2000;2.0
201 Allerød;50 50 per cent of median income;2000 2000;2.3
217 Helsingør;50 50 per cent of median income;2000 2000;4.2
223 Hørsholm;50 50 per cent of median income;2000 2000;2.9
240 Egedal;50 50 per cent of median income;2000 2000;2.1
253 Greve;50 50 per cent of median income;2000 2000;2.6
260 Halsnæs;50 50 per cent of median income;2000 2000;3.7
269 Solrød;50 50 per cent of median income;2000 2000;2.1
306 Odsherred;50 50 per cent of median income;2000 2000;4.6
320 Faxe;50 50 per cent of median income;2000 2000;4.3
329 Ringsted;50 50 per cent of median income;2000 2000;3.8
336 Stevns;50 50 per cent of median income;2000 2000;3.1
350 Lejre;50 50 per cent of median income;2000 2000;2.4
370 Næstved;50 50 per cent of median income;2000 2000;3.9
390 Vordingborg;50 50 per cent of median income;2000 2000;4.7
410 Middelfart;50 50 per cent of median income;2000 2000;3.2
430 Faaborg-Midtfyn;50 50 per cent of median income;2000 2000;3.6
450 Nyborg;50 50 per cent of median income;2000 2000;3.9
479 Svendborg;50 50 per cent of median income;2000 2000;6.0
482 Langeland;50 50 per cent of median income;2000 2000;4.7
510 Haderslev;50 50 per cent of median income;2000 2000;4.3
540 Sønderborg;50 50 per cent of median income;2000 2000;3.7
561 Esbjerg;50 50 per cent of median income;2000 2000;4.6
573 Varde;50 50 per cent of median income;2000 2000;3.7
580 Aabenraa;50 50 per cent of median income;2000 2000;4.1
615 Horsens;50 50 per cent of median income;2000 2000;4.2
630 Vejle;50 50 per cent of median income;2000 2000;4.1
661 Holstebro;50 50 per cent of median income;2000 2000;4.8
671 Struer;50 50 per cent of median income;2000 2000;4.1
707 Norddjurs;50 50 per cent of median income;2000 2000;4.6
727 Odder;50 50 per cent of median income;2000 2000;3.1
740 Silkeborg;50 50 per cent of median income;2000 2000;3.8
746 Skanderborg;50 50 per cent of median income;2000 2000;2.6
756 Ikast-Brande;50 50 per cent of median income;2000 2000;3.7
766 Hedensted;50 50 per cent of median income;2000 2000;2.8
779 Skive;50 50 per cent of median income;2000 2000;4.7
791 Viborg;50 50 per cent of median income;2000 2000;4.1
813 Frederikshavn;50 50 per cent of median income;2000 2000;4.2
825 Læsø;50 50 per cent of median income;2000 2000;5.2
846 Mariagerfjord;50 50 per cent of median income;2000 2000;4.0
851 Aalborg;50 50 per cent of median income;2000 2000;6.5
000 All Denmark;50 50 per cent of median income;2005 2005;6.0
147 Frederiksberg;50 50 per cent of median income;2005 2005;8.9
153 Brøndby;50 50 per cent of median income;2005 2005;5.0
157 Gentofte;50 50 per cent of median income;2005 2005;4.8
161 Glostrup;50 50 per cent of median income;2005 2005;3.3
165 Albertslund;50 50 per cent of median income;2005 2005;7.6
169 Høje-Taastrup;50 50 per cent of median income;2005 2005;4.7
175 Rødovre;50 50 per cent of median income;2005 2005;4.3
185 Tårnby;50 50 per cent of median income;2005 2005;3.7
190 Furesø;50 50 per cent of median income;2005 2005;3.5
210 Fredensborg;50 50 per cent of median income;2005 2005;3.6
219 Hillerød;50 50 per cent of median income;2005 2005;3.3
230 Rudersdal;50 50 per cent of median income;2005 2005;4.2
250 Frederikssund;50 50 per cent of median income;2005 2005;2.9
259 Køge;50 50 per cent of median income;2005 2005;3.3
265 Roskilde;50 50 per cent of median income;2005 2005;4.5
270 Gribskov;50 50 per cent of median income;2005 2005;3.2
316 Holbæk;50 50 per cent of median income;2005 2005;5.1
326 Kalundborg;50 50 per cent of median income;2005 2005;4.9
330 Slagelse;50 50 per cent of median income;2005 2005;5.7
340 Sorø;50 50 per cent of median income;2005 2005;4.2
360 Lolland;50 50 per cent of median income;2005 2005;6.8
376 Guldborgsund;50 50 per cent of median income;2005 2005;5.5
400 Bornholm;50 50 per cent of median income;2005 2005;5.0
420 Assens;50 50 per cent of median income;2005 2005;3.9
440 Kerteminde;50 50 per cent of median income;2005 2005;3.3
461 Odense;50 50 per cent of median income;2005 2005;9.0
480 Nordfyns;50 50 per cent of median income;2005 2005;4.2
492 Ærø;50 50 per cent of median income;2005 2005;6.2
530 Billund;50 50 per cent of median income;2005 2005;3.6
550 Tønder;50 50 per cent of median income;2005 2005;6.1
563 Fanø;50 50 per cent of median income;2005 2005;4.0
575 Vejen;50 50 per cent of median income;2005 2005;4.4
607 Fredericia;50 50 per cent of median income;2005 2005;4.3
621 Kolding;50 50 per cent of median income;2005 2005;5.1
657 Herning;50 50 per cent of median income;2005 2005;4.8
665 Lemvig;50 50 per cent of median income;2005 2005;4.9
706 Syddjurs;50 50 per cent of median income;2005 2005;4.2
710 Favrskov;50 50 per cent of median income;2005 2005;3.2
730 Randers;50 50 per cent of median income;2005 2005;5.1
741 Samsø;50 50 per cent of median income;2005 2005;6.1
751 Aarhus;50 50 per cent of median income;2005 2005;10.6
760 Ringkøbing-Skjern;50 50 per cent of median income;2005 2005;4.5
773 Morsø;50 50 per cent of median income;2005 2005;4.9
787 Thisted;50 50 per cent of median income;2005 2005;4.9
810 Brønderslev;50 50 per cent of median income;2005 2005;4.6
820 Vesthimmerlands;50 50 per cent of median income;2005 2005;5.1
840 Rebild;50 50 per cent of median income;2005 2005;4.0
849 Jammerbugt;50 50 per cent of median income;2005 2005;4.5
860 Hjørring;50 50 per cent of median income;2005 2005;5.3
101 Copenhagen;50 50 per cent of median income;2002 2002;11.2
151 Ballerup;50 50 per cent of median income;2002 2002;2.9
155 Dragør;50 50 per cent of median income;2002 2002;2.6
159 Gladsaxe;50 50 per cent of median income;2002 2002;4.2
163 Herlev;50 50 per cent of median income;2002 2002;4.3
167 Hvidovre;50 50 per cent of median income;2002 2002;4.5
173 Lyngby-Taarbæk;50 50 per cent of median income;2002 2002;4.6
183 Ishøj;50 50 per cent of median income;2002 2002;6.0
187 Vallensbæk;50 50 per cent of median income;2002 2002;2.0
201 Allerød;50 50 per cent of median income;2002 2002;1.9
217 Helsingør;50 50 per cent of median income;2002 2002;3.7
223 Hørsholm;50 50 per cent of median income;2002 2002;3.0
240 Egedal;50 50 per cent of median income;2002 2002;1.9
253 Greve;50 50 per cent of median income;2002 2002;2.4
260 Halsnæs;50 50 per cent of median income;2002 2002;3.6
269 Solrød;50 50 per cent of median income;2002 2002;2.1
306 Odsherred;50 50 per cent of median income;2002 2002;3.8
320 Faxe;50 50 per cent of median income;2002 2002;3.7
329 Ringsted;50 50 per cent of median income;2002 2002;3.9
336 Stevns;50 50 per cent of median income;2002 2002;3.0
350 Lejre;50 50 per cent of median income;2002 2002;2.6
370 Næstved;50 50 per cent of median income;2002 2002;3.8
390 Vordingborg;50 50 per cent of median income;2002 2002;4.6
410 Middelfart;50 50 per cent of median income;2002 2002;3.0
430 Faaborg-Midtfyn;50 50 per cent of median income;2002 2002;3.9
450 Nyborg;50 50 per cent of median income;2002 2002;3.7
479 Svendborg;50 50 per cent of median income;2002 2002;5.8
482 Langeland;50 50 per cent of median income;2002 2002;5.2
510 Haderslev;50 50 per cent of median income;2002 2002;4.3
540 Sønderborg;50 50 per cent of median income;2002 2002;4.2
561 Esbjerg;50 50 per cent of median income;2002 2002;4.7
573 Varde;50 50 per cent of median income;2002 2002;4.0
580 Aabenraa;50 50 per cent of median income;2002 2002;4.2
615 Horsens;50 50 per cent of median income;2002 2002;4.2
630 Vejle;50 50 per cent of median income;2002 2002;4.1
661 Holstebro;50 50 per cent of median income;2002 2002;5.1
671 Struer;50 50 per cent of median income;2002 2002;4.2
707 Norddjurs;50 50 per cent of median income;2002 2002;4.4
727 Odder;50 50 per cent of median income;2002 2002;3.2
740 Silkeborg;50 50 per cent of median income;2002 2002;3.7
746 Skanderborg;50 50 per cent of median income;2002 2002;2.4
756 Ikast-Brande;50 50 per cent of median income;2002 2002;3.9
000 All Denmark;60 60 per cent of median income;2013 2013;12.4
147 Frederiksberg;60 60 per cent of median income;2013 2013;16.4
153 Brøndby;60 60 per cent of median income;2013 2013;14.7
157 Gentofte;60 60 per cent of median income;2013 2013;9.2
161 Glostrup;60 60 per cent of median income;2013 2013;10.8
165 Albertslund;60 60 per cent of median income;2013 2013;17.8
169 Høje-Taastrup;60 60 per cent of median income;2013 2013;12.9
175 Rødovre;60 60 per cent of median income;2013 2013;11.9
185 Tårnby;60 60 per cent of median income;2013 2013;9.0
190 Furesø;60 60 per cent of median income;2013 2013;7.0
210 Fredensborg;60 60 per cent of median income;2013 2013;8.5
219 Hillerød;60 60 per cent of median income;2013 2013;7.9
230 Rudersdal;60 60 per cent of median income;2013 2013;7.3
250 Frederikssund;60 60 per cent of median income;2013 2013;7.4
259 Køge;60 60 per cent of median income;2013 2013;9.0
265 Roskilde;60 60 per cent of median income;2013 2013;10.1
270 Gribskov;60 60 per cent of median income;2013 2013;7.3
316 Holbæk;60 60 per cent of median income;2013 2013;9.9
326 Kalundborg;60 60 per cent of median income;2013 2013;9.9
330 Slagelse;60 60 per cent of median income;2013 2013;12.5
340 Sorø;60 60 per cent of median income;2013 2013;8.8
360 Lolland;60 60 per cent of median income;2013 2013;14.1
376 Guldborgsund;60 60 per cent of median income;2013 2013;12.3
400 Bornholm;60 60 per cent of median income;2013 2013;9.9
420 Assens;60 60 per cent of median income;2013 2013;8.7
440 Kerteminde;60 60 per cent of median income;2013 2013;8.1
461 Odense;60 60 per cent of median income;2013 2013;17.8
480 Nordfyns;60 60 per cent of median income;2013 2013;7.9
492 Ærø;60 60 per cent of median income;2013 2013;13.5
530 Billund;60 60 per cent of median income;2013 2013;8.2
550 Tønder;60 60 per cent of median income;2013 2013;12.4
563 Fanø;60 60 per cent of median income;2013 2013;7.3
575 Vejen;60 60 per cent of median income;2013 2013;9.5
607 Fredericia;60 60 per cent of median income;2013 2013;11.4
621 Kolding;60 60 per cent of median income;2013 2013;10.5
657 Herning;60 60 per cent of median income;2013 2013;10.3
665 Lemvig;60 60 per cent of median income;2013 2013;8.4
706 Syddjurs;60 60 per cent of median income;2013 2013;7.5
710 Favrskov;60 60 per cent of median income;2013 2013;6.1
730 Randers;60 60 per cent of median income;2013 2013;11.4
741 Samsø;60 60 per cent of median income;2013 2013;10.0
751 Aarhus;60 60 per cent of median income;2013 2013;19.3
760 Ringkøbing-Skjern;60 60 per cent of median income;2013 2013;8.4
773 Morsø;60 60 per cent of median income;2013 2013;10.6
787 Thisted;60 60 per cent of median income;2013 2013;10.4
810 Brønderslev;60 60 per cent of median income;2013 2013;9.3
820 Vesthimmerlands;60 60 per cent of median income;2013 2013;10.9
840 Rebild;60 60 per cent of median income;2013 2013;7.1
849 Jammerbugt;60 60 per cent of median income;2013 2013;8.8
860 Hjørring;60 60 per cent of median income;2013 2013;10.3
101 Copenhagen;60 60 per cent of median income;2012 2012;23.7
151 Ballerup;60 60 per cent of median income;2012 2012;9.8
155 Dragør;60 60 per cent of median income;2012 2012;5.5
159 Gladsaxe;60 60 per cent of median income;2012 2012;12.1
163 Herlev;60 60 per cent of median income;2012 2012;10.0
167 Hvidovre;60 60 per cent of median income;2012 2012;11.8
173 Lyngby-Taarbæk;60 60 per cent of median income;2012 2012;10.0
183 Ishøj;60 60 per cent of median income;2012 2012;14.3
187 Vallensbæk;60 60 per cent of median income;2012 2012;7.6
201 Allerød;60 60 per cent of median income;2012 2012;4.7
217 Helsingør;60 60 per cent of median income;2012 2012;9.9
223 Hørsholm;60 60 per cent of median income;2012 2012;6.4
240 Egedal;60 60 per cent of median income;2012 2012;4.2
253 Greve;60 60 per cent of median income;2012 2012;6.5
260 Halsnæs;60 60 per cent of median income;2012 2012;8.0
269 Solrød;60 60 per cent of median income;2012 2012;5.4
306 Odsherred;60 60 per cent of median income;2012 2012;9.0
320 Faxe;60 60 per cent of median income;2012 2012;9.0
329 Ringsted;60 60 per cent of median income;2012 2012;9.9
336 Stevns;60 60 per cent of median income;2012 2012;7.4
350 Lejre;60 60 per cent of median income;2012 2012;6.0
370 Næstved;60 60 per cent of median income;2012 2012;9.8
390 Vordingborg;60 60 per cent of median income;2012 2012;10.7
410 Middelfart;60 60 per cent of median income;2012 2012;6.9
430 Faaborg-Midtfyn;60 60 per cent of median income;2012 2012;8.0
450 Nyborg;60 60 per cent of median income;2012 2012;8.1
479 Svendborg;60 60 per cent of median income;2012 2012;11.5
482 Langeland;60 60 per cent of median income;2012 2012;11.9
510 Haderslev;60 60 per cent of median income;2012 2012;11.2
540 Sønderborg;60 60 per cent of median income;2012 2012;10.9
561 Esbjerg;60 60 per cent of median income;2012 2012;11.2
573 Varde;60 60 per cent of median income;2012 2012;8.8
580 Aabenraa;60 60 per cent of median income;2012 2012;11.4
615 Horsens;60 60 per cent of median income;2012 2012;10.8
630 Vejle;60 60 per cent of median income;2012 2012;9.2
661 Holstebro;60 60 per cent of median income;2012 2012;9.9
671 Struer;60 60 per cent of median income;2012 2012;8.7
707 Norddjurs;60 60 per cent of median income;2012 2012;10.9
727 Odder;60 60 per cent of median income;2012 2012;6.4
740 Silkeborg;60 60 per cent of median income;2012 2012;8.7
746 Skanderborg;60 60 per cent of median income;2012 2012;5.4
756 Ikast-Brande;60 60 per cent of median income;2012 2012;8.7
766 Hedensted;60 60 per cent of median income;2012 2012;6.8
779 Skive;60 60 per cent of median income;2012 2012;9.4
791 Viborg;60 60 per cent of median income;2012 2012;9.2
813 Frederikshavn;60 60 per cent of median income;2012 2012;8.5
825 Læsø;60 60 per cent of median income;2012 2012;8.0
846 Mariagerfjord;60 60 per cent of median income;2012 2012;9.1
851 Aalborg;60 60 per cent of median income;2012 2012;14.7
000 All Denmark;60 60 per cent of median income;2011 2011;12.2
147 Frederiksberg;60 60 per cent of median income;2011 2011;16.6
153 Brøndby;60 60 per cent of median income;2011 2011;13.5
157 Gentofte;60 60 per cent of median income;2011 2011;9.4
161 Glostrup;60 60 per cent of median income;2011 2011;9.8
165 Albertslund;60 60 per cent of median income;2011 2011;17.1
169 Høje-Taastrup;60 60 per cent of median income;2011 2011;12.0
175 Rødovre;60 60 per cent of median income;2011 2011;11.5
185 Tårnby;60 60 per cent of median income;2011 2011;8.8
190 Furesø;60 60 per cent of median income;2011 2011;7.4
210 Fredensborg;60 60 per cent of median income;2011 2011;8.6
219 Hillerød;60 60 per cent of median income;2011 2011;8.1
230 Rudersdal;60 60 per cent of median income;2011 2011;8.0
250 Frederikssund;60 60 per cent of median income;2011 2011;7.5
259 Køge;60 60 per cent of median income;2011 2011;9.1
265 Roskilde;60 60 per cent of median income;2011 2011;10.3
270 Gribskov;60 60 per cent of median income;2011 2011;7.8
316 Holbæk;60 60 per cent of median income;2011 2011;10.6
326 Kalundborg;60 60 per cent of median income;2011 2011;10.0
330 Slagelse;60 60 per cent of median income;2011 2011;12.3
340 Sorø;60 60 per cent of median income;2011 2011;9.0
360 Lolland;60 60 per cent of median income;2011 2011;14.4
376 Guldborgsund;60 60 per cent of median income;2011 2011;12.3
400 Bornholm;60 60 per cent of median income;2011 2011;10.3
420 Assens;60 60 per cent of median income;2011 2011;8.7
440 Kerteminde;60 60 per cent of median income;2011 2011;7.7
461 Odense;60 60 per cent of median income;2011 2011;16.8
480 Nordfyns;60 60 per cent of median income;2011 2011;8.8
492 Ærø;60 60 per cent of median income;2011 2011;13.9
530 Billund;60 60 per cent of median income;2011 2011;8.4
550 Tønder;60 60 per cent of median income;2011 2011;12.4
563 Fanø;60 60 per cent of median income;2011 2011;7.5
575 Vejen;60 60 per cent of median income;2011 2011;9.7
607 Fredericia;60 60 per cent of median income;2011 2011;10.4
621 Kolding;60 60 per cent of median income;2011 2011;10.4
657 Herning;60 60 per cent of median income;2011 2011;10.2
665 Lemvig;60 60 per cent of median income;2011 2011;9.2
706 Syddjurs;60 60 per cent of median income;2011 2011;8.0
710 Favrskov;60 60 per cent of median income;2011 2011;6.3
730 Randers;60 60 per cent of median income;2011 2011;10.9
741 Samsø;60 60 per cent of median income;2011 2011;11.7
751 Aarhus;60 60 per cent of median income;2011 2011;18.7
760 Ringkøbing-Skjern;60 60 per cent of median income;2002 2002;7.9
773 Morsø;60 60 per cent of median income;2002 2002;10.7
787 Thisted;60 60 per cent of median income;2002 2002;10.3
810 Brønderslev;60 60 per cent of median income;2002 2002;9.6
820 Vesthimmerlands;60 60 per cent of median income;2002 2002;10.5
840 Rebild;60 60 per cent of median income;2002 2002;8.2
849 Jammerbugt;60 60 per cent of median income;2002 2002;8.9
860 Hjørring;60 60 per cent of median income;2002 2002;9.3
766 Hedensted;50 50 per cent of median income;2015 2015;3.7
779 Skive;50 50 per cent of median income;2015 2015;5.6
791 Viborg;50 50 per cent of median income;2015 2015;6.0
813 Frederikshavn;50 50 per cent of median income;2015 2015;5.4
825 Læsø;50 50 per cent of median income;2015 2015;5.1
846 Mariagerfjord;50 50 per cent of median income;2015 2015;5.5
851 Aalborg;50 50 per cent of median income;2015 2015;11.0
000 All Denmark;50 50 per cent of median income;2016 2016;8.3
147 Frederiksberg;50 50 per cent of median income;2016 2016;11.2
153 Brøndby;50 50 per cent of median income;2016 2016;9.0
157 Gentofte;50 50 per cent of median income;2016 2016;7.2
161 Glostrup;50 50 per cent of median income;2016 2016;7.0
165 Albertslund;50 50 per cent of median income;2016 2016;10.5
169 Høje-Taastrup;50 50 per cent of median income;2016 2016;8.4
175 Rødovre;50 50 per cent of median income;2016 2016;6.9
185 Tårnby;50 50 per cent of median income;2016 2016;5.9
190 Furesø;50 50 per cent of median income;2016 2016;4.8
210 Fredensborg;50 50 per cent of median income;2016 2016;5.7
219 Hillerød;50 50 per cent of median income;2016 2016;5.6
230 Rudersdal;50 50 per cent of median income;2016 2016;5.6
250 Frederikssund;50 50 per cent of median income;2016 2016;4.7
259 Køge;50 50 per cent of median income;2016 2016;5.8
265 Roskilde;50 50 per cent of median income;2016 2016;7.0
270 Gribskov;50 50 per cent of median income;2016 2016;5.5
316 Holbæk;50 50 per cent of median income;2016 2016;6.3
326 Kalundborg;50 50 per cent of median income;2016 2016;6.5
330 Slagelse;50 50 per cent of median income;2016 2016;8.3
340 Sorø;50 50 per cent of median income;2016 2016;5.7
360 Lolland;50 50 per cent of median income;2016 2016;8.1
376 Guldborgsund;50 50 per cent of median income;2016 2016;8.4
400 Bornholm;50 50 per cent of median income;2016 2016;5.7
420 Assens;50 50 per cent of median income;2016 2016;5.7
440 Kerteminde;50 50 per cent of median income;2016 2016;5.5
461 Odense;50 50 per cent of median income;2016 2016;12.6
480 Nordfyns;50 50 per cent of median income;2016 2016;5.4
492 Ærø;50 50 per cent of median income;2016 2016;8.9
530 Billund;50 50 per cent of median income;2016 2016;5.2
550 Tønder;50 50 per cent of median income;2016 2016;7.5
563 Fanø;50 50 per cent of median income;2016 2016;5.5
575 Vejen;50 50 per cent of median income;2016 2016;6.0
607 Fredericia;50 50 per cent of median income;2016 2016;7.2
621 Kolding;50 50 per cent of median income;2016 2016;7.2
657 Herning;50 50 per cent of median income;2016 2016;6.7
665 Lemvig;50 50 per cent of median income;2016 2016;5.8
706 Syddjurs;50 50 per cent of median income;2016 2016;5.5
710 Favrskov;50 50 per cent of median income;2016 2016;3.8
730 Randers;50 50 per cent of median income;2016 2016;7.4
741 Samsø;50 50 per cent of median income;2016 2016;6.0
751 Aarhus;50 50 per cent of median income;2016 2016;13.3
760 Ringkøbing-Skjern;50 50 per cent of median income;2016 2016;5.5
773 Morsø;50 50 per cent of median income;2016 2016;6.9
787 Thisted;50 50 per cent of median income;2016 2016;6.2
810 Brønderslev;50 50 per cent of median income;2016 2016;6.4
820 Vesthimmerlands;50 50 per cent of median income;2016 2016;6.5
840 Rebild;50 50 per cent of median income;2016 2016;4.3
849 Jammerbugt;50 50 per cent of median income;2016 2016;6.2
860 Hjørring;50 50 per cent of median income;2016 2016;7.0
101 Copenhagen;50 50 per cent of median income;2017 2017;16.4
151 Ballerup;50 50 per cent of median income;2017 2017;6.3
155 Dragør;50 50 per cent of median income;2017 2017;4.2
159 Gladsaxe;50 50 per cent of median income;2017 2017;9.1
163 Herlev;50 50 per cent of median income;2017 2017;7.1
167 Hvidovre;50 50 per cent of median income;2017 2017;8.0
173 Lyngby-Taarbæk;50 50 per cent of median income;2017 2017;8.5
183 Ishøj;50 50 per cent of median income;2017 2017;10.4
187 Vallensbæk;50 50 per cent of median income;2017 2017;6.4
201 Allerød;50 50 per cent of median income;2017 2017;3.9
217 Helsingør;50 50 per cent of median income;2017 2017;7.1
223 Hørsholm;50 50 per cent of median income;2017 2017;5.0
240 Egedal;50 50 per cent of median income;2017 2017;4.0
253 Greve;50 50 per cent of median income;2017 2017;5.5
260 Halsnæs;50 50 per cent of median income;2017 2017;5.8
269 Solrød;50 50 per cent of median income;2017 2017;4.3
306 Odsherred;50 50 per cent of median income;2017 2017;7.3
320 Faxe;50 50 per cent of median income;2017 2017;7.2
329 Ringsted;50 50 per cent of median income;2017 2017;6.9
336 Stevns;50 50 per cent of median income;2017 2017;6.0
350 Lejre;50 50 per cent of median income;2017 2017;4.5
370 Næstved;50 50 per cent of median income;2017 2017;7.8
390 Vordingborg;50 50 per cent of median income;2017 2017;8.5
410 Middelfart;50 50 per cent of median income;2017 2017;4.9
430 Faaborg-Midtfyn;50 50 per cent of median income;2017 2017;5.9
450 Nyborg;50 50 per cent of median income;2017 2017;6.9
479 Svendborg;50 50 per cent of median income;2017 2017;8.8
482 Langeland;50 50 per cent of median income;2017 2017;7.6
510 Haderslev;50 50 per cent of median income;2017 2017;7.8
540 Sønderborg;50 50 per cent of median income;2017 2017;7.1
561 Esbjerg;50 50 per cent of median income;2017 2017;8.0
573 Varde;50 50 per cent of median income;2017 2017;5.5
580 Aabenraa;50 50 per cent of median income;2017 2017;7.4
615 Horsens;50 50 per cent of median income;2017 2017;7.6
630 Vejle;50 50 per cent of median income;2017 2017;6.4
661 Holstebro;50 50 per cent of median income;2017 2017;7.0
671 Struer;50 50 per cent of median income;2017 2017;7.0
707 Norddjurs;50 50 per cent of median income;2017 2017;8.5
727 Odder;50 50 per cent of median income;2017 2017;5.2
740 Silkeborg;50 50 per cent of median income;2017 2017;5.5
746 Skanderborg;50 50 per cent of median income;2017 2017;4.0
756 Ikast-Brande;50 50 per cent of median income;2017 2017;5.7
766 Hedensted;50 50 per cent of median income;2017 2017;4.5
779 Skive;50 50 per cent of median income;2017 2017;6.3
791 Viborg;50 50 per cent of median income;2017 2017;6.5
813 Frederikshavn;50 50 per cent of median income;2017 2017;6.5
825 Læsø;50 50 per cent of median income;2017 2017;4.7
846 Mariagerfjord;50 50 per cent of median income;2017 2017;6.4
851 Aalborg;50 50 per cent of median income;2017 2017;12.0
000 All Denmark;50 50 per cent of median income;2018 2018;8.7
147 Frederiksberg;50 50 per cent of median income;2018 2018;10.7
153 Brøndby;50 50 per cent of median income;2018 2018;10.2
157 Gentofte;50 50 per cent of median income;2018 2018;7.6
161 Glostrup;50 50 per cent of median income;2018 2018;7.8
165 Albertslund;50 50 per cent of median income;2018 2018;10.9
169 Høje-Taastrup;50 50 per cent of median income;2018 2018;8.9
175 Rødovre;50 50 per cent of median income;2018 2018;7.7
185 Tårnby;50 50 per cent of median income;2018 2018;6.1
190 Furesø;50 50 per cent of median income;2018 2018;5.4
210 Fredensborg;50 50 per cent of median income;2018 2018;5.8
219 Hillerød;50 50 per cent of median income;2018 2018;6.2
230 Rudersdal;50 50 per cent of median income;2018 2018;5.9
250 Frederikssund;50 50 per cent of median income;2018 2018;5.1
259 Køge;50 50 per cent of median income;2018 2018;6.0
265 Roskilde;50 50 per cent of median income;2018 2018;7.0
270 Gribskov;50 50 per cent of median income;2018 2018;5.9
316 Holbæk;50 50 per cent of median income;2018 2018;6.8
326 Kalundborg;50 50 per cent of median income;2018 2018;7.0
330 Slagelse;50 50 per cent of median income;2018 2018;8.8
340 Sorø;50 50 per cent of median income;2018 2018;6.5
360 Lolland;50 50 per cent of median income;2018 2018;9.3
376 Guldborgsund;50 50 per cent of median income;2018 2018;9.0
400 Bornholm;50 50 per cent of median income;2018 2018;6.4
420 Assens;50 50 per cent of median income;2018 2018;6.3
440 Kerteminde;50 50 per cent of median income;2018 2018;5.8
461 Odense;50 50 per cent of median income;2018 2018;13.7
480 Nordfyns;50 50 per cent of median income;2018 2018;5.9
492 Ærø;50 50 per cent of median income;2018 2018;9.3
530 Billund;50 50 per cent of median income;2018 2018;5.1
550 Tønder;50 50 per cent of median income;2018 2018;7.4
563 Fanø;50 50 per cent of median income;2018 2018;5.7
575 Vejen;50 50 per cent of median income;2018 2018;5.8
607 Fredericia;50 50 per cent of median income;2018 2018;7.7
621 Kolding;50 50 per cent of median income;2018 2018;7.3
657 Herning;50 50 per cent of median income;2018 2018;6.8
665 Lemvig;50 50 per cent of median income;2018 2018;5.9
706 Syddjurs;50 50 per cent of median income;2018 2018;5.9
710 Favrskov;50 50 per cent of median income;2018 2018;4.2
730 Randers;50 50 per cent of median income;2018 2018;7.8
741 Samsø;50 50 per cent of median income;2018 2018;7.7
751 Aarhus;50 50 per cent of median income;2018 2018;14.2
760 Ringkøbing-Skjern;50 50 per cent of median income;2018 2018;5.7
773 Morsø;50 50 per cent of median income;2018 2018;6.5
787 Thisted;50 50 per cent of median income;2018 2018;6.7
810 Brønderslev;50 50 per cent of median income;2018 2018;6.6
820 Vesthimmerlands;50 50 per cent of median income;2018 2018;6.7
840 Rebild;50 50 per cent of median income;2018 2018;4.3
849 Jammerbugt;50 50 per cent of median income;2018 2018;6.5
860 Hjørring;50 50 per cent of median income;2018 2018;6.9
766 Hedensted;60 60 per cent of median income;2020 2020;8.2
779 Skive;60 60 per cent of median income;2020 2020;11.2
791 Viborg;60 60 per cent of median income;2020 2020;11.1
813 Frederikshavn;60 60 per cent of median income;2020 2020;11.9
825 Læsø;60 60 per cent of median income;2020 2020;11.4
846 Mariagerfjord;60 60 per cent of median income;2020 2020;11.6
851 Aalborg;60 60 per cent of median income;2020 2020;18.8
000 All Denmark;60 60 per cent of median income;2021 2021;14.2
147 Frederiksberg;60 60 per cent of median income;2021 2021;16.1
153 Brøndby;60 60 per cent of median income;2021 2021;18.5
157 Gentofte;60 60 per cent of median income;2021 2021;9.8
161 Glostrup;60 60 per cent of median income;2021 2021;13.2
165 Albertslund;60 60 per cent of median income;2021 2021;18.3
169 Høje-Taastrup;60 60 per cent of median income;2021 2021;15.5
175 Rødovre;60 60 per cent of median income;2021 2021;14.0
185 Tårnby;60 60 per cent of median income;2021 2021;10.6
190 Furesø;60 60 per cent of median income;2021 2021;7.7
210 Fredensborg;60 60 per cent of median income;2021 2021;9.8
219 Hillerød;60 60 per cent of median income;2021 2021;9.9
230 Rudersdal;60 60 per cent of median income;2021 2021;7.8
250 Frederikssund;60 60 per cent of median income;2021 2021;9.4
259 Køge;60 60 per cent of median income;2021 2021;11.2
265 Roskilde;60 60 per cent of median income;2021 2021;10.8
270 Gribskov;60 60 per cent of median income;2021 2021;9.3
316 Holbæk;60 60 per cent of median income;2021 2021;11.9
326 Kalundborg;60 60 per cent of median income;2021 2021;12.5
330 Slagelse;60 60 per cent of median income;2021 2021;15.0
340 Sorø;60 60 per cent of median income;2021 2021;10.3
360 Lolland;60 60 per cent of median income;2021 2021;18.7
376 Guldborgsund;60 60 per cent of median income;2021 2021;15.6
400 Bornholm;60 60 per cent of median income;2021 2021;13.6
420 Assens;60 60 per cent of median income;2021 2021;11.5
440 Kerteminde;60 60 per cent of median income;2021 2021;11.3
461 Odense;60 60 per cent of median income;2021 2021;20.9
480 Nordfyns;60 60 per cent of median income;2021 2021;11.3
492 Ærø;60 60 per cent of median income;2021 2021;17.1
530 Billund;60 60 per cent of median income;2021 2021;10.1
550 Tønder;60 60 per cent of median income;2021 2021;14.5
563 Fanø;60 60 per cent of median income;2021 2021;8.1
575 Vejen;60 60 per cent of median income;2021 2021;11.3
607 Fredericia;60 60 per cent of median income;2021 2021;13.6
621 Kolding;60 60 per cent of median income;2021 2021;12.2
657 Herning;60 60 per cent of median income;2021 2021;11.1
665 Lemvig;60 60 per cent of median income;2021 2021;10.9
706 Syddjurs;60 60 per cent of median income;2021 2021;9.8
710 Favrskov;60 60 per cent of median income;2021 2021;7.4
730 Randers;60 60 per cent of median income;2021 2021;13.8
741 Samsø;60 60 per cent of median income;2021 2021;12.3
751 Aarhus;60 60 per cent of median income;2021 2021;21.5
760 Ringkøbing-Skjern;60 60 per cent of median income;2021 2021;9.9
773 Morsø;60 60 per cent of median income;2021 2021;14.5
787 Thisted;60 60 per cent of median income;2021 2021;12.6
810 Brønderslev;60 60 per cent of median income;2021 2021;11.5
820 Vesthimmerlands;60 60 per cent of median income;2021 2021;12.3
840 Rebild;60 60 per cent of median income;2021 2021;7.7
849 Jammerbugt;60 60 per cent of median income;2021 2021;11.0
860 Hjørring;60 60 per cent of median income;2021 2021;12.8
101 Copenhagen;60 60 per cent of median income;2022 2022;22.6
151 Ballerup;60 60 per cent of median income;2022 2022;11.5
155 Dragør;60 60 per cent of median income;2022 2022;6.3
159 Gladsaxe;60 60 per cent of median income;2022 2022;13.5
163 Herlev;60 60 per cent of median income;2022 2022;11.9
167 Hvidovre;60 60 per cent of median income;2022 2022;13.0
173 Lyngby-Taarbæk;60 60 per cent of median income;2022 2022;12.7
183 Ishøj;60 60 per cent of median income;2022 2022;16.6
187 Vallensbæk;60 60 per cent of median income;2022 2022;10.1
201 Allerød;60 60 per cent of median income;2022 2022;5.4
217 Helsingør;60 60 per cent of median income;2022 2022;10.4
223 Hørsholm;60 60 per cent of median income;2022 2022;8.0
240 Egedal;60 60 per cent of median income;2022 2022;6.2
253 Greve;60 60 per cent of median income;2022 2022;9.3
260 Halsnæs;60 60 per cent of median income;2022 2022;10.2
269 Solrød;60 60 per cent of median income;2022 2022;6.3
306 Odsherred;60 60 per cent of median income;2022 2022;11.9
320 Faxe;60 60 per cent of median income;2022 2022;10.6
329 Ringsted;60 60 per cent of median income;2022 2022;11.1
336 Stevns;60 60 per cent of median income;2022 2022;9.1
000 All Denmark;50 50 per cent of median income;2019 2019;8.6
147 Frederiksberg;50 50 per cent of median income;2019 2019;10.4
153 Brøndby;50 50 per cent of median income;2019 2019;10.4
157 Gentofte;50 50 per cent of median income;2019 2019;7.1
161 Glostrup;50 50 per cent of median income;2019 2019;7.7
165 Albertslund;50 50 per cent of median income;2019 2019;11.7
169 Høje-Taastrup;50 50 per cent of median income;2019 2019;8.5
175 Rødovre;50 50 per cent of median income;2019 2019;7.8
185 Tårnby;50 50 per cent of median income;2019 2019;6.3
190 Furesø;50 50 per cent of median income;2019 2019;4.9
210 Fredensborg;50 50 per cent of median income;2019 2019;5.8
219 Hillerød;50 50 per cent of median income;2019 2019;5.8
230 Rudersdal;50 50 per cent of median income;2019 2019;5.7
250 Frederikssund;50 50 per cent of median income;2019 2019;5.3
259 Køge;50 50 per cent of median income;2019 2019;6.0
265 Roskilde;50 50 per cent of median income;2019 2019;6.8
270 Gribskov;50 50 per cent of median income;2019 2019;5.8
316 Holbæk;50 50 per cent of median income;2019 2019;6.7
326 Kalundborg;50 50 per cent of median income;2019 2019;6.9
330 Slagelse;50 50 per cent of median income;2019 2019;8.8
340 Sorø;50 50 per cent of median income;2019 2019;6.0
360 Lolland;50 50 per cent of median income;2019 2019;9.0
376 Guldborgsund;50 50 per cent of median income;2019 2019;8.9
400 Bornholm;50 50 per cent of median income;2019 2019;6.0
420 Assens;50 50 per cent of median income;2019 2019;6.0
440 Kerteminde;50 50 per cent of median income;2019 2019;6.1
461 Odense;50 50 per cent of median income;2019 2019;13.7
480 Nordfyns;50 50 per cent of median income;2019 2019;6.1
492 Ærø;50 50 per cent of median income;2019 2019;8.8
530 Billund;50 50 per cent of median income;2019 2019;4.9
550 Tønder;50 50 per cent of median income;2019 2019;7.0
563 Fanø;50 50 per cent of median income;2019 2019;4.6
575 Vejen;50 50 per cent of median income;2019 2019;5.8
607 Fredericia;50 50 per cent of median income;2019 2019;7.6
621 Kolding;50 50 per cent of median income;2019 2019;7.1
657 Herning;50 50 per cent of median income;2019 2019;6.5
665 Lemvig;50 50 per cent of median income;2019 2019;5.4
706 Syddjurs;50 50 per cent of median income;2019 2019;5.6
710 Favrskov;50 50 per cent of median income;2019 2019;3.8
730 Randers;50 50 per cent of median income;2019 2019;7.6
741 Samsø;50 50 per cent of median income;2019 2019;6.2
751 Aarhus;50 50 per cent of median income;2019 2019;14.5
760 Ringkøbing-Skjern;50 50 per cent of median income;2019 2019;5.3
773 Morsø;50 50 per cent of median income;2019 2019;6.3
787 Thisted;50 50 per cent of median income;2019 2019;6.3
810 Brønderslev;50 50 per cent of median income;2019 2019;6.3
820 Vesthimmerlands;50 50 per cent of median income;2019 2019;6.3
840 Rebild;50 50 per cent of median income;2019 2019;4.2
849 Jammerbugt;50 50 per cent of median income;2019 2019;6.2
860 Hjørring;50 50 per cent of median income;2019 2019;6.6
101 Copenhagen;50 50 per cent of median income;2020 2020;16.3
151 Ballerup;50 50 per cent of median income;2020 2020;7.0
155 Dragør;50 50 per cent of median income;2020 2020;4.3
159 Gladsaxe;50 50 per cent of median income;2020 2020;8.5
163 Herlev;50 50 per cent of median income;2020 2020;6.8
167 Hvidovre;50 50 per cent of median income;2020 2020;8.2
173 Lyngby-Taarbæk;50 50 per cent of median income;2020 2020;8.5
183 Ishøj;50 50 per cent of median income;2020 2020;10.0
187 Vallensbæk;50 50 per cent of median income;2020 2020;6.3
201 Allerød;50 50 per cent of median income;2020 2020;3.5
217 Helsingør;50 50 per cent of median income;2020 2020;6.3
223 Hørsholm;50 50 per cent of median income;2020 2020;4.5
240 Egedal;50 50 per cent of median income;2020 2020;3.7
253 Greve;50 50 per cent of median income;2020 2020;5.9
260 Halsnæs;50 50 per cent of median income;2020 2020;5.8
269 Solrød;50 50 per cent of median income;2020 2020;4.2
306 Odsherred;50 50 per cent of median income;2020 2020;7.0
320 Faxe;50 50 per cent of median income;2020 2020;6.4
329 Ringsted;50 50 per cent of median income;2020 2020;7.0
336 Stevns;50 50 per cent of median income;2020 2020;5.4
350 Lejre;50 50 per cent of median income;2020 2020;4.2
370 Næstved;50 50 per cent of median income;2020 2020;7.4
390 Vordingborg;50 50 per cent of median income;2020 2020;7.6
410 Middelfart;50 50 per cent of median income;2020 2020;4.8
430 Faaborg-Midtfyn;50 50 per cent of median income;2020 2020;5.7
450 Nyborg;50 50 per cent of median income;2020 2020;6.6
479 Svendborg;50 50 per cent of median income;2020 2020;8.8
482 Langeland;50 50 per cent of median income;2020 2020;7.6
510 Haderslev;50 50 per cent of median income;2020 2020;7.4
540 Sønderborg;50 50 per cent of median income;2020 2020;6.9
561 Esbjerg;50 50 per cent of median income;2020 2020;7.4
573 Varde;50 50 per cent of median income;2020 2020;5.0
580 Aabenraa;50 50 per cent of median income;2020 2020;7.2
615 Horsens;50 50 per cent of median income;2020 2020;6.8
630 Vejle;50 50 per cent of median income;2020 2020;6.1
661 Holstebro;50 50 per cent of median income;2020 2020;6.9
671 Struer;50 50 per cent of median income;2020 2020;6.2
707 Norddjurs;50 50 per cent of median income;2020 2020;7.7
727 Odder;50 50 per cent of median income;2020 2020;4.2
740 Silkeborg;50 50 per cent of median income;2020 2020;5.2
746 Skanderborg;50 50 per cent of median income;2020 2020;3.6
756 Ikast-Brande;50 50 per cent of median income;2020 2020;6.0
101 Copenhagen;60 60 per cent of median income;2014 2014;24.3
151 Ballerup;60 60 per cent of median income;2014 2014;11.0
155 Dragør;60 60 per cent of median income;2014 2014;5.7
159 Gladsaxe;60 60 per cent of median income;2014 2014;12.7
163 Herlev;60 60 per cent of median income;2014 2014;11.3
167 Hvidovre;60 60 per cent of median income;2014 2014;12.1
173 Lyngby-Taarbæk;60 60 per cent of median income;2014 2014;10.5
183 Ishøj;60 60 per cent of median income;2014 2014;16.4
187 Vallensbæk;60 60 per cent of median income;2014 2014;8.2
201 Allerød;60 60 per cent of median income;2014 2014;4.7
217 Helsingør;60 60 per cent of median income;2014 2014;10.3
223 Hørsholm;60 60 per cent of median income;2014 2014;6.5
240 Egedal;60 60 per cent of median income;2014 2014;4.7
253 Greve;60 60 per cent of median income;2014 2014;7.8
260 Halsnæs;60 60 per cent of median income;2014 2014;8.9
269 Solrød;60 60 per cent of median income;2014 2014;6.0
306 Odsherred;60 60 per cent of median income;2014 2014;10.0
320 Faxe;60 60 per cent of median income;2014 2014;9.9
329 Ringsted;60 60 per cent of median income;2014 2014;10.4
336 Stevns;60 60 per cent of median income;2014 2014;8.6
350 Lejre;60 60 per cent of median income;2014 2014;6.3
370 Næstved;60 60 per cent of median income;2014 2014;10.9
390 Vordingborg;60 60 per cent of median income;2014 2014;11.8
410 Middelfart;60 60 per cent of median income;2014 2014;7.3
430 Faaborg-Midtfyn;60 60 per cent of median income;2014 2014;9.0
450 Nyborg;60 60 per cent of median income;2014 2014;9.9
479 Svendborg;60 60 per cent of median income;2014 2014;12.2
482 Langeland;60 60 per cent of median income;2014 2014;13.1
510 Haderslev;60 60 per cent of median income;2014 2014;12.5
540 Sønderborg;60 60 per cent of median income;2014 2014;11.8
561 Esbjerg;60 60 per cent of median income;2014 2014;12.1
573 Varde;60 60 per cent of median income;2014 2014;9.1
580 Aabenraa;60 60 per cent of median income;2014 2014;12.1
615 Horsens;60 60 per cent of median income;2014 2014;11.4
630 Vejle;60 60 per cent of median income;2014 2014;9.9
661 Holstebro;60 60 per cent of median income;2014 2014;9.9
671 Struer;60 60 per cent of median income;2014 2014;10.0
707 Norddjurs;60 60 per cent of median income;2014 2014;12.1
727 Odder;60 60 per cent of median income;2014 2014;7.3
740 Silkeborg;60 60 per cent of median income;2014 2014;9.1
746 Skanderborg;60 60 per cent of median income;2014 2014;5.6
756 Ikast-Brande;60 60 per cent of median income;2014 2014;9.4
766 Hedensted;60 60 per cent of median income;2014 2014;7.1
779 Skive;60 60 per cent of median income;2014 2014;10.0
791 Viborg;60 60 per cent of median income;2014 2014;9.9
813 Frederikshavn;60 60 per cent of median income;2014 2014;9.6
825 Læsø;60 60 per cent of median income;2014 2014;7.9
846 Mariagerfjord;60 60 per cent of median income;2014 2014;10.0
851 Aalborg;60 60 per cent of median income;2014 2014;16.6
000 All Denmark;60 60 per cent of median income;2015 2015;13.1
147 Frederiksberg;60 60 per cent of median income;2015 2015;16.2
153 Brøndby;60 60 per cent of median income;2015 2015;16.1
157 Gentofte;60 60 per cent of median income;2015 2015;9.6
161 Glostrup;60 60 per cent of median income;2015 2015;12.0
165 Albertslund;60 60 per cent of median income;2015 2015;17.7
169 Høje-Taastrup;60 60 per cent of median income;2015 2015;14.3
175 Rødovre;60 60 per cent of median income;2015 2015;12.5
185 Tårnby;60 60 per cent of median income;2015 2015;9.5
190 Furesø;60 60 per cent of median income;2015 2015;7.7
210 Fredensborg;60 60 per cent of median income;2015 2015;9.2
219 Hillerød;60 60 per cent of median income;2015 2015;8.4
230 Rudersdal;60 60 per cent of median income;2015 2015;7.6
250 Frederikssund;60 60 per cent of median income;2015 2015;7.8
259 Køge;60 60 per cent of median income;2015 2015;9.7
265 Roskilde;60 60 per cent of median income;2015 2015;10.8
270 Gribskov;60 60 per cent of median income;2015 2015;8.2
316 Holbæk;60 60 per cent of median income;2015 2015;10.4
326 Kalundborg;60 60 per cent of median income;2015 2015;11.1
330 Slagelse;60 60 per cent of median income;2015 2015;13.7
340 Sorø;60 60 per cent of median income;2015 2015;9.3
360 Lolland;60 60 per cent of median income;2015 2015;15.0
376 Guldborgsund;60 60 per cent of median income;2015 2015;13.5
400 Bornholm;60 60 per cent of median income;2015 2015;10.7
420 Assens;60 60 per cent of median income;2015 2015;9.8
440 Kerteminde;60 60 per cent of median income;2015 2015;9.2
461 Odense;60 60 per cent of median income;2015 2015;19.3
480 Nordfyns;60 60 per cent of median income;2015 2015;9.2
492 Ærø;60 60 per cent of median income;2015 2015;13.7
530 Billund;60 60 per cent of median income;2015 2015;9.4
550 Tønder;60 60 per cent of median income;2015 2015;12.8
563 Fanø;60 60 per cent of median income;2015 2015;8.0
575 Vejen;60 60 per cent of median income;2015 2015;10.5
607 Fredericia;60 60 per cent of median income;2015 2015;12.6
621 Kolding;60 60 per cent of median income;2015 2015;11.4
657 Herning;60 60 per cent of median income;2015 2015;10.4
665 Lemvig;60 60 per cent of median income;2015 2015;9.2
706 Syddjurs;60 60 per cent of median income;2015 2015;8.6
710 Favrskov;60 60 per cent of median income;2015 2015;6.5
730 Randers;60 60 per cent of median income;2015 2015;12.2
741 Samsø;60 60 per cent of median income;2015 2015;9.9
751 Aarhus;60 60 per cent of median income;2015 2015;19.4
000 All Denmark;50 50 per cent of median income;2024 2024;7.8
147 Frederiksberg;50 50 per cent of median income;2024 2024;9.4
153 Brøndby;50 50 per cent of median income;2024 2024;10.2
157 Gentofte;50 50 per cent of median income;2024 2024;6.8
161 Glostrup;50 50 per cent of median income;2024 2024;7.6
165 Albertslund;50 50 per cent of median income;2024 2024;9.3
169 Høje-Taastrup;50 50 per cent of median income;2024 2024;8.3
175 Rødovre;50 50 per cent of median income;2024 2024;7.5
185 Tårnby;50 50 per cent of median income;2024 2024;5.8
190 Furesø;50 50 per cent of median income;2024 2024;4.2
210 Fredensborg;50 50 per cent of median income;2024 2024;5.3
219 Hillerød;50 50 per cent of median income;2024 2024;5.5
230 Rudersdal;50 50 per cent of median income;2024 2024;5.1
250 Frederikssund;50 50 per cent of median income;2024 2024;5.1
259 Køge;50 50 per cent of median income;2024 2024;6.0
265 Roskilde;50 50 per cent of median income;2024 2024;5.5
270 Gribskov;50 50 per cent of median income;2024 2024;5.6
316 Holbæk;50 50 per cent of median income;2024 2024;5.7
326 Kalundborg;50 50 per cent of median income;2024 2024;5.8
330 Slagelse;50 50 per cent of median income;2024 2024;7.8
340 Sorø;50 50 per cent of median income;2024 2024;5.3
360 Lolland;50 50 per cent of median income;2024 2024;7.5
376 Guldborgsund;50 50 per cent of median income;2024 2024;7.8
400 Bornholm;50 50 per cent of median income;2024 2024;6.0
420 Assens;50 50 per cent of median income;2024 2024;5.6
440 Kerteminde;50 50 per cent of median income;2024 2024;5.3
461 Odense;50 50 per cent of median income;2024 2024;11.6
480 Nordfyns;50 50 per cent of median income;2024 2024;5.7
492 Ærø;50 50 per cent of median income;2024 2024;10.4
530 Billund;50 50 per cent of median income;2024 2024;4.6
550 Tønder;50 50 per cent of median income;2024 2024;8.3
563 Fanø;50 50 per cent of median income;2024 2024;5.1
575 Vejen;50 50 per cent of median income;2024 2024;4.9
607 Fredericia;50 50 per cent of median income;2024 2024;7.1
621 Kolding;50 50 per cent of median income;2024 2024;6.8
657 Herning;50 50 per cent of median income;2024 2024;6.0
665 Lemvig;50 50 per cent of median income;2024 2024;5.0
706 Syddjurs;50 50 per cent of median income;2024 2024;5.5
710 Favrskov;50 50 per cent of median income;2024 2024;4.2
730 Randers;50 50 per cent of median income;2024 2024;7.4
741 Samsø;50 50 per cent of median income;2024 2024;6.9
751 Aarhus;50 50 per cent of median income;2024 2024;13.4
760 Ringkøbing-Skjern;50 50 per cent of median income;2024 2024;4.8
773 Morsø;50 50 per cent of median income;2024 2024;6.1
787 Thisted;50 50 per cent of median income;2024 2024;6.4
810 Brønderslev;50 50 per cent of median income;2024 2024;5.8
820 Vesthimmerlands;50 50 per cent of median income;2024 2024;5.8
840 Rebild;50 50 per cent of median income;2024 2024;3.7
849 Jammerbugt;50 50 per cent of median income;2024 2024;6.1
860 Hjørring;50 50 per cent of median income;2024 2024;5.9
101 Copenhagen;50 50 per cent of median income;2023 2023;14.4
151 Ballerup;50 50 per cent of median income;2023 2023;6.5
155 Dragør;50 50 per cent of median income;2023 2023;3.6
159 Gladsaxe;50 50 per cent of median income;2023 2023;8.0
163 Herlev;50 50 per cent of median income;2023 2023;6.5
167 Hvidovre;50 50 per cent of median income;2023 2023;7.3
173 Lyngby-Taarbæk;50 50 per cent of median income;2023 2023;8.3
183 Ishøj;50 50 per cent of median income;2023 2023;9.0
187 Vallensbæk;50 50 per cent of median income;2023 2023;6.4
201 Allerød;50 50 per cent of median income;2023 2023;3.5
217 Helsingør;50 50 per cent of median income;2023 2023;5.8
223 Hørsholm;50 50 per cent of median income;2023 2023;4.9
240 Egedal;50 50 per cent of median income;2023 2023;3.6
253 Greve;50 50 per cent of median income;2023 2023;5.5
260 Halsnæs;50 50 per cent of median income;2023 2023;5.2
269 Solrød;50 50 per cent of median income;2023 2023;3.7
306 Odsherred;50 50 per cent of median income;2023 2023;6.5
320 Faxe;50 50 per cent of median income;2023 2023;6.1
329 Ringsted;50 50 per cent of median income;2023 2023;6.1
336 Stevns;50 50 per cent of median income;2023 2023;4.9
350 Lejre;50 50 per cent of median income;2023 2023;4.3
370 Næstved;50 50 per cent of median income;2023 2023;6.9
390 Vordingborg;50 50 per cent of median income;2023 2023;7.6
410 Middelfart;50 50 per cent of median income;2023 2023;4.5
430 Faaborg-Midtfyn;50 50 per cent of median income;2023 2023;5.5
450 Nyborg;50 50 per cent of median income;2023 2023;6.0
479 Svendborg;50 50 per cent of median income;2023 2023;7.9
482 Langeland;50 50 per cent of median income;2023 2023;7.7
510 Haderslev;50 50 per cent of median income;2023 2023;6.8
540 Sønderborg;50 50 per cent of median income;2023 2023;7.1
561 Esbjerg;50 50 per cent of median income;2023 2023;6.3
573 Varde;50 50 per cent of median income;2023 2023;5.2
580 Aabenraa;50 50 per cent of median income;2023 2023;7.2
615 Horsens;50 50 per cent of median income;2023 2023;6.4
630 Vejle;50 50 per cent of median income;2023 2023;5.7
661 Holstebro;50 50 per cent of median income;2023 2023;6.2
671 Struer;50 50 per cent of median income;2023 2023;6.1
707 Norddjurs;50 50 per cent of median income;2023 2023;7.2
727 Odder;50 50 per cent of median income;2023 2023;4.4
740 Silkeborg;50 50 per cent of median income;2023 2023;5.0
746 Skanderborg;50 50 per cent of median income;2023 2023;3.5
756 Ikast-Brande;50 50 per cent of median income;2023 2023;6.5
766 Hedensted;50 50 per cent of median income;2023 2023;4.2
779 Skive;50 50 per cent of median income;2023 2023;5.4
791 Viborg;50 50 per cent of median income;2023 2023;6.2
813 Frederikshavn;50 50 per cent of median income;2023 2023;6.2
825 Læsø;50 50 per cent of median income;2023 2023;5.1
846 Mariagerfjord;50 50 per cent of median income;2023 2023;5.7
851 Aalborg;50 50 per cent of median income;2023 2023;11.0
340 Sorø;60 60 per cent of median income;2022 2022;10.0
360 Lolland;60 60 per cent of median income;2022 2022;17.6
376 Guldborgsund;60 60 per cent of median income;2022 2022;15.3
400 Bornholm;60 60 per cent of median income;2022 2022;13.3
420 Assens;60 60 per cent of median income;2022 2022;10.5
440 Kerteminde;60 60 per cent of median income;2022 2022;10.6
461 Odense;60 60 per cent of median income;2022 2022;20.1
480 Nordfyns;60 60 per cent of median income;2022 2022;10.8
492 Ærø;60 60 per cent of median income;2022 2022;17.7
530 Billund;60 60 per cent of median income;2022 2022;9.4
550 Tønder;60 60 per cent of median income;2022 2022;13.9
563 Fanø;60 60 per cent of median income;2022 2022;8.0
575 Vejen;60 60 per cent of median income;2022 2022;10.5
607 Fredericia;60 60 per cent of median income;2022 2022;13.2
621 Kolding;60 60 per cent of median income;2022 2022;12.0
657 Herning;60 60 per cent of median income;2022 2022;10.6
665 Lemvig;60 60 per cent of median income;2022 2022;10.4
706 Syddjurs;60 60 per cent of median income;2022 2022;10.0
710 Favrskov;60 60 per cent of median income;2022 2022;7.1
730 Randers;60 60 per cent of median income;2022 2022;13.2
741 Samsø;60 60 per cent of median income;2022 2022;12.9
751 Aarhus;60 60 per cent of median income;2022 2022;21.4
760 Ringkøbing-Skjern;60 60 per cent of median income;2022 2022;9.4
773 Morsø;60 60 per cent of median income;2022 2022;12.5
787 Thisted;60 60 per cent of median income;2022 2022;11.8
810 Brønderslev;60 60 per cent of median income;2022 2022;10.9
820 Vesthimmerlands;60 60 per cent of median income;2022 2022;12.2
840 Rebild;60 60 per cent of median income;2022 2022;7.4
849 Jammerbugt;60 60 per cent of median income;2022 2022;10.6
860 Hjørring;60 60 per cent of median income;2022 2022;11.9
766 Hedensted;50 50 per cent of median income;2011 2011;4.3
779 Skive;50 50 per cent of median income;2011 2011;5.5
791 Viborg;50 50 per cent of median income;2011 2011;5.6
813 Frederikshavn;50 50 per cent of median income;2011 2011;5.1
825 Læsø;50 50 per cent of median income;2011 2011;4.7
846 Mariagerfjord;50 50 per cent of median income;2011 2011;5.2
851 Aalborg;50 50 per cent of median income;2011 2011;9.3
000 All Denmark;50 50 per cent of median income;2010 2010;7.2
147 Frederiksberg;50 50 per cent of median income;2010 2010;10.7
153 Brøndby;50 50 per cent of median income;2010 2010;7.2
157 Gentofte;50 50 per cent of median income;2010 2010;6.7
161 Glostrup;50 50 per cent of median income;2010 2010;5.0
165 Albertslund;50 50 per cent of median income;2010 2010;9.8
169 Høje-Taastrup;50 50 per cent of median income;2010 2010;6.3
175 Rødovre;50 50 per cent of median income;2010 2010;5.7
185 Tårnby;50 50 per cent of median income;2010 2010;4.8
190 Furesø;50 50 per cent of median income;2010 2010;4.4
210 Fredensborg;50 50 per cent of median income;2010 2010;4.9
219 Hillerød;50 50 per cent of median income;2010 2010;4.8
230 Rudersdal;50 50 per cent of median income;2010 2010;6.0
250 Frederikssund;50 50 per cent of median income;2010 2010;4.0
259 Køge;50 50 per cent of median income;2010 2010;4.9
265 Roskilde;50 50 per cent of median income;2010 2010;6.1
270 Gribskov;50 50 per cent of median income;2010 2010;4.8
316 Holbæk;50 50 per cent of median income;2010 2010;5.9
326 Kalundborg;50 50 per cent of median income;2010 2010;5.4
330 Slagelse;50 50 per cent of median income;2010 2010;6.6
340 Sorø;50 50 per cent of median income;2010 2010;5.2
360 Lolland;50 50 per cent of median income;2010 2010;6.9
376 Guldborgsund;50 50 per cent of median income;2010 2010;6.4
400 Bornholm;50 50 per cent of median income;2010 2010;5.1
420 Assens;50 50 per cent of median income;2010 2010;4.6
440 Kerteminde;50 50 per cent of median income;2010 2010;4.0
461 Odense;50 50 per cent of median income;2010 2010;9.6
480 Nordfyns;50 50 per cent of median income;2010 2010;4.6
492 Ærø;50 50 per cent of median income;2010 2010;7.7
530 Billund;50 50 per cent of median income;2010 2010;4.4
550 Tønder;50 50 per cent of median income;2010 2010;7.0
563 Fanø;50 50 per cent of median income;2010 2010;4.4
575 Vejen;50 50 per cent of median income;2010 2010;5.1
607 Fredericia;50 50 per cent of median income;2010 2010;5.2
621 Kolding;50 50 per cent of median income;2010 2010;5.9
657 Herning;50 50 per cent of median income;2010 2010;6.0
665 Lemvig;50 50 per cent of median income;2010 2010;5.9
706 Syddjurs;50 50 per cent of median income;2010 2010;4.7
710 Favrskov;50 50 per cent of median income;2010 2010;3.4
730 Randers;50 50 per cent of median income;2010 2010;5.9
741 Samsø;50 50 per cent of median income;2010 2010;6.1
751 Aarhus;50 50 per cent of median income;2010 2010;11.8
760 Ringkøbing-Skjern;50 50 per cent of median income;2010 2010;5.3
773 Morsø;50 50 per cent of median income;2010 2010;6.1
787 Thisted;50 50 per cent of median income;2010 2010;6.2
810 Brønderslev;50 50 per cent of median income;2010 2010;5.6
820 Vesthimmerlands;50 50 per cent of median income;2010 2010;6.6
840 Rebild;50 50 per cent of median income;2010 2010;4.8
849 Jammerbugt;50 50 per cent of median income;2010 2010;5.7
860 Hjørring;50 50 per cent of median income;2010 2010;6.3
101 Copenhagen;50 50 per cent of median income;2009 2009;13.9
151 Ballerup;50 50 per cent of median income;2009 2009;5.0
155 Dragør;50 50 per cent of median income;2009 2009;4.7
159 Gladsaxe;50 50 per cent of median income;2009 2009;6.4
163 Herlev;50 50 per cent of median income;2009 2009;5.0
167 Hvidovre;50 50 per cent of median income;2009 2009;5.9
173 Lyngby-Taarbæk;50 50 per cent of median income;2009 2009;6.8
183 Ishøj;50 50 per cent of median income;2009 2009;7.7
187 Vallensbæk;50 50 per cent of median income;2009 2009;4.5
201 Allerød;50 50 per cent of median income;2009 2009;3.2
217 Helsingør;50 50 per cent of median income;2009 2009;6.0
223 Hørsholm;50 50 per cent of median income;2009 2009;5.5
240 Egedal;50 50 per cent of median income;2009 2009;3.0
253 Greve;50 50 per cent of median income;2009 2009;4.4
260 Halsnæs;50 50 per cent of median income;2009 2009;4.8
269 Solrød;50 50 per cent of median income;2009 2009;4.2
306 Odsherred;50 50 per cent of median income;2009 2009;5.7
320 Faxe;50 50 per cent of median income;2009 2009;5.2
329 Ringsted;50 50 per cent of median income;2009 2009;5.2
336 Stevns;50 50 per cent of median income;2009 2009;5.2
350 Lejre;50 50 per cent of median income;2009 2009;4.1
370 Næstved;50 50 per cent of median income;2009 2009;5.7
390 Vordingborg;50 50 per cent of median income;2009 2009;6.9
410 Middelfart;50 50 per cent of median income;2009 2009;4.1
430 Faaborg-Midtfyn;50 50 per cent of median income;2009 2009;4.9
450 Nyborg;50 50 per cent of median income;2009 2009;4.2
479 Svendborg;50 50 per cent of median income;2009 2009;6.5
482 Langeland;50 50 per cent of median income;2009 2009;6.2
510 Haderslev;50 50 per cent of median income;2009 2009;5.9
540 Sønderborg;50 50 per cent of median income;2009 2009;5.5
561 Esbjerg;50 50 per cent of median income;2009 2009;5.9
573 Varde;50 50 per cent of median income;2009 2009;5.7
580 Aabenraa;50 50 per cent of median income;2009 2009;6.5
615 Horsens;50 50 per cent of median income;2009 2009;5.9
630 Vejle;50 50 per cent of median income;2009 2009;5.2
661 Holstebro;50 50 per cent of median income;2009 2009;5.9
671 Struer;50 50 per cent of median income;2009 2009;5.4
707 Norddjurs;50 50 per cent of median income;2009 2009;7.1
727 Odder;50 50 per cent of median income;2009 2009;4.5
740 Silkeborg;50 50 per cent of median income;2009 2009;5.4
746 Skanderborg;50 50 per cent of median income;2009 2009;3.5
756 Ikast-Brande;50 50 per cent of median income;2009 2009;5.6
766 Hedensted;50 50 per cent of median income;2009 2009;4.4
779 Skive;50 50 per cent of median income;2009 2009;5.6
791 Viborg;50 50 per cent of median income;2009 2009;5.6
813 Frederikshavn;50 50 per cent of median income;2009 2009;5.3
825 Læsø;50 50 per cent of median income;2009 2009;6.8
846 Mariagerfjord;50 50 per cent of median income;2009 2009;5.8
851 Aalborg;50 50 per cent of median income;2009 2009;8.3
000 All Denmark;50 50 per cent of median income;2008 2008;6.7
147 Frederiksberg;50 50 per cent of median income;2008 2008;9.8
153 Brøndby;50 50 per cent of median income;2008 2008;5.4
157 Gentofte;50 50 per cent of median income;2008 2008;7.2
161 Glostrup;50 50 per cent of median income;2008 2008;4.2
165 Albertslund;50 50 per cent of median income;2008 2008;7.8
169 Høje-Taastrup;50 50 per cent of median income;2008 2008;5.4
175 Rødovre;50 50 per cent of median income;2008 2008;4.8
185 Tårnby;50 50 per cent of median income;2008 2008;4.1
190 Furesø;50 50 per cent of median income;2008 2008;4.1
210 Fredensborg;50 50 per cent of median income;2008 2008;4.5
219 Hillerød;50 50 per cent of median income;2008 2008;4.7
230 Rudersdal;50 50 per cent of median income;2008 2008;5.9
250 Frederikssund;50 50 per cent of median income;2008 2008;3.8
259 Køge;50 50 per cent of median income;2008 2008;4.5
265 Roskilde;50 50 per cent of median income;2008 2008;5.6
270 Gribskov;50 50 per cent of median income;2008 2008;5.0
316 Holbæk;50 50 per cent of median income;2008 2008;5.9
326 Kalundborg;50 50 per cent of median income;2008 2008;5.6
330 Slagelse;50 50 per cent of median income;2008 2008;6.3
340 Sorø;50 50 per cent of median income;2008 2008;5.5
360 Lolland;50 50 per cent of median income;2008 2008;7.1
376 Guldborgsund;50 50 per cent of median income;2008 2008;6.9
400 Bornholm;50 50 per cent of median income;2008 2008;6.2
420 Assens;50 50 per cent of median income;2008 2008;4.9
440 Kerteminde;50 50 per cent of median income;2008 2008;4.0
461 Odense;50 50 per cent of median income;2008 2008;8.6
480 Nordfyns;50 50 per cent of median income;2008 2008;5.3
492 Ærø;50 50 per cent of median income;2008 2008;6.8
530 Billund;50 50 per cent of median income;2008 2008;4.4
550 Tønder;50 50 per cent of median income;2008 2008;7.0
563 Fanø;50 50 per cent of median income;2008 2008;4.4
575 Vejen;50 50 per cent of median income;2008 2008;5.1
607 Fredericia;50 50 per cent of median income;2008 2008;4.3
621 Kolding;50 50 per cent of median income;2008 2008;5.3
657 Herning;50 50 per cent of median income;2008 2008;5.7
665 Lemvig;50 50 per cent of median income;2008 2008;6.4
706 Syddjurs;50 50 per cent of median income;2008 2008;5.0
710 Favrskov;50 50 per cent of median income;2008 2008;3.9
730 Randers;50 50 per cent of median income;2008 2008;5.3
741 Samsø;50 50 per cent of median income;2008 2008;8.0
751 Aarhus;50 50 per cent of median income;2008 2008;10.9
760 Ringkøbing-Skjern;50 50 per cent of median income;2008 2008;5.9
773 Morsø;50 50 per cent of median income;2008 2008;6.4
787 Thisted;50 50 per cent of median income;2008 2008;6.2
810 Brønderslev;50 50 per cent of median income;2008 2008;6.3
820 Vesthimmerlands;50 50 per cent of median income;2008 2008;7.0
840 Rebild;50 50 per cent of median income;2008 2008;5.4
849 Jammerbugt;50 50 per cent of median income;2008 2008;6.1
860 Hjørring;50 50 per cent of median income;2008 2008;6.3
101 Copenhagen;50 50 per cent of median income;2007 2007;12.9
151 Ballerup;50 50 per cent of median income;2007 2007;4.3
155 Dragør;50 50 per cent of median income;2007 2007;3.6
159 Gladsaxe;50 50 per cent of median income;2007 2007;5.6
163 Herlev;50 50 per cent of median income;2007 2007;5.0
167 Hvidovre;50 50 per cent of median income;2007 2007;5.2
173 Lyngby-Taarbæk;50 50 per cent of median income;2007 2007;6.1
183 Ishøj;50 50 per cent of median income;2007 2007;6.0
187 Vallensbæk;50 50 per cent of median income;2007 2007;3.2
201 Allerød;50 50 per cent of median income;2007 2007;2.6
217 Helsingør;50 50 per cent of median income;2007 2007;5.0
223 Hørsholm;50 50 per cent of median income;2007 2007;3.6
240 Egedal;50 50 per cent of median income;2007 2007;2.3
253 Greve;50 50 per cent of median income;2007 2007;3.0
260 Halsnæs;50 50 per cent of median income;2007 2007;3.8
269 Solrød;50 50 per cent of median income;2007 2007;2.8
306 Odsherred;50 50 per cent of median income;2007 2007;4.7
320 Faxe;50 50 per cent of median income;2007 2007;4.3
329 Ringsted;50 50 per cent of median income;2007 2007;3.8
336 Stevns;50 50 per cent of median income;2007 2007;3.8
350 Lejre;50 50 per cent of median income;2007 2007;3.2
370 Næstved;50 50 per cent of median income;2007 2007;4.7
390 Vordingborg;50 50 per cent of median income;2007 2007;5.4
410 Middelfart;50 50 per cent of median income;2007 2007;3.7
430 Faaborg-Midtfyn;50 50 per cent of median income;2007 2007;4.6
450 Nyborg;50 50 per cent of median income;2007 2007;4.4
479 Svendborg;50 50 per cent of median income;2007 2007;6.2
482 Langeland;50 50 per cent of median income;2007 2007;5.7
510 Haderslev;50 50 per cent of median income;2007 2007;4.8
540 Sønderborg;50 50 per cent of median income;2007 2007;4.7
561 Esbjerg;50 50 per cent of median income;2007 2007;5.1
573 Varde;50 50 per cent of median income;2007 2007;4.3
580 Aabenraa;50 50 per cent of median income;2007 2007;5.3
615 Horsens;50 50 per cent of median income;2007 2007;5.0
630 Vejle;50 50 per cent of median income;2007 2007;4.5
661 Holstebro;50 50 per cent of median income;2007 2007;5.0
671 Struer;50 50 per cent of median income;2007 2007;4.6
707 Norddjurs;50 50 per cent of median income;2007 2007;5.8
727 Odder;50 50 per cent of median income;2007 2007;3.5
740 Silkeborg;50 50 per cent of median income;2007 2007;4.1
746 Skanderborg;50 50 per cent of median income;2007 2007;2.7
756 Ikast-Brande;50 50 per cent of median income;2007 2007;4.3
766 Hedensted;50 50 per cent of median income;2007 2007;3.2
779 Skive;50 50 per cent of median income;2007 2007;4.5
791 Viborg;50 50 per cent of median income;2007 2007;4.5
813 Frederikshavn;50 50 per cent of median income;2007 2007;4.5
825 Læsø;50 50 per cent of median income;2007 2007;5.5
846 Mariagerfjord;50 50 per cent of median income;2007 2007;4.8
851 Aalborg;50 50 per cent of median income;2007 2007;7.9
000 All Denmark;50 50 per cent of median income;2006 2006;5.9
147 Frederiksberg;50 50 per cent of median income;2006 2006;8.7
153 Brøndby;50 50 per cent of median income;2006 2006;4.9
157 Gentofte;50 50 per cent of median income;2006 2006;5.6
161 Glostrup;50 50 per cent of median income;2006 2006;3.7
165 Albertslund;50 50 per cent of median income;2006 2006;7.4
169 Høje-Taastrup;50 50 per cent of median income;2006 2006;5.0
175 Rødovre;50 50 per cent of median income;2006 2006;4.6
185 Tårnby;50 50 per cent of median income;2006 2006;3.6
190 Furesø;50 50 per cent of median income;2006 2006;3.4
210 Fredensborg;50 50 per cent of median income;2006 2006;3.5
219 Hillerød;50 50 per cent of median income;2006 2006;3.7
230 Rudersdal;50 50 per cent of median income;2006 2006;4.8
250 Frederikssund;50 50 per cent of median income;2006 2006;2.9
259 Køge;50 50 per cent of median income;2006 2006;3.5
265 Roskilde;50 50 per cent of median income;2006 2006;4.4
270 Gribskov;50 50 per cent of median income;2006 2006;3.7
316 Holbæk;50 50 per cent of median income;2006 2006;5.0
326 Kalundborg;50 50 per cent of median income;2006 2006;4.3
330 Slagelse;50 50 per cent of median income;2006 2006;5.6
340 Sorø;50 50 per cent of median income;2006 2006;4.2
360 Lolland;50 50 per cent of median income;2006 2006;6.3
376 Guldborgsund;50 50 per cent of median income;2006 2006;5.7
400 Bornholm;50 50 per cent of median income;2006 2006;5.0
420 Assens;50 50 per cent of median income;2006 2006;3.9
440 Kerteminde;50 50 per cent of median income;2006 2006;3.3
461 Odense;50 50 per cent of median income;2006 2006;8.9
480 Nordfyns;50 50 per cent of median income;2006 2006;3.7
492 Ærø;50 50 per cent of median income;2006 2006;6.3
530 Billund;50 50 per cent of median income;2006 2006;3.4
550 Tønder;50 50 per cent of median income;2006 2006;5.3
563 Fanø;50 50 per cent of median income;2006 2006;3.9
575 Vejen;50 50 per cent of median income;2006 2006;3.9
607 Fredericia;50 50 per cent of median income;2006 2006;3.9
621 Kolding;50 50 per cent of median income;2006 2006;4.9
657 Herning;50 50 per cent of median income;2006 2006;4.6
665 Lemvig;50 50 per cent of median income;2006 2006;4.3
706 Syddjurs;50 50 per cent of median income;2006 2006;4.3
710 Favrskov;50 50 per cent of median income;2006 2006;3.1
730 Randers;50 50 per cent of median income;2006 2006;4.8
741 Samsø;50 50 per cent of median income;2006 2006;5.5
751 Aarhus;50 50 per cent of median income;2006 2006;10.6
760 Ringkøbing-Skjern;50 50 per cent of median income;2006 2006;4.0
773 Morsø;50 50 per cent of median income;2006 2006;5.3
787 Thisted;50 50 per cent of median income;2006 2006;5.1
810 Brønderslev;50 50 per cent of median income;2006 2006;5.0
820 Vesthimmerlands;50 50 per cent of median income;2006 2006;5.0
840 Rebild;50 50 per cent of median income;2006 2006;4.0
849 Jammerbugt;50 50 per cent of median income;2006 2006;4.5
860 Hjørring;50 50 per cent of median income;2006 2006;5.0
101 Copenhagen;50 50 per cent of median income;2004 2004;12.7
151 Ballerup;50 50 per cent of median income;2004 2004;3.6
155 Dragør;50 50 per cent of median income;2004 2004;2.5
159 Gladsaxe;50 50 per cent of median income;2004 2004;5.2
163 Herlev;50 50 per cent of median income;2004 2004;4.8
167 Hvidovre;50 50 per cent of median income;2004 2004;5.1
173 Lyngby-Taarbæk;50 50 per cent of median income;2004 2004;5.2
183 Ishøj;50 50 per cent of median income;2004 2004;6.2
187 Vallensbæk;50 50 per cent of median income;2004 2004;2.5
201 Allerød;50 50 per cent of median income;2004 2004;2.0
217 Helsingør;50 50 per cent of median income;2004 2004;4.3
223 Hørsholm;50 50 per cent of median income;2004 2004;2.9
240 Egedal;50 50 per cent of median income;2004 2004;2.0
253 Greve;50 50 per cent of median income;2004 2004;3.0
260 Halsnæs;50 50 per cent of median income;2004 2004;3.6
269 Solrød;50 50 per cent of median income;2004 2004;2.4
306 Odsherred;50 50 per cent of median income;2004 2004;4.0
320 Faxe;50 50 per cent of median income;2004 2004;4.2
329 Ringsted;50 50 per cent of median income;2004 2004;3.8
336 Stevns;50 50 per cent of median income;2004 2004;3.3
350 Lejre;50 50 per cent of median income;2004 2004;2.4
370 Næstved;50 50 per cent of median income;2004 2004;4.3
390 Vordingborg;50 50 per cent of median income;2004 2004;5.0
410 Middelfart;50 50 per cent of median income;2004 2004;3.2
430 Faaborg-Midtfyn;50 50 per cent of median income;2004 2004;3.8
450 Nyborg;50 50 per cent of median income;2004 2004;4.2
479 Svendborg;50 50 per cent of median income;2004 2004;6.1
482 Langeland;50 50 per cent of median income;2004 2004;5.2
510 Haderslev;50 50 per cent of median income;2004 2004;4.7
540 Sønderborg;50 50 per cent of median income;2004 2004;4.5
561 Esbjerg;50 50 per cent of median income;2004 2004;5.0
573 Varde;50 50 per cent of median income;2004 2004;4.0
580 Aabenraa;50 50 per cent of median income;2004 2004;4.7
615 Horsens;50 50 per cent of median income;2004 2004;4.7
630 Vejle;50 50 per cent of median income;2004 2004;4.4
661 Holstebro;50 50 per cent of median income;2004 2004;5.2
671 Struer;50 50 per cent of median income;2004 2004;4.1
707 Norddjurs;50 50 per cent of median income;2004 2004;5.1
727 Odder;50 50 per cent of median income;2004 2004;3.6
740 Silkeborg;50 50 per cent of median income;2004 2004;4.0
746 Skanderborg;50 50 per cent of median income;2004 2004;2.6
756 Ikast-Brande;50 50 per cent of median income;2004 2004;4.0
766 Hedensted;50 50 per cent of median income;2004 2004;3.0
779 Skive;50 50 per cent of median income;2004 2004;4.6
791 Viborg;50 50 per cent of median income;2004 2004;4.6
813 Frederikshavn;50 50 per cent of median income;2004 2004;4.1
825 Læsø;50 50 per cent of median income;2004 2004;4.2
846 Mariagerfjord;50 50 per cent of median income;2004 2004;4.6
851 Aalborg;50 50 per cent of median income;2004 2004;7.4
000 All Denmark;50 50 per cent of median income;2003 2003;5.3
147 Frederiksberg;50 50 per cent of median income;2003 2003;7.9
153 Brøndby;50 50 per cent of median income;2003 2003;4.0
157 Gentofte;50 50 per cent of median income;2003 2003;4.7
161 Glostrup;50 50 per cent of median income;2003 2003;3.4
165 Albertslund;50 50 per cent of median income;2003 2003;6.4
169 Høje-Taastrup;50 50 per cent of median income;2003 2003;4.0
175 Rødovre;50 50 per cent of median income;2003 2003;3.8
185 Tårnby;50 50 per cent of median income;2003 2003;2.8
190 Furesø;50 50 per cent of median income;2003 2003;2.8
210 Fredensborg;50 50 per cent of median income;2003 2003;3.2
219 Hillerød;50 50 per cent of median income;2003 2003;3.3
230 Rudersdal;50 50 per cent of median income;2003 2003;4.2
250 Frederikssund;50 50 per cent of median income;2003 2003;2.9
259 Køge;50 50 per cent of median income;2003 2003;2.8
265 Roskilde;50 50 per cent of median income;2003 2003;3.9
270 Gribskov;50 50 per cent of median income;2003 2003;3.4
316 Holbæk;50 50 per cent of median income;2003 2003;4.2
326 Kalundborg;50 50 per cent of median income;2003 2003;4.7
330 Slagelse;50 50 per cent of median income;2003 2003;4.6
340 Sorø;50 50 per cent of median income;2003 2003;3.8
360 Lolland;50 50 per cent of median income;2003 2003;4.9
376 Guldborgsund;50 50 per cent of median income;2003 2003;4.6
400 Bornholm;50 50 per cent of median income;2003 2003;4.6
420 Assens;50 50 per cent of median income;2003 2003;3.6
440 Kerteminde;50 50 per cent of median income;2003 2003;3.6
461 Odense;50 50 per cent of median income;2003 2003;7.7
480 Nordfyns;50 50 per cent of median income;2003 2003;4.0
492 Ærø;50 50 per cent of median income;2003 2003;5.4
530 Billund;50 50 per cent of median income;2003 2003;3.2
550 Tønder;50 50 per cent of median income;2003 2003;5.1
563 Fanø;50 50 per cent of median income;2003 2003;4.2
575 Vejen;50 50 per cent of median income;2003 2003;4.3
607 Fredericia;50 50 per cent of median income;2003 2003;3.5
621 Kolding;50 50 per cent of median income;2003 2003;4.5
657 Herning;50 50 per cent of median income;2003 2003;4.5
665 Lemvig;50 50 per cent of median income;2003 2003;5.5
706 Syddjurs;50 50 per cent of median income;2003 2003;3.6
710 Favrskov;50 50 per cent of median income;2003 2003;3.2
730 Randers;50 50 per cent of median income;2003 2003;4.1
741 Samsø;50 50 per cent of median income;2003 2003;6.0
751 Aarhus;50 50 per cent of median income;2003 2003;9.3
760 Ringkøbing-Skjern;50 50 per cent of median income;2003 2003;4.3
773 Morsø;50 50 per cent of median income;2003 2003;4.8
787 Thisted;50 50 per cent of median income;2003 2003;5.4
810 Brønderslev;50 50 per cent of median income;2003 2003;4.7
820 Vesthimmerlands;50 50 per cent of median income;2003 2003;5.1
840 Rebild;50 50 per cent of median income;2003 2003;4.2
849 Jammerbugt;50 50 per cent of median income;2003 2003;4.3
860 Hjørring;50 50 per cent of median income;2003 2003;4.6
101 Copenhagen;50 50 per cent of median income;2001 2001;11.4
151 Ballerup;50 50 per cent of median income;2001 2001;3.2
155 Dragør;50 50 per cent of median income;2001 2001;2.6
159 Gladsaxe;50 50 per cent of median income;2001 2001;4.6
163 Herlev;50 50 per cent of median income;2001 2001;5.0
167 Hvidovre;50 50 per cent of median income;2001 2001;5.0
173 Lyngby-Taarbæk;50 50 per cent of median income;2001 2001;4.9
183 Ishøj;50 50 per cent of median income;2001 2001;5.8
187 Vallensbæk;50 50 per cent of median income;2001 2001;2.0
201 Allerød;50 50 per cent of median income;2001 2001;2.1
217 Helsingør;50 50 per cent of median income;2001 2001;4.1
223 Hørsholm;50 50 per cent of median income;2001 2001;3.1
240 Egedal;50 50 per cent of median income;2001 2001;1.9
253 Greve;50 50 per cent of median income;2001 2001;2.5
260 Halsnæs;50 50 per cent of median income;2001 2001;3.7
269 Solrød;50 50 per cent of median income;2001 2001;2.4
306 Odsherred;50 50 per cent of median income;2001 2001;4.7
320 Faxe;50 50 per cent of median income;2001 2001;3.9
329 Ringsted;50 50 per cent of median income;2001 2001;4.1
336 Stevns;50 50 per cent of median income;2001 2001;3.0
350 Lejre;50 50 per cent of median income;2001 2001;2.4
370 Næstved;50 50 per cent of median income;2001 2001;4.0
390 Vordingborg;50 50 per cent of median income;2001 2001;4.6
410 Middelfart;50 50 per cent of median income;2001 2001;2.9
430 Faaborg-Midtfyn;50 50 per cent of median income;2001 2001;4.0
450 Nyborg;50 50 per cent of median income;2001 2001;4.1
479 Svendborg;50 50 per cent of median income;2001 2001;6.3
482 Langeland;50 50 per cent of median income;2001 2001;4.5
510 Haderslev;50 50 per cent of median income;2001 2001;4.5
540 Sønderborg;50 50 per cent of median income;2001 2001;3.9
561 Esbjerg;50 50 per cent of median income;2001 2001;4.9
573 Varde;50 50 per cent of median income;2001 2001;4.1
580 Aabenraa;50 50 per cent of median income;2001 2001;4.4
615 Horsens;50 50 per cent of median income;2001 2001;4.5
630 Vejle;50 50 per cent of median income;2001 2001;4.4
661 Holstebro;50 50 per cent of median income;2001 2001;5.1
671 Struer;50 50 per cent of median income;2001 2001;4.1
707 Norddjurs;50 50 per cent of median income;2001 2001;4.5
727 Odder;50 50 per cent of median income;2001 2001;3.0
740 Silkeborg;50 50 per cent of median income;2001 2001;3.9
746 Skanderborg;50 50 per cent of median income;2001 2001;2.6
756 Ikast-Brande;50 50 per cent of median income;2001 2001;4.1
766 Hedensted;50 50 per cent of median income;2001 2001;2.7
779 Skive;50 50 per cent of median income;2001 2001;4.6
791 Viborg;50 50 per cent of median income;2001 2001;4.4
813 Frederikshavn;50 50 per cent of median income;2001 2001;4.1
825 Læsø;50 50 per cent of median income;2001 2001;4.0
846 Mariagerfjord;50 50 per cent of median income;2001 2001;4.6
851 Aalborg;50 50 per cent of median income;2001 2001;6.9
000 All Denmark;50 50 per cent of median income;2000 2000;5.2
147 Frederiksberg;50 50 per cent of median income;2000 2000;6.9
153 Brøndby;50 50 per cent of median income;2000 2000;4.5
157 Gentofte;50 50 per cent of median income;2000 2000;4.7
161 Glostrup;50 50 per cent of median income;2000 2000;3.1
165 Albertslund;50 50 per cent of median income;2000 2000;6.5
169 Høje-Taastrup;50 50 per cent of median income;2000 2000;4.2
175 Rødovre;50 50 per cent of median income;2000 2000;3.9
185 Tårnby;50 50 per cent of median income;2000 2000;2.7
190 Furesø;50 50 per cent of median income;2000 2000;3.3
210 Fredensborg;50 50 per cent of median income;2000 2000;3.3
219 Hillerød;50 50 per cent of median income;2000 2000;3.7
230 Rudersdal;50 50 per cent of median income;2000 2000;4.1
250 Frederikssund;50 50 per cent of median income;2000 2000;3.1
259 Køge;50 50 per cent of median income;2000 2000;2.9
265 Roskilde;50 50 per cent of median income;2000 2000;3.8
270 Gribskov;50 50 per cent of median income;2000 2000;3.7
316 Holbæk;50 50 per cent of median income;2000 2000;4.5
326 Kalundborg;50 50 per cent of median income;2000 2000;3.6
330 Slagelse;50 50 per cent of median income;2000 2000;4.5
340 Sorø;50 50 per cent of median income;2000 2000;3.6
360 Lolland;50 50 per cent of median income;2000 2000;5.3
376 Guldborgsund;50 50 per cent of median income;2000 2000;4.8
400 Bornholm;50 50 per cent of median income;2000 2000;4.3
420 Assens;50 50 per cent of median income;2000 2000;3.3
440 Kerteminde;50 50 per cent of median income;2000 2000;3.1
461 Odense;50 50 per cent of median income;2000 2000;7.8
480 Nordfyns;50 50 per cent of median income;2000 2000;3.8
492 Ærø;50 50 per cent of median income;2000 2000;6.3
530 Billund;50 50 per cent of median income;2000 2000;3.3
550 Tønder;50 50 per cent of median income;2000 2000;4.8
563 Fanø;50 50 per cent of median income;2000 2000;4.9
575 Vejen;50 50 per cent of median income;2000 2000;4.2
607 Fredericia;50 50 per cent of median income;2000 2000;3.4
621 Kolding;50 50 per cent of median income;2000 2000;4.4
657 Herning;50 50 per cent of median income;2000 2000;4.0
665 Lemvig;50 50 per cent of median income;2000 2000;4.7
706 Syddjurs;50 50 per cent of median income;2000 2000;3.9
710 Favrskov;50 50 per cent of median income;2000 2000;2.7
730 Randers;50 50 per cent of median income;2000 2000;4.2
741 Samsø;50 50 per cent of median income;2000 2000;6.3
751 Aarhus;50 50 per cent of median income;2000 2000;9.4
760 Ringkøbing-Skjern;50 50 per cent of median income;2000 2000;3.8
773 Morsø;50 50 per cent of median income;2000 2000;4.4
787 Thisted;50 50 per cent of median income;2000 2000;4.6
810 Brønderslev;50 50 per cent of median income;2000 2000;4.2
820 Vesthimmerlands;50 50 per cent of median income;2000 2000;5.5
840 Rebild;50 50 per cent of median income;2000 2000;3.9
849 Jammerbugt;50 50 per cent of median income;2000 2000;4.2
860 Hjørring;50 50 per cent of median income;2000 2000;4.9
101 Copenhagen;50 50 per cent of median income;2005 2005;13.0
151 Ballerup;50 50 per cent of median income;2005 2005;3.8
155 Dragør;50 50 per cent of median income;2005 2005;3.1
159 Gladsaxe;50 50 per cent of median income;2005 2005;5.3
163 Herlev;50 50 per cent of median income;2005 2005;5.4
167 Hvidovre;50 50 per cent of median income;2005 2005;5.1
173 Lyngby-Taarbæk;50 50 per cent of median income;2005 2005;5.3
183 Ishøj;50 50 per cent of median income;2005 2005;6.7
187 Vallensbæk;50 50 per cent of median income;2005 2005;2.6
201 Allerød;50 50 per cent of median income;2005 2005;2.0
217 Helsingør;50 50 per cent of median income;2005 2005;4.4
223 Hørsholm;50 50 per cent of median income;2005 2005;3.0
240 Egedal;50 50 per cent of median income;2005 2005;2.1
253 Greve;50 50 per cent of median income;2005 2005;2.9
260 Halsnæs;50 50 per cent of median income;2005 2005;3.7
269 Solrød;50 50 per cent of median income;2005 2005;2.2
306 Odsherred;50 50 per cent of median income;2005 2005;4.5
320 Faxe;50 50 per cent of median income;2005 2005;4.2
329 Ringsted;50 50 per cent of median income;2005 2005;3.7
336 Stevns;50 50 per cent of median income;2005 2005;3.3
350 Lejre;50 50 per cent of median income;2005 2005;2.8
370 Næstved;50 50 per cent of median income;2005 2005;4.4
390 Vordingborg;50 50 per cent of median income;2005 2005;5.2
410 Middelfart;50 50 per cent of median income;2005 2005;3.4
430 Faaborg-Midtfyn;50 50 per cent of median income;2005 2005;4.4
450 Nyborg;50 50 per cent of median income;2005 2005;4.7
479 Svendborg;50 50 per cent of median income;2005 2005;6.5
482 Langeland;50 50 per cent of median income;2005 2005;6.1
510 Haderslev;50 50 per cent of median income;2005 2005;4.6
540 Sønderborg;50 50 per cent of median income;2005 2005;4.8
561 Esbjerg;50 50 per cent of median income;2005 2005;5.3
573 Varde;50 50 per cent of median income;2005 2005;4.3
580 Aabenraa;50 50 per cent of median income;2005 2005;5.0
615 Horsens;50 50 per cent of median income;2005 2005;5.2
630 Vejle;50 50 per cent of median income;2005 2005;4.5
661 Holstebro;50 50 per cent of median income;2005 2005;5.0
671 Struer;50 50 per cent of median income;2005 2005;4.4
707 Norddjurs;50 50 per cent of median income;2005 2005;5.3
727 Odder;50 50 per cent of median income;2005 2005;3.5
740 Silkeborg;50 50 per cent of median income;2005 2005;4.1
746 Skanderborg;50 50 per cent of median income;2005 2005;2.6
756 Ikast-Brande;50 50 per cent of median income;2005 2005;4.4
766 Hedensted;50 50 per cent of median income;2005 2005;3.0
779 Skive;50 50 per cent of median income;2005 2005;4.5
791 Viborg;50 50 per cent of median income;2005 2005;4.6
813 Frederikshavn;50 50 per cent of median income;2005 2005;4.1
825 Læsø;50 50 per cent of median income;2005 2005;4.7
846 Mariagerfjord;50 50 per cent of median income;2005 2005;4.6
851 Aalborg;50 50 per cent of median income;2005 2005;7.8
000 All Denmark;50 50 per cent of median income;2002 2002;5.2
147 Frederiksberg;50 50 per cent of median income;2002 2002;7.4
153 Brøndby;50 50 per cent of median income;2002 2002;3.8
157 Gentofte;50 50 per cent of median income;2002 2002;4.5
161 Glostrup;50 50 per cent of median income;2002 2002;3.0
165 Albertslund;50 50 per cent of median income;2002 2002;6.1
169 Høje-Taastrup;50 50 per cent of median income;2002 2002;3.8
175 Rødovre;50 50 per cent of median income;2002 2002;3.8
185 Tårnby;50 50 per cent of median income;2002 2002;2.8
190 Furesø;50 50 per cent of median income;2002 2002;2.9
210 Fredensborg;50 50 per cent of median income;2002 2002;2.9
219 Hillerød;50 50 per cent of median income;2002 2002;3.2
230 Rudersdal;50 50 per cent of median income;2002 2002;3.9
250 Frederikssund;50 50 per cent of median income;2002 2002;3.0
259 Køge;50 50 per cent of median income;2002 2002;2.9
265 Roskilde;50 50 per cent of median income;2002 2002;3.7
270 Gribskov;50 50 per cent of median income;2002 2002;3.5
316 Holbæk;50 50 per cent of median income;2002 2002;4.2
326 Kalundborg;50 50 per cent of median income;2002 2002;4.1
330 Slagelse;50 50 per cent of median income;2002 2002;4.5
340 Sorø;50 50 per cent of median income;2002 2002;3.7
360 Lolland;50 50 per cent of median income;2002 2002;4.8
376 Guldborgsund;50 50 per cent of median income;2002 2002;4.5
400 Bornholm;50 50 per cent of median income;2002 2002;4.5
420 Assens;50 50 per cent of median income;2002 2002;3.7
440 Kerteminde;50 50 per cent of median income;2002 2002;3.6
461 Odense;50 50 per cent of median income;2002 2002;7.7
480 Nordfyns;50 50 per cent of median income;2002 2002;3.8
492 Ærø;50 50 per cent of median income;2002 2002;5.7
530 Billund;50 50 per cent of median income;2002 2002;3.3
550 Tønder;50 50 per cent of median income;2002 2002;5.5
563 Fanø;50 50 per cent of median income;2002 2002;3.2
575 Vejen;50 50 per cent of median income;2002 2002;4.4
607 Fredericia;50 50 per cent of median income;2002 2002;3.4
621 Kolding;50 50 per cent of median income;2002 2002;4.4
657 Herning;50 50 per cent of median income;2002 2002;4.5
665 Lemvig;50 50 per cent of median income;2002 2002;4.8
706 Syddjurs;50 50 per cent of median income;2002 2002;3.4
710 Favrskov;50 50 per cent of median income;2002 2002;2.9
730 Randers;50 50 per cent of median income;2002 2002;4.2
741 Samsø;50 50 per cent of median income;2002 2002;5.7
751 Aarhus;50 50 per cent of median income;2002 2002;9.2
760 Ringkøbing-Skjern;50 50 per cent of median income;2002 2002;3.9
101 Copenhagen;60 60 per cent of median income;2013 2013;24.1
151 Ballerup;60 60 per cent of median income;2013 2013;10.5
155 Dragør;60 60 per cent of median income;2013 2013;5.8
159 Gladsaxe;60 60 per cent of median income;2013 2013;12.6
163 Herlev;60 60 per cent of median income;2013 2013;11.0
167 Hvidovre;60 60 per cent of median income;2013 2013;11.8
173 Lyngby-Taarbæk;60 60 per cent of median income;2013 2013;9.9
183 Ishøj;60 60 per cent of median income;2013 2013;16.0
187 Vallensbæk;60 60 per cent of median income;2013 2013;8.3
201 Allerød;60 60 per cent of median income;2013 2013;4.3
217 Helsingør;60 60 per cent of median income;2013 2013;10.1
223 Hørsholm;60 60 per cent of median income;2013 2013;6.6
240 Egedal;60 60 per cent of median income;2013 2013;4.3
253 Greve;60 60 per cent of median income;2013 2013;6.6
260 Halsnæs;60 60 per cent of median income;2013 2013;8.2
269 Solrød;60 60 per cent of median income;2013 2013;6.1
306 Odsherred;60 60 per cent of median income;2013 2013;9.1
320 Faxe;60 60 per cent of median income;2013 2013;9.4
329 Ringsted;60 60 per cent of median income;2013 2013;10.2
336 Stevns;60 60 per cent of median income;2013 2013;7.7
350 Lejre;60 60 per cent of median income;2013 2013;5.5
370 Næstved;60 60 per cent of median income;2013 2013;10.3
390 Vordingborg;60 60 per cent of median income;2013 2013;10.9
410 Middelfart;60 60 per cent of median income;2013 2013;7.1
430 Faaborg-Midtfyn;60 60 per cent of median income;2013 2013;8.5
450 Nyborg;60 60 per cent of median income;2013 2013;8.6
479 Svendborg;60 60 per cent of median income;2013 2013;11.8
482 Langeland;60 60 per cent of median income;2013 2013;12.4
510 Haderslev;60 60 per cent of median income;2013 2013;11.6
540 Sønderborg;60 60 per cent of median income;2013 2013;11.5
561 Esbjerg;60 60 per cent of median income;2013 2013;11.7
573 Varde;60 60 per cent of median income;2013 2013;8.3
580 Aabenraa;60 60 per cent of median income;2013 2013;11.6
615 Horsens;60 60 per cent of median income;2013 2013;11.1
630 Vejle;60 60 per cent of median income;2013 2013;9.4
661 Holstebro;60 60 per cent of median income;2013 2013;9.7
671 Struer;60 60 per cent of median income;2013 2013;9.3
707 Norddjurs;60 60 per cent of median income;2013 2013;11.6
727 Odder;60 60 per cent of median income;2013 2013;6.4
740 Silkeborg;60 60 per cent of median income;2013 2013;8.8
746 Skanderborg;60 60 per cent of median income;2013 2013;5.4
756 Ikast-Brande;60 60 per cent of median income;2013 2013;8.7
766 Hedensted;60 60 per cent of median income;2013 2013;6.7
779 Skive;60 60 per cent of median income;2013 2013;9.5
791 Viborg;60 60 per cent of median income;2013 2013;9.4
813 Frederikshavn;60 60 per cent of median income;2013 2013;8.9
825 Læsø;60 60 per cent of median income;2013 2013;8.2
846 Mariagerfjord;60 60 per cent of median income;2013 2013;9.6
851 Aalborg;60 60 per cent of median income;2013 2013;15.8
000 All Denmark;60 60 per cent of median income;2012 2012;12.0
147 Frederiksberg;60 60 per cent of median income;2012 2012;16.5
153 Brøndby;60 60 per cent of median income;2012 2012;13.4
157 Gentofte;60 60 per cent of median income;2012 2012;8.8
161 Glostrup;60 60 per cent of median income;2012 2012;9.9
165 Albertslund;60 60 per cent of median income;2012 2012;17.0
169 Høje-Taastrup;60 60 per cent of median income;2012 2012;12.2
175 Rødovre;60 60 per cent of median income;2012 2012;11.7
185 Tårnby;60 60 per cent of median income;2012 2012;8.5
190 Furesø;60 60 per cent of median income;2012 2012;7.0
210 Fredensborg;60 60 per cent of median income;2012 2012;8.7
219 Hillerød;60 60 per cent of median income;2012 2012;7.5
230 Rudersdal;60 60 per cent of median income;2012 2012;7.5
250 Frederikssund;60 60 per cent of median income;2012 2012;7.2
259 Køge;60 60 per cent of median income;2012 2012;8.9
265 Roskilde;60 60 per cent of median income;2012 2012;9.9
270 Gribskov;60 60 per cent of median income;2012 2012;7.4
316 Holbæk;60 60 per cent of median income;2012 2012;10.0
326 Kalundborg;60 60 per cent of median income;2012 2012;9.3
330 Slagelse;60 60 per cent of median income;2012 2012;12.1
340 Sorø;60 60 per cent of median income;2012 2012;8.2
360 Lolland;60 60 per cent of median income;2012 2012;13.8
376 Guldborgsund;60 60 per cent of median income;2012 2012;11.7
400 Bornholm;60 60 per cent of median income;2012 2012;9.7
420 Assens;60 60 per cent of median income;2012 2012;8.4
440 Kerteminde;60 60 per cent of median income;2012 2012;8.0
461 Odense;60 60 per cent of median income;2012 2012;16.8
480 Nordfyns;60 60 per cent of median income;2012 2012;8.0
492 Ærø;60 60 per cent of median income;2012 2012;12.8
530 Billund;60 60 per cent of median income;2012 2012;8.1
550 Tønder;60 60 per cent of median income;2012 2012;12.3
563 Fanø;60 60 per cent of median income;2012 2012;7.5
575 Vejen;60 60 per cent of median income;2012 2012;9.0
607 Fredericia;60 60 per cent of median income;2012 2012;10.7
621 Kolding;60 60 per cent of median income;2012 2012;10.0
657 Herning;60 60 per cent of median income;2012 2012;9.9
665 Lemvig;60 60 per cent of median income;2012 2012;9.0
706 Syddjurs;60 60 per cent of median income;2012 2012;7.4
710 Favrskov;60 60 per cent of median income;2012 2012;5.9
730 Randers;60 60 per cent of median income;2012 2012;10.8
741 Samsø;60 60 per cent of median income;2012 2012;9.7
751 Aarhus;60 60 per cent of median income;2012 2012;18.8
760 Ringkøbing-Skjern;60 60 per cent of median income;2012 2012;8.5
773 Morsø;60 60 per cent of median income;2012 2012;10.6
787 Thisted;60 60 per cent of median income;2012 2012;10.5
810 Brønderslev;60 60 per cent of median income;2012 2012;9.2
820 Vesthimmerlands;60 60 per cent of median income;2012 2012;10.7
840 Rebild;60 60 per cent of median income;2012 2012;7.6
849 Jammerbugt;60 60 per cent of median income;2012 2012;8.9
860 Hjørring;60 60 per cent of median income;2012 2012;10.1
101 Copenhagen;60 60 per cent of median income;2011 2011;23.8
151 Ballerup;60 60 per cent of median income;2011 2011;9.7
155 Dragør;60 60 per cent of median income;2011 2011;6.1
159 Gladsaxe;60 60 per cent of median income;2011 2011;11.9
163 Herlev;60 60 per cent of median income;2011 2011;10.0
167 Hvidovre;60 60 per cent of median income;2011 2011;11.6
173 Lyngby-Taarbæk;60 60 per cent of median income;2011 2011;10.2
183 Ishøj;60 60 per cent of median income;2011 2011;14.9
187 Vallensbæk;60 60 per cent of median income;2011 2011;7.6
201 Allerød;60 60 per cent of median income;2011 2011;5.0
217 Helsingør;60 60 per cent of median income;2011 2011;9.9
223 Hørsholm;60 60 per cent of median income;2011 2011;6.7
240 Egedal;60 60 per cent of median income;2011 2011;4.4
253 Greve;60 60 per cent of median income;2011 2011;7.1
260 Halsnæs;60 60 per cent of median income;2011 2011;8.5
269 Solrød;60 60 per cent of median income;2011 2011;5.9
306 Odsherred;60 60 per cent of median income;2011 2011;10.0
320 Faxe;60 60 per cent of median income;2011 2011;9.2
329 Ringsted;60 60 per cent of median income;2011 2011;10.1
336 Stevns;60 60 per cent of median income;2011 2011;7.7
350 Lejre;60 60 per cent of median income;2011 2011;6.0
370 Næstved;60 60 per cent of median income;2011 2011;10.0
390 Vordingborg;60 60 per cent of median income;2011 2011;11.4
410 Middelfart;60 60 per cent of median income;2011 2011;7.3
430 Faaborg-Midtfyn;60 60 per cent of median income;2011 2011;8.8
450 Nyborg;60 60 per cent of median income;2011 2011;8.7
479 Svendborg;60 60 per cent of median income;2011 2011;11.8
482 Langeland;60 60 per cent of median income;2011 2011;12.9
510 Haderslev;60 60 per cent of median income;2011 2011;11.3
540 Sønderborg;60 60 per cent of median income;2011 2011;11.0
561 Esbjerg;60 60 per cent of median income;2011 2011;11.6
573 Varde;60 60 per cent of median income;2011 2011;9.3
580 Aabenraa;60 60 per cent of median income;2011 2011;11.6
615 Horsens;60 60 per cent of median income;2011 2011;10.9
630 Vejle;60 60 per cent of median income;2011 2011;9.5
661 Holstebro;60 60 per cent of median income;2011 2011;10.3
671 Struer;60 60 per cent of median income;2011 2011;9.2
707 Norddjurs;60 60 per cent of median income;2011 2011;11.1
727 Odder;60 60 per cent of median income;2011 2011;6.9
740 Silkeborg;60 60 per cent of median income;2011 2011;9.0
746 Skanderborg;60 60 per cent of median income;2011 2011;5.7
756 Ikast-Brande;60 60 per cent of median income;2011 2011;9.1
766 Hedensted;60 60 per cent of median income;2002 2002;5.3
779 Skive;60 60 per cent of median income;2002 2002;9.3
791 Viborg;60 60 per cent of median income;2002 2002;8.3
813 Frederikshavn;60 60 per cent of median income;2002 2002;8.0
825 Læsø;60 60 per cent of median income;2002 2002;9.2
846 Mariagerfjord;60 60 per cent of median income;2002 2002;9.3
851 Aalborg;60 60 per cent of median income;2002 2002;11.9
773 Morsø;50 50 per cent of median income;2015 2015;6.1
787 Thisted;50 50 per cent of median income;2015 2015;5.7
810 Brønderslev;50 50 per cent of median income;2015 2015;5.6
820 Vesthimmerlands;50 50 per cent of median income;2015 2015;6.3
840 Rebild;50 50 per cent of median income;2015 2015;4.0
849 Jammerbugt;50 50 per cent of median income;2015 2015;5.2
860 Hjørring;50 50 per cent of median income;2015 2015;6.2
101 Copenhagen;50 50 per cent of median income;2016 2016;15.6
151 Ballerup;50 50 per cent of median income;2016 2016;5.9
155 Dragør;50 50 per cent of median income;2016 2016;4.3
159 Gladsaxe;50 50 per cent of median income;2016 2016;8.4
163 Herlev;50 50 per cent of median income;2016 2016;6.5
167 Hvidovre;50 50 per cent of median income;2016 2016;7.7
173 Lyngby-Taarbæk;50 50 per cent of median income;2016 2016;7.7
183 Ishøj;50 50 per cent of median income;2016 2016;9.3
187 Vallensbæk;50 50 per cent of median income;2016 2016;5.9
201 Allerød;50 50 per cent of median income;2016 2016;3.5
217 Helsingør;50 50 per cent of median income;2016 2016;6.2
223 Hørsholm;50 50 per cent of median income;2016 2016;4.8
240 Egedal;50 50 per cent of median income;2016 2016;3.6
253 Greve;50 50 per cent of median income;2016 2016;5.1
260 Halsnæs;50 50 per cent of median income;2016 2016;5.3
269 Solrød;50 50 per cent of median income;2016 2016;4.3
306 Odsherred;50 50 per cent of median income;2016 2016;6.8
320 Faxe;50 50 per cent of median income;2016 2016;6.5
329 Ringsted;50 50 per cent of median income;2016 2016;6.3
336 Stevns;50 50 per cent of median income;2016 2016;5.4
350 Lejre;50 50 per cent of median income;2016 2016;4.4
370 Næstved;50 50 per cent of median income;2016 2016;7.0
390 Vordingborg;50 50 per cent of median income;2016 2016;7.5
410 Middelfart;50 50 per cent of median income;2016 2016;4.6
430 Faaborg-Midtfyn;50 50 per cent of median income;2016 2016;5.3
450 Nyborg;50 50 per cent of median income;2016 2016;6.1
479 Svendborg;50 50 per cent of median income;2016 2016;8.0
482 Langeland;50 50 per cent of median income;2016 2016;7.2
510 Haderslev;50 50 per cent of median income;2016 2016;7.3
540 Sønderborg;50 50 per cent of median income;2016 2016;6.9
561 Esbjerg;50 50 per cent of median income;2016 2016;7.6
573 Varde;50 50 per cent of median income;2016 2016;5.8
580 Aabenraa;50 50 per cent of median income;2016 2016;7.1
615 Horsens;50 50 per cent of median income;2016 2016;7.2
630 Vejle;50 50 per cent of median income;2016 2016;6.1
661 Holstebro;50 50 per cent of median income;2016 2016;6.8
671 Struer;50 50 per cent of median income;2016 2016;6.6
707 Norddjurs;50 50 per cent of median income;2016 2016;8.1
727 Odder;50 50 per cent of median income;2016 2016;4.5
740 Silkeborg;50 50 per cent of median income;2016 2016;5.2
746 Skanderborg;50 50 per cent of median income;2016 2016;3.7
756 Ikast-Brande;50 50 per cent of median income;2016 2016;5.3
766 Hedensted;50 50 per cent of median income;2016 2016;4.2
779 Skive;50 50 per cent of median income;2016 2016;6.0
791 Viborg;50 50 per cent of median income;2016 2016;6.4
813 Frederikshavn;50 50 per cent of median income;2016 2016;6.2
825 Læsø;50 50 per cent of median income;2016 2016;4.8
846 Mariagerfjord;50 50 per cent of median income;2016 2016;6.0
851 Aalborg;50 50 per cent of median income;2016 2016;11.5
000 All Denmark;50 50 per cent of median income;2017 2017;8.8
147 Frederiksberg;50 50 per cent of median income;2017 2017;11.3
153 Brøndby;50 50 per cent of median income;2017 2017;10.5
157 Gentofte;50 50 per cent of median income;2017 2017;7.9
161 Glostrup;50 50 per cent of median income;2017 2017;7.4
165 Albertslund;50 50 per cent of median income;2017 2017;11.1
169 Høje-Taastrup;50 50 per cent of median income;2017 2017;9.2
175 Rødovre;50 50 per cent of median income;2017 2017;7.9
185 Tårnby;50 50 per cent of median income;2017 2017;6.2
190 Furesø;50 50 per cent of median income;2017 2017;5.1
210 Fredensborg;50 50 per cent of median income;2017 2017;6.1
219 Hillerød;50 50 per cent of median income;2017 2017;6.3
230 Rudersdal;50 50 per cent of median income;2017 2017;5.8
250 Frederikssund;50 50 per cent of median income;2017 2017;5.4
259 Køge;50 50 per cent of median income;2017 2017;6.3
265 Roskilde;50 50 per cent of median income;2017 2017;7.1
270 Gribskov;50 50 per cent of median income;2017 2017;6.1
316 Holbæk;50 50 per cent of median income;2017 2017;6.9
326 Kalundborg;50 50 per cent of median income;2017 2017;7.2
330 Slagelse;50 50 per cent of median income;2017 2017;8.7
340 Sorø;50 50 per cent of median income;2017 2017;6.2
360 Lolland;50 50 per cent of median income;2017 2017;8.9
376 Guldborgsund;50 50 per cent of median income;2017 2017;9.0
400 Bornholm;50 50 per cent of median income;2017 2017;6.0
420 Assens;50 50 per cent of median income;2017 2017;6.2
440 Kerteminde;50 50 per cent of median income;2017 2017;5.9
461 Odense;50 50 per cent of median income;2017 2017;13.7
480 Nordfyns;50 50 per cent of median income;2017 2017;5.9
492 Ærø;50 50 per cent of median income;2017 2017;9.3
530 Billund;50 50 per cent of median income;2017 2017;5.2
550 Tønder;50 50 per cent of median income;2017 2017;7.1
563 Fanø;50 50 per cent of median income;2017 2017;6.1
575 Vejen;50 50 per cent of median income;2017 2017;6.1
607 Fredericia;50 50 per cent of median income;2017 2017;7.7
621 Kolding;50 50 per cent of median income;2017 2017;7.4
657 Herning;50 50 per cent of median income;2017 2017;6.7
665 Lemvig;50 50 per cent of median income;2017 2017;5.5
706 Syddjurs;50 50 per cent of median income;2017 2017;5.6
710 Favrskov;50 50 per cent of median income;2017 2017;4.2
730 Randers;50 50 per cent of median income;2017 2017;7.9
741 Samsø;50 50 per cent of median income;2017 2017;6.2
751 Aarhus;50 50 per cent of median income;2017 2017;14.2
760 Ringkøbing-Skjern;50 50 per cent of median income;2017 2017;5.4
773 Morsø;50 50 per cent of median income;2017 2017;6.8
787 Thisted;50 50 per cent of median income;2017 2017;6.5
810 Brønderslev;50 50 per cent of median income;2017 2017;6.6
820 Vesthimmerlands;50 50 per cent of median income;2017 2017;6.6
840 Rebild;50 50 per cent of median income;2017 2017;4.4
849 Jammerbugt;50 50 per cent of median income;2017 2017;6.6
860 Hjørring;50 50 per cent of median income;2017 2017;7.0
101 Copenhagen;50 50 per cent of median income;2018 2018;16.2
151 Ballerup;50 50 per cent of median income;2018 2018;6.4
155 Dragør;50 50 per cent of median income;2018 2018;4.0
159 Gladsaxe;50 50 per cent of median income;2018 2018;8.8
163 Herlev;50 50 per cent of median income;2018 2018;6.9
167 Hvidovre;50 50 per cent of median income;2018 2018;8.0
173 Lyngby-Taarbæk;50 50 per cent of median income;2018 2018;8.4
183 Ishøj;50 50 per cent of median income;2018 2018;11.0
187 Vallensbæk;50 50 per cent of median income;2018 2018;6.5
201 Allerød;50 50 per cent of median income;2018 2018;3.5
217 Helsingør;50 50 per cent of median income;2018 2018;6.9
223 Hørsholm;50 50 per cent of median income;2018 2018;5.4
240 Egedal;50 50 per cent of median income;2018 2018;3.9
253 Greve;50 50 per cent of median income;2018 2018;5.5
260 Halsnæs;50 50 per cent of median income;2018 2018;6.0
269 Solrød;50 50 per cent of median income;2018 2018;4.2
306 Odsherred;50 50 per cent of median income;2018 2018;7.1
320 Faxe;50 50 per cent of median income;2018 2018;6.9
329 Ringsted;50 50 per cent of median income;2018 2018;6.7
336 Stevns;50 50 per cent of median income;2018 2018;5.9
350 Lejre;50 50 per cent of median income;2018 2018;4.4
370 Næstved;50 50 per cent of median income;2018 2018;7.7
390 Vordingborg;50 50 per cent of median income;2018 2018;8.1
410 Middelfart;50 50 per cent of median income;2018 2018;4.8
430 Faaborg-Midtfyn;50 50 per cent of median income;2018 2018;6.1
450 Nyborg;50 50 per cent of median income;2018 2018;6.7
479 Svendborg;50 50 per cent of median income;2018 2018;8.5
482 Langeland;50 50 per cent of median income;2018 2018;8.2
510 Haderslev;50 50 per cent of median income;2018 2018;7.5
540 Sønderborg;50 50 per cent of median income;2018 2018;6.9
561 Esbjerg;50 50 per cent of median income;2018 2018;7.6
573 Varde;50 50 per cent of median income;2018 2018;5.7
580 Aabenraa;50 50 per cent of median income;2018 2018;7.2
615 Horsens;50 50 per cent of median income;2018 2018;7.1
630 Vejle;50 50 per cent of median income;2018 2018;6.4
661 Holstebro;50 50 per cent of median income;2018 2018;6.9
671 Struer;50 50 per cent of median income;2018 2018;6.7
707 Norddjurs;50 50 per cent of median income;2018 2018;7.9
727 Odder;50 50 per cent of median income;2018 2018;5.0
740 Silkeborg;50 50 per cent of median income;2018 2018;5.4
746 Skanderborg;50 50 per cent of median income;2018 2018;3.9
756 Ikast-Brande;50 50 per cent of median income;2018 2018;5.9
766 Hedensted;50 50 per cent of median income;2018 2018;4.5
779 Skive;50 50 per cent of median income;2018 2018;6.2
791 Viborg;50 50 per cent of median income;2018 2018;6.5
813 Frederikshavn;50 50 per cent of median income;2018 2018;6.5
825 Læsø;50 50 per cent of median income;2018 2018;4.7
846 Mariagerfjord;50 50 per cent of median income;2018 2018;6.5
851 Aalborg;50 50 per cent of median income;2018 2018;12.0
760 Ringkøbing-Skjern;60 60 per cent of median income;2020 2020;9.7
773 Morsø;60 60 per cent of median income;2020 2020;13.3
787 Thisted;60 60 per cent of median income;2020 2020;12.5
810 Brønderslev;60 60 per cent of median income;2020 2020;11.5
820 Vesthimmerlands;60 60 per cent of median income;2020 2020;12.5
840 Rebild;60 60 per cent of median income;2020 2020;8.1
849 Jammerbugt;60 60 per cent of median income;2020 2020;11.1
860 Hjørring;60 60 per cent of median income;2020 2020;12.5
101 Copenhagen;60 60 per cent of median income;2021 2021;23.5
151 Ballerup;60 60 per cent of median income;2021 2021;12.1
155 Dragør;60 60 per cent of median income;2021 2021;7.1
159 Gladsaxe;60 60 per cent of median income;2021 2021;13.4
163 Herlev;60 60 per cent of median income;2021 2021;11.7
167 Hvidovre;60 60 per cent of median income;2021 2021;13.9
173 Lyngby-Taarbæk;60 60 per cent of median income;2021 2021;12.6
183 Ishøj;60 60 per cent of median income;2021 2021;17.2
187 Vallensbæk;60 60 per cent of median income;2021 2021;10.1
201 Allerød;60 60 per cent of median income;2021 2021;5.6
217 Helsingør;60 60 per cent of median income;2021 2021;10.7
223 Hørsholm;60 60 per cent of median income;2021 2021;7.4
240 Egedal;60 60 per cent of median income;2021 2021;6.1
253 Greve;60 60 per cent of median income;2021 2021;9.2
260 Halsnæs;60 60 per cent of median income;2021 2021;10.3
269 Solrød;60 60 per cent of median income;2021 2021;6.6
306 Odsherred;60 60 per cent of median income;2021 2021;12.5
320 Faxe;60 60 per cent of median income;2021 2021;11.1
329 Ringsted;60 60 per cent of median income;2021 2021;11.7
336 Stevns;60 60 per cent of median income;2021 2021;9.8
350 Lejre;60 60 per cent of median income;2021 2021;7.7
370 Næstved;60 60 per cent of median income;2021 2021;12.9
390 Vordingborg;60 60 per cent of median income;2021 2021;13.3
410 Middelfart;60 60 per cent of median income;2021 2021;8.9
430 Faaborg-Midtfyn;60 60 per cent of median income;2021 2021;11.2
450 Nyborg;60 60 per cent of median income;2021 2021;12.1
479 Svendborg;60 60 per cent of median income;2021 2021;14.5
482 Langeland;60 60 per cent of median income;2021 2021;16.1
510 Haderslev;60 60 per cent of median income;2021 2021;13.5
540 Sønderborg;60 60 per cent of median income;2021 2021;13.4
561 Esbjerg;60 60 per cent of median income;2021 2021;13.2
573 Varde;60 60 per cent of median income;2021 2021;9.9
580 Aabenraa;60 60 per cent of median income;2021 2021;13.4
615 Horsens;60 60 per cent of median income;2021 2021;12.3
630 Vejle;60 60 per cent of median income;2021 2021;10.7
661 Holstebro;60 60 per cent of median income;2021 2021;11.5
671 Struer;60 60 per cent of median income;2021 2021;11.7
707 Norddjurs;60 60 per cent of median income;2021 2021;13.5
727 Odder;60 60 per cent of median income;2021 2021;8.4
740 Silkeborg;60 60 per cent of median income;2021 2021;9.7
746 Skanderborg;60 60 per cent of median income;2021 2021;6.7
756 Ikast-Brande;60 60 per cent of median income;2021 2021;10.8
766 Hedensted;60 60 per cent of median income;2021 2021;8.2
779 Skive;60 60 per cent of median income;2021 2021;11.6
791 Viborg;60 60 per cent of median income;2021 2021;11.2
813 Frederikshavn;60 60 per cent of median income;2021 2021;12.2
825 Læsø;60 60 per cent of median income;2021 2021;14.2
846 Mariagerfjord;60 60 per cent of median income;2021 2021;11.7
851 Aalborg;60 60 per cent of median income;2021 2021;18.6
000 All Denmark;60 60 per cent of median income;2022 2022;13.7
147 Frederiksberg;60 60 per cent of median income;2022 2022;16.1
153 Brøndby;60 60 per cent of median income;2022 2022;17.4
157 Gentofte;60 60 per cent of median income;2022 2022;10.5
161 Glostrup;60 60 per cent of median income;2022 2022;12.8
165 Albertslund;60 60 per cent of median income;2022 2022;17.2
169 Høje-Taastrup;60 60 per cent of median income;2022 2022;15.1
175 Rødovre;60 60 per cent of median income;2022 2022;13.6
185 Tårnby;60 60 per cent of median income;2022 2022;9.9
190 Furesø;60 60 per cent of median income;2022 2022;7.2
210 Fredensborg;60 60 per cent of median income;2022 2022;9.8
219 Hillerød;60 60 per cent of median income;2022 2022;9.9
230 Rudersdal;60 60 per cent of median income;2022 2022;8.0
250 Frederikssund;60 60 per cent of median income;2022 2022;9.0
259 Køge;60 60 per cent of median income;2022 2022;10.5
265 Roskilde;60 60 per cent of median income;2022 2022;10.4
270 Gribskov;60 60 per cent of median income;2022 2022;9.6
316 Holbæk;60 60 per cent of median income;2022 2022;10.8
326 Kalundborg;60 60 per cent of median income;2022 2022;11.8
330 Slagelse;60 60 per cent of median income;2022 2022;13.9
101 Copenhagen;50 50 per cent of median income;2019 2019;15.9
151 Ballerup;50 50 per cent of median income;2019 2019;6.6
155 Dragør;50 50 per cent of median income;2019 2019;4.1
159 Gladsaxe;50 50 per cent of median income;2019 2019;8.5
163 Herlev;50 50 per cent of median income;2019 2019;7.0
167 Hvidovre;50 50 per cent of median income;2019 2019;7.8
173 Lyngby-Taarbæk;50 50 per cent of median income;2019 2019;7.9
183 Ishøj;50 50 per cent of median income;2019 2019;10.4
187 Vallensbæk;50 50 per cent of median income;2019 2019;6.7
201 Allerød;50 50 per cent of median income;2019 2019;3.4
217 Helsingør;50 50 per cent of median income;2019 2019;6.5
223 Hørsholm;50 50 per cent of median income;2019 2019;4.6
240 Egedal;50 50 per cent of median income;2019 2019;3.9
253 Greve;50 50 per cent of median income;2019 2019;5.7
260 Halsnæs;50 50 per cent of median income;2019 2019;5.6
269 Solrød;50 50 per cent of median income;2019 2019;4.1
306 Odsherred;50 50 per cent of median income;2019 2019;6.7
320 Faxe;50 50 per cent of median income;2019 2019;6.6
329 Ringsted;50 50 per cent of median income;2019 2019;6.9
336 Stevns;50 50 per cent of median income;2019 2019;5.3
350 Lejre;50 50 per cent of median income;2019 2019;4.3
370 Næstved;50 50 per cent of median income;2019 2019;7.4
390 Vordingborg;50 50 per cent of median income;2019 2019;8.1
410 Middelfart;50 50 per cent of median income;2019 2019;4.8
430 Faaborg-Midtfyn;50 50 per cent of median income;2019 2019;5.7
450 Nyborg;50 50 per cent of median income;2019 2019;6.1
479 Svendborg;50 50 per cent of median income;2019 2019;8.2
482 Langeland;50 50 per cent of median income;2019 2019;7.7
510 Haderslev;50 50 per cent of median income;2019 2019;7.6
540 Sønderborg;50 50 per cent of median income;2019 2019;6.8
561 Esbjerg;50 50 per cent of median income;2019 2019;7.4
573 Varde;50 50 per cent of median income;2019 2019;5.4
580 Aabenraa;50 50 per cent of median income;2019 2019;7.2
615 Horsens;50 50 per cent of median income;2019 2019;6.8
630 Vejle;50 50 per cent of median income;2019 2019;6.1
661 Holstebro;50 50 per cent of median income;2019 2019;6.7
671 Struer;50 50 per cent of median income;2019 2019;6.0
707 Norddjurs;50 50 per cent of median income;2019 2019;7.7
727 Odder;50 50 per cent of median income;2019 2019;4.8
740 Silkeborg;50 50 per cent of median income;2019 2019;5.5
746 Skanderborg;50 50 per cent of median income;2019 2019;3.7
756 Ikast-Brande;50 50 per cent of median income;2019 2019;5.7
766 Hedensted;50 50 per cent of median income;2019 2019;4.4
779 Skive;50 50 per cent of median income;2019 2019;5.8
791 Viborg;50 50 per cent of median income;2019 2019;6.4
813 Frederikshavn;50 50 per cent of median income;2019 2019;6.1
825 Læsø;50 50 per cent of median income;2019 2019;4.6
846 Mariagerfjord;50 50 per cent of median income;2019 2019;6.5
851 Aalborg;50 50 per cent of median income;2019 2019;12.1
000 All Denmark;50 50 per cent of median income;2020 2020;8.7
147 Frederiksberg;50 50 per cent of median income;2020 2020;10.4
153 Brøndby;50 50 per cent of median income;2020 2020;10.6
157 Gentofte;50 50 per cent of median income;2020 2020;7.3
161 Glostrup;50 50 per cent of median income;2020 2020;7.6
165 Albertslund;50 50 per cent of median income;2020 2020;11.3
169 Høje-Taastrup;50 50 per cent of median income;2020 2020;9.0
175 Rødovre;50 50 per cent of median income;2020 2020;8.1
185 Tårnby;50 50 per cent of median income;2020 2020;6.3
190 Furesø;50 50 per cent of median income;2020 2020;4.9
210 Fredensborg;50 50 per cent of median income;2020 2020;5.7
219 Hillerød;50 50 per cent of median income;2020 2020;6.0
230 Rudersdal;50 50 per cent of median income;2020 2020;5.8
250 Frederikssund;50 50 per cent of median income;2020 2020;5.1
259 Køge;50 50 per cent of median income;2020 2020;6.3
265 Roskilde;50 50 per cent of median income;2020 2020;6.9
270 Gribskov;50 50 per cent of median income;2020 2020;5.5
316 Holbæk;50 50 per cent of median income;2020 2020;6.6
326 Kalundborg;50 50 per cent of median income;2020 2020;6.8
330 Slagelse;50 50 per cent of median income;2020 2020;9.0
340 Sorø;50 50 per cent of median income;2020 2020;6.1
360 Lolland;50 50 per cent of median income;2020 2020;9.1
376 Guldborgsund;50 50 per cent of median income;2020 2020;8.5
400 Bornholm;50 50 per cent of median income;2020 2020;6.3
420 Assens;50 50 per cent of median income;2020 2020;6.0
440 Kerteminde;50 50 per cent of median income;2020 2020;5.8
461 Odense;50 50 per cent of median income;2020 2020;13.9
480 Nordfyns;50 50 per cent of median income;2020 2020;5.9
492 Ærø;50 50 per cent of median income;2020 2020;9.1
530 Billund;50 50 per cent of median income;2020 2020;5.4
550 Tønder;50 50 per cent of median income;2020 2020;7.4
563 Fanø;50 50 per cent of median income;2020 2020;4.4
575 Vejen;50 50 per cent of median income;2020 2020;5.5
607 Fredericia;50 50 per cent of median income;2020 2020;7.5
621 Kolding;50 50 per cent of median income;2020 2020;7.2
657 Herning;50 50 per cent of median income;2020 2020;6.5
665 Lemvig;50 50 per cent of median income;2020 2020;5.4
706 Syddjurs;50 50 per cent of median income;2020 2020;5.4
710 Favrskov;50 50 per cent of median income;2020 2020;3.8
730 Randers;50 50 per cent of median income;2020 2020;7.7
741 Samsø;50 50 per cent of median income;2020 2020;5.9
751 Aarhus;50 50 per cent of median income;2020 2020;14.8
760 Ringkøbing-Skjern;50 50 per cent of median income;2020 2020;5.1
000 All Denmark;60 60 per cent of median income;2014 2014;12.8
147 Frederiksberg;60 60 per cent of median income;2014 2014;16.3
153 Brøndby;60 60 per cent of median income;2014 2014;15.7
157 Gentofte;60 60 per cent of median income;2014 2014;9.4
161 Glostrup;60 60 per cent of median income;2014 2014;11.8
165 Albertslund;60 60 per cent of median income;2014 2014;17.7
169 Høje-Taastrup;60 60 per cent of median income;2014 2014;13.9
175 Rødovre;60 60 per cent of median income;2014 2014;12.4
185 Tårnby;60 60 per cent of median income;2014 2014;9.1
190 Furesø;60 60 per cent of median income;2014 2014;6.8
210 Fredensborg;60 60 per cent of median income;2014 2014;8.9
219 Hillerød;60 60 per cent of median income;2014 2014;8.2
230 Rudersdal;60 60 per cent of median income;2014 2014;7.4
250 Frederikssund;60 60 per cent of median income;2014 2014;7.8
259 Køge;60 60 per cent of median income;2014 2014;9.5
265 Roskilde;60 60 per cent of median income;2014 2014;10.5
270 Gribskov;60 60 per cent of median income;2014 2014;7.9
316 Holbæk;60 60 per cent of median income;2014 2014;10.2
326 Kalundborg;60 60 per cent of median income;2014 2014;10.8
330 Slagelse;60 60 per cent of median income;2014 2014;13.2
340 Sorø;60 60 per cent of median income;2014 2014;9.0
360 Lolland;60 60 per cent of median income;2014 2014;14.5
376 Guldborgsund;60 60 per cent of median income;2014 2014;12.9
400 Bornholm;60 60 per cent of median income;2014 2014;10.5
420 Assens;60 60 per cent of median income;2014 2014;9.5
440 Kerteminde;60 60 per cent of median income;2014 2014;8.9
461 Odense;60 60 per cent of median income;2014 2014;18.7
480 Nordfyns;60 60 per cent of median income;2014 2014;8.7
492 Ærø;60 60 per cent of median income;2014 2014;13.2
530 Billund;60 60 per cent of median income;2014 2014;9.1
550 Tønder;60 60 per cent of median income;2014 2014;12.5
563 Fanø;60 60 per cent of median income;2014 2014;6.5
575 Vejen;60 60 per cent of median income;2014 2014;10.1
607 Fredericia;60 60 per cent of median income;2014 2014;12.6
621 Kolding;60 60 per cent of median income;2014 2014;11.0
657 Herning;60 60 per cent of median income;2014 2014;10.4
665 Lemvig;60 60 per cent of median income;2014 2014;9.2
706 Syddjurs;60 60 per cent of median income;2014 2014;8.2
710 Favrskov;60 60 per cent of median income;2014 2014;6.4
730 Randers;60 60 per cent of median income;2014 2014;12.0
741 Samsø;60 60 per cent of median income;2014 2014;10.8
751 Aarhus;60 60 per cent of median income;2014 2014;19.3
760 Ringkøbing-Skjern;60 60 per cent of median income;2014 2014;8.7
773 Morsø;60 60 per cent of median income;2014 2014;11.8
787 Thisted;60 60 per cent of median income;2014 2014;11.2
810 Brønderslev;60 60 per cent of median income;2014 2014;10.1
820 Vesthimmerlands;60 60 per cent of median income;2014 2014;11.3
840 Rebild;60 60 per cent of median income;2014 2014;7.2
849 Jammerbugt;60 60 per cent of median income;2014 2014;9.2
860 Hjørring;60 60 per cent of median income;2014 2014;11.0
101 Copenhagen;60 60 per cent of median income;2015 2015;24.1
151 Ballerup;60 60 per cent of median income;2015 2015;10.8
155 Dragør;60 60 per cent of median income;2015 2015;5.6
159 Gladsaxe;60 60 per cent of median income;2015 2015;13.2
163 Herlev;60 60 per cent of median income;2015 2015;11.2
167 Hvidovre;60 60 per cent of median income;2015 2015;12.4
173 Lyngby-Taarbæk;60 60 per cent of median income;2015 2015;10.9
183 Ishøj;60 60 per cent of median income;2015 2015;16.9
187 Vallensbæk;60 60 per cent of median income;2015 2015;8.8
201 Allerød;60 60 per cent of median income;2015 2015;4.8
217 Helsingør;60 60 per cent of median income;2015 2015;10.4
223 Hørsholm;60 60 per cent of median income;2015 2015;6.7
240 Egedal;60 60 per cent of median income;2015 2015;4.8
253 Greve;60 60 per cent of median income;2015 2015;7.7
260 Halsnæs;60 60 per cent of median income;2015 2015;9.2
269 Solrød;60 60 per cent of median income;2015 2015;6.3
306 Odsherred;60 60 per cent of median income;2015 2015;10.7
320 Faxe;60 60 per cent of median income;2015 2015;10.5
329 Ringsted;60 60 per cent of median income;2015 2015;10.8
336 Stevns;60 60 per cent of median income;2015 2015;8.6
350 Lejre;60 60 per cent of median income;2015 2015;6.7
370 Næstved;60 60 per cent of median income;2015 2015;11.4
390 Vordingborg;60 60 per cent of median income;2015 2015;12.2
410 Middelfart;60 60 per cent of median income;2015 2015;8.0
430 Faaborg-Midtfyn;60 60 per cent of median income;2015 2015;9.3
450 Nyborg;60 60 per cent of median income;2015 2015;10.2
479 Svendborg;60 60 per cent of median income;2015 2015;12.7
482 Langeland;60 60 per cent of median income;2015 2015;13.6
510 Haderslev;60 60 per cent of median income;2015 2015;12.5
540 Sønderborg;60 60 per cent of median income;2015 2015;12.1
561 Esbjerg;60 60 per cent of median income;2015 2015;12.4
573 Varde;60 60 per cent of median income;2015 2015;9.4
580 Aabenraa;60 60 per cent of median income;2015 2015;12.3
615 Horsens;60 60 per cent of median income;2015 2015;11.7
630 Vejle;60 60 per cent of median income;2015 2015;9.8
661 Holstebro;60 60 per cent of median income;2015 2015;10.3
671 Struer;60 60 per cent of median income;2015 2015;10.8
707 Norddjurs;60 60 per cent of median income;2015 2015;12.8
727 Odder;60 60 per cent of median income;2015 2015;7.9
740 Silkeborg;60 60 per cent of median income;2015 2015;9.1
746 Skanderborg;60 60 per cent of median income;2015 2015;6.0
756 Ikast-Brande;60 60 per cent of median income;2015 2015;9.2
101 Copenhagen;50 50 per cent of median income;2024 2024;13.7
151 Ballerup;50 50 per cent of median income;2024 2024;6.4
155 Dragør;50 50 per cent of median income;2024 2024;3.4
159 Gladsaxe;50 50 per cent of median income;2024 2024;7.6
163 Herlev;50 50 per cent of median income;2024 2024;6.9
167 Hvidovre;50 50 per cent of median income;2024 2024;7.0
173 Lyngby-Taarbæk;50 50 per cent of median income;2024 2024;8.2
183 Ishøj;50 50 per cent of median income;2024 2024;9.2
187 Vallensbæk;50 50 per cent of median income;2024 2024;7.2
201 Allerød;50 50 per cent of median income;2024 2024;3.4
217 Helsingør;50 50 per cent of median income;2024 2024;5.6
223 Hørsholm;50 50 per cent of median income;2024 2024;4.7
240 Egedal;50 50 per cent of median income;2024 2024;3.7
253 Greve;50 50 per cent of median income;2024 2024;5.4
260 Halsnæs;50 50 per cent of median income;2024 2024;5.5
269 Solrød;50 50 per cent of median income;2024 2024;3.5
306 Odsherred;50 50 per cent of median income;2024 2024;6.4
320 Faxe;50 50 per cent of median income;2024 2024;6.2
329 Ringsted;50 50 per cent of median income;2024 2024;5.9
336 Stevns;50 50 per cent of median income;2024 2024;5.0
350 Lejre;50 50 per cent of median income;2024 2024;4.2
370 Næstved;50 50 per cent of median income;2024 2024;6.8
390 Vordingborg;50 50 per cent of median income;2024 2024;7.3
410 Middelfart;50 50 per cent of median income;2024 2024;4.7
430 Faaborg-Midtfyn;50 50 per cent of median income;2024 2024;5.2
450 Nyborg;50 50 per cent of median income;2024 2024;6.3
479 Svendborg;50 50 per cent of median income;2024 2024;7.6
482 Langeland;50 50 per cent of median income;2024 2024;7.7
510 Haderslev;50 50 per cent of median income;2024 2024;7.1
540 Sønderborg;50 50 per cent of median income;2024 2024;7.8
561 Esbjerg;50 50 per cent of median income;2024 2024;6.1
573 Varde;50 50 per cent of median income;2024 2024;4.8
580 Aabenraa;50 50 per cent of median income;2024 2024;7.2
615 Horsens;50 50 per cent of median income;2024 2024;6.0
630 Vejle;50 50 per cent of median income;2024 2024;5.7
661 Holstebro;50 50 per cent of median income;2024 2024;6.0
671 Struer;50 50 per cent of median income;2024 2024;6.0
707 Norddjurs;50 50 per cent of median income;2024 2024;7.0
727 Odder;50 50 per cent of median income;2024 2024;4.6
740 Silkeborg;50 50 per cent of median income;2024 2024;4.8
746 Skanderborg;50 50 per cent of median income;2024 2024;3.4
756 Ikast-Brande;50 50 per cent of median income;2024 2024;6.5
766 Hedensted;50 50 per cent of median income;2024 2024;4.4
779 Skive;50 50 per cent of median income;2024 2024;5.3
791 Viborg;50 50 per cent of median income;2024 2024;6.2
813 Frederikshavn;50 50 per cent of median income;2024 2024;6.1
825 Læsø;50 50 per cent of median income;2024 2024;5.5
846 Mariagerfjord;50 50 per cent of median income;2024 2024;5.8
851 Aalborg;50 50 per cent of median income;2024 2024;10.3
000 All Denmark;50 50 per cent of median income;2023 2023;8.0
147 Frederiksberg;50 50 per cent of median income;2023 2023;9.7
153 Brøndby;50 50 per cent of median income;2023 2023;10.0
157 Gentofte;50 50 per cent of median income;2023 2023;7.1
161 Glostrup;50 50 per cent of median income;2023 2023;7.2
165 Albertslund;50 50 per cent of median income;2023 2023;9.5
169 Høje-Taastrup;50 50 per cent of median income;2023 2023;8.7
175 Rødovre;50 50 per cent of median income;2023 2023;7.8
185 Tårnby;50 50 per cent of median income;2023 2023;5.7
190 Furesø;50 50 per cent of median income;2023 2023;4.4
210 Fredensborg;50 50 per cent of median income;2023 2023;5.4
219 Hillerød;50 50 per cent of median income;2023 2023;5.8
230 Rudersdal;50 50 per cent of median income;2023 2023;5.2
250 Frederikssund;50 50 per cent of median income;2023 2023;4.9
259 Køge;50 50 per cent of median income;2023 2023;6.2
265 Roskilde;50 50 per cent of median income;2023 2023;5.9
270 Gribskov;50 50 per cent of median income;2023 2023;5.7
316 Holbæk;50 50 per cent of median income;2023 2023;5.8
326 Kalundborg;50 50 per cent of median income;2023 2023;5.9
330 Slagelse;50 50 per cent of median income;2023 2023;7.6
340 Sorø;50 50 per cent of median income;2023 2023;5.5
360 Lolland;50 50 per cent of median income;2023 2023;7.5
376 Guldborgsund;50 50 per cent of median income;2023 2023;7.8
400 Bornholm;50 50 per cent of median income;2023 2023;6.3
420 Assens;50 50 per cent of median income;2023 2023;5.5
440 Kerteminde;50 50 per cent of median income;2023 2023;5.4
461 Odense;50 50 per cent of median income;2023 2023;12.1
480 Nordfyns;50 50 per cent of median income;2023 2023;6.0
492 Ærø;50 50 per cent of median income;2023 2023;10.3
530 Billund;50 50 per cent of median income;2023 2023;4.9
550 Tønder;50 50 per cent of median income;2023 2023;8.0
563 Fanø;50 50 per cent of median income;2023 2023;4.4
575 Vejen;50 50 per cent of median income;2023 2023;4.8
607 Fredericia;50 50 per cent of median income;2023 2023;7.1
621 Kolding;50 50 per cent of median income;2023 2023;6.8
657 Herning;50 50 per cent of median income;2023 2023;5.8
665 Lemvig;50 50 per cent of median income;2023 2023;5.0
706 Syddjurs;50 50 per cent of median income;2023 2023;5.5
710 Favrskov;50 50 per cent of median income;2023 2023;4.3
730 Randers;50 50 per cent of median income;2023 2023;7.4
741 Samsø;50 50 per cent of median income;2023 2023;8.6
751 Aarhus;50 50 per cent of median income;2023 2023;14.0
760 Ringkøbing-Skjern;50 50 per cent of median income;2023 2023;5.3
773 Morsø;50 50 per cent of median income;2023 2023;6.1
787 Thisted;50 50 per cent of median income;2023 2023;6.3
810 Brønderslev;50 50 per cent of median income;2023 2023;6.0
820 Vesthimmerlands;50 50 per cent of median income;2023 2023;5.9
840 Rebild;50 50 per cent of median income;2023 2023;3.9
849 Jammerbugt;50 50 per cent of median income;2023 2023;6.1
860 Hjørring;50 50 per cent of median income;2023 2023;6.1
350 Lejre;60 60 per cent of median income;2022 2022;7.4
370 Næstved;60 60 per cent of median income;2022 2022;12.4
390 Vordingborg;60 60 per cent of median income;2022 2022;13.3
410 Middelfart;60 60 per cent of median income;2022 2022;8.7
430 Faaborg-Midtfyn;60 60 per cent of median income;2022 2022;10.3
450 Nyborg;60 60 per cent of median income;2022 2022;11.6
479 Svendborg;60 60 per cent of median income;2022 2022;13.7
482 Langeland;60 60 per cent of median income;2022 2022;15.9
510 Haderslev;60 60 per cent of median income;2022 2022;12.9
540 Sønderborg;60 60 per cent of median income;2022 2022;12.8
561 Esbjerg;60 60 per cent of median income;2022 2022;12.4
573 Varde;60 60 per cent of median income;2022 2022;9.2
580 Aabenraa;60 60 per cent of median income;2022 2022;12.8
615 Horsens;60 60 per cent of median income;2022 2022;11.4
630 Vejle;60 60 per cent of median income;2022 2022;10.3
661 Holstebro;60 60 per cent of median income;2022 2022;11.3
671 Struer;60 60 per cent of median income;2022 2022;11.2
707 Norddjurs;60 60 per cent of median income;2022 2022;12.7
727 Odder;60 60 per cent of median income;2022 2022;8.4
740 Silkeborg;60 60 per cent of median income;2022 2022;8.7
746 Skanderborg;60 60 per cent of median income;2022 2022;6.7
756 Ikast-Brande;60 60 per cent of median income;2022 2022;10.5
766 Hedensted;60 60 per cent of median income;2022 2022;7.8
779 Skive;60 60 per cent of median income;2022 2022;10.5
791 Viborg;60 60 per cent of median income;2022 2022;10.4
813 Frederikshavn;60 60 per cent of median income;2022 2022;11.3
825 Læsø;60 60 per cent of median income;2022 2022;14.4
846 Mariagerfjord;60 60 per cent of median income;2022 2022;11.5
851 Aalborg;60 60 per cent of median income;2022 2022;17.9
